{
    "Test": false,
    "Cholec80": {
        "F1_score": 56.26993179122711,
        "F1_score_EMA": 74.2112295631158,
        "Per_video_f1": {
            "cholec80_video41": 74.74499048802569,
            "cholec80_video43": 39.25428442554793,
            "cholec80_video44": 80.25444555025636,
            "cholec80_video45": 77.02210645750736,
            "cholec80_video46": 79.42488999576159,
            "cholec80_video47": 29.31711994928547,
            "cholec80_video48": 32.624673924298186,
            "cholec80_video49": 31.802313187341497,
            "cholec80_video50": 61.98456214301986
        },
        "Per_video_f1_EMA": {
            "cholec80_video41": 73.30261732996777,
            "cholec80_video43": 69.69226963211236,
            "cholec80_video44": 79.07398869411661,
            "cholec80_video45": 79.30784062139746,
            "cholec80_video46": 81.40098820670902,
            "cholec80_video47": 61.00905772269879,
            "cholec80_video48": 76.27097658358247,
            "cholec80_video49": 73.14881497005673,
            "cholec80_video50": 74.69451230740094
        }
    },
    "Endoscapes": {
        "mAP": 55.83513980952345,
        "mAP_EMA": 50.547412865205715,
        "mAP_per_class": {
            "C0": 54.74790762638069,
            "C1": 57.8785385019484,
            "C2": 54.87897330024126
        },
        "mAP_per_class_EMA": {
            "C0": 50.072957550212124,
            "C1": 51.63065570535399,
            "C2": 49.938625340051026
        }
    },
    "CholecT50": {
        "AP": {
            "AP_i": 64.48554283601096,
            "AP_v": 47.766676671201026,
            "AP_t": 28.894802059476564,
            "AP_iv": 29.15542871410426,
            "AP_it": 27.327637688472823,
            "AP_ivt": 23.657616462937042
        },
        "AP_EMA": {
            "AP_i": 77.02281803453207,
            "AP_v": 54.88842514300139,
            "AP_t": 39.29221088131182,
            "AP_iv": 33.93426099069264,
            "AP_it": 32.71582725082963,
            "AP_ivt": 27.070213852319537
        }
    }
}