{
    "Test": false,
    "Cholec80": {
        "F1_score": 53.88018967734699,
        "F1_score_EMA": 68.05465013648298,
        "Per_video_f1": {
            "cholec80_video41": 75.7584673691041,
            "cholec80_video43": 25.35210601639491,
            "cholec80_video44": 75.60307754414231,
            "cholec80_video45": 74.44057872097983,
            "cholec80_video46": 80.4645654637417,
            "cholec80_video47": 19.387564949828985,
            "cholec80_video48": 42.020957006119914,
            "cholec80_video49": 26.812751098064396,
            "cholec80_video50": 65.08163892774674
        },
        "Per_video_f1_EMA": {
            "cholec80_video41": 77.07942072870863,
            "cholec80_video43": 44.27955107170846,
            "cholec80_video44": 82.72218917604758,
            "cholec80_video45": 82.8585452944288,
            "cholec80_video46": 83.74273601805659,
            "cholec80_video47": 44.234735570008674,
            "cholec80_video48": 63.028299690797986,
            "cholec80_video49": 63.93091117640747,
            "cholec80_video50": 70.61546250218264
        }
    },
    "Endoscapes": {
        "mAP": 48.90975644509304,
        "mAP_EMA": 53.60335928880728,
        "mAP_per_class": {
            "C0": 48.5308345068876,
            "C1": 48.99802956471836,
            "C2": 49.20040526367315
        },
        "mAP_per_class_EMA": {
            "C0": 53.12127927991296,
            "C1": 53.69689743674926,
            "C2": 53.99190114975963
        }
    },
    "CholecT50": {
        "AP": {
            "AP_i": 67.49203326523313,
            "AP_v": 49.418302245210576,
            "AP_t": 30.304638753493638,
            "AP_iv": 31.316882329934874,
            "AP_it": 31.29959039870318,
            "AP_ivt": 26.677023969986024
        },
        "AP_EMA": {
            "AP_i": 69.21681845903315,
            "AP_v": 50.340747790700476,
            "AP_t": 32.04182245276617,
            "AP_iv": 33.49921189213076,
            "AP_it": 32.11144150897285,
            "AP_ivt": 27.59742480454187
        }
    }
}