{
    "Test": false,
    "Cholec80": {
        "F1_score": 70.32367392791998,
        "F1_score_EMA": 22.79212172884987,
        "Per_video_f1": {
            "cholec80_video41": 75.43846018511327,
            "cholec80_video43": 55.612432521734924,
            "cholec80_video44": 82.82614133661849,
            "cholec80_video45": 82.1627461094365,
            "cholec80_video46": 76.28285346007283,
            "cholec80_video47": 54.56793850677288,
            "cholec80_video48": 68.8132989108759,
            "cholec80_video49": 71.97043995403402,
            "cholec80_video50": 65.23875436662107
        },
        "Per_video_f1_EMA": {
            "cholec80_video41": 20.15416234994088,
            "cholec80_video43": 28.008377298465685,
            "cholec80_video44": 17.681086777277464,
            "cholec80_video45": 23.042062240920096,
            "cholec80_video46": 21.236796929983573,
            "cholec80_video47": 22.202881878442305,
            "cholec80_video48": 25.769065829082788,
            "cholec80_video49": 20.990303607304778,
            "cholec80_video50": 26.044358648231285
        }
    },
    "Endoscapes": {
        "mAP": 48.006028866852475,
        "mAP_EMA": 18.26825027439301,
        "mAP_per_class": {
            "C0": 49.35568950750473,
            "C1": 48.76396492922421,
            "C2": 45.898432163828495
        },
        "mAP_per_class_EMA": {
            "C0": 19.343809310920896,
            "C1": 16.98999487294174,
            "C2": 18.470946639316395
        }
    },
    "CholecT50": {
        "AP": {
            "AP_i": 71.59488654895178,
            "AP_v": 52.86088166402724,
            "AP_t": 32.36829140221061,
            "AP_iv": 32.29225622032327,
            "AP_it": 30.20401567312924,
            "AP_ivt": 25.88541155209193
        },
        "AP_EMA": {
            "AP_i": 30.209528689672126,
            "AP_v": 21.925233368520377,
            "AP_t": 15.849407966157399,
            "AP_iv": 12.459037473445122,
            "AP_it": 9.643089540734769,
            "AP_ivt": 8.205349783701468
        }
    }
}