{
    "Test": false,
    "Cholec80": {
        "F1_score": 61.14199417466589,
        "F1_score_EMA": 68.6726403205071,
        "Per_video_f1": {
            "cholec80_video41": 64.80256869356539,
            "cholec80_video43": 57.49894235648265,
            "cholec80_video44": 62.87920511063686,
            "cholec80_video45": 59.06709436105694,
            "cholec80_video46": 69.74497573747016,
            "cholec80_video47": 53.27979838469832,
            "cholec80_video48": 60.7213745787509
        },
        "Per_video_f1_EMA": {
            "cholec80_video41": 70.0213870673787,
            "cholec80_video43": 69.10535403973086,
            "cholec80_video44": 72.8617644004444,
            "cholec80_video45": 66.14223811964408,
            "cholec80_video46": 69.45950928107607,
            "cholec80_video47": 60.54199737512119,
            "cholec80_video48": 72.57623196015436
        }
    },
    "Endoscapes": {
        "mAP": 38.59507562798897,
        "mAP_EMA": 36.23866130126253,
        "mAP_per_class": {
            "C0": 37.60295540788752,
            "C1": 37.9456181468505,
            "C2": 40.236653329228886
        },
        "mAP_per_class_EMA": {
            "C0": 34.29896182202295,
            "C1": 35.330627233017395,
            "C2": 39.08639484874724
        }
    },
    "CholecT50": {
        "AP": {
            "AP_i": 72.2772836226823,
            "AP_v": 47.66544995677934,
            "AP_t": 38.27172234544286,
            "AP_iv": 29.59659670342654,
            "AP_it": 32.69293855130509,
            "AP_ivt": 26.32365250120496
        },
        "AP_EMA": {
            "AP_i": 74.41717344077195,
            "AP_v": 51.06620857335837,
            "AP_t": 41.988490697697934,
            "AP_iv": 32.419517815276265,
            "AP_it": 34.50127928607164,
            "AP_ivt": 29.194271286627778
        }
    }
}