{
    "Test": false,
    "Cholec80": {
        "F1_score": 64.06714000701706,
        "F1_score_EMA": 71.0851804216625,
        "Per_video_f1": {
            "cholec80_video41": 68.42758497428947,
            "cholec80_video43": 49.81199184853949,
            "cholec80_video44": 63.57907918152043,
            "cholec80_video45": 71.47378424588472,
            "cholec80_video46": 62.87066380546358,
            "cholec80_video47": 66.01691646194267,
            "cholec80_video48": 66.28995953147906
        },
        "Per_video_f1_EMA": {
            "cholec80_video41": 72.46584100975795,
            "cholec80_video43": 67.2976572169736,
            "cholec80_video44": 75.35869987568297,
            "cholec80_video45": 73.64449052324683,
            "cholec80_video46": 72.33373426852265,
            "cholec80_video47": 61.8665780186092,
            "cholec80_video48": 74.6292620388443
        }
    },
    "Endoscapes": {
        "mAP": 36.74673315838104,
        "mAP_EMA": 38.578430887313786,
        "mAP_per_class": {
            "C0": 34.20389982632049,
            "C1": 34.02585470079992,
            "C2": 42.01044494802272
        },
        "mAP_per_class_EMA": {
            "C0": 37.043274910873954,
            "C1": 37.75898528182756,
            "C2": 40.93303246923985
        }
    },
    "CholecT50": {
        "AP": {
            "AP_i": 74.07715012365507,
            "AP_v": 49.437369913249725,
            "AP_t": 33.77392360212042,
            "AP_iv": 30.73104484160522,
            "AP_it": 29.40477782227032,
            "AP_ivt": 24.188649654507948
        },
        "AP_EMA": {
            "AP_i": 77.16842575094368,
            "AP_v": 52.620732375267345,
            "AP_t": 41.52744987754546,
            "AP_iv": 33.47639981628109,
            "AP_it": 35.77092148363427,
            "AP_ivt": 29.692149643867097
        }
    }
}