{
    "Test": false,
    "Cholec80": {
        "F1_score": 64.71551305007365,
        "F1_score_EMA": 49.587053198729116,
        "Per_video_f1": {
            "cholec80_video41": 64.38368992636407,
            "cholec80_video43": 55.6894293886789,
            "cholec80_video44": 69.3454028332655,
            "cholec80_video45": 76.7174381734421,
            "cholec80_video46": 61.901097849929734,
            "cholec80_video47": 63.39128390615638,
            "cholec80_video48": 61.58024927267888
        },
        "Per_video_f1_EMA": {
            "cholec80_video41": 51.646228111023106,
            "cholec80_video43": 60.64317221028094,
            "cholec80_video44": 45.630255520980995,
            "cholec80_video45": 35.0766427511256,
            "cholec80_video46": 47.657835286505986,
            "cholec80_video47": 50.53252155004409,
            "cholec80_video48": 55.922716961143124
        }
    },
    "Endoscapes": {
        "mAP": 36.832602034594125,
        "mAP_EMA": 30.71948627036645,
        "mAP_per_class": {
            "C0": 36.03274184492913,
            "C1": 34.031515611503,
            "C2": 40.43354864735025
        },
        "mAP_per_class_EMA": {
            "C0": 28.09934320565525,
            "C1": 29.17931279881603,
            "C2": 34.87980280662807
        }
    },
    "CholecT50": {
        "AP": {
            "AP_i": 75.00275898732698,
            "AP_v": 50.840974030866626,
            "AP_t": 40.17358281598259,
            "AP_iv": 31.445310533900606,
            "AP_it": 32.24439938995531,
            "AP_ivt": 27.44948371489576
        },
        "AP_EMA": {
            "AP_i": 69.201113721415,
            "AP_v": 47.169659615802004,
            "AP_t": 38.101585381326515,
            "AP_iv": 29.026251154234064,
            "AP_it": 30.093923884730586,
            "AP_ivt": 26.025939409211013
        }
    }
}