{
    "Test": false,
    "Cholec80": {
        "F1_score": 61.44178320273644,
        "F1_score_EMA": 71.56164913335063,
        "Per_video_f1": {
            "cholec80_video41": 59.34601384330948,
            "cholec80_video43": 56.888437078564934,
            "cholec80_video44": 65.74929725326277,
            "cholec80_video45": 67.93162947169556,
            "cholec80_video46": 58.87506890260036,
            "cholec80_video47": 54.62501998974324,
            "cholec80_video48": 66.67701587997871
        },
        "Per_video_f1_EMA": {
            "cholec80_video41": 72.65479391545587,
            "cholec80_video43": 66.00598955017986,
            "cholec80_video44": 75.46621497543845,
            "cholec80_video45": 75.79811103647882,
            "cholec80_video46": 72.76004845150848,
            "cholec80_video47": 63.59496749794344,
            "cholec80_video48": 74.65141850644949
        }
    },
    "Endoscapes": {
        "mAP": 36.50770220556111,
        "mAP_EMA": 39.89116580158354,
        "mAP_per_class": {
            "C0": 34.094238763571504,
            "C1": 35.48480366999199,
            "C2": 39.94406418311984
        },
        "mAP_per_class_EMA": {
            "C0": 37.98192522143597,
            "C1": 38.825697973842615,
            "C2": 42.86587420947203
        }
    },
    "CholecT50": {
        "AP": {
            "AP_i": 74.97816249631884,
            "AP_v": 53.99739362477828,
            "AP_t": 37.21731234642205,
            "AP_iv": 32.74513399774598,
            "AP_it": 29.840684396146365,
            "AP_ivt": 25.433147360344833
        },
        "AP_EMA": {
            "AP_i": 78.02005671135373,
            "AP_v": 53.12989521596056,
            "AP_t": 40.569584344805705,
            "AP_iv": 33.56002509595205,
            "AP_it": 35.54820300076518,
            "AP_ivt": 29.266051019317125
        }
    }
}