{
    "Test": false,
    "Cholec80": {
        "F1_score": 27.679582333342843,
        "F1_score_EMA": 5.5535517692075755,
        "Per_video_f1": {
            "cholec80_video41": 22.3609677033202,
            "cholec80_video43": 25.929495438810886,
            "cholec80_video44": 36.83093385828897,
            "cholec80_video45": 18.817292962643126,
            "cholec80_video46": 19.59987850742346,
            "cholec80_video47": 33.74652971362046,
            "cholec80_video48": 36.4719781492928
        },
        "Per_video_f1_EMA": {
            "cholec80_video41": 7.721837637603842,
            "cholec80_video43": 2.739243707837422,
            "cholec80_video44": 6.803845635127064,
            "cholec80_video45": 1.4982117191909772,
            "cholec80_video46": 9.767218579150136,
            "cholec80_video47": 3.2760630106006112,
            "cholec80_video48": 7.06844209494298
        }
    },
    "Endoscapes": {
        "mAP": 30.430738769967018,
        "mAP_EMA": 15.828752476547002,
        "mAP_per_class": {
            "C0": 27.98515026531693,
            "C1": 28.33359644995174,
            "C2": 34.973469594632384
        },
        "mAP_per_class_EMA": {
            "C0": 16.647466975315016,
            "C1": 13.707588117241565,
            "C2": 17.131202337084428
        }
    },
    "CholecT50": {
        "AP": {
            "AP_i": 65.82883898280537,
            "AP_v": 42.64118793812493,
            "AP_t": 33.30929259888731,
            "AP_iv": 26.17125425148681,
            "AP_it": 28.230333430727534,
            "AP_ivt": 24.394965758362787
        },
        "AP_EMA": {
            "AP_i": 22.631946015274362,
            "AP_v": 15.054149309297426,
            "AP_t": 11.627563737670132,
            "AP_iv": 8.429420848483252,
            "AP_it": 6.286292905527729,
            "AP_ivt": 5.060797792135539
        }
    }
}