{
    "Test": false,
    "Cholec80": {
        "F1_score": 66.26340484425855,
        "F1_score_EMA": 71.0357435836728,
        "Per_video_f1": {
            "cholec80_video41": 69.08671253643696,
            "cholec80_video43": 59.78307978983073,
            "cholec80_video44": 69.92635492596078,
            "cholec80_video45": 68.31596022177054,
            "cholec80_video46": 66.2910929895292,
            "cholec80_video47": 60.366929598096206,
            "cholec80_video48": 70.07370384818537
        },
        "Per_video_f1_EMA": {
            "cholec80_video41": 71.46397581844191,
            "cholec80_video43": 65.06923425944325,
            "cholec80_video44": 73.91009018574478,
            "cholec80_video45": 77.27341856230116,
            "cholec80_video46": 72.14428435341563,
            "cholec80_video47": 63.202834955530506,
            "cholec80_video48": 74.18636695083235
        }
    },
    "Endoscapes": {
        "mAP": 34.778976357540884,
        "mAP_EMA": 40.194439205182235,
        "mAP_per_class": {
            "C0": 33.27520890328787,
            "C1": 33.77824433580789,
            "C2": 37.2834758335269
        },
        "mAP_per_class_EMA": {
            "C0": 38.32001550270769,
            "C1": 39.336985987235565,
            "C2": 42.92631612560345
        }
    },
    "CholecT50": {
        "AP": {
            "AP_i": 69.36845026162692,
            "AP_v": 47.2346159008351,
            "AP_t": 34.097097119555286,
            "AP_iv": 29.342722174484546,
            "AP_it": 27.103334316418202,
            "AP_ivt": 22.4153094928655
        },
        "AP_EMA": {
            "AP_i": 77.25120063365272,
            "AP_v": 52.37989227910866,
            "AP_t": 39.423961610400674,
            "AP_iv": 33.21906279312962,
            "AP_it": 34.64733723658644,
            "AP_ivt": 28.411214438912353
        }
    }
}