{
    "Test": false,
    "Cholec80": {
        "F1_score": 63.555655245555506,
        "F1_score_EMA": 11.231436572907768,
        "Per_video_f1": {
            "cholec80_video41": 62.52813378665234,
            "cholec80_video43": 56.05982823969155,
            "cholec80_video44": 75.09378604512278,
            "cholec80_video45": 71.95346626082878,
            "cholec80_video46": 60.21587736246142,
            "cholec80_video47": 60.714993151275124,
            "cholec80_video48": 58.32350187285655
        },
        "Per_video_f1_EMA": {
            "cholec80_video41": 8.440599031119252,
            "cholec80_video43": 14.99245151652886,
            "cholec80_video44": 12.428136145978563,
            "cholec80_video45": 6.962309109181004,
            "cholec80_video46": 9.97133067617649,
            "cholec80_video47": 13.412399506804448,
            "cholec80_video48": 12.412830024565753
        }
    },
    "Endoscapes": {
        "mAP": 36.338584415612246,
        "mAP_EMA": 14.223206746431284,
        "mAP_per_class": {
            "C0": 34.86684510138043,
            "C1": 34.78460634939434,
            "C2": 39.364301796061966
        },
        "mAP_per_class_EMA": {
            "C0": 14.52180097627179,
            "C1": 12.844594928278052,
            "C2": 15.303224334744009
        }
    },
    "CholecT50": {
        "AP": {
            "AP_i": 73.5940234039448,
            "AP_v": 50.95238509579167,
            "AP_t": 41.3154266975899,
            "AP_iv": 33.19024176723593,
            "AP_it": 35.61262657266326,
            "AP_ivt": 30.561116950807026
        },
        "AP_EMA": {
            "AP_i": 26.41513268218316,
            "AP_v": 18.05433236988654,
            "AP_t": 12.80043818246805,
            "AP_iv": 10.243395709728063,
            "AP_it": 7.529284672546282,
            "AP_ivt": 6.203703130265984
        }
    }
}