{
    "Test": false,
    "Cholec80": {
        "F1_score": 69.05355783683859,
        "F1_score_EMA": 71.41555744434363,
        "Per_video_f1": {
            "cholec80_video41": 72.9579656139968,
            "cholec80_video43": 56.280081235790725,
            "cholec80_video44": 73.1814267071472,
            "cholec80_video45": 75.20564960504811,
            "cholec80_video46": 69.81631334235358,
            "cholec80_video47": 65.93249103414479,
            "cholec80_video48": 70.000977319389
        },
        "Per_video_f1_EMA": {
            "cholec80_video41": 73.1778844429282,
            "cholec80_video43": 66.59916288402582,
            "cholec80_video44": 75.6045487506863,
            "cholec80_video45": 74.88227723806793,
            "cholec80_video46": 72.06483735413629,
            "cholec80_video47": 62.96851477240517,
            "cholec80_video48": 74.6116766681557
        }
    },
    "Endoscapes": {
        "mAP": 40.27521441793712,
        "mAP_EMA": 39.29470248616681,
        "mAP_per_class": {
            "C0": 37.95432056585856,
            "C1": 37.42723628010131,
            "C2": 45.44408640785149
        },
        "mAP_per_class_EMA": {
            "C0": 37.64801195364616,
            "C1": 38.199293821125316,
            "C2": 42.03680168372895
        }
    },
    "CholecT50": {
        "AP": {
            "AP_i": 73.62958236344565,
            "AP_v": 50.41664604046748,
            "AP_t": 36.718582550763514,
            "AP_iv": 30.730877989580723,
            "AP_it": 30.89026165959247,
            "AP_ivt": 25.262624697490477
        },
        "AP_EMA": {
            "AP_i": 77.68452074142083,
            "AP_v": 52.9012971912047,
            "AP_t": 41.04316658239067,
            "AP_iv": 33.437290803128654,
            "AP_it": 35.75411157157524,
            "AP_ivt": 29.52230610422096
        }
    }
}