{
    "Test": false,
    "Cholec80": {
        "F1_score": 62.24824430844561,
        "F1_score_EMA": 63.90338699141612,
        "Per_video_f1": {
            "cholec80_video41": 64.72516608368028,
            "cholec80_video43": 56.77274833391455,
            "cholec80_video44": 68.29088137206165,
            "cholec80_video45": 76.49832257746557,
            "cholec80_video46": 60.78445422915906,
            "cholec80_video47": 54.983935936046095,
            "cholec80_video48": 53.68220162679202
        },
        "Per_video_f1_EMA": {
            "cholec80_video41": 65.55215302197632,
            "cholec80_video43": 69.43855362038957,
            "cholec80_video44": 64.18692454754532,
            "cholec80_video45": 54.87846139245186,
            "cholec80_video46": 64.591319225578,
            "cholec80_video47": 59.146452743699705,
            "cholec80_video48": 69.52984438827204
        }
    },
    "Endoscapes": {
        "mAP": 40.23104487812505,
        "mAP_EMA": 33.81265183893904,
        "mAP_per_class": {
            "C0": 38.67887156324509,
            "C1": 35.08968346222459,
            "C2": 46.92457960890546
        },
        "mAP_per_class_EMA": {
            "C0": 31.475844701218612,
            "C1": 32.62393594199978,
            "C2": 37.33817487359872
        }
    },
    "CholecT50": {
        "AP": {
            "AP_i": 73.04212235905719,
            "AP_v": 50.075936157217015,
            "AP_t": 39.47350115524538,
            "AP_iv": 31.577576088221715,
            "AP_it": 32.56345450267521,
            "AP_ivt": 27.391185178157958
        },
        "AP_EMA": {
            "AP_i": 72.58429110511653,
            "AP_v": 49.641174503599395,
            "AP_t": 41.518092663292954,
            "AP_iv": 31.111806613060306,
            "AP_it": 33.121468452267045,
            "AP_ivt": 28.311474174927618
        }
    }
}