{
    "Test": true,
    "Cholec80": {
        "F1_score": 59.05675867992344,
        "F1_score_EMA": null,
        "Per_video_f1": {
            "cholec80_video51": 69.11630021197013,
            "cholec80_video53": 65.20794762337448,
            "cholec80_video54": 68.47305910496917,
            "cholec80_video55": 75.58809147028201,
            "cholec80_video58": 47.41332206659047,
            "cholec80_video59": 61.03254233567947,
            "cholec80_video61": 43.51582135487848,
            "cholec80_video63": 55.173913285552935,
            "cholec80_video64": 59.176276126742856,
            "cholec80_video69": 69.19654034353736,
            "cholec80_video73": 75.42308471492738,
            "cholec80_video74": 57.35939524863868,
            "cholec80_video76": 56.98801175746051,
            "cholec80_video77": 62.26102652286135,
            "cholec80_video80": 19.926048031386287
        },
        "Per_video_f1_EMA": null
    },
    "Endoscapes": {
        "mAP": 36.04113336156953,
        "mAP_EMA": null,
        "mAP_per_class": {
            "C0": 28.622287559508703,
            "C1": 26.50604716775057,
            "C2": 52.99506535744931
        },
        "mAP_per_class_EMA": null
    },
    "CholecT50": {
        "AP": {
            "AP_i": 71.18424737264458,
            "AP_v": 49.04978017081823,
            "AP_t": 33.80927080416855,
            "AP_iv": 28.792958931177903,
            "AP_it": 23.958695121903002,
            "AP_ivt": 18.493294126245132
        },
        "AP_EMA": null
    }
}