{
    "Test": false,
    "Cholec80": {
        "F1_score": 65.34813111313335,
        "F1_score_EMA": 70.75270390507605,
        "Per_video_f1": {
            "cholec80_video41": 66.31474213564049,
            "cholec80_video43": 57.51058717031958,
            "cholec80_video44": 72.11780966853738,
            "cholec80_video45": 74.27956312108532,
            "cholec80_video46": 70.03936533274369,
            "cholec80_video47": 55.34956408888744,
            "cholec80_video48": 61.82528627471958
        },
        "Per_video_f1_EMA": {
            "cholec80_video41": 71.82434471515205,
            "cholec80_video43": 68.09645278490025,
            "cholec80_video44": 75.6492526334163,
            "cholec80_video45": 71.64588381060516,
            "cholec80_video46": 71.9707980762234,
            "cholec80_video47": 61.52656287778531,
            "cholec80_video48": 74.55563243744989
        }
    },
    "Endoscapes": {
        "mAP": 43.16260157641686,
        "mAP_EMA": 37.55709173144523,
        "mAP_per_class": {
            "C0": 43.84645881739242,
            "C1": 39.330774190543885,
            "C2": 46.310571721314275
        },
        "mAP_per_class_EMA": {
            "C0": 35.92193888543133,
            "C1": 36.82174570272256,
            "C2": 39.927590606181816
        }
    },
    "CholecT50": {
        "AP": {
            "AP_i": 73.32573745387873,
            "AP_v": 51.20035885993785,
            "AP_t": 36.0370208856214,
            "AP_iv": 31.573799601128705,
            "AP_it": 29.985209386751617,
            "AP_ivt": 25.269668239100042
        },
        "AP_EMA": {
            "AP_i": 76.06150810188949,
            "AP_v": 51.83782501683222,
            "AP_t": 42.00390117866273,
            "AP_iv": 33.07250659559844,
            "AP_it": 35.50449492930553,
            "AP_ivt": 29.690913940940767
        }
    }
}