{
    "Test": true,
    "Cholec80": {
        "F1_score": 66.8639665736815,
        "F1_score_EMA": null,
        "Per_video_f1": {
            "cholec80_video51": 68.7361465371682,
            "cholec80_video53": 68.72841628341119,
            "cholec80_video54": 67.42365311027515,
            "cholec80_video55": 73.85340519749548,
            "cholec80_video58": 54.49571095134641,
            "cholec80_video59": 71.82068681112848,
            "cholec80_video61": 63.20148329599004,
            "cholec80_video63": 59.38513367979308,
            "cholec80_video64": 73.22127683763124,
            "cholec80_video69": 78.86442423226518,
            "cholec80_video73": 76.54483431476218,
            "cholec80_video74": 64.85189138793646,
            "cholec80_video76": 60.78088712490752,
            "cholec80_video77": 75.60147410217265,
            "cholec80_video80": 45.45007473893914
        },
        "Per_video_f1_EMA": null
    },
    "Endoscapes": {
        "mAP": 47.14897748894146,
        "mAP_EMA": null,
        "mAP_per_class": {
            "C0": 46.51149381798959,
            "C1": 36.46889195830549,
            "C2": 58.466546690529306
        },
        "mAP_per_class_EMA": null
    },
    "CholecT50": {
        "AP": {
            "AP_i": 72.93099318427723,
            "AP_v": 51.123901775096385,
            "AP_t": 34.53597949336915,
            "AP_iv": 30.33294842504413,
            "AP_it": 26.01617640526324,
            "AP_ivt": 21.374821451678912
        },
        "AP_EMA": null
    }
}