{
    "Test": false,
    "Cholec80": {
        "F1_score": 74.98182445696472,
        "F1_score_EMA": 49.02725007060317,
        "Per_video_f1": {
            "cholec80_video41": 69.43087911914294,
            "cholec80_video43": 74.4480548810113,
            "cholec80_video44": 75.9466824667143,
            "cholec80_video45": 81.98194096371677,
            "cholec80_video46": 74.19296196304155,
            "cholec80_video47": 74.78659685172795,
            "cholec80_video48": 74.0856549533982
        },
        "Per_video_f1_EMA": {
            "cholec80_video41": 46.18158380147058,
            "cholec80_video43": 52.54163789591514,
            "cholec80_video44": 49.059480301826135,
            "cholec80_video45": 51.53722614449418,
            "cholec80_video46": 43.810963292610225,
            "cholec80_video47": 48.43833133853245,
            "cholec80_video48": 51.621527719373525
        }
    },
    "Endoscapes": {
        "mAP": 40.20842059529953,
        "mAP_EMA": 36.590195971838064,
        "mAP_per_class": {
            "C0": 38.18554416664224,
            "C1": 37.33332661468186,
            "C2": 45.10639100457448
        },
        "mAP_per_class_EMA": {
            "C0": 37.43459562689407,
            "C1": 32.67804780374587,
            "C2": 39.65794448487425
        }
    },
    "CholecT50": {
        "AP": {
            "AP_i": 74.21841376252456,
            "AP_v": 54.62732681609791,
            "AP_t": 41.035407718185006,
            "AP_iv": 35.60108568276157,
            "AP_it": 35.92911641103647,
            "AP_ivt": 31.749481469144374
        },
        "AP_EMA": {
            "AP_i": 56.45411909460901,
            "AP_v": 35.9516844232394,
            "AP_t": 34.224362986063944,
            "AP_iv": 22.954095647427593,
            "AP_it": 26.211877692799536,
            "AP_ivt": 23.033191974424103
        }
    }
}