{
    "Test": false,
    "Cholec80": {
        "F1_score": 75.37522912124064,
        "F1_score_EMA": 52.548578793091515,
        "Per_video_f1": {
            "cholec80_video41": 67.50383049202195,
            "cholec80_video43": 72.24353084354611,
            "cholec80_video44": 74.1962617654422,
            "cholec80_video45": 78.98814691505778,
            "cholec80_video46": 75.49550240975196,
            "cholec80_video47": 79.7155994830921,
            "cholec80_video48": 79.48373193977233
        },
        "Per_video_f1_EMA": {
            "cholec80_video41": 53.59612791093621,
            "cholec80_video43": 57.667203265595056,
            "cholec80_video44": 51.52867802419067,
            "cholec80_video45": 49.194786902146724,
            "cholec80_video46": 49.78617248063454,
            "cholec80_video47": 52.93962823838514,
            "cholec80_video48": 53.12745472975229
        }
    },
    "Endoscapes": {
        "mAP": 46.705680731405685,
        "mAP_EMA": 26.595240126278703,
        "mAP_per_class": {
            "C0": 46.973004303202075,
            "C1": 46.84668345156317,
            "C2": 46.2973544394518
        },
        "mAP_per_class_EMA": {
            "C0": 27.540061107495497,
            "C1": 23.79125156256232,
            "C2": 28.45440770877829
        }
    },
    "CholecT50": {
        "AP": {
            "AP_i": 75.97268841486944,
            "AP_v": 54.15857309637397,
            "AP_t": 40.10329611376662,
            "AP_iv": 35.750643877592545,
            "AP_it": 33.18098691239733,
            "AP_ivt": 28.268767989288815
        },
        "AP_EMA": {
            "AP_i": 54.09612386604943,
            "AP_v": 36.46428329719566,
            "AP_t": 36.33434750490387,
            "AP_iv": 22.622631820452046,
            "AP_it": 24.41057942004619,
            "AP_ivt": 20.494121303202146
        }
    }
}