{
    "Test": false,
    "Cholec80": {
        "F1_score": 71.53266356900187,
        "F1_score_EMA": 48.71570646472243,
        "Per_video_f1": {
            "cholec80_video41": 64.2721060315016,
            "cholec80_video43": 70.44003747518123,
            "cholec80_video44": 72.42441219141462,
            "cholec80_video45": 73.65441870872743,
            "cholec80_video46": 69.80974091366399,
            "cholec80_video47": 72.55838591270238,
            "cholec80_video48": 77.56954374982185
        },
        "Per_video_f1_EMA": {
            "cholec80_video41": 49.36614505610083,
            "cholec80_video43": 59.79902108637931,
            "cholec80_video44": 45.551442678163674,
            "cholec80_video45": 44.399940694279536,
            "cholec80_video46": 47.555686986945425,
            "cholec80_video47": 46.27612112710764,
            "cholec80_video48": 48.0615876240806
        }
    },
    "Endoscapes": {
        "mAP": 47.23707782832275,
        "mAP_EMA": 16.85083292559826,
        "mAP_per_class": {
            "C0": 44.45401611049542,
            "C1": 44.81692751599788,
            "C2": 52.44028985847494
        },
        "mAP_per_class_EMA": {
            "C0": 18.04250521254848,
            "C1": 14.515879521182509,
            "C2": 17.9941140430638
        }
    },
    "CholecT50": {
        "AP": {
            "AP_i": 77.32107585392677,
            "AP_v": 52.92220098209191,
            "AP_t": 42.03136755639422,
            "AP_iv": 35.06885181956995,
            "AP_it": 35.41653402386294,
            "AP_ivt": 30.904423375005475
        },
        "AP_EMA": {
            "AP_i": 59.01787602904289,
            "AP_v": 39.96454501283701,
            "AP_t": 32.779373550991814,
            "AP_iv": 23.665214875529212,
            "AP_it": 21.076722330353554,
            "AP_ivt": 17.37542760492092
        }
    }
}