{
    "Test": false,
    "Cholec80": {
        "F1_score": 67.15357286851356,
        "F1_score_EMA": 77.82887963052652,
        "Per_video_f1": {
            "cholec80_video41": 68.60760772917808,
            "cholec80_video43": 59.964955115081494,
            "cholec80_video44": 73.88230218759894,
            "cholec80_video45": 71.1558112816312,
            "cholec80_video46": 69.81800751063815,
            "cholec80_video47": 60.346884622552054,
            "cholec80_video48": 66.29944163291505
        },
        "Per_video_f1_EMA": {
            "cholec80_video41": 72.45002187187046,
            "cholec80_video43": 79.75830797068025,
            "cholec80_video44": 78.98537572976616,
            "cholec80_video45": 81.5257570338687,
            "cholec80_video46": 75.66499121687768,
            "cholec80_video47": 75.96636618472175,
            "cholec80_video48": 80.45133740590063
        }
    },
    "Endoscapes": {
        "mAP": 34.32046634974715,
        "mAP_EMA": 39.7180482496987,
        "mAP_per_class": {
            "C0": 34.542772834959,
            "C1": 35.79382099136095,
            "C2": 32.6248052229215
        },
        "mAP_per_class_EMA": {
            "C0": 40.25437290754208,
            "C1": 46.72496392224517,
            "C2": 32.17480791930885
        }
    },
    "CholecT50": {
        "AP": {
            "AP_i": 73.48792416421419,
            "AP_v": 53.020450943376886,
            "AP_t": 38.22289542374186,
            "AP_iv": 32.03135232359165,
            "AP_it": 30.41060282209689,
            "AP_ivt": 25.033121060050373
        },
        "AP_EMA": {
            "AP_i": 81.59901352003848,
            "AP_v": 62.09452181628725,
            "AP_t": 41.71784643443634,
            "AP_iv": 38.9143644970155,
            "AP_it": 34.25505999736315,
            "AP_ivt": 29.707352580462352
        }
    }
}