{
    "Test": false,
    "Cholec80": {
        "F1_score": 68.53290893657234,
        "F1_score_EMA": 75.61482629669413,
        "Per_video_f1": {
            "cholec80_video41": 68.14579771213427,
            "cholec80_video43": 66.42578213736235,
            "cholec80_video44": 71.39615680815258,
            "cholec80_video45": 77.2969463477614,
            "cholec80_video46": 71.4813842242358,
            "cholec80_video47": 58.44626668179187,
            "cholec80_video48": 66.53802864456814
        },
        "Per_video_f1_EMA": {
            "cholec80_video41": 74.14966239564012,
            "cholec80_video43": 72.38070560063993,
            "cholec80_video44": 78.16700839654993,
            "cholec80_video45": 80.1689975183952,
            "cholec80_video46": 75.5068909574659,
            "cholec80_video47": 70.76685628174772,
            "cholec80_video48": 78.16366292642013
        }
    },
    "Endoscapes": {
        "mAP": 38.416601703377694,
        "mAP_EMA": 43.61930985422096,
        "mAP_per_class": {
            "C0": 40.81482183572416,
            "C1": 40.89530567509487,
            "C2": 33.53967759931405
        },
        "mAP_per_class_EMA": {
            "C0": 44.6989138394974,
            "C1": 46.83787805110116,
            "C2": 39.321137672064324
        }
    },
    "CholecT50": {
        "AP": {
            "AP_i": 79.68232347458904,
            "AP_v": 58.35205205369839,
            "AP_t": 38.56461448540086,
            "AP_iv": 37.4637389233502,
            "AP_it": 32.33683189324927,
            "AP_ivt": 28.349414701850023
        },
        "AP_EMA": {
            "AP_i": 85.9485815266557,
            "AP_v": 60.29801749353324,
            "AP_t": 42.96055768655991,
            "AP_iv": 39.8721982404572,
            "AP_it": 37.907283906035346,
            "AP_ivt": 31.902570768135284
        }
    }
}