{
    "Test": false,
    "Cholec80": {
        "F1_score": 68.90638392879912,
        "F1_score_EMA": 74.63745044323862,
        "Per_video_f1": {
            "cholec80_video41": 60.78909110409087,
            "cholec80_video43": 63.28938653671061,
            "cholec80_video44": 75.32273623240717,
            "cholec80_video45": 70.29666910218634,
            "cholec80_video46": 73.3767729358688,
            "cholec80_video47": 66.16277938506389,
            "cholec80_video48": 73.1072522052661
        },
        "Per_video_f1_EMA": {
            "cholec80_video41": 66.16045192500557,
            "cholec80_video43": 72.76407502684944,
            "cholec80_video44": 76.95591765443075,
            "cholec80_video45": 77.92345782500782,
            "cholec80_video46": 76.63036072516852,
            "cholec80_video47": 73.83344361634687,
            "cholec80_video48": 78.1944463298614
        }
    },
    "Endoscapes": {
        "mAP": 41.7068477588913,
        "mAP_EMA": 47.75710538260878,
        "mAP_per_class": {
            "C0": 39.38339397003635,
            "C1": 49.460644959411255,
            "C2": 36.276504347226286
        },
        "mAP_per_class_EMA": {
            "C0": 53.24491888002717,
            "C1": 52.38654321736277,
            "C2": 37.63985405043639
        }
    },
    "CholecT50": {
        "AP": {
            "AP_i": 74.66542642241086,
            "AP_v": 48.72297167527792,
            "AP_t": 37.83765857264808,
            "AP_iv": 29.135281217608895,
            "AP_it": 28.611003920999146,
            "AP_ivt": 22.809662755943414
        },
        "AP_EMA": {
            "AP_i": 82.98735940531236,
            "AP_v": 61.474492989107965,
            "AP_t": 43.27840673067532,
            "AP_iv": 38.964222224633225,
            "AP_it": 35.40199546655583,
            "AP_ivt": 29.342254704214387
        }
    }
}