{
    "Test": false,
    "Cholec80": {
        "F1_score": 71.75190290984207,
        "F1_score_EMA": 76.32374217342088,
        "Per_video_f1": {
            "cholec80_video41": 68.95757702356276,
            "cholec80_video43": 68.99082246928728,
            "cholec80_video44": 74.51865798643433,
            "cholec80_video45": 76.939268387852,
            "cholec80_video46": 72.89710373916903,
            "cholec80_video47": 70.24067101490365,
            "cholec80_video48": 69.71921974768544
        },
        "Per_video_f1_EMA": {
            "cholec80_video41": 67.23861469002719,
            "cholec80_video43": 78.90928571105034,
            "cholec80_video44": 76.42698851181613,
            "cholec80_video45": 78.24703259514378,
            "cholec80_video46": 76.75381464659246,
            "cholec80_video47": 77.79389670255897,
            "cholec80_video48": 78.8965623567573
        }
    },
    "Endoscapes": {
        "mAP": 48.92359589044316,
        "mAP_EMA": 51.26605043435106,
        "mAP_per_class": {
            "C0": 53.393620942991205,
            "C1": 51.01682181776379,
            "C2": 42.360344910574476
        },
        "mAP_per_class_EMA": {
            "C0": 53.93919033114236,
            "C1": 53.43304439728117,
            "C2": 46.42591657462964
        }
    },
    "CholecT50": {
        "AP": {
            "AP_i": 77.43053591697286,
            "AP_v": 56.82044551644346,
            "AP_t": 39.80066911991809,
            "AP_iv": 36.12941673374809,
            "AP_it": 33.45936961072276,
            "AP_ivt": 27.64260777812591
        },
        "AP_EMA": {
            "AP_i": 84.81252836809973,
            "AP_v": 62.26955693815686,
            "AP_t": 45.452401881591086,
            "AP_iv": 41.06552217734234,
            "AP_it": 39.91292098287061,
            "AP_ivt": 33.65192909328282
        }
    }
}