{
    "Test": false,
    "Cholec80": {
        "F1_score": 74.8553923707624,
        "F1_score_EMA": 78.34087373916914,
        "Per_video_f1": {
            "cholec80_video41": 69.43201228166276,
            "cholec80_video43": 67.97386832657864,
            "cholec80_video44": 76.66397515198892,
            "cholec80_video45": 82.87144660406257,
            "cholec80_video46": 72.82781672156459,
            "cholec80_video47": 75.20096542926099,
            "cholec80_video48": 79.01766208021833
        },
        "Per_video_f1_EMA": {
            "cholec80_video41": 64.9117389534984,
            "cholec80_video43": 90.45272352948518,
            "cholec80_video44": 72.62347552826549,
            "cholec80_video45": 81.47631965160544,
            "cholec80_video46": 75.29351210399466,
            "cholec80_video47": 80.47488882520719,
            "cholec80_video48": 83.15345758212767
        }
    },
    "Endoscapes": {
        "mAP": 47.26202619395195,
        "mAP_EMA": 50.079088182396596,
        "mAP_per_class": {
            "C0": 43.03258703465373,
            "C1": 48.91007947637489,
            "C2": 49.84341207082722
        },
        "mAP_per_class_EMA": {
            "C0": 47.634344686255744,
            "C1": 53.91932604571637,
            "C2": 48.683593815217684
        }
    },
    "CholecT50": {
        "AP": {
            "AP_i": 77.30138790243615,
            "AP_v": 53.61578459057504,
            "AP_t": 38.18357357663881,
            "AP_iv": 35.88192523176068,
            "AP_it": 32.73504290998528,
            "AP_ivt": 27.836770805806772
        },
        "AP_EMA": {
            "AP_i": 82.19417813881918,
            "AP_v": 57.0895101797383,
            "AP_t": 43.09945619522504,
            "AP_iv": 40.77901981264578,
            "AP_it": 38.21487207603717,
            "AP_ivt": 33.50517090986532
        }
    }
}