{
    "Test": false,
    "Cholec80": {
        "F1_score": 72.1816330563863,
        "F1_score_EMA": 72.22355950346554,
        "Per_video_f1": {
            "cholec80_video41": 67.50927014453339,
            "cholec80_video43": 68.6865635468751,
            "cholec80_video44": 72.55404300333977,
            "cholec80_video45": 75.11971548546089,
            "cholec80_video46": 69.95186532838892,
            "cholec80_video47": 78.00210708656454,
            "cholec80_video48": 73.44786679954154
        },
        "Per_video_f1_EMA": {
            "cholec80_video41": 71.12728471258393,
            "cholec80_video43": 81.04376892445782,
            "cholec80_video44": 65.89803678389208,
            "cholec80_video45": 70.5182693749778,
            "cholec80_video46": 67.68284233491994,
            "cholec80_video47": 73.43813015691039,
            "cholec80_video48": 75.85658423651684
        }
    },
    "Endoscapes": {
        "mAP": 50.611821339212064,
        "mAP_EMA": 43.101960055948204,
        "mAP_per_class": {
            "C0": 50.21156757298504,
            "C1": 54.40461591155138,
            "C2": 47.21928053309978
        },
        "mAP_per_class_EMA": {
            "C0": 40.978781357672986,
            "C1": 45.14951405624355,
            "C2": 43.17758475392808
        }
    },
    "CholecT50": {
        "AP": {
            "AP_i": 85.59734479159924,
            "AP_v": 59.72905573699535,
            "AP_t": 43.09667384424654,
            "AP_iv": 42.69753105851952,
            "AP_it": 37.64369573149397,
            "AP_ivt": 32.98973081663605
        },
        "AP_EMA": {
            "AP_i": 68.1898704813983,
            "AP_v": 47.92863816263915,
            "AP_t": 41.76321110276559,
            "AP_iv": 32.23254994345637,
            "AP_it": 34.919398440025205,
            "AP_ivt": 30.463775106147203
        }
    }
}