{
    "Test": false,
    "Cholec80": {
        "F1_score": 68.78815542254155,
        "F1_score_EMA": 75.6479090722613,
        "Per_video_f1": {
            "cholec80_video41": 74.40075880646646,
            "cholec80_video43": 52.372469815325104,
            "cholec80_video44": 68.37097200960034,
            "cholec80_video45": 75.01517622642643,
            "cholec80_video46": 73.08153567252322,
            "cholec80_video47": 68.63027706727827,
            "cholec80_video48": 69.64589836017099
        },
        "Per_video_f1_EMA": {
            "cholec80_video41": 67.12703750583024,
            "cholec80_video43": 76.10404743942752,
            "cholec80_video44": 76.33423412987754,
            "cholec80_video45": 79.50217628694904,
            "cholec80_video46": 76.820058929467,
            "cholec80_video47": 75.45958964250316,
            "cholec80_video48": 78.18821957177464
        }
    },
    "Endoscapes": {
        "mAP": 42.22577529222556,
        "mAP_EMA": 49.80573879371907,
        "mAP_per_class": {
            "C0": 43.342981658493116,
            "C1": 40.3149361357,
            "C2": 43.01940808248358
        },
        "mAP_per_class_EMA": {
            "C0": 54.277477174941424,
            "C1": 53.272674991618516,
            "C2": 41.867064214597285
        }
    },
    "CholecT50": {
        "AP": {
            "AP_i": 79.0728640957262,
            "AP_v": 55.802510314588275,
            "AP_t": 39.60010016349928,
            "AP_iv": 33.60943419953258,
            "AP_it": 31.816750415732844,
            "AP_ivt": 26.277214246314156
        },
        "AP_EMA": {
            "AP_i": 84.24625414046714,
            "AP_v": 62.82703727427454,
            "AP_t": 45.18114733901067,
            "AP_iv": 41.67291504641628,
            "AP_it": 38.7476801403304,
            "AP_ivt": 32.374136959503666
        }
    }
}