{
    "Test": false,
    "Cholec80": {
        "F1_score": 68.34896263093796,
        "F1_score_EMA": 75.78297912958134,
        "Per_video_f1": {
            "cholec80_video41": 65.5738812794557,
            "cholec80_video43": 64.07574870604245,
            "cholec80_video44": 66.05175356436581,
            "cholec80_video45": 75.14001752694848,
            "cholec80_video46": 73.87155524262002,
            "cholec80_video47": 61.20132985500709,
            "cholec80_video48": 72.52845224212614
        },
        "Per_video_f1_EMA": {
            "cholec80_video41": 64.10808993306343,
            "cholec80_video43": 84.68013858595626,
            "cholec80_video44": 68.06438807239775,
            "cholec80_video45": 83.32532640348546,
            "cholec80_video46": 75.96812882281158,
            "cholec80_video47": 76.31045571479903,
            "cholec80_video48": 78.0243263745558
        }
    },
    "Endoscapes": {
        "mAP": 45.17790246546521,
        "mAP_EMA": 49.33826483427359,
        "mAP_per_class": {
            "C0": 47.35540400501474,
            "C1": 52.0435106955786,
            "C2": 36.13479269580229
        },
        "mAP_per_class_EMA": {
            "C0": 52.00631374254429,
            "C1": 52.58430919377424,
            "C2": 43.424171566502224
        }
    },
    "CholecT50": {
        "AP": {
            "AP_i": 83.17882124736923,
            "AP_v": 62.219625962097304,
            "AP_t": 40.85186236351362,
            "AP_iv": 38.362611547628696,
            "AP_it": 34.2680100809788,
            "AP_ivt": 31.380610305541044
        },
        "AP_EMA": {
            "AP_i": 85.20604873334162,
            "AP_v": 65.24464364897634,
            "AP_t": 45.98798767619456,
            "AP_iv": 41.271000248576826,
            "AP_it": 39.90673624338836,
            "AP_ivt": 36.71910953066839
        }
    }
}