{
    "Test": false,
    "Cholec80": {
        "F1_score": 74.24377519778571,
        "F1_score_EMA": 36.833368059714516,
        "Per_video_f1": {
            "cholec80_video41": 68.28590238718711,
            "cholec80_video43": 77.91809050057184,
            "cholec80_video44": 72.43119785953557,
            "cholec80_video45": 80.08916349427177,
            "cholec80_video46": 75.37563784980998,
            "cholec80_video47": 69.14233879593141,
            "cholec80_video48": 76.4640954971923
        },
        "Per_video_f1_EMA": {
            "cholec80_video41": 20.703980282232944,
            "cholec80_video43": 42.776967512997075,
            "cholec80_video44": 33.49603266277807,
            "cholec80_video45": 29.143981452842223,
            "cholec80_video46": 47.338890269192014,
            "cholec80_video47": 39.04653274970119,
            "cholec80_video48": 45.32719148825809
        }
    },
    "Endoscapes": {
        "mAP": 44.889502898461146,
        "mAP_EMA": 24.98217892777374,
        "mAP_per_class": {
            "C0": 46.25285872763295,
            "C1": 45.391203291479464,
            "C2": 43.024446676271026
        },
        "mAP_per_class_EMA": {
            "C0": 24.044171414311315,
            "C1": 22.279423882585085,
            "C2": 28.622941486424825
        }
    },
    "CholecT50": {
        "AP": {
            "AP_i": 80.64055515795371,
            "AP_v": 57.72629852627248,
            "AP_t": 43.66240041525181,
            "AP_iv": 38.693362298838245,
            "AP_it": 38.137822055031805,
            "AP_ivt": 34.40046243102047
        },
        "AP_EMA": {
            "AP_i": 61.94693090841694,
            "AP_v": 44.82809513231253,
            "AP_t": 34.16351283579118,
            "AP_iv": 27.571671062433236,
            "AP_it": 25.393386296307057,
            "AP_ivt": 23.028466618314514
        }
    }
}