{
    "Test": true,
    "Cholec80": {
        "F1_score": 62.898138991972715,
        "F1_score_EMA": null,
        "Per_video_f1": {
            "cholec80_video51": 72.21054608951192,
            "cholec80_video53": 62.44004519350609,
            "cholec80_video54": 68.14914800976393,
            "cholec80_video55": 76.31314320245795,
            "cholec80_video58": 49.767965554377,
            "cholec80_video59": 66.92237193515966,
            "cholec80_video61": 53.76205731638939,
            "cholec80_video63": 48.15156240620039,
            "cholec80_video64": 66.36146318686042,
            "cholec80_video69": 78.61578902025416,
            "cholec80_video73": 76.30039738735836,
            "cholec80_video74": 63.215453163448686,
            "cholec80_video76": 60.7588687854868,
            "cholec80_video77": 71.07452666866865,
            "cholec80_video80": 29.42874696014727
        },
        "Per_video_f1_EMA": null
    },
    "Endoscapes": {
        "mAP": 49.6701367729988,
        "mAP_EMA": null,
        "mAP_per_class": {
            "C0": 49.36800157255396,
            "C1": 43.72202256118782,
            "C2": 55.920386185254635
        },
        "mAP_per_class_EMA": null
    },
    "CholecT50": {
        "AP": {
            "AP_i": 76.78305297492159,
            "AP_v": 53.58059193558878,
            "AP_t": 35.90282076418195,
            "AP_iv": 32.60858056305264,
            "AP_it": 27.171983852528147,
            "AP_ivt": 23.3076824771809
        },
        "AP_EMA": null
    }
}