{
    "Test": false,
    "Cholec80": {
        "F1_score": 68.53398315988166,
        "F1_score_EMA": 74.34986609914604,
        "Per_video_f1": {
            "cholec80_video41": 71.69841750748897,
            "cholec80_video43": 61.06260661917967,
            "cholec80_video44": 73.33998424834516,
            "cholec80_video45": 76.95889691731853,
            "cholec80_video46": 66.3687051156067,
            "cholec80_video47": 62.83792787373843,
            "cholec80_video48": 67.4713438374941
        },
        "Per_video_f1_EMA": {
            "cholec80_video41": 67.59069143334797,
            "cholec80_video43": 79.39401540436309,
            "cholec80_video44": 75.85037299651323,
            "cholec80_video45": 67.18768013554836,
            "cholec80_video46": 74.40975598889078,
            "cholec80_video47": 79.1717680359711,
            "cholec80_video48": 76.8447786993878
        }
    },
    "Endoscapes": {
        "mAP": 44.14193383515396,
        "mAP_EMA": 52.979797715023295,
        "mAP_per_class": {
            "C0": 44.831053539878546,
            "C1": 44.561103088297195,
            "C2": 43.03364487728613
        },
        "mAP_per_class_EMA": {
            "C0": 53.40709950533662,
            "C1": 55.44677177352628,
            "C2": 50.08552186620698
        }
    },
    "CholecT50": {
        "AP": {
            "AP_i": 80.7699710426452,
            "AP_v": 55.762400657355045,
            "AP_t": 38.85698141306765,
            "AP_iv": 34.90130727553911,
            "AP_it": 34.317729632953245,
            "AP_ivt": 28.70060358966067
        },
        "AP_EMA": {
            "AP_i": 79.0610880064353,
            "AP_v": 58.50374094800075,
            "AP_t": 43.28886733076222,
            "AP_iv": 36.832993498620624,
            "AP_it": 37.9782662689275,
            "AP_ivt": 32.826640744080635
        }
    }
}