{
    "Test": false,
    "Cholec80": {
        "F1_score": 69.44548673762674,
        "F1_score_EMA": 74.58405779459042,
        "Per_video_f1": {
            "cholec80_video41": 67.61943782829822,
            "cholec80_video43": 71.63827245641599,
            "cholec80_video44": 64.63209867478878,
            "cholec80_video45": 77.33595516877398,
            "cholec80_video46": 69.26887729736228,
            "cholec80_video47": 60.25043874940429,
            "cholec80_video48": 75.37332698834362
        },
        "Per_video_f1_EMA": {
            "cholec80_video41": 66.19209092377609,
            "cholec80_video43": 78.05556831383795,
            "cholec80_video44": 74.3890122215162,
            "cholec80_video45": 83.93479485711455,
            "cholec80_video46": 74.3733588352991,
            "cholec80_video47": 69.58074977562889,
            "cholec80_video48": 75.56282963496012
        }
    },
    "Endoscapes": {
        "mAP": 35.67519557940746,
        "mAP_EMA": 43.539800764118766,
        "mAP_per_class": {
            "C0": 45.63226498911456,
            "C1": 38.37205382926567,
            "C2": 23.021267919842156
        },
        "mAP_per_class_EMA": {
            "C0": 49.10105965710619,
            "C1": 49.107438867027675,
            "C2": 32.410903768222425
        }
    },
    "CholecT50": {
        "AP": {
            "AP_i": 74.50621146748023,
            "AP_v": 54.334103222454225,
            "AP_t": 38.547736593510734,
            "AP_iv": 33.43237690315035,
            "AP_it": 30.606957870759437,
            "AP_ivt": 27.984260922170673
        },
        "AP_EMA": {
            "AP_i": 85.75787292687308,
            "AP_v": 62.269907507068844,
            "AP_t": 43.27123578017522,
            "AP_iv": 39.84606546729983,
            "AP_it": 36.42981632564465,
            "AP_ivt": 31.54521041712695
        }
    }
}