{
    "Test": false,
    "Cholec80": {
        "F1_score": 65.3624062979662,
        "F1_score_EMA": 76.80066573329833,
        "Per_video_f1": {
            "cholec80_video41": 62.94747311730493,
            "cholec80_video43": 65.199924556114,
            "cholec80_video44": 66.32456467130949,
            "cholec80_video45": 62.495174633100504,
            "cholec80_video46": 62.36753547829114,
            "cholec80_video47": 64.24385821552373,
            "cholec80_video48": 73.95831341411959
        },
        "Per_video_f1_EMA": {
            "cholec80_video41": 74.68990901426771,
            "cholec80_video43": 75.21534121060995,
            "cholec80_video44": 78.66903104435904,
            "cholec80_video45": 80.24192097671073,
            "cholec80_video46": 75.49351598824529,
            "cholec80_video47": 73.51501174878861,
            "cholec80_video48": 79.77993015010696
        }
    },
    "Endoscapes": {
        "mAP": 40.05939696912642,
        "mAP_EMA": 45.43314812188436,
        "mAP_per_class": {
            "C0": 40.79472354370758,
            "C1": 38.45176115969229,
            "C2": 40.931706203979374
        },
        "mAP_per_class_EMA": {
            "C0": 47.56335725175361,
            "C1": 48.642296703733315,
            "C2": 40.09379041016614
        }
    },
    "CholecT50": {
        "AP": {
            "AP_i": 78.80529205491729,
            "AP_v": 51.21707406854423,
            "AP_t": 35.59475320255043,
            "AP_iv": 33.589827184012904,
            "AP_it": 29.08645532688646,
            "AP_ivt": 24.709362473215027
        },
        "AP_EMA": {
            "AP_i": 86.75314483513938,
            "AP_v": 61.597651946242365,
            "AP_t": 43.822411626052684,
            "AP_iv": 40.96264225954694,
            "AP_it": 39.35708937242015,
            "AP_ivt": 33.435345226898235
        }
    }
}