{
    "Test": false,
    "Cholec80": {
        "F1_score": 66.91405701082523,
        "F1_score_EMA": 75.38584514847915,
        "Per_video_f1": {
            "cholec80_video41": 67.24774137353641,
            "cholec80_video43": 64.20437632124687,
            "cholec80_video44": 65.89702929969683,
            "cholec80_video45": 76.24408527141767,
            "cholec80_video46": 69.01335788342044,
            "cholec80_video47": 54.526987082773246,
            "cholec80_video48": 71.26482184368513
        },
        "Per_video_f1_EMA": {
            "cholec80_video41": 66.0579775531557,
            "cholec80_video43": 81.40312227712712,
            "cholec80_video44": 70.41638502133755,
            "cholec80_video45": 83.04263129181949,
            "cholec80_video46": 75.8165635481228,
            "cholec80_video47": 73.14407879398813,
            "cholec80_video48": 77.8201575538033
        }
    },
    "Endoscapes": {
        "mAP": 41.55540633356292,
        "mAP_EMA": 49.57144212576287,
        "mAP_per_class": {
            "C0": 49.76521762744254,
            "C1": 45.168849578442384,
            "C2": 29.732151794803833
        },
        "mAP_per_class_EMA": {
            "C0": 52.88815445289081,
            "C1": 53.77318373136982,
            "C2": 42.05298819302799
        }
    },
    "CholecT50": {
        "AP": {
            "AP_i": 86.41272120725404,
            "AP_v": 63.034665546180875,
            "AP_t": 42.27174162769147,
            "AP_iv": 38.63554875915383,
            "AP_it": 36.73973082973705,
            "AP_ivt": 31.971913043843475
        },
        "AP_EMA": {
            "AP_i": 88.99189978144757,
            "AP_v": 67.01427281331928,
            "AP_t": 46.68231939762018,
            "AP_iv": 43.17568757908577,
            "AP_it": 40.24657315764887,
            "AP_ivt": 35.960060608133574
        }
    }
}