{
    "Test": false,
    "Cholec80": {
        "F1_score": 71.25560137521587,
        "F1_score_EMA": 75.96209833222802,
        "Per_video_f1": {
            "cholec80_video41": 68.87500576043789,
            "cholec80_video43": 68.33972493628228,
            "cholec80_video44": 67.86437135672891,
            "cholec80_video45": 80.04646021375132,
            "cholec80_video46": 70.31006592503857,
            "cholec80_video47": 69.11098523690177,
            "cholec80_video48": 74.24259619737043
        },
        "Per_video_f1_EMA": {
            "cholec80_video41": 65.14277213983888,
            "cholec80_video43": 83.73150427718562,
            "cholec80_video44": 69.60089090829806,
            "cholec80_video45": 83.62541617451275,
            "cholec80_video46": 76.42326818427895,
            "cholec80_video47": 74.9552628743561,
            "cholec80_video48": 78.25557376712578
        }
    },
    "Endoscapes": {
        "mAP": 45.06077488674758,
        "mAP_EMA": 50.179251563232604,
        "mAP_per_class": {
            "C0": 47.350417638048796,
            "C1": 45.80990951171769,
            "C2": 42.02199751047625
        },
        "mAP_per_class_EMA": {
            "C0": 53.33539299499872,
            "C1": 53.979653444219636,
            "C2": 43.222708250479464
        }
    },
    "CholecT50": {
        "AP": {
            "AP_i": 84.46830534746623,
            "AP_v": 61.657435481690996,
            "AP_t": 42.96732075265801,
            "AP_iv": 39.39805640207223,
            "AP_it": 35.92082159321439,
            "AP_ivt": 31.195454170960183
        },
        "AP_EMA": {
            "AP_i": 87.38405764237478,
            "AP_v": 66.62091886323391,
            "AP_t": 46.3306486294413,
            "AP_iv": 43.55298711083648,
            "AP_it": 40.74101788204757,
            "AP_ivt": 37.19661719278888
        }
    }
}