{
    "Test": true,
    "Cholec80": {
        "F1_score": 65.9029235027313,
        "F1_score_EMA": null,
        "Per_video_f1": {
            "cholec80_video51": 70.52328372390001,
            "cholec80_video53": 69.56547147415597,
            "cholec80_video54": 65.41363986451101,
            "cholec80_video55": 75.78061908547987,
            "cholec80_video58": 46.338877303685315,
            "cholec80_video59": 78.96980451369352,
            "cholec80_video61": 53.66355181134686,
            "cholec80_video63": 51.004045529285705,
            "cholec80_video64": 78.65183415011944,
            "cholec80_video69": 81.75183620189354,
            "cholec80_video73": 81.62864721417353,
            "cholec80_video74": 61.966518237299894,
            "cholec80_video76": 69.64357864738663,
            "cholec80_video77": 64.55393834655393,
            "cholec80_video80": 39.08820643748431
        },
        "Per_video_f1_EMA": null
    },
    "Endoscapes": {
        "mAP": 47.39181098414191,
        "mAP_EMA": null,
        "mAP_per_class": {
            "C0": 43.63519958072961,
            "C1": 37.88234995088279,
            "C2": 60.65788342081334
        },
        "mAP_per_class_EMA": null
    },
    "CholecT50": {
        "AP": {
            "AP_i": 82.27414075395676,
            "AP_v": 56.20916421521995,
            "AP_t": 38.25963068372698,
            "AP_iv": 33.9517970115737,
            "AP_it": 28.472347850612653,
            "AP_ivt": 22.77330193994094
        },
        "AP_EMA": null
    }
}