{
    "Test": false,
    "Cholec80": {
        "F1_score": 72.57630584613692,
        "F1_score_EMA": 75.01270676414644,
        "Per_video_f1": {
            "cholec80_video41": 66.39467107085476,
            "cholec80_video43": 78.66732309685156,
            "cholec80_video44": 71.39463500324172,
            "cholec80_video45": 77.0492368847173,
            "cholec80_video46": 73.31772893271518,
            "cholec80_video47": 65.2783218682565,
            "cholec80_video48": 75.9322240663214
        },
        "Per_video_f1_EMA": {
            "cholec80_video41": 62.62001772324002,
            "cholec80_video43": 86.18895862057677,
            "cholec80_video44": 64.74906420168335,
            "cholec80_video45": 82.34559249917946,
            "cholec80_video46": 75.04256007393538,
            "cholec80_video47": 77.55223458641757,
            "cholec80_video48": 76.59051964399256
        }
    },
    "Endoscapes": {
        "mAP": 48.19414226817603,
        "mAP_EMA": 48.11645493158709,
        "mAP_per_class": {
            "C0": 50.13275126316296,
            "C1": 51.0562573454291,
            "C2": 43.393418195936036
        },
        "mAP_per_class_EMA": {
            "C0": 49.3605489901567,
            "C1": 49.952571428682695,
            "C2": 45.03624437592188
        }
    },
    "CholecT50": {
        "AP": {
            "AP_i": 83.41167396192992,
            "AP_v": 58.728214217696134,
            "AP_t": 41.40646337362989,
            "AP_iv": 37.82367445310801,
            "AP_it": 33.151430225959885,
            "AP_ivt": 28.799495996221484
        },
        "AP_EMA": {
            "AP_i": 81.70874973855409,
            "AP_v": 62.75641700549378,
            "AP_t": 45.23752774021743,
            "AP_iv": 39.38394789606725,
            "AP_it": 38.245682347313654,
            "AP_ivt": 35.22552866711559
        }
    }
}