{
    "Test": false,
    "Cholec80": {
        "F1_score": 71.81479708032344,
        "F1_score_EMA": 76.65349399756423,
        "Per_video_f1": {
            "cholec80_video41": 68.7795689224053,
            "cholec80_video43": 65.82092318470704,
            "cholec80_video44": 68.05589988184232,
            "cholec80_video45": 82.52321579395206,
            "cholec80_video46": 70.37406862394037,
            "cholec80_video47": 72.2657148554295,
            "cholec80_video48": 74.88418829998751
        },
        "Per_video_f1_EMA": {
            "cholec80_video41": 70.2419364581261,
            "cholec80_video43": 75.52579564350658,
            "cholec80_video44": 76.38922497582051,
            "cholec80_video45": 87.35809018887453,
            "cholec80_video46": 76.54207157066828,
            "cholec80_video47": 73.77005297058682,
            "cholec80_video48": 76.7472861753668
        }
    },
    "Endoscapes": {
        "mAP": 38.52195948129956,
        "mAP_EMA": 45.935233840054444,
        "mAP_per_class": {
            "C0": 37.992439662107245,
            "C1": 40.31747464850884,
            "C2": 37.2559641332826
        },
        "mAP_per_class_EMA": {
            "C0": 45.8011279814212,
            "C1": 48.24929215702648,
            "C2": 43.75528138171564
        }
    },
    "CholecT50": {
        "AP": {
            "AP_i": 74.80749320008691,
            "AP_v": 49.97587846292868,
            "AP_t": 36.73364209841835,
            "AP_iv": 31.014105010707052,
            "AP_it": 29.760825256948372,
            "AP_ivt": 24.487199891635907
        },
        "AP_EMA": {
            "AP_i": 83.38920252713072,
            "AP_v": 60.199215373867744,
            "AP_t": 41.97541917774585,
            "AP_iv": 41.19891636616994,
            "AP_it": 37.06962600666322,
            "AP_ivt": 32.42397457973657
        }
    }
}