{
    "Test": true,
    "Cholec80": {
        "F1_score": 57.86421257543592,
        "F1_score_EMA": null,
        "Per_video_f1": {
            "cholec80_video51": 59.95144480442411,
            "cholec80_video53": 57.740411687928514,
            "cholec80_video54": 75.16731678338276,
            "cholec80_video55": 70.57045572992241,
            "cholec80_video58": 36.4245013254603,
            "cholec80_video59": 61.42253538674858,
            "cholec80_video61": 52.541824519629834,
            "cholec80_video63": 49.774960754816014,
            "cholec80_video64": 59.143262317010524,
            "cholec80_video69": 67.37657803393363,
            "cholec80_video73": 76.39565313792492,
            "cholec80_video74": 64.89850105192356,
            "cholec80_video76": 46.17471747390194,
            "cholec80_video77": 47.21129636836309,
            "cholec80_video80": 43.16972925616862
        },
        "Per_video_f1_EMA": null
    },
    "Endoscapes": {
        "mAP": 51.19240534593837,
        "mAP_EMA": null,
        "mAP_per_class": {
            "C0": 49.341285789110955,
            "C1": 42.31437921046982,
            "C2": 61.921551038234334
        },
        "mAP_per_class_EMA": null
    },
    "CholecT50": {
        "AP": {
            "AP_i": 79.1546639182774,
            "AP_v": 55.312946687419526,
            "AP_t": 38.46961778252391,
            "AP_iv": 33.83448587321143,
            "AP_it": 28.8420080328502,
            "AP_ivt": 23.194445030787943
        },
        "AP_EMA": null
    }
}