{
    "Test": false,
    "Cholec80": {
        "F1_score": 68.96808899197767,
        "F1_score_EMA": 75.02552230401518,
        "Per_video_f1": {
            "cholec80_video41": 68.99525487269679,
            "cholec80_video43": 63.68071460929762,
            "cholec80_video44": 68.83523418604011,
            "cholec80_video45": 66.56081426914656,
            "cholec80_video46": 73.19274818047774,
            "cholec80_video47": 66.20501457867654,
            "cholec80_video48": 75.30684224750827
        },
        "Per_video_f1_EMA": {
            "cholec80_video41": 67.16508410239234,
            "cholec80_video43": 72.76793846730513,
            "cholec80_video44": 77.2765879038695,
            "cholec80_video45": 78.64833187822605,
            "cholec80_video46": 76.4822932708669,
            "cholec80_video47": 73.997441103693,
            "cholec80_video48": 78.84097940175336
        }
    },
    "Endoscapes": {
        "mAP": 45.82950226563934,
        "mAP_EMA": 47.74486820017207,
        "mAP_per_class": {
            "C0": 55.59727092869851,
            "C1": 50.65417399984767,
            "C2": 31.23706186837184
        },
        "mAP_per_class_EMA": {
            "C0": 53.029194681248434,
            "C1": 52.065511626737894,
            "C2": 38.13989829252989
        }
    },
    "CholecT50": {
        "AP": {
            "AP_i": 75.2711929747906,
            "AP_v": 52.23111583188556,
            "AP_t": 36.73755122637271,
            "AP_iv": 31.36845189353562,
            "AP_it": 29.8543632673298,
            "AP_ivt": 24.25143568783398
        },
        "AP_EMA": {
            "AP_i": 83.19908607018944,
            "AP_v": 61.83349445600802,
            "AP_t": 43.82735937007335,
            "AP_iv": 39.74395710612564,
            "AP_it": 36.04277774112788,
            "AP_ivt": 30.019836982214226
        }
    }
}