{
    "Test": false,
    "Cholec80": {
        "F1_score": 72.23314394409977,
        "F1_score_EMA": 42.84181996952107,
        "Per_video_f1": {
            "cholec80_video41": 77.22995926387016,
            "cholec80_video43": 53.17363144570404,
            "cholec80_video44": 78.19116455941352,
            "cholec80_video45": 83.42108466786839,
            "cholec80_video46": 76.56756933694723,
            "cholec80_video47": 61.72248981025918,
            "cholec80_video48": 69.90375985205235,
            "cholec80_video49": 74.15665693625898,
            "cholec80_video50": 75.73197962452407
        },
        "Per_video_f1_EMA": {
            "cholec80_video41": 42.811530879483165,
            "cholec80_video43": 52.92742133241271,
            "cholec80_video44": 48.75846354550731,
            "cholec80_video45": 22.791802558171018,
            "cholec80_video46": 39.43065747928549,
            "cholec80_video47": 44.68787656624252,
            "cholec80_video48": 49.97298531239431,
            "cholec80_video49": 50.55121460921341,
            "cholec80_video50": 33.644427442979705
        }
    },
    "Endoscapes": {
        "mAP": 43.399608417645084,
        "mAP_EMA": 32.81479335171448,
        "mAP_per_class": {
            "C0": 39.92601183979838,
            "C1": 45.09775963736054,
            "C2": 45.175053775776334
        },
        "mAP_per_class_EMA": {
            "C0": 30.40074945898077,
            "C1": 29.361697328731402,
            "C2": 38.68193326743126
        }
    },
    "CholecT50": {
        "AP": {
            "AP_i": 49.58537976288093,
            "AP_v": 32.00279143890505,
            "AP_t": 26.26290663608029,
            "AP_iv": 19.71507481596507,
            "AP_it": 22.257932033726178,
            "AP_ivt": 19.008507947990406
        },
        "AP_EMA": {
            "AP_i": 44.86212151961133,
            "AP_v": 33.75223796569625,
            "AP_t": 29.105999443843782,
            "AP_iv": 20.6244608346519,
            "AP_it": 20.326081561170707,
            "AP_ivt": 18.965157938501303
        }
    }
}