{
    "Test": false,
    "Cholec80": {
        "F1_score": 61.241308948060734,
        "F1_score_EMA": 61.525822031515204,
        "Per_video_f1": {
            "cholec80_video41": 73.5091554242177,
            "cholec80_video43": 45.41203721294173,
            "cholec80_video44": 82.16589475746973,
            "cholec80_video45": 75.9560477773692,
            "cholec80_video46": 76.05232892154822,
            "cholec80_video47": 47.220844034705244,
            "cholec80_video48": 45.9297671504111,
            "cholec80_video49": 46.92766912872947,
            "cholec80_video50": 57.998036125154194
        },
        "Per_video_f1_EMA": {
            "cholec80_video41": 74.76385132931546,
            "cholec80_video43": 43.741235680354926,
            "cholec80_video44": 83.07722733019324,
            "cholec80_video45": 72.3051448340182,
            "cholec80_video46": 78.80667528725301,
            "cholec80_video47": 39.30939646721381,
            "cholec80_video48": 51.91823482191818,
            "cholec80_video49": 42.87178931949162,
            "cholec80_video50": 66.93884321387841
        }
    },
    "Endoscapes": {
        "mAP": 29.614567471139072,
        "mAP_EMA": 36.670382076888764,
        "mAP_per_class": {
            "C0": 32.46314763420601,
            "C1": 25.093287035104893,
            "C2": 31.287267744106316
        },
        "mAP_per_class_EMA": {
            "C0": 38.444264419978424,
            "C1": 31.54176370533948,
            "C2": 40.02511810534839
        }
    },
    "CholecT50": {
        "AP": {
            "AP_i": 54.0605068913907,
            "AP_v": 34.137773973758456,
            "AP_t": 26.283714653516032,
            "AP_iv": 20.671967012877484,
            "AP_it": 18.327182693401376,
            "AP_ivt": 14.992539675830262
        },
        "AP_EMA": {
            "AP_i": 45.92367259401809,
            "AP_v": 30.831034315955918,
            "AP_t": 23.189476173416985,
            "AP_iv": 19.049129173718544,
            "AP_it": 17.447438631652584,
            "AP_ivt": 14.576703767791997
        }
    }
}