{
    "Test": false,
    "Cholec80": {
        "F1_score": 56.7222499157846,
        "F1_score_EMA": 60.68097372055229,
        "Per_video_f1": {
            "cholec80_video41": 74.15866220087014,
            "cholec80_video43": 37.69207814596246,
            "cholec80_video44": 78.4695556837945,
            "cholec80_video45": 71.2952834504831,
            "cholec80_video46": 79.84431882411927,
            "cholec80_video47": 39.98837948129495,
            "cholec80_video48": 43.368921864074466,
            "cholec80_video49": 40.04915577022157,
            "cholec80_video50": 45.63389382124098
        },
        "Per_video_f1_EMA": {
            "cholec80_video41": 74.02134939023377,
            "cholec80_video43": 44.280475643394155,
            "cholec80_video44": 80.38067880422572,
            "cholec80_video45": 72.40575299600943,
            "cholec80_video46": 78.17465681983296,
            "cholec80_video47": 40.54388515821942,
            "cholec80_video48": 49.637935057154216,
            "cholec80_video49": 42.754715137532635,
            "cholec80_video50": 63.92931447836831
        }
    },
    "Endoscapes": {
        "mAP": 34.64029496449043,
        "mAP_EMA": 37.231761760448784,
        "mAP_per_class": {
            "C0": 35.44582599790296,
            "C1": 21.771244593984513,
            "C2": 46.70381430158381
        },
        "mAP_per_class_EMA": {
            "C0": 38.386429143723234,
            "C1": 32.06040022721716,
            "C2": 41.248455910405966
        }
    },
    "CholecT50": {
        "AP": {
            "AP_i": 41.86804125450892,
            "AP_v": 28.203311262896978,
            "AP_t": 22.170258423346443,
            "AP_iv": 17.52816460376315,
            "AP_it": 16.49241379044708,
            "AP_ivt": 13.766127761593543
        },
        "AP_EMA": {
            "AP_i": 44.24761385748457,
            "AP_v": 30.572005739165377,
            "AP_t": 22.529018522748522,
            "AP_iv": 18.372294777372016,
            "AP_it": 16.870094995512787,
            "AP_ivt": 14.061484376036278
        }
    }
}