{
    "Test": false,
    "Cholec80": {
        "F1_score": 55.71838850649835,
        "F1_score_EMA": 59.05377001621424,
        "Per_video_f1": {
            "cholec80_video41": 67.20933354571308,
            "cholec80_video43": 36.3438362860463,
            "cholec80_video44": 81.30010798079807,
            "cholec80_video45": 64.12420944368053,
            "cholec80_video46": 75.78258640639721,
            "cholec80_video47": 31.30454261489018,
            "cholec80_video48": 39.56719538540802,
            "cholec80_video49": 38.75472105053204,
            "cholec80_video50": 67.07896384501973
        },
        "Per_video_f1_EMA": {
            "cholec80_video41": 74.49550875423951,
            "cholec80_video43": 37.77785232036614,
            "cholec80_video44": 82.70816212180037,
            "cholec80_video45": 71.37135640357023,
            "cholec80_video46": 78.57655652601821,
            "cholec80_video47": 35.14946864916597,
            "cholec80_video48": 45.988151639765626,
            "cholec80_video49": 40.904758958200645,
            "cholec80_video50": 64.51211477280145
        }
    },
    "Endoscapes": {
        "mAP": 38.51871850230254,
        "mAP_EMA": 39.14335879452673,
        "mAP_per_class": {
            "C0": 36.13425170348605,
            "C1": 38.90798215487645,
            "C2": 40.51392164854513
        },
        "mAP_per_class_EMA": {
            "C0": 39.97085686402623,
            "C1": 36.21769087655874,
            "C2": 41.24152864299522
        }
    },
    "CholecT50": {
        "AP": {
            "AP_i": 44.388486030443296,
            "AP_v": 30.303531385855212,
            "AP_t": 22.23182355621936,
            "AP_iv": 18.278438181900114,
            "AP_it": 16.858924660271533,
            "AP_ivt": 13.53737023536626
        },
        "AP_EMA": {
            "AP_i": 45.6943319795329,
            "AP_v": 30.89497009588066,
            "AP_t": 22.817993283234077,
            "AP_iv": 19.3050483562198,
            "AP_it": 17.606119538278836,
            "AP_ivt": 14.526969922160292
        }
    }
}