{
    "Test": false,
    "Cholec80": {
        "F1_score": 60.0506253848626,
        "F1_score_EMA": 69.62369754821353,
        "Per_video_f1": {
            "cholec80_video41": 73.59731905176027,
            "cholec80_video43": 44.60511337349077,
            "cholec80_video44": 80.6160338954192,
            "cholec80_video45": 69.60871455128441,
            "cholec80_video46": 80.32715833217817,
            "cholec80_video47": 39.64314314407861,
            "cholec80_video48": 43.88015211406856,
            "cholec80_video49": 43.90831516706447,
            "cholec80_video50": 64.26967883441893
        },
        "Per_video_f1_EMA": {
            "cholec80_video41": 76.20535911202106,
            "cholec80_video43": 57.932352165064785,
            "cholec80_video44": 79.50842066326916,
            "cholec80_video45": 77.7277281640761,
            "cholec80_video46": 77.78716907559382,
            "cholec80_video47": 51.4681149160215,
            "cholec80_video48": 64.74315382119933,
            "cholec80_video49": 68.61184141717254,
            "cholec80_video50": 72.62913859950352
        }
    },
    "Endoscapes": {
        "mAP": 39.11506049245783,
        "mAP_EMA": 43.16093683948255,
        "mAP_per_class": {
            "C0": 38.11737931916942,
            "C1": 40.00425777488362,
            "C2": 39.223544383320444
        },
        "mAP_per_class_EMA": {
            "C0": 39.41606926988578,
            "C1": 41.13911222496809,
            "C2": 48.927629023593795
        }
    },
    "CholecT50": {
        "AP": {
            "AP_i": 44.80313315802195,
            "AP_v": 29.685597550294904,
            "AP_t": 23.054661873779747,
            "AP_iv": 19.191915330545353,
            "AP_it": 17.183948650525505,
            "AP_ivt": 14.63186746002843
        },
        "AP_EMA": {
            "AP_i": 47.50830507878771,
            "AP_v": 32.60295907838541,
            "AP_t": 25.061883448240394,
            "AP_iv": 20.03700986311182,
            "AP_it": 19.68885118695551,
            "AP_ivt": 17.099126657319815
        }
    }
}