{
    "Test": false,
    "Cholec80": {
        "F1_score": 62.55850196274478,
        "F1_score_EMA": 62.035993593386905,
        "Per_video_f1": {
            "cholec80_video41": 74.99047875982559,
            "cholec80_video43": 44.08553317123744,
            "cholec80_video44": 80.12495301549146,
            "cholec80_video45": 65.16797095993134,
            "cholec80_video46": 77.97235891905532,
            "cholec80_video47": 49.309116909558426,
            "cholec80_video48": 56.79466763533746,
            "cholec80_video49": 51.70900944162542,
            "cholec80_video50": 62.87242885264052
        },
        "Per_video_f1_EMA": {
            "cholec80_video41": 74.35300503938387,
            "cholec80_video43": 44.04931527635181,
            "cholec80_video44": 82.45543579731498,
            "cholec80_video45": 72.52549439303728,
            "cholec80_video46": 79.57276357251291,
            "cholec80_video47": 41.266849600528474,
            "cholec80_video48": 52.00213308235203,
            "cholec80_video49": 45.0381959860506,
            "cholec80_video50": 67.06074959295017
        }
    },
    "Endoscapes": {
        "mAP": 30.838015322897146,
        "mAP_EMA": 35.784982938359484,
        "mAP_per_class": {
            "C0": 34.521277273539944,
            "C1": 24.52804732956373,
            "C2": 33.464721365587764
        },
        "mAP_per_class_EMA": {
            "C0": 38.335136294973445,
            "C1": 30.285701849684298,
            "C2": 38.734110670420705
        }
    },
    "CholecT50": {
        "AP": {
            "AP_i": 40.378917174778366,
            "AP_v": 25.50979161436331,
            "AP_t": 20.502857826081897,
            "AP_iv": 16.777527102322843,
            "AP_it": 15.248485804869482,
            "AP_ivt": 13.06619714236004
        },
        "AP_EMA": {
            "AP_i": 46.3690861215293,
            "AP_v": 30.936114353076306,
            "AP_t": 23.229893175978717,
            "AP_iv": 19.179703196939005,
            "AP_it": 17.684515494169624,
            "AP_ivt": 14.566583619811398
        }
    }
}