{
    "Test": false,
    "Cholec80": {
        "F1_score": 62.29464664013844,
        "F1_score_EMA": 61.60164632064912,
        "Per_video_f1": {
            "cholec80_video41": 74.27366779592876,
            "cholec80_video43": 45.42846643892463,
            "cholec80_video44": 81.48009625380442,
            "cholec80_video45": 70.02567868871941,
            "cholec80_video46": 74.76776513899517,
            "cholec80_video47": 41.30780180741665,
            "cholec80_video48": 53.27876477935555,
            "cholec80_video49": 56.81157712192303,
            "cholec80_video50": 63.27800173617835
        },
        "Per_video_f1_EMA": {
            "cholec80_video41": 75.02890515891478,
            "cholec80_video43": 44.47706076768804,
            "cholec80_video44": 82.98736088648229,
            "cholec80_video45": 72.95825618613512,
            "cholec80_video46": 79.40816799969065,
            "cholec80_video47": 38.40686106372672,
            "cholec80_video48": 49.063158121775274,
            "cholec80_video49": 46.29812744259265,
            "cholec80_video50": 65.78691925883653
        }
    },
    "Endoscapes": {
        "mAP": 37.24950158867531,
        "mAP_EMA": 35.813830374992996,
        "mAP_per_class": {
            "C0": 32.180567242531524,
            "C1": 40.32882690662937,
            "C2": 39.23911061686504
        },
        "mAP_per_class_EMA": {
            "C0": 38.01709381102016,
            "C1": 28.429216180890492,
            "C2": 40.99518113306834
        }
    },
    "CholecT50": {
        "AP": {
            "AP_i": 46.89064964920874,
            "AP_v": 32.54879751542002,
            "AP_t": 21.745168085218594,
            "AP_iv": 20.12844803864485,
            "AP_it": 17.1674367819883,
            "AP_ivt": 14.504487960128715
        },
        "AP_EMA": {
            "AP_i": 46.00645132855848,
            "AP_v": 31.328580423416632,
            "AP_t": 23.148590371580216,
            "AP_iv": 19.302366576427584,
            "AP_it": 17.498516054888153,
            "AP_ivt": 14.51921857642671
        }
    }
}