{
    "Test": false,
    "Cholec80": {
        "F1_score": 62.42365199349685,
        "F1_score_EMA": 61.59098815133839,
        "Per_video_f1": {
            "cholec80_video41": 73.73283354931833,
            "cholec80_video43": 45.05815857871597,
            "cholec80_video44": 80.75242476412355,
            "cholec80_video45": 70.99729422691911,
            "cholec80_video46": 80.86300009700929,
            "cholec80_video47": 43.00485879014044,
            "cholec80_video48": 52.21206117853454,
            "cholec80_video49": 43.714211236944706,
            "cholec80_video50": 71.47802551976567
        },
        "Per_video_f1_EMA": {
            "cholec80_video41": 75.18297109462482,
            "cholec80_video43": 41.96659533776295,
            "cholec80_video44": 83.01556246473419,
            "cholec80_video45": 71.9405061506433,
            "cholec80_video46": 79.2048291957039,
            "cholec80_video47": 38.422116739743224,
            "cholec80_video48": 49.22690667063377,
            "cholec80_video49": 47.15846224732095,
            "cholec80_video50": 68.20094346087839
        }
    },
    "Endoscapes": {
        "mAP": 32.475990276938695,
        "mAP_EMA": 36.25785449760508,
        "mAP_per_class": {
            "C0": 36.716463891582904,
            "C1": 22.130918194396763,
            "C2": 38.580588744836426
        },
        "mAP_per_class_EMA": {
            "C0": 37.07816572097406,
            "C1": 30.07492702595844,
            "C2": 41.62047074588275
        }
    },
    "CholecT50": {
        "AP": {
            "AP_i": 49.86865467529925,
            "AP_v": 33.26836834945189,
            "AP_t": 24.19925489198535,
            "AP_iv": 19.589247152785678,
            "AP_it": 17.275285190737375,
            "AP_ivt": 14.282021683582292
        },
        "AP_EMA": {
            "AP_i": 47.42277745383492,
            "AP_v": 32.36052254954524,
            "AP_t": 23.303633447673683,
            "AP_iv": 19.75228493180404,
            "AP_it": 17.755609870201674,
            "AP_ivt": 14.76877151985997
        }
    }
}