{
    "Test": false,
    "Cholec80": {
        "F1_score": 55.91790991442249,
        "F1_score_EMA": 59.11100951273411,
        "Per_video_f1": {
            "cholec80_video41": 69.39699119600932,
            "cholec80_video43": 36.302332900876394,
            "cholec80_video44": 77.7394468905206,
            "cholec80_video45": 65.86143127311495,
            "cholec80_video46": 74.79810480346984,
            "cholec80_video47": 36.895689376384084,
            "cholec80_video48": 40.37103583007617,
            "cholec80_video49": 38.17080143936341,
            "cholec80_video50": 63.725355519987616
        },
        "Per_video_f1_EMA": {
            "cholec80_video41": 75.08927021697322,
            "cholec80_video43": 38.10585260495502,
            "cholec80_video44": 82.74466384411042,
            "cholec80_video45": 70.63007159655787,
            "cholec80_video46": 78.74203296336528,
            "cholec80_video47": 34.65747889466578,
            "cholec80_video48": 46.55102554490534,
            "cholec80_video49": 40.622836067058614,
            "cholec80_video50": 64.8558538820154
        }
    },
    "Endoscapes": {
        "mAP": 37.95516136176996,
        "mAP_EMA": 39.463577249725745,
        "mAP_per_class": {
            "C0": 38.79715061902464,
            "C1": 36.560682227062316,
            "C2": 38.50765123922292
        },
        "mAP_per_class_EMA": {
            "C0": 40.216145315433835,
            "C1": 36.670528831271994,
            "C2": 41.50405760247141
        }
    },
    "CholecT50": {
        "AP": {
            "AP_i": 45.67592620429975,
            "AP_v": 32.55895583514918,
            "AP_t": 24.31011142197129,
            "AP_iv": 19.754467966752006,
            "AP_it": 19.217667938838954,
            "AP_ivt": 15.311734072793477
        },
        "AP_EMA": {
            "AP_i": 46.00412095164874,
            "AP_v": 31.15044176753541,
            "AP_t": 23.13666961665023,
            "AP_iv": 19.963703993081094,
            "AP_it": 17.59328182300741,
            "AP_ivt": 14.740355815291338
        }
    }
}