{
    "Test": false,
    "Cholec80": {
        "F1_score": 60.05592041076329,
        "F1_score_EMA": 60.250032065917324,
        "Per_video_f1": {
            "cholec80_video41": 72.66654777476226,
            "cholec80_video43": 40.56341688740286,
            "cholec80_video44": 80.39979499408432,
            "cholec80_video45": 69.6581371638452,
            "cholec80_video46": 78.67913562094573,
            "cholec80_video47": 46.00893479593256,
            "cholec80_video48": 51.227314263588205,
            "cholec80_video49": 39.24229124431125,
            "cholec80_video50": 62.05771095199728
        },
        "Per_video_f1_EMA": {
            "cholec80_video41": 74.75626098300047,
            "cholec80_video43": 42.09282065561474,
            "cholec80_video44": 81.35874105246474,
            "cholec80_video45": 70.00480452539101,
            "cholec80_video46": 78.4478273037046,
            "cholec80_video47": 41.764208425322074,
            "cholec80_video48": 47.42077875616119,
            "cholec80_video49": 42.17789611966253,
            "cholec80_video50": 64.2269507719346
        }
    },
    "Endoscapes": {
        "mAP": 33.195544134102704,
        "mAP_EMA": 38.62484441708099,
        "mAP_per_class": {
            "C0": 36.643253659018356,
            "C1": 28.650827916063054,
            "C2": 34.29255082722671
        },
        "mAP_per_class_EMA": {
            "C0": 39.771961195811386,
            "C1": 34.821322950428986,
            "C2": 41.2812491050026
        }
    },
    "CholecT50": {
        "AP": {
            "AP_i": 44.08108767240713,
            "AP_v": 28.89601398326131,
            "AP_t": 21.362627145764957,
            "AP_iv": 17.731994405213904,
            "AP_it": 15.550598361668948,
            "AP_ivt": 12.903757226137701
        },
        "AP_EMA": {
            "AP_i": 44.872149336471544,
            "AP_v": 30.267805109416948,
            "AP_t": 22.408979673240353,
            "AP_iv": 18.466290761410033,
            "AP_it": 17.00994999336333,
            "AP_ivt": 13.969087988765903
        }
    }
}