{
    "Test": false,
    "Cholec80": {
        "F1_score": 60.15171255501464,
        "F1_score_EMA": 59.98125577034669,
        "Per_video_f1": {
            "cholec80_video41": 71.85273752396753,
            "cholec80_video43": 43.71449404203949,
            "cholec80_video44": 79.04087916051823,
            "cholec80_video45": 69.58296531650451,
            "cholec80_video46": 76.30732961117636,
            "cholec80_video47": 38.45325438469201,
            "cholec80_video48": 52.04559043811482,
            "cholec80_video49": 46.80148310204353,
            "cholec80_video50": 63.56667941607527
        },
        "Per_video_f1_EMA": {
            "cholec80_video41": 74.99465676808879,
            "cholec80_video43": 38.99148601091779,
            "cholec80_video44": 82.51082153185557,
            "cholec80_video45": 71.91759788345537,
            "cholec80_video46": 78.14523747786343,
            "cholec80_video47": 38.17313209817555,
            "cholec80_video48": 47.81270791686559,
            "cholec80_video49": 43.99582188392928,
            "cholec80_video50": 63.28984036196887
        }
    },
    "Endoscapes": {
        "mAP": 36.01695064620526,
        "mAP_EMA": 38.480460421414584,
        "mAP_per_class": {
            "C0": 34.629559975088675,
            "C1": 36.53080950146731,
            "C2": 36.8904824620598
        },
        "mAP_per_class_EMA": {
            "C0": 38.84887363486934,
            "C1": 35.15804041841864,
            "C2": 41.434467210955766
        }
    },
    "CholecT50": {
        "AP": {
            "AP_i": 44.274145707043566,
            "AP_v": 29.139304740240505,
            "AP_t": 21.12533123641299,
            "AP_iv": 17.67654137390774,
            "AP_it": 16.03273401605811,
            "AP_ivt": 13.025048837323784
        },
        "AP_EMA": {
            "AP_i": 45.560002796909366,
            "AP_v": 30.610956776211243,
            "AP_t": 22.690212313894662,
            "AP_iv": 19.44224965068462,
            "AP_it": 17.34127135579438,
            "AP_ivt": 14.560346334352788
        }
    }
}