{
    "Test": false,
    "Cholec80": {
        "F1_score": 36.65402583574541,
        "F1_score_EMA": 7.340132879555055,
        "Per_video_f1": {
            "cholec80_video41": 36.87379774862524,
            "cholec80_video43": 36.0628155474978,
            "cholec80_video44": 41.25609699405284,
            "cholec80_video45": 27.362885950576004,
            "cholec80_video46": 30.53582093498467,
            "cholec80_video47": 35.88085586042638,
            "cholec80_video48": 42.36895672914155,
            "cholec80_video49": 37.92256104855628,
            "cholec80_video50": 41.62244170784792
        },
        "Per_video_f1_EMA": {
            "cholec80_video41": 6.709590210586226,
            "cholec80_video43": 6.066062788751864,
            "cholec80_video44": 8.71250635485511,
            "cholec80_video45": 8.059384941675503,
            "cholec80_video46": 7.75090542532403,
            "cholec80_video47": 8.333707109217313,
            "cholec80_video48": 4.992448078106703,
            "cholec80_video49": 7.670509136133716,
            "cholec80_video50": 7.766081871345029
        }
    },
    "Endoscapes": {
        "mAP": 27.654183174531582,
        "mAP_EMA": 12.308077268048674,
        "mAP_per_class": {
            "C0": 27.59547520514676,
            "C1": 27.41642150949372,
            "C2": 27.950652808954263
        },
        "mAP_per_class_EMA": {
            "C0": 12.279608158289241,
            "C1": 10.202513665631042,
            "C2": 14.442109980225739
        }
    },
    "CholecT50": {
        "AP": {
            "AP_i": 52.58011487700664,
            "AP_v": 34.427397906937415,
            "AP_t": 27.120643798889777,
            "AP_iv": 21.96660110634275,
            "AP_it": 17.367195646168984,
            "AP_ivt": 16.03638191766443
        },
        "AP_EMA": {
            "AP_i": 21.42406765707671,
            "AP_v": 12.895399642115748,
            "AP_t": 10.575286874624457,
            "AP_iv": 7.378656883888878,
            "AP_it": 5.619826550493586,
            "AP_ivt": 4.769125602046188
        }
    }
}