{
    "Test": true,
    "Cholec80": {
        "F1_score": 59.386639588703694,
        "F1_score_EMA": null,
        "Per_video_f1": {
            "cholec80_video51": 48.31786338129368,
            "cholec80_video53": 61.44187359086113,
            "cholec80_video54": 58.90846491074993,
            "cholec80_video55": 62.03275836029548,
            "cholec80_video58": 50.09415623068387,
            "cholec80_video59": 65.57029648903703,
            "cholec80_video61": 53.28982458454854,
            "cholec80_video63": 63.147983531718225,
            "cholec80_video64": 71.04976179216804,
            "cholec80_video69": 63.99739266999788,
            "cholec80_video73": 62.884979933503224,
            "cholec80_video74": 48.464278499482084,
            "cholec80_video76": 56.14093019954778,
            "cholec80_video77": 72.19007938126693,
            "cholec80_video80": 53.26895027540156
        },
        "Per_video_f1_EMA": null
    },
    "Endoscapes": {
        "mAP": 37.796609622469646,
        "mAP_EMA": null,
        "mAP_per_class": {
            "C0": 40.126418464954426,
            "C1": 28.321626985658245,
            "C2": 44.94178341679627
        },
        "mAP_per_class_EMA": null
    },
    "CholecT50": {
        "AP": {
            "AP_i": 66.99770099849285,
            "AP_v": 46.628271426490016,
            "AP_t": 33.350131259916836,
            "AP_iv": 28.320761306258152,
            "AP_it": 24.49947030696314,
            "AP_ivt": 20.067695212933195
        },
        "AP_EMA": null
    }
}