{
    "Test": false,
    "Cholec80": {
        "F1_score": 67.0006891148033,
        "F1_score_EMA": 29.26188692611942,
        "Per_video_f1": {
            "cholec80_video41": 68.30347218349631,
            "cholec80_video43": 66.9824506412778,
            "cholec80_video44": 66.12905396053505,
            "cholec80_video45": 74.18015822507078,
            "cholec80_video46": 62.30834034845382,
            "cholec80_video47": 61.56861267632179,
            "cholec80_video48": 69.53273576846755
        },
        "Per_video_f1_EMA": {
            "cholec80_video41": 28.752186043158673,
            "cholec80_video43": 30.73260958714497,
            "cholec80_video44": 26.481464661387534,
            "cholec80_video45": 27.229030157678043,
            "cholec80_video46": 37.01015969325563,
            "cholec80_video47": 25.48119830407723,
            "cholec80_video48": 29.146560036133856
        }
    },
    "Endoscapes": {
        "mAP": 31.43708875791704,
        "mAP_EMA": 26.26079376183359,
        "mAP_per_class": {
            "C0": 32.91764838047471,
            "C1": 29.283967984659103,
            "C2": 32.10964990861731
        },
        "mAP_per_class_EMA": {
            "C0": 26.94336732836845,
            "C1": 23.985892764295137,
            "C2": 27.853121192837182
        }
    },
    "CholecT50": {
        "AP": {
            "AP_i": 72.44988754148682,
            "AP_v": 50.203549957609496,
            "AP_t": 40.51609317300353,
            "AP_iv": 31.066428488149302,
            "AP_it": 34.17600918775024,
            "AP_ivt": 29.76899692305255
        },
        "AP_EMA": {
            "AP_i": 41.32559371647416,
            "AP_v": 27.914364026272175,
            "AP_t": 22.139227840185683,
            "AP_iv": 17.780300722313402,
            "AP_it": 15.306393474092708,
            "AP_ivt": 12.915523889173766
        }
    }
}