{
    "Test": false,
    "Cholec80": {
        "F1_score": 66.62741714099494,
        "F1_score_EMA": 60.39091571203038,
        "Per_video_f1": {
            "cholec80_video41": 64.34223460098707,
            "cholec80_video43": 71.39688583474711,
            "cholec80_video44": 66.21232982115487,
            "cholec80_video45": 71.37004673775125,
            "cholec80_video46": 68.67320373398928,
            "cholec80_video47": 58.49527103001374,
            "cholec80_video48": 65.9019482283212
        },
        "Per_video_f1_EMA": {
            "cholec80_video41": 62.802821263573605,
            "cholec80_video43": 61.10741817332258,
            "cholec80_video44": 59.11030207620607,
            "cholec80_video45": 66.11177960227927,
            "cholec80_video46": 54.34227909989945,
            "cholec80_video47": 54.25965813022078,
            "cholec80_video48": 65.0021516387109
        }
    },
    "Endoscapes": {
        "mAP": 33.42799391350648,
        "mAP_EMA": 33.007076454870415,
        "mAP_per_class": {
            "C0": 35.94393067696125,
            "C1": 29.390891655108277,
            "C2": 34.9491594084499
        },
        "mAP_per_class_EMA": {
            "C0": 32.44894941975504,
            "C1": 30.5972664871548,
            "C2": 35.975013457701394
        }
    },
    "CholecT50": {
        "AP": {
            "AP_i": 69.42304611274692,
            "AP_v": 45.76185975047757,
            "AP_t": 32.56469071061404,
            "AP_iv": 29.076468560901514,
            "AP_it": 26.149487783370542,
            "AP_ivt": 22.11676227131982
        },
        "AP_EMA": {
            "AP_i": 71.83921745701291,
            "AP_v": 49.274563422514206,
            "AP_t": 36.460610257901024,
            "AP_iv": 30.91106331156994,
            "AP_it": 31.038496490180286,
            "AP_ivt": 27.242766955798853
        }
    }
}