{
    "Test": false,
    "Cholec80": {
        "F1_score": 68.0813042411743,
        "F1_score_EMA": 49.359058415207215,
        "Per_video_f1": {
            "cholec80_video41": 69.67739091283607,
            "cholec80_video43": 67.58703507903027,
            "cholec80_video44": 72.57890560134697,
            "cholec80_video45": 75.03524719093635,
            "cholec80_video46": 65.6386662808961,
            "cholec80_video47": 57.21356267069968,
            "cholec80_video48": 68.83832195247463
        },
        "Per_video_f1_EMA": {
            "cholec80_video41": 53.40491060377251,
            "cholec80_video43": 48.179533533663964,
            "cholec80_video44": 46.48660712268963,
            "cholec80_video45": 52.795185069402905,
            "cholec80_video46": 46.44055629918191,
            "cholec80_video47": 43.144535891891664,
            "cholec80_video48": 55.06208038584794
        }
    },
    "Endoscapes": {
        "mAP": 31.831061743150784,
        "mAP_EMA": 31.837135803601086,
        "mAP_per_class": {
            "C0": 33.33963072231403,
            "C1": 28.540380098320927,
            "C2": 33.6131744088174
        },
        "mAP_per_class_EMA": {
            "C0": 30.73474437865857,
            "C1": 31.84969852984884,
            "C2": 32.926964502295846
        }
    },
    "CholecT50": {
        "AP": {
            "AP_i": 77.47521916368132,
            "AP_v": 52.15251819557581,
            "AP_t": 39.47601623377308,
            "AP_iv": 32.55432839808987,
            "AP_it": 33.81453603697211,
            "AP_ivt": 28.684527247595398
        },
        "AP_EMA": {
            "AP_i": 63.189775154030166,
            "AP_v": 40.76231175567486,
            "AP_t": 33.266738116720866,
            "AP_iv": 26.374812268472624,
            "AP_it": 27.133386902492326,
            "AP_ivt": 22.87251034081144
        }
    }
}