{
    "Test": false,
    "Cholec80": {
        "F1_score": 59.82860101623389,
        "F1_score_EMA": 10.244367328247417,
        "Per_video_f1": {
            "cholec80_video41": 62.20504939379307,
            "cholec80_video43": 67.74631492839845,
            "cholec80_video44": 64.27109834095887,
            "cholec80_video45": 56.134438862236365,
            "cholec80_video46": 47.56871752024348,
            "cholec80_video47": 57.416725078383614,
            "cholec80_video48": 63.4578629896234
        },
        "Per_video_f1_EMA": {
            "cholec80_video41": 6.788656029553818,
            "cholec80_video43": 11.097964830383674,
            "cholec80_video44": 13.051678893276417,
            "cholec80_video45": 8.90234587406967,
            "cholec80_video46": 11.129527697336709,
            "cholec80_video47": 11.543312954493919,
            "cholec80_video48": 9.197085018617715
        }
    },
    "Endoscapes": {
        "mAP": 27.935126724333923,
        "mAP_EMA": 21.809857018733954,
        "mAP_per_class": {
            "C0": 25.75400357503888,
            "C1": 26.93794796646661,
            "C2": 31.113428631496276
        },
        "mAP_per_class_EMA": {
            "C0": 22.413918967008623,
            "C1": 17.712674595066357,
            "C2": 25.30297749412688
        }
    },
    "CholecT50": {
        "AP": {
            "AP_i": 67.8068441937105,
            "AP_v": 44.98885060310754,
            "AP_t": 36.268579188536975,
            "AP_iv": 28.00765384836665,
            "AP_it": 28.91601661163089,
            "AP_ivt": 24.768618564048428
        },
        "AP_EMA": {
            "AP_i": 28.36776925375743,
            "AP_v": 17.93494992270637,
            "AP_t": 13.382742022303594,
            "AP_iv": 10.14623753463744,
            "AP_it": 7.126585769699812,
            "AP_ivt": 6.097956946320381
        }
    }
}