{
    "Test": false,
    "Cholec80": {
        "F1_score": 63.687957086025804,
        "F1_score_EMA": 68.83126703476317,
        "Per_video_f1": {
            "cholec80_video41": 68.01543611958454,
            "cholec80_video43": 61.98154001346887,
            "cholec80_video44": 67.18586684082067,
            "cholec80_video45": 67.05634192137842,
            "cholec80_video46": 60.18839562226255,
            "cholec80_video47": 56.71171091803481,
            "cholec80_video48": 64.6764081666308
        },
        "Per_video_f1_EMA": {
            "cholec80_video41": 68.55143156624294,
            "cholec80_video43": 70.89885892605832,
            "cholec80_video44": 69.71789437972278,
            "cholec80_video45": 73.45807844317356,
            "cholec80_video46": 65.7602323328083,
            "cholec80_video47": 62.15523809177269,
            "cholec80_video48": 71.2771355035636
        }
    },
    "Endoscapes": {
        "mAP": 31.437767332153083,
        "mAP_EMA": 32.261401050615035,
        "mAP_per_class": {
            "C0": 31.328735709833726,
            "C1": 32.483978306426074,
            "C2": 30.50058798019945
        },
        "mAP_per_class_EMA": {
            "C0": 33.733278535865125,
            "C1": 29.084941048763802,
            "C2": 33.96598356721617
        }
    },
    "CholecT50": {
        "AP": {
            "AP_i": 73.40933578398544,
            "AP_v": 46.80635855572177,
            "AP_t": 33.87796571089642,
            "AP_iv": 28.710804959401504,
            "AP_it": 28.60862713649028,
            "AP_ivt": 23.49045078181072
        },
        "AP_EMA": {
            "AP_i": 75.59262631829095,
            "AP_v": 50.992247111775825,
            "AP_t": 35.682068059671,
            "AP_iv": 31.437717668719596,
            "AP_it": 30.641807671489346,
            "AP_ivt": 25.83199829360329
        }
    }
}