{
    "Test": true,
    "Cholec80": {
        "F1_score": 73.1421588140815,
        "F1_score_EMA": null,
        "Per_video_f1": {
            "cholec80_video51": 78.77261335275864,
            "cholec80_video53": 75.16488599762025,
            "cholec80_video54": 75.16953516086814,
            "cholec80_video55": 81.8587950852835,
            "cholec80_video58": 52.064457266788075,
            "cholec80_video59": 88.02383558264177,
            "cholec80_video61": 69.19679119389585,
            "cholec80_video63": 67.43939090871379,
            "cholec80_video64": 84.16886942179033,
            "cholec80_video69": 79.72667528592106,
            "cholec80_video73": 82.75353290525346,
            "cholec80_video74": 62.82525327981116,
            "cholec80_video76": 75.27277531075056,
            "cholec80_video77": 77.0760345202005,
            "cholec80_video80": 47.61893693892535
        },
        "Per_video_f1_EMA": null
    },
    "Endoscapes": {
        "mAP": 50.831946700937294,
        "mAP_EMA": null,
        "mAP_per_class": {
            "C0": 47.62046738216019,
            "C1": 41.287560913886296,
            "C2": 63.587811806765394
        },
        "mAP_per_class_EMA": null
    },
    "CholecT50": {
        "AP": {
            "AP_i": 86.68691218821154,
            "AP_v": 61.86096986387222,
            "AP_t": 43.47589520116042,
            "AP_iv": 36.403353620949886,
            "AP_it": 34.744456226119354,
            "AP_ivt": 27.727639133538407
        },
        "AP_EMA": null
    }
}