{
    "Test": true,
    "Cholec80": {
        "F1_score": 72.6098314706287,
        "F1_score_EMA": null,
        "Per_video_f1": {
            "cholec80_video51": 79.45050813905881,
            "cholec80_video53": 74.38089940667628,
            "cholec80_video54": 76.323932502902,
            "cholec80_video55": 85.3991809787783,
            "cholec80_video58": 53.26681510752117,
            "cholec80_video59": 81.73972203783954,
            "cholec80_video61": 68.77653798948288,
            "cholec80_video63": 67.07755701030877,
            "cholec80_video64": 80.03533422831865,
            "cholec80_video69": 84.74058667018055,
            "cholec80_video73": 85.70677435586968,
            "cholec80_video74": 62.077256946945504,
            "cholec80_video76": 75.04779164661566,
            "cholec80_video77": 77.9553883149755,
            "cholec80_video80": 37.169186723957196
        },
        "Per_video_f1_EMA": null
    },
    "Endoscapes": {
        "mAP": 49.494815868592504,
        "mAP_EMA": null,
        "mAP_per_class": {
            "C0": 50.63880454908352,
            "C1": 35.010244959739026,
            "C2": 62.835398096954975
        },
        "mAP_per_class_EMA": null
    },
    "CholecT50": {
        "AP": {
            "AP_i": 86.84273617115468,
            "AP_v": 59.704289253180015,
            "AP_t": 40.18669582055826,
            "AP_iv": 37.07655958033674,
            "AP_it": 33.991592678194536,
            "AP_ivt": 28.54390882555578
        },
        "AP_EMA": null
    }
}