{
    "Test": false,
    "Cholec80": {
        "F1_score": 17.740639565317647,
        "F1_score_EMA": 7.428147015258964,
        "Per_video_f1": {
            "cholec80_video41": 20.227133680024473,
            "cholec80_video43": 18.315679749709737,
            "cholec80_video44": 18.813896504674354,
            "cholec80_video45": 18.571227722489468,
            "cholec80_video46": 16.47181494983627,
            "cholec80_video47": 14.48609770001545,
            "cholec80_video48": 17.29862665047377
        },
        "Per_video_f1_EMA": {
            "cholec80_video41": 8.194243658825075,
            "cholec80_video43": 8.035170192391398,
            "cholec80_video44": 7.604229810736175,
            "cholec80_video45": 5.970182500439152,
            "cholec80_video46": 6.7702170765355545,
            "cholec80_video47": 5.833590124085882,
            "cholec80_video48": 9.589395743799512
        }
    },
    "Endoscapes": {
        "mAP": 17.229579880608057,
        "mAP_EMA": 25.654070024696146,
        "mAP_per_class": {
            "C0": 16.772762436220063,
            "C1": 15.600423018247206,
            "C2": 19.315554187356902
        },
        "mAP_per_class_EMA": {
            "C0": 24.085850571252866,
            "C1": 22.32008177985873,
            "C2": 30.556277722976844
        }
    },
    "CholecT50": {
        "AP": {
            "AP_i": 25.217064399666043,
            "AP_v": 16.898983780127814,
            "AP_t": 11.98053267704152,
            "AP_iv": 9.24352234246584,
            "AP_it": 6.5783480221024595,
            "AP_ivt": 5.415069663134414
        },
        "AP_EMA": {
            "AP_i": 24.16954083576864,
            "AP_v": 15.096844299182317,
            "AP_t": 11.213096237583887,
            "AP_iv": 8.610342210507543,
            "AP_it": 6.470516283342832,
            "AP_ivt": 5.175135927437317
        }
    }
}