{
    "Test": true,
    "Cholec80": {
        "F1_score": 64.81521632621987,
        "F1_score_EMA": null,
        "Per_video_f1": {
            "cholec80_video51": 71.34686321047738,
            "cholec80_video53": 67.92296548560923,
            "cholec80_video54": 60.70290983230058,
            "cholec80_video55": 77.67091017534568,
            "cholec80_video58": 45.54830537492628,
            "cholec80_video59": 84.19504305883808,
            "cholec80_video61": 56.8279202617601,
            "cholec80_video63": 56.43378237240715,
            "cholec80_video64": 76.09736806808034,
            "cholec80_video69": 71.71840240005217,
            "cholec80_video73": 73.61820556066388,
            "cholec80_video74": 65.19275548936194,
            "cholec80_video76": 65.29676332414617,
            "cholec80_video77": 74.29557478960281,
            "cholec80_video80": 25.36047548972625
        },
        "Per_video_f1_EMA": null
    },
    "Endoscapes": {
        "mAP": 39.43247533397324,
        "mAP_EMA": null,
        "mAP_per_class": {
            "C0": 38.80201918012446,
            "C1": 28.243245064749345,
            "C2": 51.25216175704591
        },
        "mAP_per_class_EMA": null
    },
    "CholecT50": {
        "AP": {
            "AP_i": 58.92112759497039,
            "AP_v": 43.99689291656561,
            "AP_t": 33.766264910211454,
            "AP_iv": 23.6128495918688,
            "AP_it": 20.71099681952647,
            "AP_ivt": 16.66796291452472
        },
        "AP_EMA": null
    }
}