{
    "Test": false,
    "Cholec80": {
        "F1_score": 7.3518621179092465,
        "F1_score_EMA": 7.15538946139296,
        "Per_video_f1": {
            "cholec80_video41": 8.188593755130183,
            "cholec80_video43": 8.025389096600296,
            "cholec80_video44": 7.577435484412229,
            "cholec80_video45": 5.880383095572968,
            "cholec80_video46": 6.478327656448274,
            "cholec80_video47": 5.730456314113902,
            "cholec80_video48": 9.582449423086873
        },
        "Per_video_f1_EMA": {
            "cholec80_video41": 6.531018782014798,
            "cholec80_video43": 6.029096112568567,
            "cholec80_video44": 8.706696726256629,
            "cholec80_video45": 8.058608058608058,
            "cholec80_video46": 7.465067313213806,
            "cholec80_video47": 8.342284282133907,
            "cholec80_video48": 4.954954954954955
        }
    },
    "Endoscapes": {
        "mAP": 15.68274767362413,
        "mAP_EMA": 24.05939374342886,
        "mAP_per_class": {
            "C0": 16.77687783181824,
            "C1": 13.074147533808766,
            "C2": 17.197217655245385
        },
        "mAP_per_class_EMA": {
            "C0": 27.147332660355122,
            "C1": 24.157403959840543,
            "C2": 20.873444610090917
        }
    },
    "CholecT50": {
        "AP": {
            "AP_i": 26.399376845400667,
            "AP_v": 17.396118637768236,
            "AP_t": 12.162038315627358,
            "AP_iv": 9.829168657533428,
            "AP_it": 6.525273344529247,
            "AP_ivt": 5.34134699028416
        },
        "AP_EMA": {
            "AP_i": 23.18461247435187,
            "AP_v": 14.599008024711045,
            "AP_t": 11.714343289493168,
            "AP_iv": 8.76301856290901,
            "AP_it": 6.838611208155729,
            "AP_ivt": 5.636056827943624
        }
    }
}