{
    "Test": false,
    "Cholec80": {
        "F1_score": 64.70096611619643,
        "F1_score_EMA": 70.59207954948437,
        "Per_video_f1": {
            "cholec80_video41": 64.88561038343984,
            "cholec80_video43": 60.64293990793278,
            "cholec80_video44": 63.734113647585275,
            "cholec80_video45": 74.50393108390271,
            "cholec80_video46": 71.25318920242398,
            "cholec80_video47": 57.09973826307086,
            "cholec80_video48": 60.78724032501949
        },
        "Per_video_f1_EMA": {
            "cholec80_video41": 66.65425215910084,
            "cholec80_video43": 69.34554139400525,
            "cholec80_video44": 77.9968193031332,
            "cholec80_video45": 70.13985722148401,
            "cholec80_video46": 70.76567722260077,
            "cholec80_video47": 64.6529041150719,
            "cholec80_video48": 74.58950543099465
        }
    },
    "Endoscapes": {
        "mAP": 42.10956693715556,
        "mAP_EMA": 44.37004881562557,
        "mAP_per_class": {
            "C0": 41.540911433103865,
            "C1": 42.2375586744318,
            "C2": 42.55023070393103
        },
        "mAP_per_class_EMA": {
            "C0": 42.12836476646812,
            "C1": 44.523430021457,
            "C2": 46.45835165895161
        }
    },
    "CholecT50": {
        "AP": {
            "AP_i": 80.7066543330216,
            "AP_v": 57.86742544109827,
            "AP_t": 40.133564801209964,
            "AP_iv": 38.0715538203304,
            "AP_it": 33.977549382142456,
            "AP_ivt": 29.480415342588728
        },
        "AP_EMA": {
            "AP_i": 80.75642539384289,
            "AP_v": 58.76084149564175,
            "AP_t": 41.97805089821816,
            "AP_iv": 38.964703124491784,
            "AP_it": 37.03325640493818,
            "AP_ivt": 32.715369413881675
        }
    }
}