{
    "Test": false,
    "Cholec80": {
        "F1_score": 65.86792338646235,
        "F1_score_EMA": 71.98962128161416,
        "Per_video_f1": {
            "cholec80_video41": 65.17289321167394,
            "cholec80_video43": 51.4820104928739,
            "cholec80_video44": 65.28486669498932,
            "cholec80_video45": 76.68866826510227,
            "cholec80_video46": 65.12666335292113,
            "cholec80_video47": 67.17432583044125,
            "cholec80_video48": 70.14603585723471
        },
        "Per_video_f1_EMA": {
            "cholec80_video41": 68.62336481368091,
            "cholec80_video43": 70.01033149833873,
            "cholec80_video44": 78.54216479005575,
            "cholec80_video45": 74.80263675390052,
            "cholec80_video46": 70.98805151428438,
            "cholec80_video47": 67.55519746021399,
            "cholec80_video48": 73.40560214082491
        }
    },
    "Endoscapes": {
        "mAP": 39.10060110636438,
        "mAP_EMA": 41.81086186874947,
        "mAP_per_class": {
            "C0": 39.342113757908514,
            "C1": 36.04477726265426,
            "C2": 41.91491229853036
        },
        "mAP_per_class_EMA": {
            "C0": 41.93549693444864,
            "C1": 42.078325249683175,
            "C2": 41.41876342211659
        }
    },
    "CholecT50": {
        "AP": {
            "AP_i": 75.61419161044482,
            "AP_v": 50.27459692044418,
            "AP_t": 38.007740067518235,
            "AP_iv": 31.040344136751497,
            "AP_it": 31.69231810893316,
            "AP_ivt": 26.336755770199623
        },
        "AP_EMA": {
            "AP_i": 79.90282825331354,
            "AP_v": 56.265244303383554,
            "AP_t": 40.82441323191768,
            "AP_iv": 35.61440506263421,
            "AP_it": 35.02300353630593,
            "AP_ivt": 29.54584133597032
        }
    }
}