{
    "Test": false,
    "Cholec80": {
        "F1_score": 65.9152497350652,
        "F1_score_EMA": 67.7218102174433,
        "Per_video_f1": {
            "cholec80_video41": 67.46600464855347,
            "cholec80_video43": 53.70776210623275,
            "cholec80_video44": 73.27831899504628,
            "cholec80_video45": 73.2409536151338,
            "cholec80_video46": 61.614763229583325,
            "cholec80_video47": 62.19674600946104,
            "cholec80_video48": 69.90219954144575
        },
        "Per_video_f1_EMA": {
            "cholec80_video41": 63.071095470484096,
            "cholec80_video43": 70.54790624419944,
            "cholec80_video44": 72.68165559491796,
            "cholec80_video45": 64.96946827382344,
            "cholec80_video46": 66.40095760923828,
            "cholec80_video47": 61.7409756875898,
            "cholec80_video48": 74.64061264185013
        }
    },
    "Endoscapes": {
        "mAP": 39.328658405530774,
        "mAP_EMA": 44.92666386293538,
        "mAP_per_class": {
            "C0": 36.63970183066782,
            "C1": 38.84809812163248,
            "C2": 42.498175264292016
        },
        "mAP_per_class_EMA": {
            "C0": 40.66786454820999,
            "C1": 44.41326157196829,
            "C2": 49.698865468627844
        }
    },
    "CholecT50": {
        "AP": {
            "AP_i": 75.75699673721458,
            "AP_v": 52.35905497026869,
            "AP_t": 37.383209022995004,
            "AP_iv": 34.17178048540864,
            "AP_it": 32.90875018428511,
            "AP_ivt": 28.23624834983045
        },
        "AP_EMA": {
            "AP_i": 80.5277790617154,
            "AP_v": 57.755154353004556,
            "AP_t": 42.411314865377335,
            "AP_iv": 38.23421278265093,
            "AP_it": 37.20410882119893,
            "AP_ivt": 32.63475159426401
        }
    }
}