{
    "Test": false,
    "Cholec80": {
        "F1_score": 68.6712778980205,
        "F1_score_EMA": 71.94019893408337,
        "Per_video_f1": {
            "cholec80_video41": 67.16774595043854,
            "cholec80_video43": 70.07308865407602,
            "cholec80_video44": 68.01653614036795,
            "cholec80_video45": 67.79130628077479,
            "cholec80_video46": 69.48314248447687,
            "cholec80_video47": 67.22924974160263,
            "cholec80_video48": 70.9378760344067
        },
        "Per_video_f1_EMA": {
            "cholec80_video41": 68.74018909424748,
            "cholec80_video43": 69.78679847175306,
            "cholec80_video44": 79.24168933239034,
            "cholec80_video45": 74.24860828611999,
            "cholec80_video46": 71.56423919673732,
            "cholec80_video47": 66.78653440554238,
            "cholec80_video48": 73.21333375179304
        }
    },
    "Endoscapes": {
        "mAP": 37.278792360761074,
        "mAP_EMA": 42.59343215211396,
        "mAP_per_class": {
            "C0": 39.49383853004351,
            "C1": 38.728417031347234,
            "C2": 33.614121520892475
        },
        "mAP_per_class_EMA": {
            "C0": 42.51772893264534,
            "C1": 42.62331837629539,
            "C2": 42.639249147401166
        }
    },
    "CholecT50": {
        "AP": {
            "AP_i": 72.20502231242821,
            "AP_v": 51.77189378445529,
            "AP_t": 35.05779320999885,
            "AP_iv": 31.64525328428066,
            "AP_it": 27.661853054182014,
            "AP_ivt": 24.107781407862106
        },
        "AP_EMA": {
            "AP_i": 80.3949079672882,
            "AP_v": 56.72584153437041,
            "AP_t": 41.19718836687397,
            "AP_iv": 36.18099208224533,
            "AP_it": 35.686760991067516,
            "AP_ivt": 30.363493020911267
        }
    }
}