{
    "Test": false,
    "Cholec80": {
        "F1_score": 66.13826382128212,
        "F1_score_EMA": 14.676162504080114,
        "Per_video_f1": {
            "cholec80_video41": 70.3375203224917,
            "cholec80_video43": 55.778131249669826,
            "cholec80_video44": 65.17197073609807,
            "cholec80_video45": 75.1309847556543,
            "cholec80_video46": 61.28304864455431,
            "cholec80_video47": 67.12934184260068,
            "cholec80_video48": 68.13684919790596
        },
        "Per_video_f1_EMA": {
            "cholec80_video41": 14.63914613183143,
            "cholec80_video43": 15.707853405714053,
            "cholec80_video44": 17.05353934595068,
            "cholec80_video45": 12.993440332828337,
            "cholec80_video46": 16.3711175356161,
            "cholec80_video47": 18.163684328230083,
            "cholec80_video48": 7.804356448390112
        }
    },
    "Endoscapes": {
        "mAP": 39.75957875737222,
        "mAP_EMA": 16.043342314459885,
        "mAP_per_class": {
            "C0": 34.876232152771856,
            "C1": 37.22975385365272,
            "C2": 47.17275026569207
        },
        "mAP_per_class_EMA": {
            "C0": 17.297897496656706,
            "C1": 13.701834443506211,
            "C2": 17.130295003216737
        }
    },
    "CholecT50": {
        "AP": {
            "AP_i": 79.26805579359765,
            "AP_v": 55.19747909131938,
            "AP_t": 40.10391115743074,
            "AP_iv": 35.41030954469017,
            "AP_it": 36.435680905061695,
            "AP_ivt": 33.13794530202641
        },
        "AP_EMA": {
            "AP_i": 28.785992311054255,
            "AP_v": 19.946604370400383,
            "AP_t": 14.482428723745889,
            "AP_iv": 11.156766619614524,
            "AP_it": 8.349381654181432,
            "AP_ivt": 6.742109084459147
        }
    }
}