{
    "Test": false,
    "Cholec80": {
        "F1_score": 62.55420209064183,
        "F1_score_EMA": 71.39775908770844,
        "Per_video_f1": {
            "cholec80_video41": 66.88346598349183,
            "cholec80_video43": 48.39767038215513,
            "cholec80_video44": 67.619276478569,
            "cholec80_video45": 65.24284610320565,
            "cholec80_video46": 57.855327341369915,
            "cholec80_video47": 66.55299580566349,
            "cholec80_video48": 65.32783254003782
        },
        "Per_video_f1_EMA": {
            "cholec80_video41": 67.9710839722637,
            "cholec80_video43": 69.92427465459468,
            "cholec80_video44": 78.87634943356255,
            "cholec80_video45": 71.86485307178788,
            "cholec80_video46": 71.42956844979535,
            "cholec80_video47": 65.92589540126905,
            "cholec80_video48": 73.79228863068589
        }
    },
    "Endoscapes": {
        "mAP": 34.97027720010728,
        "mAP_EMA": 43.60549539531121,
        "mAP_per_class": {
            "C0": 34.94845269137834,
            "C1": 32.31095885432488,
            "C2": 37.651420054618626
        },
        "mAP_per_class_EMA": {
            "C0": 42.41504907605463,
            "C1": 43.80370626682482,
            "C2": 44.59773084305419
        }
    },
    "CholecT50": {
        "AP": {
            "AP_i": 75.85269596879266,
            "AP_v": 51.50880219907875,
            "AP_t": 37.00797938651202,
            "AP_iv": 34.890150699397026,
            "AP_it": 30.448376826323205,
            "AP_ivt": 28.003497909058783
        },
        "AP_EMA": {
            "AP_i": 80.63587919625913,
            "AP_v": 57.12255974264599,
            "AP_t": 41.53555998676297,
            "AP_iv": 36.87275636537095,
            "AP_it": 36.40585712381524,
            "AP_ivt": 31.168021006495668
        }
    }
}