{
    "Test": false,
    "Cholec80": {
        "F1_score": 68.9875609229959,
        "F1_score_EMA": 56.102156439430196,
        "Per_video_f1": {
            "cholec80_video41": 63.99881084846282,
            "cholec80_video43": 68.73690479684556,
            "cholec80_video44": 72.73064862764544,
            "cholec80_video45": 68.1126871403746,
            "cholec80_video46": 72.23753612124423,
            "cholec80_video47": 68.23712866431963,
            "cholec80_video48": 68.85921026207899
        },
        "Per_video_f1_EMA": {
            "cholec80_video41": 53.17349934619837,
            "cholec80_video43": 66.38380434554587,
            "cholec80_video44": 49.58565937097049,
            "cholec80_video45": 46.44384818621871,
            "cholec80_video46": 57.45239752685164,
            "cholec80_video47": 54.80760572775163,
            "cholec80_video48": 64.86828057247466
        }
    },
    "Endoscapes": {
        "mAP": 41.048113858011874,
        "mAP_EMA": 42.12535232724275,
        "mAP_per_class": {
            "C0": 39.39370333000722,
            "C1": 38.95249023148265,
            "C2": 44.798148012545745
        },
        "mAP_per_class_EMA": {
            "C0": 37.76454525093973,
            "C1": 40.64517830006992,
            "C2": 47.96633343071859
        }
    },
    "CholecT50": {
        "AP": {
            "AP_i": 77.72975428960018,
            "AP_v": 54.81814298738409,
            "AP_t": 40.210190949452226,
            "AP_iv": 36.92250625317089,
            "AP_it": 35.82588841305834,
            "AP_ivt": 30.761857300627515
        },
        "AP_EMA": {
            "AP_i": 74.69360380538374,
            "AP_v": 51.9309455575103,
            "AP_t": 36.56773491021283,
            "AP_iv": 32.24424103970147,
            "AP_it": 30.396475894959437,
            "AP_ivt": 26.407651944225027
        }
    }
}