{
    "Test": false,
    "Cholec80": {
        "F1_score": 58.14548208657553,
        "F1_score_EMA": 20.6407128458808,
        "Per_video_f1": {
            "cholec80_video41": 60.79231220799277,
            "cholec80_video43": 55.244097405227045,
            "cholec80_video44": 59.05873193380822,
            "cholec80_video45": 66.94977793799184,
            "cholec80_video46": 53.0950723306084,
            "cholec80_video47": 60.039611265949354,
            "cholec80_video48": 51.838771524451055
        },
        "Per_video_f1_EMA": {
            "cholec80_video41": 26.79722524877709,
            "cholec80_video43": 24.021006119978644,
            "cholec80_video44": 24.74397520245202,
            "cholec80_video45": 17.666924612675054,
            "cholec80_video46": 16.229796361112435,
            "cholec80_video47": 12.844355774595725,
            "cholec80_video48": 22.18170660157463
        }
    },
    "Endoscapes": {
        "mAP": 32.49950740755917,
        "mAP_EMA": 17.72488680672735,
        "mAP_per_class": {
            "C0": 29.24015222427166,
            "C1": 34.134474050212674,
            "C2": 34.12389594819318
        },
        "mAP_per_class_EMA": {
            "C0": 16.1980374642111,
            "C1": 14.568630724124082,
            "C2": 22.40799223184687
        }
    },
    "CholecT50": {
        "AP": {
            "AP_i": 61.66855895854656,
            "AP_v": 42.78683281530864,
            "AP_t": 35.99868378920459,
            "AP_iv": 26.281674547796566,
            "AP_it": 27.636133671671047,
            "AP_ivt": 23.542831965287125
        },
        "AP_EMA": {
            "AP_i": 29.822442656232997,
            "AP_v": 20.97572907332338,
            "AP_t": 19.785948600032896,
            "AP_iv": 11.654671219349966,
            "AP_it": 11.369125520100878,
            "AP_ivt": 9.328201175534046
        }
    }
}