{
    "Test": true,
    "Cholec80": {
        "F1_score": 49.571752756571684,
        "F1_score_EMA": null,
        "Per_video_f1": {
            "cholec80_video51": 46.549351342461975,
            "cholec80_video53": 53.51043172156131,
            "cholec80_video54": 49.23878385114076,
            "cholec80_video55": 57.90452418789628,
            "cholec80_video58": 43.40457494440269,
            "cholec80_video59": 52.5764634028097,
            "cholec80_video61": 42.28298639075934,
            "cholec80_video63": 36.85987707305941,
            "cholec80_video64": 55.78857180718696,
            "cholec80_video69": 69.02355735190561,
            "cholec80_video73": 55.95917876513609,
            "cholec80_video74": 46.031243444142746,
            "cholec80_video76": 38.751424564191666,
            "cholec80_video77": 53.74656283955513,
            "cholec80_video80": 41.9487596623656
        },
        "Per_video_f1_EMA": null
    },
    "Endoscapes": {
        "mAP": 43.39944035241508,
        "mAP_EMA": null,
        "mAP_per_class": {
            "C0": 42.247442293775386,
            "C1": 38.85390409763685,
            "C2": 49.096974665832995
        },
        "mAP_per_class_EMA": null
    },
    "CholecT50": {
        "AP": {
            "AP_i": 56.969806243302344,
            "AP_v": 42.435565367809765,
            "AP_t": 33.03696004788133,
            "AP_iv": 23.66784788524049,
            "AP_it": 20.055779756729006,
            "AP_ivt": 15.639689145391351
        },
        "AP_EMA": null
    }
}