{
    "Test": false,
    "Cholec80": {
        "F1_score": 60.43499025166325,
        "F1_score_EMA": 30.174538656614622,
        "Per_video_f1": {
            "cholec80_video41": 64.96756152484387,
            "cholec80_video43": 55.56057281488837,
            "cholec80_video44": 59.70592931012896,
            "cholec80_video45": 65.77940729835137,
            "cholec80_video46": 57.212424586825506,
            "cholec80_video47": 61.46841389456406,
            "cholec80_video48": 58.35062233204062
        },
        "Per_video_f1_EMA": {
            "cholec80_video41": 36.66741819807524,
            "cholec80_video43": 33.23127085194275,
            "cholec80_video44": 35.76009402135257,
            "cholec80_video45": 25.109599039131076,
            "cholec80_video46": 21.733191612606163,
            "cholec80_video47": 25.427421088371847,
            "cholec80_video48": 33.29277578482271
        }
    },
    "Endoscapes": {
        "mAP": 33.67632567615062,
        "mAP_EMA": 19.60492719521606,
        "mAP_per_class": {
            "C0": 30.99964523632184,
            "C1": 33.736618834395074,
            "C2": 36.29271295773495
        },
        "mAP_per_class_EMA": {
            "C0": 16.7893288602958,
            "C1": 15.049703463508077,
            "C2": 26.9757492618443
        }
    },
    "CholecT50": {
        "AP": {
            "AP_i": 63.837051271661586,
            "AP_v": 44.09939954651284,
            "AP_t": 35.222636825078055,
            "AP_iv": 27.419419225906427,
            "AP_it": 28.582402729928546,
            "AP_ivt": 24.72886530173174
        },
        "AP_EMA": {
            "AP_i": 32.41398927545352,
            "AP_v": 26.389505995542685,
            "AP_t": 26.90773315181057,
            "AP_iv": 14.769120110861344,
            "AP_it": 15.062312143478707,
            "AP_ivt": 11.979225982909679
        }
    }
}