{
    "Test": false,
    "Cholec80": {
        "F1_score": 64.7754304553861,
        "F1_score_EMA": 68.73059961568889,
        "Per_video_f1": {
            "cholec80_video41": 64.71901873947577,
            "cholec80_video43": 54.64732293706918,
            "cholec80_video44": 68.81065660488026,
            "cholec80_video45": 74.46618508506123,
            "cholec80_video46": 64.3904109153229,
            "cholec80_video47": 58.90705663621099,
            "cholec80_video48": 67.4873622696824
        },
        "Per_video_f1_EMA": {
            "cholec80_video41": 70.30712358363907,
            "cholec80_video43": 57.451572529710546,
            "cholec80_video44": 73.00098555543386,
            "cholec80_video45": 77.93583730722942,
            "cholec80_video46": 71.03900115236293,
            "cholec80_video47": 63.33904216206657,
            "cholec80_video48": 68.04063501937986
        }
    },
    "Endoscapes": {
        "mAP": 33.645821509198484,
        "mAP_EMA": 37.37296618319449,
        "mAP_per_class": {
            "C0": 34.540190578518995,
            "C1": 30.048229985562987,
            "C2": 36.34904396351346
        },
        "mAP_per_class_EMA": {
            "C0": 35.45986351189093,
            "C1": 33.23802615897239,
            "C2": 43.421008878720166
        }
    },
    "CholecT50": {
        "AP": {
            "AP_i": 69.45650718288314,
            "AP_v": 46.96652982986233,
            "AP_t": 32.84640238802313,
            "AP_iv": 29.504439948842855,
            "AP_it": 27.936700878502567,
            "AP_ivt": 24.55479940948843
        },
        "AP_EMA": {
            "AP_i": 79.45030089529645,
            "AP_v": 54.71183758164299,
            "AP_t": 37.99790723166622,
            "AP_iv": 35.90179517383901,
            "AP_it": 34.67240825474809,
            "AP_ivt": 29.812200268521106
        }
    }
}