{
    "Test": false,
    "Cholec80": {
        "F1_score": 53.31258820716461,
        "F1_score_EMA": 69.89880511594924,
        "Per_video_f1": {
            "cholec80_video41": 65.05325042132931,
            "cholec80_video43": 39.86875806099816,
            "cholec80_video44": 42.85247507250837,
            "cholec80_video45": 70.12756496763987,
            "cholec80_video46": 58.173381843718886,
            "cholec80_video47": 50.02760210203001,
            "cholec80_video48": 47.08508498192766
        },
        "Per_video_f1_EMA": {
            "cholec80_video41": 69.80146105555214,
            "cholec80_video43": 61.76364507559978,
            "cholec80_video44": 72.61849197186883,
            "cholec80_video45": 78.4378631886711,
            "cholec80_video46": 71.59771840163138,
            "cholec80_video47": 62.680116372842775,
            "cholec80_video48": 72.39233974547867
        }
    },
    "Endoscapes": {
        "mAP": 39.547915397814805,
        "mAP_EMA": 40.26254098572002,
        "mAP_per_class": {
            "C0": 37.22317955807091,
            "C1": 40.44403234972515,
            "C2": 40.976534285648356
        },
        "mAP_per_class_EMA": {
            "C0": 35.3041194646685,
            "C1": 36.83728045992958,
            "C2": 48.646223032561984
        }
    },
    "CholecT50": {
        "AP": {
            "AP_i": 72.59757565556036,
            "AP_v": 51.68890756384508,
            "AP_t": 37.59811954728162,
            "AP_iv": 31.24243524679624,
            "AP_it": 30.189758302029446,
            "AP_ivt": 25.380902284387755
        },
        "AP_EMA": {
            "AP_i": 79.47201195383316,
            "AP_v": 56.558245488158704,
            "AP_t": 39.967871759565476,
            "AP_iv": 38.481358281526376,
            "AP_it": 37.64981906742411,
            "AP_ivt": 31.874559119674938
        }
    }
}