{
    "Test": false,
    "Cholec80": {
        "F1_score": 59.427104112178284,
        "F1_score_EMA": 9.150041072977643,
        "Per_video_f1": {
            "cholec80_video41": 61.149719722638984,
            "cholec80_video43": 61.4577453107483,
            "cholec80_video44": 57.35101765467545,
            "cholec80_video45": 60.34290650956782,
            "cholec80_video46": 57.09603261693822,
            "cholec80_video47": 56.41374555443338,
            "cholec80_video48": 62.17856141624581
        },
        "Per_video_f1_EMA": {
            "cholec80_video41": 7.822793433295375,
            "cholec80_video43": 6.77499985501447,
            "cholec80_video44": 11.721799531836062,
            "cholec80_video45": 8.121561520873911,
            "cholec80_video46": 13.22082750367857,
            "cholec80_video47": 10.029063140710921,
            "cholec80_video48": 6.35924252543419
        }
    },
    "Endoscapes": {
        "mAP": 32.82072618580618,
        "mAP_EMA": 12.448836299537684,
        "mAP_per_class": {
            "C0": 22.421404324270174,
            "C1": 31.47198564739154,
            "C2": 44.568788585756835
        },
        "mAP_per_class_EMA": {
            "C0": 13.087756208392918,
            "C1": 11.330202157169202,
            "C2": 12.928550533050931
        }
    },
    "CholecT50": {
        "AP": {
            "AP_i": 62.562505980472714,
            "AP_v": 41.20393283629435,
            "AP_t": 33.96064861653485,
            "AP_iv": 26.575377539441064,
            "AP_it": 27.380943871394457,
            "AP_ivt": 23.014195128301893
        },
        "AP_EMA": {
            "AP_i": 22.264613165047198,
            "AP_v": 14.720845402342448,
            "AP_t": 11.273613325096456,
            "AP_iv": 8.12271982758318,
            "AP_it": 5.878454895036332,
            "AP_ivt": 4.783601787287164
        }
    }
}