{
    "Test": false,
    "Cholec80": {
        "F1_score": 54.352212205421985,
        "F1_score_EMA": 9.245273903428055,
        "Per_video_f1": {
            "cholec80_video41": 54.60247657878797,
            "cholec80_video43": 55.73836501889543,
            "cholec80_video44": 56.45858165085376,
            "cholec80_video45": 51.60655171446703,
            "cholec80_video46": 50.288364195572136,
            "cholec80_video47": 56.36726303250762,
            "cholec80_video48": 55.403883246869924
        },
        "Per_video_f1_EMA": {
            "cholec80_video41": 8.238567438131485,
            "cholec80_video43": 7.119397706027993,
            "cholec80_video44": 11.99245997986722,
            "cholec80_video45": 8.92300480487519,
            "cholec80_video46": 11.7554848026167,
            "cholec80_video47": 9.835498808836295,
            "cholec80_video48": 6.852503783641509
        }
    },
    "Endoscapes": {
        "mAP": 28.03924431299078,
        "mAP_EMA": 13.275700422510303,
        "mAP_per_class": {
            "C0": 24.504390941346898,
            "C1": 25.18803861431536,
            "C2": 34.42530338331007
        },
        "mAP_per_class_EMA": {
            "C0": 13.883585474890294,
            "C1": 12.12039953494559,
            "C2": 13.823116257695025
        }
    },
    "CholecT50": {
        "AP": {
            "AP_i": 62.11158124358952,
            "AP_v": 43.99574533717842,
            "AP_t": 34.44355356950229,
            "AP_iv": 27.820887504049544,
            "AP_it": 28.10468337956007,
            "AP_ivt": 24.875363801605843
        },
        "AP_EMA": {
            "AP_i": 22.608938118779022,
            "AP_v": 14.783098629801605,
            "AP_t": 11.485471176962971,
            "AP_iv": 8.259287367244626,
            "AP_it": 6.1354285450849835,
            "AP_ivt": 4.977036117175176
        }
    }
}