{
    "Test": false,
    "Cholec80": {
        "F1_score": 51.04255336067223,
        "F1_score_EMA": 68.6338550485714,
        "Per_video_f1": {
            "cholec80_video41": 58.1142513709051,
            "cholec80_video43": 46.6804660841861,
            "cholec80_video44": 46.00531397421041,
            "cholec80_video45": 64.73897206936894,
            "cholec80_video46": 60.97055634758296,
            "cholec80_video47": 36.9976540143539,
            "cholec80_video48": 43.79065966409819
        },
        "Per_video_f1_EMA": {
            "cholec80_video41": 69.97160594702105,
            "cholec80_video43": 56.916276778301075,
            "cholec80_video44": 72.47064451377277,
            "cholec80_video45": 77.86490804341189,
            "cholec80_video46": 70.62366499747016,
            "cholec80_video47": 63.938318712580596,
            "cholec80_video48": 68.65156634744235
        }
    },
    "Endoscapes": {
        "mAP": 32.060830354121116,
        "mAP_EMA": 36.100028671286054,
        "mAP_per_class": {
            "C0": 25.749386179972113,
            "C1": 30.294928776269494,
            "C2": 40.13817610612173
        },
        "mAP_per_class_EMA": {
            "C0": 35.21983712318305,
            "C1": 31.335451251503173,
            "C2": 41.744797639171935
        }
    },
    "CholecT50": {
        "AP": {
            "AP_i": 73.28132942083106,
            "AP_v": 50.38017181663257,
            "AP_t": 34.817133912621344,
            "AP_iv": 30.520793542272234,
            "AP_it": 30.563020716169774,
            "AP_ivt": 26.829217058351006
        },
        "AP_EMA": {
            "AP_i": 78.68847046191223,
            "AP_v": 53.32504861039664,
            "AP_t": 37.448034576834154,
            "AP_iv": 35.74814243072179,
            "AP_it": 34.02684063046793,
            "AP_ivt": 29.338221343776343
        }
    }
}