{
    "Test": false,
    "Cholec80": {
        "F1_score": 57.47420003371654,
        "F1_score_EMA": 51.18370825148523,
        "Per_video_f1": {
            "cholec80_video41": 60.41223723798483,
            "cholec80_video43": 58.543529661468696,
            "cholec80_video44": 51.956601332431596,
            "cholec80_video45": 72.12186269089324,
            "cholec80_video46": 56.94938112480873,
            "cholec80_video47": 47.78721679263512,
            "cholec80_video48": 54.5485713957936
        },
        "Per_video_f1_EMA": {
            "cholec80_video41": 55.680787407192526,
            "cholec80_video43": 57.88571780732023,
            "cholec80_video44": 47.262884791611256,
            "cholec80_video45": 44.72002154870481,
            "cholec80_video46": 41.068080757361884,
            "cholec80_video47": 49.594303694585186,
            "cholec80_video48": 62.07416175362069
        }
    },
    "Endoscapes": {
        "mAP": 36.880206312488724,
        "mAP_EMA": 37.59382366126654,
        "mAP_per_class": {
            "C0": 33.62334869372767,
            "C1": 32.21537270772758,
            "C2": 44.80189753601091
        },
        "mAP_per_class_EMA": {
            "C0": 31.604005982873158,
            "C1": 34.10240074658899,
            "C2": 47.07506425433748
        }
    },
    "CholecT50": {
        "AP": {
            "AP_i": 77.53198237799027,
            "AP_v": 57.84935342668418,
            "AP_t": 38.185869727386084,
            "AP_iv": 37.697402333158585,
            "AP_it": 35.065299190238456,
            "AP_ivt": 29.881677116104864
        },
        "AP_EMA": {
            "AP_i": 60.908809211103225,
            "AP_v": 41.76709104432144,
            "AP_t": 34.16107347183403,
            "AP_iv": 27.19545064242897,
            "AP_it": 27.39041631706216,
            "AP_ivt": 22.635860201796262
        }
    }
}