{
    "Test": false,
    "Cholec80": {
        "F1_score": 62.20092551628557,
        "F1_score_EMA": 28.447073208031274,
        "Per_video_f1": {
            "cholec80_video41": 60.57995972746133,
            "cholec80_video43": 57.20911009224311,
            "cholec80_video44": 65.37456277968612,
            "cholec80_video45": 74.56650200008441,
            "cholec80_video46": 62.143915239404194,
            "cholec80_video47": 52.20578558651528,
            "cholec80_video48": 63.32664318860457
        },
        "Per_video_f1_EMA": {
            "cholec80_video41": 26.911254135297973,
            "cholec80_video43": 28.538846723546197,
            "cholec80_video44": 20.167291410763394,
            "cholec80_video45": 26.915995572198696,
            "cholec80_video46": 27.337939338790857,
            "cholec80_video47": 27.12636647132769,
            "cholec80_video48": 42.131818804294106
        }
    },
    "Endoscapes": {
        "mAP": 42.25534953697452,
        "mAP_EMA": 27.20825306620846,
        "mAP_per_class": {
            "C0": 35.03390183625062,
            "C1": 41.589920105123305,
            "C2": 50.142226669549636
        },
        "mAP_per_class_EMA": {
            "C0": 24.61159339120782,
            "C1": 21.891998959847356,
            "C2": 35.12116684757021
        }
    },
    "CholecT50": {
        "AP": {
            "AP_i": 77.92696572932292,
            "AP_v": 55.132234788952374,
            "AP_t": 38.90752087075811,
            "AP_iv": 36.21645245765439,
            "AP_it": 34.756894784588496,
            "AP_ivt": 29.8308728260027
        },
        "AP_EMA": {
            "AP_i": 44.48760779931939,
            "AP_v": 29.516819476852085,
            "AP_t": 26.3236047788623,
            "AP_iv": 19.057782170958177,
            "AP_it": 18.571530256718326,
            "AP_ivt": 15.450689600042523
        }
    }
}