{
    "Test": false,
    "Cholec80": {
        "F1_score": 69.77537905396996,
        "F1_score_EMA": 72.24862603667647,
        "Per_video_f1": {
            "cholec80_video41": 71.08668778998074,
            "cholec80_video43": 64.70313337448671,
            "cholec80_video44": 70.16454150783719,
            "cholec80_video45": 75.2692563995895,
            "cholec80_video46": 71.29888045499352,
            "cholec80_video47": 65.4026711829483,
            "cholec80_video48": 70.50248266795373
        },
        "Per_video_f1_EMA": {
            "cholec80_video41": 71.27245811595867,
            "cholec80_video43": 69.04993080279212,
            "cholec80_video44": 74.89692989547827,
            "cholec80_video45": 79.5439042803852,
            "cholec80_video46": 71.76002777343606,
            "cholec80_video47": 65.26338407977191,
            "cholec80_video48": 73.95374730891307
        }
    },
    "Endoscapes": {
        "mAP": 36.63864876066748,
        "mAP_EMA": 38.00272772963342,
        "mAP_per_class": {
            "C0": 34.12813502679415,
            "C1": 37.80158003215502,
            "C2": 37.98623122305327
        },
        "mAP_per_class_EMA": {
            "C0": 37.618272351482595,
            "C1": 41.452863833983415,
            "C2": 34.937047003434245
        }
    },
    "CholecT50": {
        "AP": {
            "AP_i": 71.09280932971362,
            "AP_v": 48.92981828770171,
            "AP_t": 35.24583562791085,
            "AP_iv": 30.46704763467019,
            "AP_it": 27.97913232571674,
            "AP_ivt": 22.591373179412297
        },
        "AP_EMA": {
            "AP_i": 79.95227045602522,
            "AP_v": 57.072648391008464,
            "AP_t": 40.16098175494223,
            "AP_iv": 35.78851016437589,
            "AP_it": 32.94342387868097,
            "AP_ivt": 27.044710591184927
        }
    }
}