{
    "Test": false,
    "Cholec80": {
        "F1_score": 65.53974819741875,
        "F1_score_EMA": 35.65054073597728,
        "Per_video_f1": {
            "cholec80_video41": 63.88180507224321,
            "cholec80_video43": 65.7237900082878,
            "cholec80_video44": 65.69179635461518,
            "cholec80_video45": 74.71636157500295,
            "cholec80_video46": 63.20105720370286,
            "cholec80_video47": 58.793825079457676,
            "cholec80_video48": 66.76960208862151
        },
        "Per_video_f1_EMA": {
            "cholec80_video41": 37.6645519470884,
            "cholec80_video43": 44.66491138933918,
            "cholec80_video44": 35.49924588870949,
            "cholec80_video45": 26.545619451939146,
            "cholec80_video46": 35.55821645730713,
            "cholec80_video47": 35.075841243368885,
            "cholec80_video48": 34.54539877408872
        }
    },
    "Endoscapes": {
        "mAP": 43.931334458450834,
        "mAP_EMA": 29.97685756801532,
        "mAP_per_class": {
            "C0": 38.7808129360962,
            "C1": 45.013709770256696,
            "C2": 47.9994806689996
        },
        "mAP_per_class_EMA": {
            "C0": 26.550287931240778,
            "C1": 30.6214382010357,
            "C2": 32.75884657176948
        }
    },
    "CholecT50": {
        "AP": {
            "AP_i": 83.14631236143818,
            "AP_v": 57.40840127935492,
            "AP_t": 41.14359339324896,
            "AP_iv": 34.966487818865744,
            "AP_it": 34.666302078614756,
            "AP_ivt": 28.61579409971246
        },
        "AP_EMA": {
            "AP_i": 60.69328142268887,
            "AP_v": 44.28711239741693,
            "AP_t": 30.992913905446088,
            "AP_iv": 27.230555134864595,
            "AP_it": 25.434758437819283,
            "AP_ivt": 21.52162354912048
        }
    }
}