{
    "Test": false,
    "Cholec80": {
        "F1_score": 70.57482490138982,
        "F1_score_EMA": 73.2138277180473,
        "Per_video_f1": {
            "cholec80_video41": 71.37673092776762,
            "cholec80_video43": 68.21165738321963,
            "cholec80_video44": 72.3992690906022,
            "cholec80_video45": 72.68493695672306,
            "cholec80_video46": 74.18532106762768,
            "cholec80_video47": 62.37193182308254,
            "cholec80_video48": 72.79392706070598
        },
        "Per_video_f1_EMA": {
            "cholec80_video41": 71.92937574103571,
            "cholec80_video43": 69.14103299304854,
            "cholec80_video44": 80.57932663085363,
            "cholec80_video45": 79.42328359225021,
            "cholec80_video46": 75.02485435893614,
            "cholec80_video47": 62.11543631976395,
            "cholec80_video48": 74.28348439044291
        }
    },
    "Endoscapes": {
        "mAP": 40.584033383979744,
        "mAP_EMA": 45.96519340957525,
        "mAP_per_class": {
            "C0": 42.407368324153246,
            "C1": 35.979614209748924,
            "C2": 43.365117618037054
        },
        "mAP_per_class_EMA": {
            "C0": 47.30926961137387,
            "C1": 41.51229829974877,
            "C2": 49.074012317603106
        }
    },
    "CholecT50": {
        "AP": {
            "AP_i": 67.18339725197877,
            "AP_v": 48.01851471983117,
            "AP_t": 34.343347445102246,
            "AP_iv": 31.603876428046657,
            "AP_it": 27.647857363599286,
            "AP_ivt": 23.30571369333615
        },
        "AP_EMA": {
            "AP_i": 77.09005522351458,
            "AP_v": 56.08465145097081,
            "AP_t": 40.78894341002028,
            "AP_iv": 36.13871511190145,
            "AP_it": 33.5189769290092,
            "AP_ivt": 28.592704811881045
        }
    }
}