{
    "Test": false,
    "Cholec80": {
        "F1_score": 71.04317711682648,
        "F1_score_EMA": 7.511714996508369,
        "Per_video_f1": {
            "cholec80_video41": 68.36216920349588,
            "cholec80_video43": 67.7222102695561,
            "cholec80_video44": 79.54460862695124,
            "cholec80_video45": 78.21478990306636,
            "cholec80_video46": 70.34267414777993,
            "cholec80_video47": 62.34070421365843,
            "cholec80_video48": 70.77508345327749
        },
        "Per_video_f1_EMA": {
            "cholec80_video41": 8.188593755130183,
            "cholec80_video43": 8.308766506832107,
            "cholec80_video44": 7.577435484412229,
            "cholec80_video45": 6.375441834396802,
            "cholec80_video46": 6.818861657586482,
            "cholec80_video47": 5.730456314113902,
            "cholec80_video48": 9.582449423086873
        }
    },
    "Endoscapes": {
        "mAP": 48.758235804975534,
        "mAP_EMA": 16.3157400862759,
        "mAP_per_class": {
            "C0": 49.33085624579768,
            "C1": 45.67569292140927,
            "C2": 51.268158247719654
        },
        "mAP_per_class_EMA": {
            "C0": 17.308066831711642,
            "C1": 13.860538409319004,
            "C2": 17.778615017797048
        }
    },
    "CholecT50": {
        "AP": {
            "AP_i": 78.10983599508711,
            "AP_v": 53.65114375014243,
            "AP_t": 45.77947107117859,
            "AP_iv": 35.71588879449201,
            "AP_it": 38.77808793800173,
            "AP_ivt": 31.982119769048804
        },
        "AP_EMA": {
            "AP_i": 26.812198123035582,
            "AP_v": 19.45626003667427,
            "AP_t": 14.92022368884248,
            "AP_iv": 10.940453191082854,
            "AP_it": 8.962277911258754,
            "AP_ivt": 7.323630820541741
        }
    }
}