{
    "Test": false,
    "Cholec80": {
        "F1_score": 71.180553437823,
        "F1_score_EMA": 17.408316073705997,
        "Per_video_f1": {
            "cholec80_video41": 76.24881261241832,
            "cholec80_video43": 65.71704654542208,
            "cholec80_video44": 79.22982549633963,
            "cholec80_video45": 73.16194653343346,
            "cholec80_video46": 72.8597966866116,
            "cholec80_video47": 58.64758202959563,
            "cholec80_video48": 72.39886416094018
        },
        "Per_video_f1_EMA": {
            "cholec80_video41": 21.70254016900273,
            "cholec80_video43": 16.10588012170278,
            "cholec80_video44": 12.950691192279931,
            "cholec80_video45": 17.81634316519493,
            "cholec80_video46": 15.195797903413741,
            "cholec80_video47": 16.033929243502048,
            "cholec80_video48": 22.05303072084583
        }
    },
    "Endoscapes": {
        "mAP": 45.29374337586094,
        "mAP_EMA": 17.339913220899064,
        "mAP_per_class": {
            "C0": 45.35543286705944,
            "C1": 42.80821989405417,
            "C2": 47.717577366469214
        },
        "mAP_per_class_EMA": {
            "C0": 18.1418354317388,
            "C1": 15.228825967144466,
            "C2": 18.64907826381392
        }
    },
    "CholecT50": {
        "AP": {
            "AP_i": 75.84792748196735,
            "AP_v": 52.613666070199905,
            "AP_t": 43.96417099624265,
            "AP_iv": 34.5865894120929,
            "AP_it": 37.02209138438881,
            "AP_ivt": 31.088406897085825
        },
        "AP_EMA": {
            "AP_i": 39.93411270070513,
            "AP_v": 30.61121455525781,
            "AP_t": 25.54300387578477,
            "AP_iv": 17.971202588379825,
            "AP_it": 16.32452738589863,
            "AP_ivt": 13.137494647677846
        }
    }
}