{
    "Test": false,
    "Dataset": "Endoscapes",
    "Results": [
        39.68013457797506,
        16.849228108353373,
        {
            "C0": 38.71398992993735,
            "C1": 38.62386651612325,
            "C2": 41.70254728786459
        },
        {
            "C0": 19.830621145182263,
            "C1": 18.51749294674639,
            "C2": 12.199570233131462
        }
    ]
}