{
    "Test": false,
    "Cholec80": {
        "F1_score": 70.99748398722042,
        "F1_score_EMA": 57.515607148626735,
        "Per_video_f1": {
            "cholec80_video41": 73.77143262717466,
            "cholec80_video43": 64.01881352745595,
            "cholec80_video44": 73.74953549472868,
            "cholec80_video45": 76.65715437153445,
            "cholec80_video46": 70.1672192766143,
            "cholec80_video47": 65.944027987863,
            "cholec80_video48": 72.67420462517188
        },
        "Per_video_f1_EMA": {
            "cholec80_video41": 61.65327886756914,
            "cholec80_video43": 58.05459940280046,
            "cholec80_video44": 60.06173669956596,
            "cholec80_video45": 52.394039502637035,
            "cholec80_video46": 58.91748581055598,
            "cholec80_video47": 59.18770107100963,
            "cholec80_video48": 52.34040868624894
        }
    },
    "Endoscapes": {
        "mAP": 44.716856622273355,
        "mAP_EMA": 31.006994511032648,
        "mAP_per_class": {
            "C0": 48.00133868113859,
            "C1": 49.0945678905428,
            "C2": 37.05466329513868
        },
        "mAP_per_class_EMA": {
            "C0": 28.54876052479682,
            "C1": 31.00387755106835,
            "C2": 33.46834545723277
        }
    },
    "CholecT50": {
        "AP": {
            "AP_i": 81.19761692441661,
            "AP_v": 56.460790084679196,
            "AP_t": 39.79104245448241,
            "AP_iv": 35.839292495538736,
            "AP_it": 35.57067303593267,
            "AP_ivt": 30.03192264329884
        },
        "AP_EMA": {
            "AP_i": 72.31250690747214,
            "AP_v": 52.78605476501531,
            "AP_t": 36.21181554090529,
            "AP_iv": 33.07634962751519,
            "AP_it": 31.234790066178654,
            "AP_ivt": 28.10664438371971
        }
    }
}