{
    "Test": false,
    "Cholec80": {
        "F1_score": 67.00136400055662,
        "F1_score_EMA": 41.48698277228279,
        "Per_video_f1": {
            "cholec80_video41": 64.41634175178307,
            "cholec80_video43": 61.67466365253371,
            "cholec80_video44": 69.94878907100629,
            "cholec80_video45": 75.83392007610425,
            "cholec80_video46": 69.1105293227111,
            "cholec80_video47": 66.72320172828572,
            "cholec80_video48": 61.302102401472226
        },
        "Per_video_f1_EMA": {
            "cholec80_video41": 44.227324955718764,
            "cholec80_video43": 40.6837178030528,
            "cholec80_video44": 43.77357704386215,
            "cholec80_video45": 37.77449307765529,
            "cholec80_video46": 40.60395946106832,
            "cholec80_video47": 47.65417097191994,
            "cholec80_video48": 35.691636092702296
        }
    },
    "Endoscapes": {
        "mAP": 42.33219858426051,
        "mAP_EMA": 25.112862427955317,
        "mAP_per_class": {
            "C0": 37.098689092968414,
            "C1": 45.83957475910055,
            "C2": 44.058331900712574
        },
        "mAP_per_class_EMA": {
            "C0": 21.84573956117744,
            "C1": 25.19739732856777,
            "C2": 28.295450394120746
        }
    },
    "CholecT50": {
        "AP": {
            "AP_i": 79.57458218879906,
            "AP_v": 53.58220461079865,
            "AP_t": 38.68765704869212,
            "AP_iv": 32.76091571313537,
            "AP_it": 32.61543839484795,
            "AP_ivt": 27.473794957274514
        },
        "AP_EMA": {
            "AP_i": 57.39306625752127,
            "AP_v": 39.39325249706345,
            "AP_t": 29.983855121161945,
            "AP_iv": 25.501352817278672,
            "AP_it": 25.439897808678563,
            "AP_ivt": 21.95188343908829
        }
    }
}