{
    "Test": false,
    "Cholec80": {
        "F1_score": 63.873021189096384,
        "F1_score_EMA": 11.084169812261079,
        "Per_video_f1": {
            "cholec80_video41": 63.089398123838635,
            "cholec80_video43": 56.602589795815476,
            "cholec80_video44": 66.0688607963096,
            "cholec80_video45": 67.6830171320952,
            "cholec80_video46": 67.20848406303608,
            "cholec80_video47": 62.440676712625596,
            "cholec80_video48": 64.01812169995412
        },
        "Per_video_f1_EMA": {
            "cholec80_video41": 11.783262058836554,
            "cholec80_video43": 7.13307057802434,
            "cholec80_video44": 10.691653032372376,
            "cholec80_video45": 13.641291121014115,
            "cholec80_video46": 14.334392244318925,
            "cholec80_video47": 8.110420026172307,
            "cholec80_video48": 11.89509962508894
        }
    },
    "Endoscapes": {
        "mAP": 34.79682227703564,
        "mAP_EMA": 12.047672705541816,
        "mAP_per_class": {
            "C0": 32.283278134273736,
            "C1": 36.71205151990655,
            "C2": 35.395137176926625
        },
        "mAP_per_class_EMA": {
            "C0": 12.489799387261764,
            "C1": 10.514897291740724,
            "C2": 13.138321437622958
        }
    },
    "CholecT50": {
        "AP": {
            "AP_i": 79.64860216097712,
            "AP_v": 56.72346043610098,
            "AP_t": 42.402227468196614,
            "AP_iv": 36.03452076808607,
            "AP_it": 36.62981180270615,
            "AP_ivt": 31.299751744659055
        },
        "AP_EMA": {
            "AP_i": 25.60144962180406,
            "AP_v": 16.957994186825488,
            "AP_t": 12.670073295555657,
            "AP_iv": 9.5458307435435,
            "AP_it": 6.968386424074267,
            "AP_ivt": 5.810085729955905
        }
    }
}