{
    "Test": false,
    "Cholec80": {
        "F1_score": 69.96943056688305,
        "F1_score_EMA": 66.40675391469944,
        "Per_video_f1": {
            "cholec80_video41": 72.65544651426197,
            "cholec80_video43": 61.63349282415827,
            "cholec80_video44": 73.59740687582273,
            "cholec80_video45": 76.14198626835564,
            "cholec80_video46": 71.321909460981,
            "cholec80_video47": 67.09486326171478,
            "cholec80_video48": 67.34090876288693
        },
        "Per_video_f1_EMA": {
            "cholec80_video41": 68.2418682678366,
            "cholec80_video43": 63.19984898623596,
            "cholec80_video44": 73.96535075353968,
            "cholec80_video45": 64.20343079166118,
            "cholec80_video46": 67.40043956486285,
            "cholec80_video47": 62.26608577270278,
            "cholec80_video48": 65.57025326605704
        }
    },
    "Endoscapes": {
        "mAP": 43.68273571870188,
        "mAP_EMA": 36.847106552591256,
        "mAP_per_class": {
            "C0": 43.79603937695368,
            "C1": 49.77378524288966,
            "C2": 37.47838253626229
        },
        "mAP_per_class_EMA": {
            "C0": 34.68579262407573,
            "C1": 38.215353502446476,
            "C2": 37.640173531251556
        }
    },
    "CholecT50": {
        "AP": {
            "AP_i": 76.22257916677194,
            "AP_v": 51.34806705475368,
            "AP_t": 36.98117280120798,
            "AP_iv": 31.617409428528514,
            "AP_it": 31.00699555431338,
            "AP_ivt": 26.141132450078043
        },
        "AP_EMA": {
            "AP_i": 79.5499462815592,
            "AP_v": 56.28822990939003,
            "AP_t": 39.84569506072034,
            "AP_iv": 35.21117744493344,
            "AP_it": 34.681698137357586,
            "AP_ivt": 30.275142585137484
        }
    }
}