{
    "Test": false,
    "Cholec80": {
        "F1_score": 67.31595243364929,
        "F1_score_EMA": 69.35898479523057,
        "Per_video_f1": {
            "cholec80_video41": 70.20073016258425,
            "cholec80_video43": 55.480879346820785,
            "cholec80_video44": 69.97188800897686,
            "cholec80_video45": 72.12840189208836,
            "cholec80_video46": 67.63415134777779,
            "cholec80_video47": 66.1316819444426,
            "cholec80_video48": 69.66393433285431
        },
        "Per_video_f1_EMA": {
            "cholec80_video41": 70.05015400617826,
            "cholec80_video43": 64.79852819591777,
            "cholec80_video44": 77.11745749051671,
            "cholec80_video45": 71.25586711551756,
            "cholec80_video46": 70.39233735739414,
            "cholec80_video47": 63.245620849549056,
            "cholec80_video48": 68.65292855154053
        }
    },
    "Endoscapes": {
        "mAP": 40.91123309935654,
        "mAP_EMA": 40.963763023228765,
        "mAP_per_class": {
            "C0": 42.3709238811661,
            "C1": 44.6865418232551,
            "C2": 35.67623359364841
        },
        "mAP_per_class_EMA": {
            "C0": 38.37231743294872,
            "C1": 44.16219304790951,
            "C2": 40.35677858882807
        }
    },
    "CholecT50": {
        "AP": {
            "AP_i": 69.65787199667491,
            "AP_v": 50.830423540071784,
            "AP_t": 37.91017124772615,
            "AP_iv": 32.095814121128306,
            "AP_it": 30.83680642063466,
            "AP_ivt": 26.624841469307388
        },
        "AP_EMA": {
            "AP_i": 81.11803349510414,
            "AP_v": 57.04914994202524,
            "AP_t": 41.2347475021146,
            "AP_iv": 35.821982022287806,
            "AP_it": 36.08259898863542,
            "AP_ivt": 30.79663285849831
        }
    }
}