{
    "Test": false,
    "Cholec80": {
        "F1_score": 1.6213079003355233,
        "F1_score_EMA": 1.7155874244513138,
        "Per_video_f1": {
            "cholec80_video41": 2.6626601560869747,
            "cholec80_video43": 0.9129747761456077,
            "cholec80_video44": 1.3489404290500848,
            "cholec80_video45": 0.667133385496026,
            "cholec80_video46": 1.6135604270230623,
            "cholec80_video47": 2.1185696728507053,
            "cholec80_video48": 2.0253164556962027
        },
        "Per_video_f1_EMA": {
            "cholec80_video41": 2.276882204110828,
            "cholec80_video43": 1.1330567568691214,
            "cholec80_video44": 1.9444925678250926,
            "cholec80_video45": 0.6784771956275913,
            "cholec80_video46": 1.5186597204202346,
            "cholec80_video47": 2.0750869617368357,
            "cholec80_video48": 2.3824565645694937
        }
    },
    "Endoscapes": {
        "mAP": 15.172315172315171,
        "mAP_EMA": 16.794490894152315,
        "mAP_per_class": {
            "C0": 16.344916344916342,
            "C1": 12.483912483912484,
            "C2": 16.68811668811669
        },
        "mAP_per_class_EMA": {
            "C0": 18.106311457689408,
            "C1": 13.86466449792046,
            "C2": 18.412496726847074
        }
    },
    "CholecT50": {
        "AP": {
            "AP_i": 24.260625051054046,
            "AP_v": 15.064717262325482,
            "AP_t": 10.632181402302196,
            "AP_iv": 8.242115677346924,
            "AP_it": 5.518155397841308,
            "AP_ivt": 4.43868327051501
        },
        "AP_EMA": {
            "AP_i": 25.030960387059338,
            "AP_v": 15.532196763170944,
            "AP_t": 10.970574120851373,
            "AP_iv": 8.504127008266304,
            "AP_it": 5.697137787110961,
            "AP_ivt": 4.585220500523068
        }
    }
}