{
    "Test": false,
    "Cholec80": {
        "F1_score": 68.46980133049765,
        "F1_score_EMA": 7.47948181974517,
        "Per_video_f1": {
            "cholec80_video41": 72.38583541190073,
            "cholec80_video43": 71.19774883618747,
            "cholec80_video44": 69.53404299120368,
            "cholec80_video45": 74.54183598349536,
            "cholec80_video46": 66.61600989396834,
            "cholec80_video47": 58.83489994315949,
            "cholec80_video48": 66.17823625356849
        },
        "Per_video_f1_EMA": {
            "cholec80_video41": 8.245445829338447,
            "cholec80_video43": 8.021576474682442,
            "cholec80_video44": 7.580997146214538,
            "cholec80_video45": 5.881761848936526,
            "cholec80_video46": 6.770104953539676,
            "cholec80_video47": 5.734513274336283,
            "cholec80_video48": 10.121973211168282
        }
    },
    "Endoscapes": {
        "mAP": 39.42448658431955,
        "mAP_EMA": 15.249110118986417,
        "mAP_per_class": {
            "C0": 40.024975146391675,
            "C1": 36.8421895830916,
            "C2": 41.40629502347537
        },
        "mAP_per_class_EMA": {
            "C0": 16.53952840541992,
            "C1": 12.389507787459857,
            "C2": 16.818294164079475
        }
    },
    "CholecT50": {
        "AP": {
            "AP_i": 76.39469595557983,
            "AP_v": 50.86607793240027,
            "AP_t": 44.08590592128845,
            "AP_iv": 31.90576811099479,
            "AP_it": 35.53203902814136,
            "AP_ivt": 30.364590690193086
        },
        "AP_EMA": {
            "AP_i": 22.017825528488206,
            "AP_v": 15.235163613706282,
            "AP_t": 12.89433798364761,
            "AP_iv": 8.553379775505432,
            "AP_it": 6.9822411023617885,
            "AP_ivt": 5.641450375778794
        }
    }
}