{
    "Test": false,
    "Cholec80": {
        "F1_score": 53.954442824272,
        "F1_score_EMA": 55.70776206490484,
        "Per_video_f1": {
            "cholec80_video41": 54.66396635078381,
            "cholec80_video43": 41.32763388884029,
            "cholec80_video44": 45.714628493376786,
            "cholec80_video45": 59.10640304846824,
            "cholec80_video46": 61.127511156193115,
            "cholec80_video47": 55.6485463422665,
            "cholec80_video48": 60.09241048997528
        },
        "Per_video_f1_EMA": {
            "cholec80_video41": 57.01943530710896,
            "cholec80_video43": 45.89604184423925,
            "cholec80_video44": 50.13565170991817,
            "cholec80_video45": 61.5139581157152,
            "cholec80_video46": 62.765718723425834,
            "cholec80_video47": 54.19052371355592,
            "cholec80_video48": 58.433005040370546
        }
    },
    "Endoscapes": {
        "mAP": 33.21084012656696,
        "mAP_EMA": 36.830217980670625,
        "mAP_per_class": {
            "C0": 32.46512835432786,
            "C1": 33.46044304522627,
            "C2": 33.706948980146734
        },
        "mAP_per_class_EMA": {
            "C0": 36.25211676116994,
            "C1": 38.61812795042032,
            "C2": 35.620409230421615
        }
    },
    "CholecT50": {
        "AP": {
            "AP_i": 57.60618043266329,
            "AP_v": 40.473489954603146,
            "AP_t": 29.584742809518392,
            "AP_iv": 25.340773306076585,
            "AP_it": 24.048250424255308,
            "AP_ivt": 20.532811748853177
        },
        "AP_EMA": {
            "AP_i": 64.11935393646566,
            "AP_v": 44.67974686925136,
            "AP_t": 32.58283119304593,
            "AP_iv": 28.36618902573052,
            "AP_it": 27.68918230218532,
            "AP_ivt": 23.71339954842798
        }
    }
}