{
    "Test": false,
    "Cholec80": {
        "F1_score": 58.89242298018965,
        "F1_score_EMA": 30.27277173415919,
        "Per_video_f1": {
            "cholec80_video41": 61.08772821795556,
            "cholec80_video43": 50.19584550353385,
            "cholec80_video44": 50.439689526222075,
            "cholec80_video45": 68.68305400988828,
            "cholec80_video46": 64.66208541587389,
            "cholec80_video47": 57.20252652936608,
            "cholec80_video48": 59.97603165848781
        },
        "Per_video_f1_EMA": {
            "cholec80_video41": 27.967040841965325,
            "cholec80_video43": 24.494376739833903,
            "cholec80_video44": 24.11752478433652,
            "cholec80_video45": 32.264367837728436,
            "cholec80_video46": 39.06461470170138,
            "cholec80_video47": 27.9567650519312,
            "cholec80_video48": 36.04471218161757
        }
    },
    "Endoscapes": {
        "mAP": 37.51824238694269,
        "mAP_EMA": 22.513534755174955,
        "mAP_per_class": {
            "C0": 34.76704061112464,
            "C1": 39.568268332733226,
            "C2": 38.21941821697019
        },
        "mAP_per_class_EMA": {
            "C0": 24.770489921598212,
            "C1": 16.125691247167072,
            "C2": 26.644423096759585
        }
    },
    "CholecT50": {
        "AP": {
            "AP_i": 65.60511519408192,
            "AP_v": 46.233388538373035,
            "AP_t": 36.58828134633189,
            "AP_iv": 28.654561691183673,
            "AP_it": 29.056234225574,
            "AP_ivt": 25.280030304285336
        },
        "AP_EMA": {
            "AP_i": 49.33172037343976,
            "AP_v": 34.02555486002093,
            "AP_t": 27.341408936186888,
            "AP_iv": 19.409992521940314,
            "AP_it": 18.465471924059212,
            "AP_ivt": 16.081710055449136
        }
    }
}