{
    "Test": false,
    "Cholec80": {
        "F1_score": 58.75867744129893,
        "F1_score_EMA": 22.14169962842262,
        "Per_video_f1": {
            "cholec80_video41": 62.74770916465327,
            "cholec80_video43": 49.86879690320998,
            "cholec80_video44": 52.996136323037845,
            "cholec80_video45": 62.77847282711815,
            "cholec80_video46": 63.29781230338565,
            "cholec80_video47": 61.09552096268703,
            "cholec80_video48": 58.52629360500059
        },
        "Per_video_f1_EMA": {
            "cholec80_video41": 20.687700683782502,
            "cholec80_video43": 16.85438902354998,
            "cholec80_video44": 19.255448395213204,
            "cholec80_video45": 21.44617711126204,
            "cholec80_video46": 28.4754770914369,
            "cholec80_video47": 21.120248288369467,
            "cholec80_video48": 27.152456805344254
        }
    },
    "Endoscapes": {
        "mAP": 36.564434582466234,
        "mAP_EMA": 17.800415880382502,
        "mAP_per_class": {
            "C0": 34.39097728523141,
            "C1": 36.31230260835042,
            "C2": 38.99002385381688
        },
        "mAP_per_class_EMA": {
            "C0": 18.05308534679571,
            "C1": 11.359561700709298,
            "C2": 23.988600593642502
        }
    },
    "CholecT50": {
        "AP": {
            "AP_i": 66.51961401805484,
            "AP_v": 46.97229382976043,
            "AP_t": 36.67986641832733,
            "AP_iv": 30.536208483046845,
            "AP_it": 29.164821946887486,
            "AP_ivt": 25.615374623716058
        },
        "AP_EMA": {
            "AP_i": 39.60232123595213,
            "AP_v": 27.08986161669926,
            "AP_t": 24.053960910828444,
            "AP_iv": 15.697617933907733,
            "AP_it": 14.183545878925022,
            "AP_ivt": 12.082532515501795
        }
    }
}