{
    "Test": false,
    "Cholec80": {
        "F1_score": 54.43530236680508,
        "F1_score_EMA": 57.84625775936776,
        "Per_video_f1": {
            "cholec80_video41": 56.09048227628103,
            "cholec80_video43": 43.28103603192724,
            "cholec80_video44": 46.16273894453938,
            "cholec80_video45": 60.044202616570985,
            "cholec80_video46": 61.60301498968731,
            "cholec80_video47": 55.121622393013446,
            "cholec80_video48": 58.7440193156162
        },
        "Per_video_f1_EMA": {
            "cholec80_video41": 57.407693869011986,
            "cholec80_video43": 48.69156038070738,
            "cholec80_video44": 53.48532143159866,
            "cholec80_video45": 62.126453331157826,
            "cholec80_video46": 63.450914805657,
            "cholec80_video47": 58.87526745914566,
            "cholec80_video48": 60.886593038295786
        }
    },
    "Endoscapes": {
        "mAP": 33.10434607663763,
        "mAP_EMA": 37.809245665424626,
        "mAP_per_class": {
            "C0": 33.071097808903055,
            "C1": 34.944889418240855,
            "C2": 31.297051002768995
        },
        "mAP_per_class_EMA": {
            "C0": 36.97254578158209,
            "C1": 39.59667685865485,
            "C2": 36.85851435603694
        }
    },
    "CholecT50": {
        "AP": {
            "AP_i": 60.445097342484694,
            "AP_v": 42.677383247064796,
            "AP_t": 30.752297274574843,
            "AP_iv": 26.491937216707313,
            "AP_it": 25.08027534035369,
            "AP_ivt": 21.57035998580557
        },
        "AP_EMA": {
            "AP_i": 65.15954801884783,
            "AP_v": 44.53832862496367,
            "AP_t": 33.4688991266757,
            "AP_iv": 28.470247466575284,
            "AP_it": 28.932997739598527,
            "AP_ivt": 24.603926782130817
        }
    }
}