{
    "Test": false,
    "Cholec80": {
        "F1_score": 55.11199511674679,
        "F1_score_EMA": 58.19604599920409,
        "Per_video_f1": {
            "cholec80_video41": 59.18192771740455,
            "cholec80_video43": 41.72514229906518,
            "cholec80_video44": 49.54139224762146,
            "cholec80_video45": 61.20380383247078,
            "cholec80_video46": 61.44824273683967,
            "cholec80_video47": 52.8388421604986,
            "cholec80_video48": 59.844614823327305
        },
        "Per_video_f1_EMA": {
            "cholec80_video41": 56.91817272511967,
            "cholec80_video43": 49.14557215647485,
            "cholec80_video44": 54.270546393327,
            "cholec80_video45": 63.15146372185871,
            "cholec80_video46": 62.30164136959687,
            "cholec80_video47": 60.03032022595496,
            "cholec80_video48": 61.55460540209656
        }
    },
    "Endoscapes": {
        "mAP": 35.77805449032637,
        "mAP_EMA": 37.89427507458293,
        "mAP_per_class": {
            "C0": 35.177851704544636,
            "C1": 36.68707378634082,
            "C2": 35.469237980093645
        },
        "mAP_per_class_EMA": {
            "C0": 37.01752892766017,
            "C1": 39.64249614289177,
            "C2": 37.02280015319685
        }
    },
    "CholecT50": {
        "AP": {
            "AP_i": 61.3132862358896,
            "AP_v": 43.33279886234788,
            "AP_t": 30.877494358651933,
            "AP_iv": 27.165982259287645,
            "AP_it": 24.981866614878943,
            "AP_ivt": 21.896992478367938
        },
        "AP_EMA": {
            "AP_i": 65.36180860978827,
            "AP_v": 44.61449147902925,
            "AP_t": 33.86804942659239,
            "AP_iv": 28.60936568417491,
            "AP_it": 29.311712213307597,
            "AP_ivt": 24.96148838105825
        }
    }
}