{
    "Test": false,
    "Cholec80": {
        "F1_score": 58.67807144788037,
        "F1_score_EMA": 13.04527909735537,
        "Per_video_f1": {
            "cholec80_video41": 62.077016240121296,
            "cholec80_video43": 57.081585723204064,
            "cholec80_video44": 55.08100384053991,
            "cholec80_video45": 56.647399602297845,
            "cholec80_video46": 62.64767178824774,
            "cholec80_video47": 59.06652535189334,
            "cholec80_video48": 58.14529758885841
        },
        "Per_video_f1_EMA": {
            "cholec80_video41": 11.610961332329625,
            "cholec80_video43": 10.077650721969988,
            "cholec80_video44": 12.9399367569807,
            "cholec80_video45": 15.102558705920352,
            "cholec80_video46": 16.25489689873221,
            "cholec80_video47": 12.822114420331982,
            "cholec80_video48": 12.508834845222738
        }
    },
    "Endoscapes": {
        "mAP": 34.922105955352635,
        "mAP_EMA": 15.769232027611201,
        "mAP_per_class": {
            "C0": 35.82294005762873,
            "C1": 34.22716740793664,
            "C2": 34.71621040049253
        },
        "mAP_per_class_EMA": {
            "C0": 15.36629989268896,
            "C1": 9.500055219301709,
            "C2": 22.441340970842933
        }
    },
    "CholecT50": {
        "AP": {
            "AP_i": 66.03018803790722,
            "AP_v": 45.461667273206174,
            "AP_t": 36.34465485249891,
            "AP_iv": 28.6443348293327,
            "AP_it": 28.454172620417623,
            "AP_ivt": 24.856722301956076
        },
        "AP_EMA": {
            "AP_i": 31.440231011538415,
            "AP_v": 21.41611649059977,
            "AP_t": 17.340304131138694,
            "AP_iv": 12.542653203045862,
            "AP_it": 10.446524242890325,
            "AP_ivt": 8.862839629596234
        }
    }
}