{
    "Test": true,
    "Cholec80": {
        "F1_score": 58.12569322149922,
        "F1_score_EMA": null,
        "Per_video_f1": {
            "cholec80_video51": 70.93221213982478,
            "cholec80_video53": 53.81740043558557,
            "cholec80_video54": 60.6126371556571,
            "cholec80_video55": 74.11409031816963,
            "cholec80_video58": 42.02872064634964,
            "cholec80_video59": 62.86294740245463,
            "cholec80_video61": 42.41300803822094,
            "cholec80_video63": 56.64086820213035,
            "cholec80_video64": 65.39208056692797,
            "cholec80_video69": 75.95757655693161,
            "cholec80_video73": 70.35198590173565,
            "cholec80_video74": 53.06306778292649,
            "cholec80_video76": 65.01333559691147,
            "cholec80_video77": 55.1906027615506,
            "cholec80_video80": 23.494864817111807
        },
        "Per_video_f1_EMA": null
    },
    "Endoscapes": {
        "mAP": 47.470816811471536,
        "mAP_EMA": null,
        "mAP_per_class": {
            "C0": 37.775865861101195,
            "C1": 37.78534956938644,
            "C2": 66.85123500392697
        },
        "mAP_per_class_EMA": null
    },
    "CholecT50": {
        "AP": {
            "AP_i": 78.92054885936227,
            "AP_v": 53.34706348697631,
            "AP_t": 38.62464389549872,
            "AP_iv": 32.729364882422146,
            "AP_it": 31.150765240988502,
            "AP_ivt": 25.419538286905883
        },
        "AP_EMA": null
    }
}