{
    "Test": false,
    "Cholec80": {
        "F1_score": 69.47765617661206,
        "F1_score_EMA": 73.79156592182427,
        "Per_video_f1": {
            "cholec80_video41": 67.76423750018034,
            "cholec80_video43": 71.55837616281966,
            "cholec80_video44": 72.18484663344788,
            "cholec80_video45": 77.4669194868579,
            "cholec80_video46": 72.41175731689368,
            "cholec80_video47": 52.91226535493655,
            "cholec80_video48": 72.04519078114843
        },
        "Per_video_f1_EMA": {
            "cholec80_video41": 69.6902017161025,
            "cholec80_video43": 71.2846848127757,
            "cholec80_video44": 71.88266465459083,
            "cholec80_video45": 81.24206799700502,
            "cholec80_video46": 75.97657187679026,
            "cholec80_video47": 69.92240162818148,
            "cholec80_video48": 76.54236876732415
        }
    },
    "Endoscapes": {
        "mAP": 49.24596231635281,
        "mAP_EMA": 52.62537674986052,
        "mAP_per_class": {
            "C0": 43.732579343948494,
            "C1": 53.132954220077686,
            "C2": 50.87235338503224
        },
        "mAP_per_class_EMA": {
            "C0": 50.12186924610782,
            "C1": 56.81405815414987,
            "C2": 50.94020284932388
        }
    },
    "CholecT50": {
        "AP": {
            "AP_i": 84.1551432176496,
            "AP_v": 61.445849877214926,
            "AP_t": 40.38734622492238,
            "AP_iv": 38.43227418288034,
            "AP_it": 34.35121946356333,
            "AP_ivt": 29.88679474736282
        },
        "AP_EMA": {
            "AP_i": 87.91935166366189,
            "AP_v": 67.43611525932673,
            "AP_t": 43.06579419808642,
            "AP_iv": 43.49405558129498,
            "AP_it": 38.39653135864929,
            "AP_ivt": 34.630115723746606
        }
    }
}