{
    "Test": false,
    "Cholec80": {
        "F1_score": 68.90891472368966,
        "F1_score_EMA": 74.04560859793393,
        "Per_video_f1": {
            "cholec80_video41": 57.69602837722962,
            "cholec80_video43": 70.58987600671271,
            "cholec80_video44": 71.75264778284571,
            "cholec80_video45": 75.05542460650182,
            "cholec80_video46": 73.48605769001828,
            "cholec80_video47": 64.91735044367385,
            "cholec80_video48": 68.86501815884561
        },
        "Per_video_f1_EMA": {
            "cholec80_video41": 66.17945861186256,
            "cholec80_video43": 72.57290815254936,
            "cholec80_video44": 71.76216221539794,
            "cholec80_video45": 79.8426745603486,
            "cholec80_video46": 75.85251667696377,
            "cholec80_video47": 74.78335502809362,
            "cholec80_video48": 77.32618494032168
        }
    },
    "Endoscapes": {
        "mAP": 52.18052890588829,
        "mAP_EMA": 53.178042454628205,
        "mAP_per_class": {
            "C0": 52.47760960035171,
            "C1": 54.60533120685807,
            "C2": 49.458645910455076
        },
        "mAP_per_class_EMA": {
            "C0": 50.34582745570674,
            "C1": 56.45003022471502,
            "C2": 52.738269683462846
        }
    },
    "CholecT50": {
        "AP": {
            "AP_i": 86.42091315665404,
            "AP_v": 61.736156024819344,
            "AP_t": 40.35836911821753,
            "AP_iv": 41.509720950774096,
            "AP_it": 35.85431550776257,
            "AP_ivt": 32.41958778325036
        },
        "AP_EMA": {
            "AP_i": 86.84722021190949,
            "AP_v": 63.498393336701135,
            "AP_t": 44.81092958399389,
            "AP_iv": 42.3272674559775,
            "AP_it": 39.78856214348427,
            "AP_ivt": 35.80675097044908
        }
    }
}