{
    "Test": false,
    "Dataset": "CholecT50",
    "Results": [
        {
            "AP_i": 39.12211187746602,
            "AP_v": 28.991465268969442,
            "AP_t": 24.325688131217877,
            "AP_iv": 17.079395236993577,
            "AP_it": 14.780849724511956,
            "AP_ivt": 12.287360586730498
        },
        {
            "AP_i": 30.80680587375302,
            "AP_v": 20.601948550626197,
            "AP_t": 17.857365425531558,
            "AP_iv": 11.92170804819538,
            "AP_it": 9.941072246615121,
            "AP_ivt": 7.791997062947698
        }
    ]
}