{
    "Test": true,
    "Dataset": "CholecT50",
    "Results": [
        {
            "AP_i": 64.04794367901631,
            "AP_v": 43.034417304003156,
            "AP_t": 32.73010743726956,
            "AP_iv": 24.383316256468557,
            "AP_it": 21.86946549005158,
            "AP_ivt": 16.670556534366256
        },
        null
    ]
}