{
    "Test": false,
    "Dataset": "CholecT50",
    "Results": [
        {
            "AP_i": 30.443837729951056,
            "AP_v": 19.446816083206336,
            "AP_t": 17.56384146122619,
            "AP_iv": 11.521693992213267,
            "AP_it": 9.749812439497845,
            "AP_ivt": 7.483881737465885
        },
        {
            "AP_i": 26.396096501898423,
            "AP_v": 16.467648446296174,
            "AP_t": 11.675516949228044,
            "AP_iv": 9.126601284179456,
            "AP_it": 8.128005577509182,
            "AP_ivt": 5.683726099951977
        }
    ]
}