{
    "Test": false,
    "Dataset": "CholecT50",
    "Results": [
        {
            "AP_i": 66.21456298813008,
            "AP_v": 44.219228389317564,
            "AP_t": 34.705408706768864,
            "AP_iv": 26.643854919909266,
            "AP_it": 27.003896962118695,
            "AP_ivt": 23.263475896959477
        },
        {
            "AP_i": 53.06786348955265,
            "AP_v": 35.66756855368851,
            "AP_t": 29.171714515236708,
            "AP_iv": 21.31075039354668,
            "AP_it": 19.645687141212,
            "AP_ivt": 17.25493232253979
        }
    ]
}