{
    "Test": false,
    "Dataset": "CholecT50",
    "Results": [
        {
            "AP_i": 26.03026198453871,
            "AP_v": 16.91232227541612,
            "AP_t": 13.601571831610952,
            "AP_iv": 9.294982695231091,
            "AP_it": 8.603546092294405,
            "AP_ivt": 7.139783508647323
        },
        {
            "AP_i": 26.65564865828165,
            "AP_v": 17.69126543986526,
            "AP_t": 12.470501101518805,
            "AP_iv": 9.511794045323745,
            "AP_it": 6.333849476106563,
            "AP_ivt": 5.515855382922698
        }
    ]
}