{
    "Test": false,
    "Dataset": "CholecT50",
    "Results": [
        {
            "AP_i": 31.484628676884427,
            "AP_v": 21.726098851994905,
            "AP_t": 16.865474495094652,
            "AP_iv": 12.426660796322775,
            "AP_it": 10.833143809465952,
            "AP_ivt": 8.552124842253
        },
        {
            "AP_i": 26.619588149549326,
            "AP_v": 17.38439751878895,
            "AP_t": 12.91507147215445,
            "AP_iv": 9.891103048634033,
            "AP_it": 8.43896607741354,
            "AP_ivt": 6.339967404354065
        }
    ]
}