{
    "Test": false,
    "Dataset": "CholecT50",
    "Results": [
        {
            "AP_i": 72.247632738056,
            "AP_v": 48.33602010276106,
            "AP_t": 36.77394228380512,
            "AP_iv": 29.88520829111728,
            "AP_it": 30.80396079356267,
            "AP_ivt": 25.603899888353443
        },
        {
            "AP_i": 66.51850677006179,
            "AP_v": 46.01746907720946,
            "AP_t": 34.30869693962402,
            "AP_iv": 28.49764484427203,
            "AP_it": 29.561581408892586,
            "AP_ivt": 24.099851019037466
        }
    ]
}