{
    "Test": false,
    "Dataset": "CholecT50",
    "Results": [
        {
            "AP_i": 70.86859210780499,
            "AP_v": 48.25759484458811,
            "AP_t": 36.43467062038838,
            "AP_iv": 30.59963466820234,
            "AP_it": 30.703110143473417,
            "AP_ivt": 25.440150922857132
        },
        {
            "AP_i": 65.46198273796652,
            "AP_v": 44.85730225435374,
            "AP_t": 33.698607520638184,
            "AP_iv": 27.62327856977774,
            "AP_it": 28.565575304520774,
            "AP_ivt": 23.27769086844972
        }
    ]
}