{
    "Test": false,
    "Cholec80": {
        "F1_score": 76.68159156212155,
        "F1_score_EMA": 79.37283686404945,
        "Per_video_f1": {
            "cholec80_video41": 77.8299552737655,
            "cholec80_video43": 68.7666063242778,
            "cholec80_video44": 87.22001461333413,
            "cholec80_video45": 80.49963949767756,
            "cholec80_video46": 83.9212495316967,
            "cholec80_video47": 61.819754958725035,
            "cholec80_video48": 76.7139207353741
        },
        "Per_video_f1_EMA": {
            "cholec80_video41": 79.62782395994076,
            "cholec80_video43": 70.47467749180818,
            "cholec80_video44": 87.85130328007611,
            "cholec80_video45": 83.24661182034305,
            "cholec80_video46": 85.87721265879514,
            "cholec80_video47": 66.21039908317047,
            "cholec80_video48": 82.32182975421244
        }
    },
    "Endoscapes": {
        "mAP": 45.876172701753745,
        "mAP_EMA": 49.01688193700958,
        "mAP_per_class": {
            "C0": 47.57802197514972,
            "C1": 46.34577764394453,
            "C2": 43.704718486166996
        },
        "mAP_per_class_EMA": {
            "C0": 49.7762522760045,
            "C1": 49.90408892114386,
            "C2": 47.37030461388038
        }
    },
    "CholecT50": {
        "AP": {
            "AP_i": 92.34319146627415,
            "AP_v": 65.16895088225407,
            "AP_t": 47.285243741211055,
            "AP_iv": 41.61953789198284,
            "AP_it": 42.96213997966461,
            "AP_ivt": 35.922197539247435
        },
        "AP_EMA": {
            "AP_i": 93.58330979045733,
            "AP_v": 65.81039402714728,
            "AP_t": 49.18010394744455,
            "AP_iv": 45.68052079863396,
            "AP_it": 46.77218684697417,
            "AP_ivt": 41.19198234415659
        }
    }
}