{
    "Test": false,
    "Cholec80": {
        "F1_score": 77.93233363754635,
        "F1_score_EMA": 79.25459528849237,
        "Per_video_f1": {
            "cholec80_video41": 80.50780373966029,
            "cholec80_video43": 67.88534586914331,
            "cholec80_video44": 84.30168810135166,
            "cholec80_video45": 81.80225737874552,
            "cholec80_video46": 82.45555578007158,
            "cholec80_video47": 69.2638025660653,
            "cholec80_video48": 79.30988202778676
        },
        "Per_video_f1_EMA": {
            "cholec80_video41": 79.31171822440817,
            "cholec80_video43": 71.39840916171954,
            "cholec80_video44": 87.17107531778136,
            "cholec80_video45": 83.51803852609571,
            "cholec80_video46": 86.09621359457084,
            "cholec80_video47": 65.28214544688888,
            "cholec80_video48": 82.00456674798204
        }
    },
    "Endoscapes": {
        "mAP": 54.553899184011776,
        "mAP_EMA": 47.0749054143081,
        "mAP_per_class": {
            "C0": 54.515133446171724,
            "C1": 56.40818794931284,
            "C2": 52.73837615655077
        },
        "mAP_per_class_EMA": {
            "C0": 47.81261209155277,
            "C1": 46.72553201147807,
            "C2": 46.68657213989346
        }
    },
    "CholecT50": {
        "AP": {
            "AP_i": 91.84115059765674,
            "AP_v": 63.05178685217275,
            "AP_t": 46.73825593889838,
            "AP_iv": 42.22045327661975,
            "AP_it": 44.8104157613775,
            "AP_ivt": 37.05913630769062
        },
        "AP_EMA": {
            "AP_i": 93.78697237670515,
            "AP_v": 65.1589283426705,
            "AP_t": 49.42025194360341,
            "AP_iv": 45.60955868769309,
            "AP_it": 48.70670456753068,
            "AP_ivt": 41.907412585094896
        }
    }
}