{
    "Test": false,
    "Cholec80": {
        "F1_score": 75.61579809192882,
        "F1_score_EMA": 78.66707770821674,
        "Per_video_f1": {
            "cholec80_video41": 81.68990696244656,
            "cholec80_video43": 65.08723241023547,
            "cholec80_video44": 79.59077662813334,
            "cholec80_video45": 78.89712166340368,
            "cholec80_video46": 81.26978700158838,
            "cholec80_video47": 64.60689013592969,
            "cholec80_video48": 78.16887184176461
        },
        "Per_video_f1_EMA": {
            "cholec80_video41": 77.03489721571215,
            "cholec80_video43": 69.73222187117813,
            "cholec80_video44": 87.07008719394287,
            "cholec80_video45": 82.86642194984744,
            "cholec80_video46": 85.73113201779213,
            "cholec80_video47": 65.53625759316525,
            "cholec80_video48": 82.69852611587922
        }
    },
    "Endoscapes": {
        "mAP": 44.597185944365094,
        "mAP_EMA": 48.17938975079137,
        "mAP_per_class": {
            "C0": 44.88582699952971,
            "C1": 46.172073403195604,
            "C2": 42.73365743036996
        },
        "mAP_per_class_EMA": {
            "C0": 49.53322270855285,
            "C1": 50.48675544066412,
            "C2": 44.51819110315716
        }
    },
    "CholecT50": {
        "AP": {
            "AP_i": 89.783039535908,
            "AP_v": 62.82161446888125,
            "AP_t": 43.914249402600745,
            "AP_iv": 38.83961870807298,
            "AP_it": 37.422832563391744,
            "AP_ivt": 30.868858023108814
        },
        "AP_EMA": {
            "AP_i": 92.45965194116307,
            "AP_v": 65.60352658361215,
            "AP_t": 47.66117633609708,
            "AP_iv": 43.45299410838508,
            "AP_it": 42.008929177056295,
            "AP_ivt": 35.27357386537455
        }
    }
}