{
    "Test": false,
    "Cholec80": {
        "F1_score": 74.01817497629942,
        "F1_score_EMA": 79.44837448475961,
        "Per_video_f1": {
            "cholec80_video41": 73.31710401291255,
            "cholec80_video43": 70.03711209405294,
            "cholec80_video44": 76.41802336886117,
            "cholec80_video45": 78.0925679599547,
            "cholec80_video46": 77.92509785745077,
            "cholec80_video47": 60.862655020523285,
            "cholec80_video48": 81.47466452034051
        },
        "Per_video_f1_EMA": {
            "cholec80_video41": 79.34040701288438,
            "cholec80_video43": 70.14745306330468,
            "cholec80_video44": 88.62491063898563,
            "cholec80_video45": 82.68264744292136,
            "cholec80_video46": 86.12078833743341,
            "cholec80_video47": 66.09900039531188,
            "cholec80_video48": 83.1234145024759
        }
    },
    "Endoscapes": {
        "mAP": 50.004740862064864,
        "mAP_EMA": 50.04195107136794,
        "mAP_per_class": {
            "C0": 52.95992095381208,
            "C1": 49.47949294029719,
            "C2": 47.57480869208531
        },
        "mAP_per_class_EMA": {
            "C0": 51.704220122059255,
            "C1": 51.43015768994198,
            "C2": 46.99147540210258
        }
    },
    "CholecT50": {
        "AP": {
            "AP_i": 90.5045120627387,
            "AP_v": 64.321048122201,
            "AP_t": 45.867989585625615,
            "AP_iv": 40.77118077524458,
            "AP_it": 38.74066205306007,
            "AP_ivt": 32.25490561053777
        },
        "AP_EMA": {
            "AP_i": 93.53656879882362,
            "AP_v": 66.54134417795241,
            "AP_t": 48.518605687493775,
            "AP_iv": 45.24808452152769,
            "AP_it": 46.14062095389504,
            "AP_ivt": 40.15498526610273
        }
    }
}