{
    "Test": false,
    "Cholec80": {
        "F1_score": 75.30055811215887,
        "F1_score_EMA": 78.13799243213903,
        "Per_video_f1": {
            "cholec80_video41": 73.8930222738299,
            "cholec80_video43": 69.92594790393606,
            "cholec80_video44": 87.4772076942393,
            "cholec80_video45": 75.83479714493781,
            "cholec80_video46": 83.53412851987987,
            "cholec80_video47": 58.03736568894854,
            "cholec80_video48": 78.40143755934064
        },
        "Per_video_f1_EMA": {
            "cholec80_video41": 79.2323395565615,
            "cholec80_video43": 70.28461417636666,
            "cholec80_video44": 86.20553286254109,
            "cholec80_video45": 82.08214925448452,
            "cholec80_video46": 84.88760785883161,
            "cholec80_video47": 62.01890779546623,
            "cholec80_video48": 82.25479552072159
        }
    },
    "Endoscapes": {
        "mAP": 54.5536476052345,
        "mAP_EMA": 54.86851911193981,
        "mAP_per_class": {
            "C0": 55.679650343679434,
            "C1": 56.10586286689239,
            "C2": 51.87542960513169
        },
        "mAP_per_class_EMA": {
            "C0": 55.73238059491425,
            "C1": 56.665999919566254,
            "C2": 52.20717682133894
        }
    },
    "CholecT50": {
        "AP": {
            "AP_i": 91.45562289189893,
            "AP_v": 62.58134578083592,
            "AP_t": 43.993044546597055,
            "AP_iv": 39.206742031743175,
            "AP_it": 40.512917348232314,
            "AP_ivt": 32.89001950856745
        },
        "AP_EMA": {
            "AP_i": 92.54007013955588,
            "AP_v": 64.32066672477075,
            "AP_t": 48.083040586004245,
            "AP_iv": 42.23908045043892,
            "AP_it": 47.96868949308224,
            "AP_ivt": 39.06906564025575
        }
    }
}