{
    "Test": false,
    "Cholec80": {
        "F1_score": 76.32259484666403,
        "F1_score_EMA": 74.46240958764984,
        "Per_video_f1": {
            "cholec80_video41": 72.79938991050122,
            "cholec80_video43": 70.01976482947951,
            "cholec80_video44": 84.56899537410409,
            "cholec80_video45": 80.66808316504623,
            "cholec80_video46": 83.68720124536459,
            "cholec80_video47": 60.38240276683394,
            "cholec80_video48": 82.13232663531868
        },
        "Per_video_f1_EMA": {
            "cholec80_video41": 75.89055833331864,
            "cholec80_video43": 72.64952855475097,
            "cholec80_video44": 78.08982162593996,
            "cholec80_video45": 72.59182550280806,
            "cholec80_video46": 81.47437963892902,
            "cholec80_video47": 66.75773253283594,
            "cholec80_video48": 73.78302092496635
        }
    },
    "Endoscapes": {
        "mAP": 44.366014062729256,
        "mAP_EMA": 39.4263313014867,
        "mAP_per_class": {
            "C0": 44.768342503532224,
            "C1": 42.01850227975626,
            "C2": 46.31119740489928
        },
        "mAP_per_class_EMA": {
            "C0": 38.64364783757477,
            "C1": 36.55778204709089,
            "C2": 43.07756401979444
        }
    },
    "CholecT50": {
        "AP": {
            "AP_i": 89.29918070449368,
            "AP_v": 60.77864625947427,
            "AP_t": 47.0526977109319,
            "AP_iv": 43.36024737007151,
            "AP_it": 44.82154831094906,
            "AP_ivt": 38.699173816435604
        },
        "AP_EMA": {
            "AP_i": 89.54990425735218,
            "AP_v": 61.24694493157442,
            "AP_t": 48.45517136458896,
            "AP_iv": 41.06590337877757,
            "AP_it": 42.00331452444307,
            "AP_ivt": 37.45646876442877
        }
    }
}