{
    "Test": true,
    "Cholec80": {
        "F1_score": 73.92904168231073,
        "F1_score_EMA": null,
        "Per_video_f1": {
            "cholec80_video51": 75.32292231924221,
            "cholec80_video53": 74.8626873453576,
            "cholec80_video54": 76.90661869670247,
            "cholec80_video55": 81.85784863268363,
            "cholec80_video58": 55.843357381947264,
            "cholec80_video59": 85.91595588287406,
            "cholec80_video61": 74.46837310662035,
            "cholec80_video63": 67.2510298801758,
            "cholec80_video64": 81.63359576291231,
            "cholec80_video69": 85.64764681191522,
            "cholec80_video73": 86.74399193917053,
            "cholec80_video74": 69.57129389542871,
            "cholec80_video76": 70.77550168791635,
            "cholec80_video77": 80.51992029025216,
            "cholec80_video80": 41.614881601462194
        },
        "Per_video_f1_EMA": null
    },
    "Endoscapes": {
        "mAP": 48.003183014841426,
        "mAP_EMA": null,
        "mAP_per_class": {
            "C0": 44.121105562962164,
            "C1": 40.91480925957234,
            "C2": 58.97363422198978
        },
        "mAP_per_class_EMA": null
    },
    "CholecT50": {
        "AP": {
            "AP_i": 87.28763683849463,
            "AP_v": 60.739195898314435,
            "AP_t": 40.71113315897396,
            "AP_iv": 37.962633487434964,
            "AP_it": 35.506198887372136,
            "AP_ivt": 29.932199455683374
        },
        "AP_EMA": null
    }
}