{
    "Test": false,
    "Cholec80": {
        "F1_score": 75.9885736364683,
        "F1_score_EMA": 78.46835047528673,
        "Per_video_f1": {
            "cholec80_video41": 76.56783536422238,
            "cholec80_video43": 69.46861313612432,
            "cholec80_video44": 82.26691407895687,
            "cholec80_video45": 78.79396653000344,
            "cholec80_video46": 78.91956479409308,
            "cholec80_video47": 68.73959017467534,
            "cholec80_video48": 77.16353137720266
        },
        "Per_video_f1_EMA": {
            "cholec80_video41": 75.0293647344342,
            "cholec80_video43": 72.56201030021431,
            "cholec80_video44": 86.68292312376792,
            "cholec80_video45": 81.53062384022269,
            "cholec80_video46": 85.20306525257652,
            "cholec80_video47": 66.57161851820315,
            "cholec80_video48": 81.69884755758832
        }
    },
    "Endoscapes": {
        "mAP": 45.24606961752298,
        "mAP_EMA": 49.631347041967814,
        "mAP_per_class": {
            "C0": 46.07046188308212,
            "C1": 45.58411508776701,
            "C2": 44.0836318817198
        },
        "mAP_per_class_EMA": {
            "C0": 51.8362884754312,
            "C1": 50.33223868499237,
            "C2": 46.72551396547986
        }
    },
    "CholecT50": {
        "AP": {
            "AP_i": 90.2838110848147,
            "AP_v": 61.748532988920466,
            "AP_t": 42.768444122920386,
            "AP_iv": 43.09788877992769,
            "AP_it": 39.03211663041271,
            "AP_ivt": 33.23860042993862
        },
        "AP_EMA": {
            "AP_i": 93.25812305455105,
            "AP_v": 68.13599205485838,
            "AP_t": 48.06179549761772,
            "AP_iv": 46.958258347593784,
            "AP_it": 44.74355466122189,
            "AP_ivt": 38.93295550341586
        }
    }
}