{
    "Test": false,
    "Cholec80": {
        "F1_score": 76.93725929910292,
        "F1_score_EMA": 78.47015554628219,
        "Per_video_f1": {
            "cholec80_video41": 78.69526493759774,
            "cholec80_video43": 67.31555419818687,
            "cholec80_video44": 83.19568445013485,
            "cholec80_video45": 79.68374135514858,
            "cholec80_video46": 80.8059475364478,
            "cholec80_video47": 69.10669536984054,
            "cholec80_video48": 79.75792724636408
        },
        "Per_video_f1_EMA": {
            "cholec80_video41": 75.34896830724918,
            "cholec80_video43": 73.10501238371057,
            "cholec80_video44": 86.3867864315732,
            "cholec80_video45": 80.56659425331313,
            "cholec80_video46": 85.20663313905784,
            "cholec80_video47": 66.78943221690096,
            "cholec80_video48": 81.88766209217046
        }
    },
    "Endoscapes": {
        "mAP": 37.319710061650454,
        "mAP_EMA": 49.08543848602209,
        "mAP_per_class": {
            "C0": 42.069892788247024,
            "C1": 38.042744177465075,
            "C2": 31.846493219239274
        },
        "mAP_per_class_EMA": {
            "C0": 51.260310898049056,
            "C1": 47.958120366254235,
            "C2": 48.03788419376298
        }
    },
    "CholecT50": {
        "AP": {
            "AP_i": 88.77234563081242,
            "AP_v": 63.944728490097404,
            "AP_t": 45.76716923766365,
            "AP_iv": 43.10614709787875,
            "AP_it": 41.60297603047361,
            "AP_ivt": 36.134371667446544
        },
        "AP_EMA": {
            "AP_i": 93.8920803837155,
            "AP_v": 67.50290561750504,
            "AP_t": 48.81359960778465,
            "AP_iv": 46.61093569971606,
            "AP_it": 45.92165803937455,
            "AP_ivt": 39.760704951107755
        }
    }
}