{
    "Test": true,
    "Cholec80": {
        "F1_score": 75.71853085845534,
        "F1_score_EMA": null,
        "Per_video_f1": {
            "cholec80_video51": 82.20216778722796,
            "cholec80_video53": 75.35075931322427,
            "cholec80_video54": 75.41749821383806,
            "cholec80_video55": 83.56158401187038,
            "cholec80_video58": 60.58381172999555,
            "cholec80_video59": 87.00145077066782,
            "cholec80_video61": 76.87552677784893,
            "cholec80_video63": 71.87228824131378,
            "cholec80_video64": 86.11088335568074,
            "cholec80_video69": 85.28235368811401,
            "cholec80_video73": 89.10333359140643,
            "cholec80_video74": 67.53077553586124,
            "cholec80_video76": 74.86543220669908,
            "cholec80_video77": 78.34007704330604,
            "cholec80_video80": 41.68002060977578
        },
        "Per_video_f1_EMA": null
    },
    "Endoscapes": {
        "mAP": 48.04789921409579,
        "mAP_EMA": null,
        "mAP_per_class": {
            "C0": 41.96801966612143,
            "C1": 39.89588312584691,
            "C2": 62.27979485031905
        },
        "mAP_per_class_EMA": null
    },
    "CholecT50": {
        "AP": {
            "AP_i": 89.92631421525124,
            "AP_v": 63.6102442787532,
            "AP_t": 44.66388384176813,
            "AP_iv": 40.243109878140785,
            "AP_it": 37.376859363343634,
            "AP_ivt": 30.875646129676152
        },
        "AP_EMA": null
    }
}