{
    "Test": true,
    "Cholec80": {
        "F1_score": 70.66112169399406,
        "F1_score_EMA": null,
        "Per_video_f1": {
            "cholec80_video51": 76.40031680461287,
            "cholec80_video53": 72.32180019739823,
            "cholec80_video54": 76.29023280235708,
            "cholec80_video55": 75.94999335770984,
            "cholec80_video58": 50.65792749815575,
            "cholec80_video59": 79.53720131938503,
            "cholec80_video61": 69.01685342151218,
            "cholec80_video63": 63.40494276134889,
            "cholec80_video64": 78.06602937621679,
            "cholec80_video69": 74.59715349012295,
            "cholec80_video73": 79.41304664518377,
            "cholec80_video74": 65.20239468387565,
            "cholec80_video76": 68.70414980849999,
            "cholec80_video77": 79.22636963419103,
            "cholec80_video80": 51.128413609340896
        },
        "Per_video_f1_EMA": null
    },
    "Endoscapes": {
        "mAP": 45.53783837116789,
        "mAP_EMA": null,
        "mAP_per_class": {
            "C0": 45.112085853074326,
            "C1": 34.63384120697061,
            "C2": 56.86758805345872
        },
        "mAP_per_class_EMA": null
    },
    "CholecT50": {
        "AP": {
            "AP_i": 83.2643869177054,
            "AP_v": 58.677900736068736,
            "AP_t": 43.22040225232415,
            "AP_iv": 36.655456485857314,
            "AP_it": 36.40593160921544,
            "AP_ivt": 29.815992967410256
        },
        "AP_EMA": null
    }
}