{
    "Test": false,
    "Cholec80": {
        "F1_score": 77.36425547580673,
        "F1_score_EMA": 78.81448012688779,
        "Per_video_f1": {
            "cholec80_video41": 77.68196426526305,
            "cholec80_video43": 73.28063908642763,
            "cholec80_video44": 85.40173763826081,
            "cholec80_video45": 80.03735213278617,
            "cholec80_video46": 82.41374548834767,
            "cholec80_video47": 62.22830533392233,
            "cholec80_video48": 80.50604438563944
        },
        "Per_video_f1_EMA": {
            "cholec80_video41": 79.04990807051578,
            "cholec80_video43": 73.99817107275265,
            "cholec80_video44": 87.65774198266716,
            "cholec80_video45": 81.21265454974888,
            "cholec80_video46": 85.07736460399914,
            "cholec80_video47": 62.83448140262761,
            "cholec80_video48": 81.87103920590326
        }
    },
    "Endoscapes": {
        "mAP": 50.68303317905965,
        "mAP_EMA": 53.39496201504736,
        "mAP_per_class": {
            "C0": 49.130445423532905,
            "C1": 50.03393396505695,
            "C2": 52.884720148589096
        },
        "mAP_per_class_EMA": {
            "C0": 52.47745067186479,
            "C1": 52.90697798502685,
            "C2": 54.80045738825046
        }
    },
    "CholecT50": {
        "AP": {
            "AP_i": 90.39436014660913,
            "AP_v": 65.31517423400932,
            "AP_t": 44.9936152443333,
            "AP_iv": 43.7746979478937,
            "AP_it": 42.096079704007764,
            "AP_ivt": 35.11011519844562
        },
        "AP_EMA": {
            "AP_i": 92.2413712005128,
            "AP_v": 64.16456008668948,
            "AP_t": 48.81855948589003,
            "AP_iv": 44.590127997868954,
            "AP_it": 46.477511389031925,
            "AP_ivt": 39.83009963974677
        }
    }
}