{
    "Test": false,
    "Cholec80": {
        "F1_score": 76.22672786042521,
        "F1_score_EMA": 73.72159238906796,
        "Per_video_f1": {
            "cholec80_video41": 74.25217898453616,
            "cholec80_video43": 72.9170903099887,
            "cholec80_video44": 83.52829577201334,
            "cholec80_video45": 76.648311770207,
            "cholec80_video46": 81.96321227019588,
            "cholec80_video47": 62.60452157989367,
            "cholec80_video48": 81.67348433614173
        },
        "Per_video_f1_EMA": {
            "cholec80_video41": 74.22457173328249,
            "cholec80_video43": 72.59396699342095,
            "cholec80_video44": 81.41021559792502,
            "cholec80_video45": 72.52055840427684,
            "cholec80_video46": 75.99882602104104,
            "cholec80_video47": 63.52425109825586,
            "cholec80_video48": 75.77875687527353
        }
    },
    "Endoscapes": {
        "mAP": 47.34272399013903,
        "mAP_EMA": 41.694122556967955,
        "mAP_per_class": {
            "C0": 48.188306367284255,
            "C1": 43.16444391315494,
            "C2": 50.67542168997788
        },
        "mAP_per_class_EMA": {
            "C0": 38.50978492978147,
            "C1": 38.860703093206986,
            "C2": 47.71187964791542
        }
    },
    "CholecT50": {
        "AP": {
            "AP_i": 91.7854739570899,
            "AP_v": 62.12891913443222,
            "AP_t": 46.900680297859026,
            "AP_iv": 42.66586130774183,
            "AP_it": 43.94314617625568,
            "AP_ivt": 37.318825929242685
        },
        "AP_EMA": {
            "AP_i": 87.84858882981212,
            "AP_v": 59.17762546167398,
            "AP_t": 47.131398924716706,
            "AP_iv": 39.93556981496499,
            "AP_it": 43.08518311389687,
            "AP_ivt": 37.99411716257384
        }
    }
}