{
    "Test": false,
    "Cholec80": {
        "F1_score": 76.66915727213679,
        "F1_score_EMA": 38.06155108700519,
        "Per_video_f1": {
            "cholec80_video41": 77.04755738769951,
            "cholec80_video43": 70.78318793227182,
            "cholec80_video44": 81.7616236765318,
            "cholec80_video45": 80.27255184939519,
            "cholec80_video46": 80.39882276131715,
            "cholec80_video47": 66.22867688722006,
            "cholec80_video48": 80.191680410522
        },
        "Per_video_f1_EMA": {
            "cholec80_video41": 41.22745632734509,
            "cholec80_video43": 35.578473230531685,
            "cholec80_video44": 44.532346191158226,
            "cholec80_video45": 34.52992038632309,
            "cholec80_video46": 38.32893918794184,
            "cholec80_video47": 36.36829684780528,
            "cholec80_video48": 35.86542543793114
        }
    },
    "Endoscapes": {
        "mAP": 42.4619093225318,
        "mAP_EMA": 26.370203609954352,
        "mAP_per_class": {
            "C0": 43.0054939233775,
            "C1": 39.082853386985086,
            "C2": 45.29738065723283
        },
        "mAP_per_class_EMA": {
            "C0": 25.31292461390302,
            "C1": 22.35511522926883,
            "C2": 31.44257098669121
        }
    },
    "CholecT50": {
        "AP": {
            "AP_i": 91.16022775069429,
            "AP_v": 65.69423196556329,
            "AP_t": 49.19017870869913,
            "AP_iv": 44.87766715195518,
            "AP_it": 45.09717877678801,
            "AP_ivt": 40.76493873805574
        },
        "AP_EMA": {
            "AP_i": 77.67696100825256,
            "AP_v": 52.72082931897107,
            "AP_t": 40.68978569381279,
            "AP_iv": 33.77853094575539,
            "AP_it": 34.28933360680461,
            "AP_ivt": 29.733930184307813
        }
    }
}