{
    "Test": true,
    "Cholec80": {
        "F1_score": 74.38526287610685,
        "F1_score_EMA": null,
        "Per_video_f1": {
            "cholec80_video51": 81.36530740202993,
            "cholec80_video53": 74.34950316685011,
            "cholec80_video54": 70.9128737240954,
            "cholec80_video55": 86.38836635980152,
            "cholec80_video58": 56.89900584449285,
            "cholec80_video59": 89.60277275990344,
            "cholec80_video61": 72.81285580268788,
            "cholec80_video63": 67.57084938623183,
            "cholec80_video64": 85.42835090259277,
            "cholec80_video69": 82.34649775721293,
            "cholec80_video73": 89.54027846035405,
            "cholec80_video74": 69.83737493673331,
            "cholec80_video76": 77.4179405409592,
            "cholec80_video77": 79.57439699988277,
            "cholec80_video80": 31.73256909777483
        },
        "Per_video_f1_EMA": null
    },
    "Endoscapes": {
        "mAP": 48.04273930699718,
        "mAP_EMA": null,
        "mAP_per_class": {
            "C0": 40.68169007548306,
            "C1": 36.52669323044522,
            "C2": 66.91983461506325
        },
        "mAP_per_class_EMA": null
    },
    "CholecT50": {
        "AP": {
            "AP_i": 89.69336233297547,
            "AP_v": 63.20754292644676,
            "AP_t": 45.01873461684158,
            "AP_iv": 40.81054724140606,
            "AP_it": 38.44600543806985,
            "AP_ivt": 31.664664695483378
        },
        "AP_EMA": null
    }
}