{
    "Test": false,
    "Cholec80": {
        "F1_score": 75.14620095162763,
        "F1_score_EMA": 78.48682450353498,
        "Per_video_f1": {
            "cholec80_video41": 76.20770192888357,
            "cholec80_video43": 70.8650598934735,
            "cholec80_video44": 81.90552927936619,
            "cholec80_video45": 80.09917603096343,
            "cholec80_video46": 78.62385771234585,
            "cholec80_video47": 59.25121311120113,
            "cholec80_video48": 79.07086870515974
        },
        "Per_video_f1_EMA": {
            "cholec80_video41": 78.16994362295517,
            "cholec80_video43": 73.95589829610041,
            "cholec80_video44": 86.79424024648395,
            "cholec80_video45": 81.85938382891045,
            "cholec80_video46": 84.46649275161342,
            "cholec80_video47": 63.03166617255593,
            "cholec80_video48": 81.1301466061255
        }
    },
    "Endoscapes": {
        "mAP": 48.69184487326525,
        "mAP_EMA": 51.43339482479107,
        "mAP_per_class": {
            "C0": 48.34478201546581,
            "C1": 47.076187168255906,
            "C2": 50.65456543607403
        },
        "mAP_per_class_EMA": {
            "C0": 50.80680510159007,
            "C1": 49.99064474359811,
            "C2": 53.50273462918504
        }
    },
    "CholecT50": {
        "AP": {
            "AP_i": 90.58527218336776,
            "AP_v": 62.32129530924025,
            "AP_t": 47.485718509001714,
            "AP_iv": 42.81548857000974,
            "AP_it": 46.6986466392706,
            "AP_ivt": 39.35135775365208
        },
        "AP_EMA": {
            "AP_i": 93.24204443209457,
            "AP_v": 63.661590098080275,
            "AP_t": 49.21533266715192,
            "AP_iv": 45.059318794802174,
            "AP_it": 49.17160593510714,
            "AP_ivt": 41.47247414043624
        }
    }
}