{
    "Test": false,
    "Cholec80": {
        "F1_score": 74.87330344878652,
        "F1_score_EMA": 8.583728183999554,
        "Per_video_f1": {
            "cholec80_video41": 70.61112506115134,
            "cholec80_video43": 72.91310408822989,
            "cholec80_video44": 82.19873215120005,
            "cholec80_video45": 77.90094501522633,
            "cholec80_video46": 77.80566159584733,
            "cholec80_video47": 66.69683520847143,
            "cholec80_video48": 75.98672102137921
        },
        "Per_video_f1_EMA": {
            "cholec80_video41": 9.79396754564756,
            "cholec80_video43": 11.85288671404429,
            "cholec80_video44": 7.67495722026924,
            "cholec80_video45": 6.509730868054202,
            "cholec80_video46": 8.375228140036503,
            "cholec80_video47": 5.773104397493971,
            "cholec80_video48": 10.106222402451111
        }
    },
    "Endoscapes": {
        "mAP": 42.87466487355542,
        "mAP_EMA": 16.119772617632734,
        "mAP_per_class": {
            "C0": 42.2936337252072,
            "C1": 39.61984841251334,
            "C2": 46.71051248294571
        },
        "mAP_per_class_EMA": {
            "C0": 16.861207240114645,
            "C1": 13.352841197441276,
            "C2": 18.14526941534228
        }
    },
    "CholecT50": {
        "AP": {
            "AP_i": 88.67463280227844,
            "AP_v": 62.95046712415776,
            "AP_t": 46.43618780786982,
            "AP_iv": 43.653770606169395,
            "AP_it": 45.00863100873945,
            "AP_ivt": 40.95750683444166
        },
        "AP_EMA": {
            "AP_i": 35.520547370099465,
            "AP_v": 22.845252619139114,
            "AP_t": 17.94665159160523,
            "AP_iv": 13.354053338831484,
            "AP_it": 10.711530548475679,
            "AP_ivt": 8.915489516066954
        }
    }
}