{
    "Test": true,
    "Cholec80": {
        "F1_score": 74.09956132698959,
        "F1_score_EMA": null,
        "Per_video_f1": {
            "cholec80_video51": 79.73088008338473,
            "cholec80_video53": 77.14886773528525,
            "cholec80_video54": 74.81503057071814,
            "cholec80_video55": 85.65376548195633,
            "cholec80_video58": 58.625902568391744,
            "cholec80_video59": 88.19219728240425,
            "cholec80_video61": 73.1010895078076,
            "cholec80_video63": 70.2612347330418,
            "cholec80_video64": 82.95275146056142,
            "cholec80_video69": 85.12159935533533,
            "cholec80_video73": 88.91784832570788,
            "cholec80_video74": 66.95796783973901,
            "cholec80_video76": 76.99966963126003,
            "cholec80_video77": 79.29244802993651,
            "cholec80_video80": 23.722167299313828
        },
        "Per_video_f1_EMA": null
    },
    "Endoscapes": {
        "mAP": 47.83838302857446,
        "mAP_EMA": null,
        "mAP_per_class": {
            "C0": 41.60116329539538,
            "C1": 38.67893313514263,
            "C2": 63.23505265518538
        },
        "mAP_per_class_EMA": null
    },
    "CholecT50": {
        "AP": {
            "AP_i": 90.39273855120383,
            "AP_v": 63.28149722717484,
            "AP_t": 46.40818667286659,
            "AP_iv": 41.18070289635706,
            "AP_it": 36.85009114297184,
            "AP_ivt": 30.491220779429476
        },
        "AP_EMA": null
    }
}