{
    "Test": false,
    "Cholec80": {
        "F1_score": 75.38398591006639,
        "F1_score_EMA": 78.0314437522772,
        "Per_video_f1": {
            "cholec80_video41": 73.83594624982186,
            "cholec80_video43": 68.15729949281163,
            "cholec80_video44": 87.67539032049326,
            "cholec80_video45": 76.74073988663346,
            "cholec80_video46": 81.39882062783592,
            "cholec80_video47": 60.29487900164894,
            "cholec80_video48": 79.58482579121959
        },
        "Per_video_f1_EMA": {
            "cholec80_video41": 78.8072587270818,
            "cholec80_video43": 69.33608490104234,
            "cholec80_video44": 85.91585680384206,
            "cholec80_video45": 82.08156460646563,
            "cholec80_video46": 85.02441054355154,
            "cholec80_video47": 63.88338468399043,
            "cholec80_video48": 81.17154599996661
        }
    },
    "Endoscapes": {
        "mAP": 44.600919459031125,
        "mAP_EMA": 54.29355202692801,
        "mAP_per_class": {
            "C0": 45.445156513899285,
            "C1": 44.285745139161044,
            "C2": 44.07185672403305
        },
        "mAP_per_class_EMA": {
            "C0": 55.22184693057237,
            "C1": 57.49885840121163,
            "C2": 50.15995074900004
        }
    },
    "CholecT50": {
        "AP": {
            "AP_i": 87.70765500680601,
            "AP_v": 60.68382912665563,
            "AP_t": 44.20676849955497,
            "AP_iv": 37.89684256999781,
            "AP_it": 40.60057600782132,
            "AP_ivt": 32.47514007753334
        },
        "AP_EMA": {
            "AP_i": 91.56259271873095,
            "AP_v": 63.898808790196405,
            "AP_t": 47.03907717879578,
            "AP_iv": 41.164971919798994,
            "AP_it": 45.19532473303124,
            "AP_ivt": 36.562286586177976
        }
    }
}