{
    "Test": false,
    "Cholec80": {
        "F1_score": 77.40661399774599,
        "F1_score_EMA": 79.09338623245166,
        "Per_video_f1": {
            "cholec80_video41": 79.9065080150713,
            "cholec80_video43": 70.83612396972131,
            "cholec80_video44": 86.42517739890702,
            "cholec80_video45": 80.227420640872,
            "cholec80_video46": 83.19354309182629,
            "cholec80_video47": 63.00996189936231,
            "cholec80_video48": 78.24756296846172
        },
        "Per_video_f1_EMA": {
            "cholec80_video41": 80.26932722266412,
            "cholec80_video43": 70.72578050757106,
            "cholec80_video44": 86.99742454212551,
            "cholec80_video45": 82.57911547952348,
            "cholec80_video46": 83.58164448865128,
            "cholec80_video47": 65.79223257250278,
            "cholec80_video48": 83.70817881412339
        }
    },
    "Endoscapes": {
        "mAP": 47.10348609273238,
        "mAP_EMA": 51.39653962360475,
        "mAP_per_class": {
            "C0": 47.29883077485809,
            "C1": 48.95434026867616,
            "C2": 45.057287234662894
        },
        "mAP_per_class_EMA": {
            "C0": 51.13924746653725,
            "C1": 54.69003932447213,
            "C2": 48.36033207980488
        }
    },
    "CholecT50": {
        "AP": {
            "AP_i": 90.7575289881508,
            "AP_v": 63.37595960059008,
            "AP_t": 44.67798249700702,
            "AP_iv": 41.794371234780925,
            "AP_it": 42.08162835588623,
            "AP_ivt": 34.97836715949464
        },
        "AP_EMA": {
            "AP_i": 91.62517262722353,
            "AP_v": 63.42866767709093,
            "AP_t": 46.116694420256636,
            "AP_iv": 42.85693727948525,
            "AP_it": 43.96598761637541,
            "AP_ivt": 36.4238741347735
        }
    }
}