{
    "Test": false,
    "Cholec80": {
        "F1_score": 77.22699146035292,
        "F1_score_EMA": 72.2518345494914,
        "Per_video_f1": {
            "cholec80_video41": 80.83221245196175,
            "cholec80_video43": 65.66096076416208,
            "cholec80_video44": 88.37355913689639,
            "cholec80_video45": 82.49733199392692,
            "cholec80_video46": 81.16561188096235,
            "cholec80_video47": 66.21759235015527,
            "cholec80_video48": 75.84167164440568
        },
        "Per_video_f1_EMA": {
            "cholec80_video41": 74.90551612940098,
            "cholec80_video43": 74.25552122120068,
            "cholec80_video44": 76.90313072964202,
            "cholec80_video45": 70.8128366225984,
            "cholec80_video46": 70.63615425095306,
            "cholec80_video47": 65.77663180429172,
            "cholec80_video48": 72.47305108835302
        }
    },
    "Endoscapes": {
        "mAP": 49.418997053805015,
        "mAP_EMA": 40.25335555301038,
        "mAP_per_class": {
            "C0": 48.844575474531034,
            "C1": 47.488886977295415,
            "C2": 51.923528709588595
        },
        "mAP_per_class_EMA": {
            "C0": 38.531042694986645,
            "C1": 38.25013842590631,
            "C2": 43.97888553813818
        }
    },
    "CholecT50": {
        "AP": {
            "AP_i": 92.87441990262266,
            "AP_v": 63.65650266504273,
            "AP_t": 49.062113379123645,
            "AP_iv": 43.07457059222145,
            "AP_it": 46.125230494095725,
            "AP_ivt": 39.101451976788496
        },
        "AP_EMA": {
            "AP_i": 89.27477977406937,
            "AP_v": 60.45377797160825,
            "AP_t": 46.777439263524215,
            "AP_iv": 43.20211981471948,
            "AP_it": 42.78454164633532,
            "AP_ivt": 37.84485602915111
        }
    }
}