{
    "Test": false,
    "Cholec80": {
        "F1_score": 76.12905715396407,
        "F1_score_EMA": 78.91570192110112,
        "Per_video_f1": {
            "cholec80_video41": 80.68703128806352,
            "cholec80_video43": 68.39000536277577,
            "cholec80_video44": 82.84474300809617,
            "cholec80_video45": 76.7858162645154,
            "cholec80_video46": 80.56833208273001,
            "cholec80_video47": 61.995562501885146,
            "cholec80_video48": 81.63190956968249
        },
        "Per_video_f1_EMA": {
            "cholec80_video41": 79.93115071670752,
            "cholec80_video43": 71.40449642230456,
            "cholec80_video44": 87.29156481253077,
            "cholec80_video45": 82.17913323261766,
            "cholec80_video46": 83.66551828534202,
            "cholec80_video47": 65.25259982003054,
            "cholec80_video48": 82.68545015817476
        }
    },
    "Endoscapes": {
        "mAP": 48.14357350415,
        "mAP_EMA": 51.14045971871415,
        "mAP_per_class": {
            "C0": 47.87320516813895,
            "C1": 49.230072672151344,
            "C2": 47.32744267215969
        },
        "mAP_per_class_EMA": {
            "C0": 50.61791090451015,
            "C1": 54.32521064477117,
            "C2": 48.47825760686113
        }
    },
    "CholecT50": {
        "AP": {
            "AP_i": 88.30010557247469,
            "AP_v": 61.89738229086735,
            "AP_t": 43.86491995083153,
            "AP_iv": 41.44391177712572,
            "AP_it": 41.3345531828835,
            "AP_ivt": 34.36673170166378
        },
        "AP_EMA": {
            "AP_i": 91.20203917855561,
            "AP_v": 63.21959486292466,
            "AP_t": 45.64824761572369,
            "AP_iv": 42.671416356012884,
            "AP_it": 43.45213610391316,
            "AP_ivt": 35.982084336110546
        }
    }
}