{
    "Test": false,
    "Cholec80": {
        "F1_score": 71.12429494711597,
        "F1_score_EMA": 37.730641447443816,
        "Per_video_f1": {
            "cholec80_video41": 72.48263416840378,
            "cholec80_video43": 68.96892017405358,
            "cholec80_video44": 83.57973138923282,
            "cholec80_video45": 72.9881669927839,
            "cholec80_video46": 72.9292568506759,
            "cholec80_video47": 56.566155868695525,
            "cholec80_video48": 70.35519918596631
        },
        "Per_video_f1_EMA": {
            "cholec80_video41": 44.77785886658689,
            "cholec80_video43": 39.85272999922328,
            "cholec80_video44": 37.81124836877164,
            "cholec80_video45": 36.21031477643699,
            "cholec80_video46": 32.843598804731414,
            "cholec80_video47": 32.68601475959439,
            "cholec80_video48": 39.9327245567621
        }
    },
    "Endoscapes": {
        "mAP": 45.78823555338245,
        "mAP_EMA": 28.871812152669047,
        "mAP_per_class": {
            "C0": 47.46418428034884,
            "C1": 45.79042526213732,
            "C2": 44.1100971176612
        },
        "mAP_per_class_EMA": {
            "C0": 26.239749204030243,
            "C1": 25.163592703226662,
            "C2": 35.21209455075024
        }
    },
    "CholecT50": {
        "AP": {
            "AP_i": 91.57992487939411,
            "AP_v": 61.747126024659124,
            "AP_t": 48.02752157914062,
            "AP_iv": 43.33476191633381,
            "AP_it": 46.55283117689753,
            "AP_ivt": 40.19774804654627
        },
        "AP_EMA": {
            "AP_i": 73.88104210059873,
            "AP_v": 48.56998600642134,
            "AP_t": 37.286571748435016,
            "AP_iv": 30.5940023173026,
            "AP_it": 30.600434975857706,
            "AP_ivt": 24.964294085342374
        }
    }
}