{
    "Test": false,
    "Cholec80": {
        "F1_score": 77.59977658692607,
        "F1_score_EMA": 78.4693938570456,
        "Per_video_f1": {
            "cholec80_video41": 80.37192009274233,
            "cholec80_video43": 71.1361702581218,
            "cholec80_video44": 87.25561986063013,
            "cholec80_video45": 78.01713346388863,
            "cholec80_video46": 83.95105934693406,
            "cholec80_video47": 61.93230580127567,
            "cholec80_video48": 80.53422728488985
        },
        "Per_video_f1_EMA": {
            "cholec80_video41": 80.05009416966993,
            "cholec80_video43": 72.17159147696745,
            "cholec80_video44": 87.68486145716648,
            "cholec80_video45": 83.05132272867758,
            "cholec80_video46": 83.8174759575225,
            "cholec80_video47": 62.66004565865896,
            "cholec80_video48": 79.85036555065635
        }
    },
    "Endoscapes": {
        "mAP": 48.70739225218005,
        "mAP_EMA": 49.547630565820334,
        "mAP_per_class": {
            "C0": 50.1396153063227,
            "C1": 47.22156262374476,
            "C2": 48.76099882647268
        },
        "mAP_per_class_EMA": {
            "C0": 50.22395855616671,
            "C1": 48.95510509955738,
            "C2": 49.46382804173691
        }
    },
    "CholecT50": {
        "AP": {
            "AP_i": 92.09401349383535,
            "AP_v": 61.98050872614325,
            "AP_t": 48.70560558826552,
            "AP_iv": 40.938703277202364,
            "AP_it": 44.846909201943454,
            "AP_ivt": 36.58140379471942
        },
        "AP_EMA": {
            "AP_i": 93.34287026248866,
            "AP_v": 62.81130700015349,
            "AP_t": 48.649082686296566,
            "AP_iv": 43.90876659789912,
            "AP_it": 47.41105607380102,
            "AP_ivt": 39.590910069354365
        }
    }
}