{
    "Test": false,
    "Cholec80": {
        "F1_score": 76.36601923612648,
        "F1_score_EMA": 77.9809314766228,
        "Per_video_f1": {
            "cholec80_video41": 73.85333892747458,
            "cholec80_video43": 70.54695346317399,
            "cholec80_video44": 82.30655024777043,
            "cholec80_video45": 77.31214794787718,
            "cholec80_video46": 83.34050426080091,
            "cholec80_video47": 67.09148234863969,
            "cholec80_video48": 80.11115745714858
        },
        "Per_video_f1_EMA": {
            "cholec80_video41": 75.24912761882095,
            "cholec80_video43": 73.35113478200272,
            "cholec80_video44": 85.95571094323583,
            "cholec80_video45": 80.89599565821636,
            "cholec80_video46": 84.32026919665154,
            "cholec80_video47": 65.25517634328615,
            "cholec80_video48": 80.83910579414609
        }
    },
    "Endoscapes": {
        "mAP": 48.61201208721954,
        "mAP_EMA": 48.106290803797236,
        "mAP_per_class": {
            "C0": 51.20880974431735,
            "C1": 48.87624349098257,
            "C2": 45.750983026358696
        },
        "mAP_per_class_EMA": {
            "C0": 49.61422224603837,
            "C1": 46.873553402401285,
            "C2": 47.83109676295205
        }
    },
    "CholecT50": {
        "AP": {
            "AP_i": 89.67914362476215,
            "AP_v": 61.98619929270417,
            "AP_t": 43.53723824804834,
            "AP_iv": 44.82393116570679,
            "AP_it": 40.196118216269866,
            "AP_ivt": 34.72747808960714
        },
        "AP_EMA": {
            "AP_i": 93.87411262207115,
            "AP_v": 68.48115883955317,
            "AP_t": 49.05361968205344,
            "AP_iv": 47.22688242372275,
            "AP_it": 46.601638610317245,
            "AP_ivt": 40.88671457990869
        }
    }
}