{
    "Test": false,
    "Cholec80": {
        "F1_score": 76.34219951511032,
        "F1_score_EMA": 78.51393607922084,
        "Per_video_f1": {
            "cholec80_video41": 78.53232023773548,
            "cholec80_video43": 72.05593202227772,
            "cholec80_video44": 83.13937341223698,
            "cholec80_video45": 76.61329946406464,
            "cholec80_video46": 82.22641507136458,
            "cholec80_video47": 61.83450718916036,
            "cholec80_video48": 79.99354920893248
        },
        "Per_video_f1_EMA": {
            "cholec80_video41": 79.21618206666025,
            "cholec80_video43": 73.10824197581312,
            "cholec80_video44": 86.75591915586996,
            "cholec80_video45": 81.88989802804369,
            "cholec80_video46": 83.76730106007605,
            "cholec80_video47": 63.04595086366456,
            "cholec80_video48": 81.81405940441829
        }
    },
    "Endoscapes": {
        "mAP": 47.65046997786183,
        "mAP_EMA": 54.86179979669015,
        "mAP_per_class": {
            "C0": 48.57835680146943,
            "C1": 49.40200186751223,
            "C2": 44.97105126460382
        },
        "mAP_per_class_EMA": {
            "C0": 54.16673269645993,
            "C1": 56.739849337126756,
            "C2": 53.678817356483755
        }
    },
    "CholecT50": {
        "AP": {
            "AP_i": 89.38237123744004,
            "AP_v": 62.53030830570465,
            "AP_t": 42.90816206189326,
            "AP_iv": 43.27044548186009,
            "AP_it": 41.79788901326682,
            "AP_ivt": 34.45017545765492
        },
        "AP_EMA": {
            "AP_i": 91.10113993552397,
            "AP_v": 66.509733959179,
            "AP_t": 46.84936427257591,
            "AP_iv": 44.98557275867247,
            "AP_it": 45.98071529476321,
            "AP_ivt": 38.37757538909935
        }
    }
}