{
    "Test": false,
    "Cholec80": {
        "F1_score": 66.13139842905935,
        "F1_score_EMA": 71.48185360408483,
        "Per_video_f1": {
            "cholec80_video41": 67.40150005150723,
            "cholec80_video43": 65.18020180830624,
            "cholec80_video44": 70.46169338914659,
            "cholec80_video45": 67.62757955619526,
            "cholec80_video46": 69.68884907025081,
            "cholec80_video47": 59.11851955585169,
            "cholec80_video48": 63.441445572157576
        },
        "Per_video_f1_EMA": {
            "cholec80_video41": 67.94372575162504,
            "cholec80_video43": 71.34009274521347,
            "cholec80_video44": 78.44737921503389,
            "cholec80_video45": 80.77725156591838,
            "cholec80_video46": 69.96338896009966,
            "cholec80_video47": 61.11606538845028,
            "cholec80_video48": 70.78507160225314
        }
    },
    "Endoscapes": {
        "mAP": 39.612664295655044,
        "mAP_EMA": 44.64285749604478,
        "mAP_per_class": {
            "C0": 44.38463581688427,
            "C1": 32.61658728094409,
            "C2": 41.836769789136774
        },
        "mAP_per_class_EMA": {
            "C0": 44.05088249370494,
            "C1": 42.70481249670911,
            "C2": 47.1728774977203
        }
    },
    "CholecT50": {
        "AP": {
            "AP_i": 78.85564759635177,
            "AP_v": 53.390192769168564,
            "AP_t": 35.61393371101072,
            "AP_iv": 34.00731641170171,
            "AP_it": 32.649656939513825,
            "AP_ivt": 27.130797407672457
        },
        "AP_EMA": {
            "AP_i": 82.65130047941462,
            "AP_v": 61.35624710107152,
            "AP_t": 41.34129005914338,
            "AP_iv": 39.25131615648634,
            "AP_it": 37.736520375374695,
            "AP_ivt": 33.830439068889135
        }
    }
}