{
    "Test": false,
    "Cholec80": {
        "F1_score": 70.19242993628366,
        "F1_score_EMA": 72.59618353892637,
        "Per_video_f1": {
            "cholec80_video41": 71.01933074268605,
            "cholec80_video43": 68.70776105600861,
            "cholec80_video44": 76.01518966613726,
            "cholec80_video45": 75.39560939701249,
            "cholec80_video46": 69.48115587602882,
            "cholec80_video47": 62.98579348351101,
            "cholec80_video48": 67.74216933260135
        },
        "Per_video_f1_EMA": {
            "cholec80_video41": 70.5149428065053,
            "cholec80_video43": 70.40433434228707,
            "cholec80_video44": 80.05150185223043,
            "cholec80_video45": 81.0550157979825,
            "cholec80_video46": 70.81260951846599,
            "cholec80_video47": 63.33823662641661,
            "cholec80_video48": 71.9966438285967
        }
    },
    "Endoscapes": {
        "mAP": 33.131900689408994,
        "mAP_EMA": 38.942996425602566,
        "mAP_per_class": {
            "C0": 40.24067760880189,
            "C1": 25.275906936030157,
            "C2": 33.87911752339494
        },
        "mAP_per_class_EMA": {
            "C0": 42.548359292609724,
            "C1": 35.884621124305774,
            "C2": 38.39600885989219
        }
    },
    "CholecT50": {
        "AP": {
            "AP_i": 76.68128332346298,
            "AP_v": 53.0502574429921,
            "AP_t": 34.3970611321252,
            "AP_iv": 34.32512470062915,
            "AP_it": 32.569490512136106,
            "AP_ivt": 27.588804372452593
        },
        "AP_EMA": {
            "AP_i": 80.82926313778837,
            "AP_v": 56.36747054507207,
            "AP_t": 38.738028954180486,
            "AP_iv": 35.9419868446802,
            "AP_it": 37.169327656035605,
            "AP_ivt": 30.98591224053555
        }
    }
}