{
    "Test": false,
    "Cholec80": {
        "F1_score": 69.12455772714009,
        "F1_score_EMA": 65.30017127267928,
        "Per_video_f1": {
            "cholec80_video41": 64.32894782286473,
            "cholec80_video43": 69.14680448450216,
            "cholec80_video44": 73.07673922758873,
            "cholec80_video45": 75.26775140434623,
            "cholec80_video46": 71.2480814648459,
            "cholec80_video47": 60.67525304228083,
            "cholec80_video48": 70.12832664355206
        },
        "Per_video_f1_EMA": {
            "cholec80_video41": 59.94639922365632,
            "cholec80_video43": 64.8095384662709,
            "cholec80_video44": 71.18340979658304,
            "cholec80_video45": 73.98282940285853,
            "cholec80_video46": 67.2551818736049,
            "cholec80_video47": 57.15370772543595,
            "cholec80_video48": 62.77013242034537
        }
    },
    "Endoscapes": {
        "mAP": 44.99653802818185,
        "mAP_EMA": 37.55384147602117,
        "mAP_per_class": {
            "C0": 50.59906797602658,
            "C1": 42.65769090508847,
            "C2": 41.73285520343051
        },
        "mAP_per_class_EMA": {
            "C0": 32.36710800574764,
            "C1": 37.15837963389316,
            "C2": 43.136036788422714
        }
    },
    "CholecT50": {
        "AP": {
            "AP_i": 81.21095950792738,
            "AP_v": 60.282159733774805,
            "AP_t": 39.95098065155518,
            "AP_iv": 37.90363446984418,
            "AP_it": 38.97916637146528,
            "AP_ivt": 32.91991419324915
        },
        "AP_EMA": {
            "AP_i": 79.26513169042501,
            "AP_v": 57.744584200383756,
            "AP_t": 37.9773517176302,
            "AP_iv": 36.55523376857969,
            "AP_it": 34.71972214927284,
            "AP_ivt": 30.098854018008467
        }
    }
}