{
    "Test": false,
    "Cholec80": {
        "F1_score": 63.34124952990136,
        "F1_score_EMA": 72.02468993930154,
        "Per_video_f1": {
            "cholec80_video41": 63.59326224674222,
            "cholec80_video43": 59.76654889678813,
            "cholec80_video44": 67.27333140137593,
            "cholec80_video45": 68.48398422113763,
            "cholec80_video46": 58.56553344345833,
            "cholec80_video47": 62.960591031545995,
            "cholec80_video48": 62.74549546826129
        },
        "Per_video_f1_EMA": {
            "cholec80_video41": 69.31756750641513,
            "cholec80_video43": 71.36672553640062,
            "cholec80_video44": 78.62380116616386,
            "cholec80_video45": 80.96664584624017,
            "cholec80_video46": 70.39791466446131,
            "cholec80_video47": 61.49878127407774,
            "cholec80_video48": 72.0013935813519
        }
    },
    "Endoscapes": {
        "mAP": 34.9994287309873,
        "mAP_EMA": 43.78636715620401,
        "mAP_per_class": {
            "C0": 37.13892538905483,
            "C1": 34.587512721278536,
            "C2": 33.271848082628516
        },
        "mAP_per_class_EMA": {
            "C0": 45.00265809380956,
            "C1": 41.51267736742083,
            "C2": 44.84376600738163
        }
    },
    "CholecT50": {
        "AP": {
            "AP_i": 78.76484738749579,
            "AP_v": 50.754188735551764,
            "AP_t": 36.39841470740175,
            "AP_iv": 32.626491558918374,
            "AP_it": 33.26005255761971,
            "AP_ivt": 28.00865715558384
        },
        "AP_EMA": {
            "AP_i": 81.83448341152435,
            "AP_v": 58.958046853745415,
            "AP_t": 40.57597036110993,
            "AP_iv": 37.81136615998479,
            "AP_it": 36.891100256548896,
            "AP_ivt": 32.23406472021112
        }
    }
}