{
    "Test": false,
    "Cholec80": {
        "F1_score": 62.05143761040405,
        "F1_score_EMA": 1.5013877228734172,
        "Per_video_f1": {
            "cholec80_video41": 59.60772836441821,
            "cholec80_video43": 57.824348900262535,
            "cholec80_video44": 62.3617437167729,
            "cholec80_video45": 70.64900374749757,
            "cholec80_video46": 60.45984619481203,
            "cholec80_video47": 60.06334056262098,
            "cholec80_video48": 63.39405178644413
        },
        "Per_video_f1_EMA": {
            "cholec80_video41": 1.452342479004529,
            "cholec80_video43": 1.0155106599946644,
            "cholec80_video44": 1.1403061224489797,
            "cholec80_video45": 1.1057809578014473,
            "cholec80_video46": 2.8196745782952677,
            "cholec80_video47": 0.743080066877206,
            "cholec80_video48": 2.233019195691827
        }
    },
    "Endoscapes": {
        "mAP": 41.646390933164035,
        "mAP_EMA": 11.843473689498902,
        "mAP_per_class": {
            "C0": 39.02354700144818,
            "C1": 41.63640862078586,
            "C2": 44.27921717725807
        },
        "mAP_per_class_EMA": {
            "C0": 13.212618026787917,
            "C1": 10.012854433463406,
            "C2": 12.304948608245384
        }
    },
    "CholecT50": {
        "AP": {
            "AP_i": 75.35212120364923,
            "AP_v": 51.65147340454384,
            "AP_t": 40.654749668157564,
            "AP_iv": 32.82438754498499,
            "AP_it": 33.469920674306515,
            "AP_ivt": 27.74419877379031
        },
        "AP_EMA": {
            "AP_i": 21.88670759665679,
            "AP_v": 13.71994038417392,
            "AP_t": 11.510383655751934,
            "AP_iv": 7.703976195094089,
            "AP_it": 5.99905403793863,
            "AP_ivt": 4.80916116825172
        }
    }
}