{
    "Test": false,
    "Cholec80": {
        "F1_score": 69.03615791443548,
        "F1_score_EMA": 70.3095023903594,
        "Per_video_f1": {
            "cholec80_video41": 67.9267513909744,
            "cholec80_video43": 66.76379222132431,
            "cholec80_video44": 76.1354983208707,
            "cholec80_video45": 78.03487127086146,
            "cholec80_video46": 71.6149643398743,
            "cholec80_video47": 60.58875886472958,
            "cholec80_video48": 62.18846899241358
        },
        "Per_video_f1_EMA": {
            "cholec80_video41": 66.74086750783376,
            "cholec80_video43": 69.59264760897976,
            "cholec80_video44": 77.34101571397751,
            "cholec80_video45": 79.78634796581275,
            "cholec80_video46": 70.20849239536214,
            "cholec80_video47": 59.35998418577262,
            "cholec80_video48": 69.13716135477728
        }
    },
    "Endoscapes": {
        "mAP": 39.92836782852331,
        "mAP_EMA": 44.03982801105006,
        "mAP_per_class": {
            "C0": 45.81189447679377,
            "C1": 37.22237506569822,
            "C2": 36.75083394307793
        },
        "mAP_per_class_EMA": {
            "C0": 41.260129490014926,
            "C1": 42.889028124339866,
            "C2": 47.9703264187954
        }
    },
    "CholecT50": {
        "AP": {
            "AP_i": 79.0012465583301,
            "AP_v": 60.29994576551837,
            "AP_t": 38.537285565351915,
            "AP_iv": 38.288427942562805,
            "AP_it": 37.35802011975451,
            "AP_ivt": 31.672247449020436
        },
        "AP_EMA": {
            "AP_i": 83.09270904667879,
            "AP_v": 62.87107864686941,
            "AP_t": 41.68462313130704,
            "AP_iv": 40.44201331993557,
            "AP_it": 38.40236760125148,
            "AP_ivt": 34.19792618428759
        }
    }
}