{
    "Test": false,
    "Cholec80": {
        "F1_score": 70.40376215939828,
        "F1_score_EMA": 76.3832703206453,
        "Per_video_f1": {
            "cholec80_video41": 67.94939405199815,
            "cholec80_video43": 66.35202442779688,
            "cholec80_video44": 74.61950988701741,
            "cholec80_video45": 79.8413310405936,
            "cholec80_video46": 69.66808327210511,
            "cholec80_video47": 63.13133015493454,
            "cholec80_video48": 71.26466228134227
        },
        "Per_video_f1_EMA": {
            "cholec80_video41": 72.72504377225107,
            "cholec80_video43": 74.94859789880876,
            "cholec80_video44": 76.40962779573185,
            "cholec80_video45": 83.03527922860367,
            "cholec80_video46": 75.78671685415664,
            "cholec80_video47": 72.4988381929829,
            "cholec80_video48": 79.27878850198213
        }
    },
    "Endoscapes": {
        "mAP": 44.99543037811815,
        "mAP_EMA": 47.09744309724562,
        "mAP_per_class": {
            "C0": 45.396361889398584,
            "C1": 50.4469501597152,
            "C2": 39.14297908524066
        },
        "mAP_per_class_EMA": {
            "C0": 46.68099934802197,
            "C1": 52.73085852986252,
            "C2": 41.88047141385237
        }
    },
    "CholecT50": {
        "AP": {
            "AP_i": 79.0263247924844,
            "AP_v": 58.14869076076535,
            "AP_t": 38.6450162525229,
            "AP_iv": 35.70781259222774,
            "AP_it": 31.397591654702314,
            "AP_ivt": 27.608471275560678
        },
        "AP_EMA": {
            "AP_i": 86.14473457616664,
            "AP_v": 63.68487080629036,
            "AP_t": 43.39143527917869,
            "AP_iv": 40.34406051091392,
            "AP_it": 37.45163254500299,
            "AP_ivt": 32.631320391853556
        }
    }
}