{
    "Test": false,
    "Cholec80": {
        "F1_score": 71.63704515785876,
        "F1_score_EMA": 78.84806381349453,
        "Per_video_f1": {
            "cholec80_video41": 70.3579792898503,
            "cholec80_video43": 61.42950391472459,
            "cholec80_video44": 70.32184834586239,
            "cholec80_video45": 81.69621188175779,
            "cholec80_video46": 73.45914016317607,
            "cholec80_video47": 68.17498870653976,
            "cholec80_video48": 76.01964380310046
        },
        "Per_video_f1_EMA": {
            "cholec80_video41": 73.3689196229043,
            "cholec80_video43": 79.28740208988513,
            "cholec80_video44": 76.70829744615034,
            "cholec80_video45": 83.6094824307697,
            "cholec80_video46": 75.25269784625121,
            "cholec80_video47": 78.60216243123766,
            "cholec80_video48": 85.10748482726343
        }
    },
    "Endoscapes": {
        "mAP": 47.59762425263465,
        "mAP_EMA": 52.03285894748377,
        "mAP_per_class": {
            "C0": 47.375580388949786,
            "C1": 48.74530288096078,
            "C2": 46.67198948799339
        },
        "mAP_per_class_EMA": {
            "C0": 53.26483082152491,
            "C1": 55.80364963705641,
            "C2": 47.03009638386998
        }
    },
    "CholecT50": {
        "AP": {
            "AP_i": 81.14810064384316,
            "AP_v": 61.882335381643905,
            "AP_t": 40.57274348488204,
            "AP_iv": 39.15876967637214,
            "AP_it": 33.82021383801219,
            "AP_ivt": 30.014098447894426
        },
        "AP_EMA": {
            "AP_i": 88.40687611999505,
            "AP_v": 63.98603045195064,
            "AP_t": 44.70849748134261,
            "AP_iv": 40.05834102447075,
            "AP_it": 40.92275707384247,
            "AP_ivt": 34.24762602710102
        }
    }
}