{
    "Test": true,
    "Cholec80": {
        "F1_score": 60.83969801583049,
        "F1_score_EMA": null,
        "Per_video_f1": {
            "cholec80_video51": 56.08423502052734,
            "cholec80_video53": 64.64433810112266,
            "cholec80_video54": 59.502924456424324,
            "cholec80_video55": 73.14157847637775,
            "cholec80_video58": 48.353069014784126,
            "cholec80_video59": 60.245991246165396,
            "cholec80_video61": 52.153307704975205,
            "cholec80_video63": 53.399333486870695,
            "cholec80_video64": 73.50462995600165,
            "cholec80_video69": 79.311785562683,
            "cholec80_video73": 65.64572583046467,
            "cholec80_video74": 59.73729161242135,
            "cholec80_video76": 57.45254665357366,
            "cholec80_video77": 68.42188175561019,
            "cholec80_video80": 40.996831359455406
        },
        "Per_video_f1_EMA": null
    },
    "Endoscapes": {
        "mAP": 53.14428881908496,
        "mAP_EMA": null,
        "mAP_per_class": {
            "C0": 50.87579650636338,
            "C1": 46.792760622126046,
            "C2": 61.76430932876546
        },
        "mAP_per_class_EMA": null
    },
    "CholecT50": {
        "AP": {
            "AP_i": 74.15868424063804,
            "AP_v": 49.585097641976546,
            "AP_t": 36.25646980935782,
            "AP_iv": 29.536655766820505,
            "AP_it": 27.585317856541902,
            "AP_ivt": 22.517191920736337
        },
        "AP_EMA": null
    }
}