{
    "Test": false,
    "Cholec80": {
        "F1_score": 69.19995820337087,
        "F1_score_EMA": 74.76938997948517,
        "Per_video_f1": {
            "cholec80_video41": 71.3793811660569,
            "cholec80_video43": 56.605596593181254,
            "cholec80_video44": 69.60150087321583,
            "cholec80_video45": 76.42381948059277,
            "cholec80_video46": 70.19245558924264,
            "cholec80_video47": 66.41688107630463,
            "cholec80_video48": 73.78007264500208
        },
        "Per_video_f1_EMA": {
            "cholec80_video41": 68.85976974352826,
            "cholec80_video43": 70.59261927030141,
            "cholec80_video44": 75.85348668090076,
            "cholec80_video45": 77.96721035781633,
            "cholec80_video46": 79.44982111318268,
            "cholec80_video47": 74.29437159883796,
            "cholec80_video48": 76.36845109182876
        }
    },
    "Endoscapes": {
        "mAP": 40.82721004202331,
        "mAP_EMA": 44.08751447655445,
        "mAP_per_class": {
            "C0": 41.73288085449363,
            "C1": 46.522385793504725,
            "C2": 34.22636347807158
        },
        "mAP_per_class_EMA": {
            "C0": 43.54311094665097,
            "C1": 52.092747147781694,
            "C2": 36.62668533523069
        }
    },
    "CholecT50": {
        "AP": {
            "AP_i": 78.25566187992489,
            "AP_v": 52.79319541925845,
            "AP_t": 36.70285483132895,
            "AP_iv": 31.82733838323288,
            "AP_it": 31.13218695036957,
            "AP_ivt": 25.664027099179805
        },
        "AP_EMA": {
            "AP_i": 82.66347707328194,
            "AP_v": 60.23162002782891,
            "AP_t": 39.27033140076021,
            "AP_iv": 36.94716877130852,
            "AP_it": 34.098909024761916,
            "AP_ivt": 29.02814453169483
        }
    }
}