{
    "Test": false,
    "Cholec80": {
        "F1_score": 72.02349773737791,
        "F1_score_EMA": 76.59110645700288,
        "Per_video_f1": {
            "cholec80_video41": 73.23473011609057,
            "cholec80_video43": 70.6818875689604,
            "cholec80_video44": 69.62112341906163,
            "cholec80_video45": 76.95777278991785,
            "cholec80_video46": 72.70561325992436,
            "cholec80_video47": 70.67421062596779,
            "cholec80_video48": 70.28914638172272
        },
        "Per_video_f1_EMA": {
            "cholec80_video41": 73.30189013494666,
            "cholec80_video43": 77.31854892405275,
            "cholec80_video44": 77.96102957109039,
            "cholec80_video45": 83.73417843178626,
            "cholec80_video46": 76.82091169999642,
            "cholec80_video47": 71.45747507490506,
            "cholec80_video48": 75.54371136224259
        }
    },
    "Endoscapes": {
        "mAP": 41.79352349255177,
        "mAP_EMA": 47.111933351254955,
        "mAP_per_class": {
            "C0": 48.819191713333964,
            "C1": 42.90402606846256,
            "C2": 33.6573526958588
        },
        "mAP_per_class_EMA": {
            "C0": 46.78283058118136,
            "C1": 53.46964822942759,
            "C2": 41.08332124315592
        }
    },
    "CholecT50": {
        "AP": {
            "AP_i": 80.21960912938431,
            "AP_v": 55.269594984199486,
            "AP_t": 37.896651078654045,
            "AP_iv": 34.82006416475191,
            "AP_it": 30.98348923524812,
            "AP_ivt": 25.92023229078241
        },
        "AP_EMA": {
            "AP_i": 84.98820684785073,
            "AP_v": 63.86133864984157,
            "AP_t": 43.83399144565727,
            "AP_iv": 40.21110614517173,
            "AP_it": 37.3237204111507,
            "AP_ivt": 31.717345002598176
        }
    }
}