{
    "Test": true,
    "Cholec80": {
        "F1_score": 65.38266416873233,
        "F1_score_EMA": null,
        "Per_video_f1": {
            "cholec80_video51": 68.23464981059459,
            "cholec80_video53": 67.53386631035576,
            "cholec80_video54": 68.32586224065791,
            "cholec80_video55": 76.6711675433901,
            "cholec80_video58": 49.32568505853451,
            "cholec80_video59": 69.51073999216216,
            "cholec80_video61": 52.84246894597826,
            "cholec80_video63": 65.70285979057012,
            "cholec80_video64": 69.7624320796847,
            "cholec80_video69": 83.143062910484,
            "cholec80_video73": 77.05724792090997,
            "cholec80_video74": 60.65281289384584,
            "cholec80_video76": 67.20580841454287,
            "cholec80_video77": 74.44761908876457,
            "cholec80_video80": 30.323679530509573
        },
        "Per_video_f1_EMA": null
    },
    "Endoscapes": {
        "mAP": 51.638159578170516,
        "mAP_EMA": null,
        "mAP_per_class": {
            "C0": 49.26728776965229,
            "C1": 41.9958525148343,
            "C2": 63.651338450024966
        },
        "mAP_per_class_EMA": null
    },
    "CholecT50": {
        "AP": {
            "AP_i": 80.45599114095054,
            "AP_v": 56.28584716222781,
            "AP_t": 39.45193236022252,
            "AP_iv": 35.13240617313038,
            "AP_it": 32.03192883340647,
            "AP_ivt": 26.20911280527076
        },
        "AP_EMA": null
    }
}