{
    "Test": false,
    "Cholec80": {
        "F1_score": 68.06569685174888,
        "F1_score_EMA": 75.63232682842498,
        "Per_video_f1": {
            "cholec80_video41": 62.5587336559193,
            "cholec80_video43": 62.93315754156518,
            "cholec80_video44": 66.5972984573263,
            "cholec80_video45": 70.60618663721468,
            "cholec80_video46": 74.94690889387438,
            "cholec80_video47": 65.48852219401783,
            "cholec80_video48": 73.32907058232446
        },
        "Per_video_f1_EMA": {
            "cholec80_video41": 71.3465351405912,
            "cholec80_video43": 72.56752843379111,
            "cholec80_video44": 75.06183264795459,
            "cholec80_video45": 78.96054474645572,
            "cholec80_video46": 79.11396722388554,
            "cholec80_video47": 74.51163048591125,
            "cholec80_video48": 77.86424912038548
        }
    },
    "Endoscapes": {
        "mAP": 42.5684433259418,
        "mAP_EMA": 46.98536108417854,
        "mAP_per_class": {
            "C0": 41.146889482370476,
            "C1": 45.1093659812534,
            "C2": 41.449074514201534
        },
        "mAP_per_class_EMA": {
            "C0": 46.48071901943734,
            "C1": 53.79433775769197,
            "C2": 40.68102647540631
        }
    },
    "CholecT50": {
        "AP": {
            "AP_i": 78.05834099541366,
            "AP_v": 48.338048332350205,
            "AP_t": 36.31107324911422,
            "AP_iv": 29.96111314378577,
            "AP_it": 29.10013808549159,
            "AP_ivt": 22.96485238746163
        },
        "AP_EMA": {
            "AP_i": 84.21742852848185,
            "AP_v": 60.170834414944316,
            "AP_t": 40.48627573079294,
            "AP_iv": 36.9384047652411,
            "AP_it": 35.358785142954204,
            "AP_ivt": 29.557568413130312
        }
    }
}