{
    "Test": false,
    "Cholec80": {
        "F1_score": 69.85467727741525,
        "F1_score_EMA": 75.26527620065251,
        "Per_video_f1": {
            "cholec80_video41": 67.20737532208422,
            "cholec80_video43": 59.089372213611945,
            "cholec80_video44": 75.23698379448443,
            "cholec80_video45": 73.12299227986891,
            "cholec80_video46": 71.42012265980277,
            "cholec80_video47": 68.92809288075036,
            "cholec80_video48": 73.97780179130409
        },
        "Per_video_f1_EMA": {
            "cholec80_video41": 69.76252322166891,
            "cholec80_video43": 71.12253932802837,
            "cholec80_video44": 75.57666524049826,
            "cholec80_video45": 78.72213520010976,
            "cholec80_video46": 79.06973104027209,
            "cholec80_video47": 74.89582237996044,
            "cholec80_video48": 77.70751699402975
        }
    },
    "Endoscapes": {
        "mAP": 38.142402058351394,
        "mAP_EMA": 44.90012984184941,
        "mAP_per_class": {
            "C0": 42.48636821339886,
            "C1": 41.07330778710882,
            "C2": 30.8675301745465
        },
        "mAP_per_class_EMA": {
            "C0": 44.01957146937622,
            "C1": 52.38592197095298,
            "C2": 38.29489608521905
        }
    },
    "CholecT50": {
        "AP": {
            "AP_i": 76.13299365899482,
            "AP_v": 49.43346936537429,
            "AP_t": 33.89871066974531,
            "AP_iv": 30.26136356650928,
            "AP_it": 29.216111417782297,
            "AP_ivt": 26.01842638615703
        },
        "AP_EMA": {
            "AP_i": 83.0047253795949,
            "AP_v": 60.61736785736734,
            "AP_t": 39.77947457420193,
            "AP_iv": 37.31320250676232,
            "AP_it": 34.74346294851501,
            "AP_ivt": 29.47709103233599
        }
    }
}