{
    "Test": false,
    "Cholec80": {
        "F1_score": 67.9097549632869,
        "F1_score_EMA": 75.78364151591124,
        "Per_video_f1": {
            "cholec80_video41": 63.29200272474319,
            "cholec80_video43": 65.9373692218433,
            "cholec80_video44": 66.2611430643661,
            "cholec80_video45": 75.35708580541922,
            "cholec80_video46": 68.11762990020858,
            "cholec80_video47": 67.6034805159192,
            "cholec80_video48": 68.79957351050876
        },
        "Per_video_f1_EMA": {
            "cholec80_video41": 70.72410568138802,
            "cholec80_video43": 71.75456771889654,
            "cholec80_video44": 77.72509190735838,
            "cholec80_video45": 81.79956562538366,
            "cholec80_video46": 76.93515042180337,
            "cholec80_video47": 77.05732152385566,
            "cholec80_video48": 74.48968773269303
        }
    },
    "Endoscapes": {
        "mAP": 40.67864279198316,
        "mAP_EMA": 46.357778949976655,
        "mAP_per_class": {
            "C0": 36.626867309409405,
            "C1": 45.72077240616687,
            "C2": 39.6882886603732
        },
        "mAP_per_class_EMA": {
            "C0": 44.840144484700566,
            "C1": 51.42780545070139,
            "C2": 42.80538691452801
        }
    },
    "CholecT50": {
        "AP": {
            "AP_i": 78.12162052872883,
            "AP_v": 50.81711792055538,
            "AP_t": 36.56038681641748,
            "AP_iv": 31.772234298829357,
            "AP_it": 29.205256233674394,
            "AP_ivt": 24.10003256189677
        },
        "AP_EMA": {
            "AP_i": 82.05425601270976,
            "AP_v": 57.95650300708686,
            "AP_t": 41.04978959272518,
            "AP_iv": 38.6651528326794,
            "AP_it": 33.897228649394954,
            "AP_ivt": 28.80713525452435
        }
    }
}