{
    "Test": false,
    "Cholec80": {
        "F1_score": 69.25908252516894,
        "F1_score_EMA": 73.59539635738894,
        "Per_video_f1": {
            "cholec80_video41": 69.37812608341709,
            "cholec80_video43": 66.04624069529734,
            "cholec80_video44": 76.46241059532932,
            "cholec80_video45": 71.7423350915732,
            "cholec80_video46": 73.9872203710795,
            "cholec80_video47": 68.91756680607764,
            "cholec80_video48": 58.27967803340848
        },
        "Per_video_f1_EMA": {
            "cholec80_video41": 67.0043081755816,
            "cholec80_video43": 86.26637570618311,
            "cholec80_video44": 67.1080649594667,
            "cholec80_video45": 68.48901714087052,
            "cholec80_video46": 73.1656091365939,
            "cholec80_video47": 76.25112788004942,
            "cholec80_video48": 76.88327150297725
        }
    },
    "Endoscapes": {
        "mAP": 51.936261485179,
        "mAP_EMA": 46.64407121739558,
        "mAP_per_class": {
            "C0": 50.48669598645014,
            "C1": 53.55947675980748,
            "C2": 51.76261170927938
        },
        "mAP_per_class_EMA": {
            "C0": 45.86082409853049,
            "C1": 46.6341746211185,
            "C2": 47.43721493253774
        }
    },
    "CholecT50": {
        "AP": {
            "AP_i": 83.03160232809562,
            "AP_v": 54.18621475631763,
            "AP_t": 41.47855032890517,
            "AP_iv": 33.96477533957069,
            "AP_it": 36.48422136289018,
            "AP_ivt": 30.487257714251054
        },
        "AP_EMA": {
            "AP_i": 78.72552379925126,
            "AP_v": 53.172101003115884,
            "AP_t": 44.79821934310887,
            "AP_iv": 34.959725027260895,
            "AP_it": 36.7958486807821,
            "AP_ivt": 30.383795358754128
        }
    }
}