{
    "Test": false,
    "Cholec80": {
        "F1_score": 71.51165512038338,
        "F1_score_EMA": 77.11077832610134,
        "Per_video_f1": {
            "cholec80_video41": 71.41478339080452,
            "cholec80_video43": 64.51908290318393,
            "cholec80_video44": 66.29022768948477,
            "cholec80_video45": 81.6871290669755,
            "cholec80_video46": 73.71414455808495,
            "cholec80_video47": 68.29108739392711,
            "cholec80_video48": 74.66513084022293
        },
        "Per_video_f1_EMA": {
            "cholec80_video41": 74.09333067696613,
            "cholec80_video43": 74.5390498761745,
            "cholec80_video44": 73.76269521923037,
            "cholec80_video45": 83.25318341548709,
            "cholec80_video46": 74.09231336002395,
            "cholec80_video47": 78.09779181720417,
            "cholec80_video48": 81.93708391762317
        }
    },
    "Endoscapes": {
        "mAP": 41.61337056512854,
        "mAP_EMA": 52.95355974858956,
        "mAP_per_class": {
            "C0": 47.14676164941739,
            "C1": 41.2951091260543,
            "C2": 36.398240919913924
        },
        "mAP_per_class_EMA": {
            "C0": 52.01223922378513,
            "C1": 54.82149789575956,
            "C2": 52.026942126223986
        }
    },
    "CholecT50": {
        "AP": {
            "AP_i": 82.14407642611047,
            "AP_v": 59.27538186583622,
            "AP_t": 42.92738322951928,
            "AP_iv": 37.333023642147715,
            "AP_it": 36.519089182819194,
            "AP_ivt": 30.313359744462808
        },
        "AP_EMA": {
            "AP_i": 86.1531200919868,
            "AP_v": 63.872307156049786,
            "AP_t": 44.89547778653187,
            "AP_iv": 39.75864585990666,
            "AP_it": 38.50039262011713,
            "AP_ivt": 32.242025752534765
        }
    }
}