{
    "Test": false,
    "Cholec80": {
        "F1_score": 73.23756855126665,
        "F1_score_EMA": 75.90057250309843,
        "Per_video_f1": {
            "cholec80_video41": 70.10192631230521,
            "cholec80_video43": 67.18284693913435,
            "cholec80_video44": 78.31006539660318,
            "cholec80_video45": 76.51861084864268,
            "cholec80_video46": 75.18607628789535,
            "cholec80_video47": 73.562309871499,
            "cholec80_video48": 71.80114420278676
        },
        "Per_video_f1_EMA": {
            "cholec80_video41": 71.69398541733756,
            "cholec80_video43": 84.68601180253816,
            "cholec80_video44": 71.2728335125114,
            "cholec80_video45": 72.16452170848436,
            "cholec80_video46": 74.94771796955317,
            "cholec80_video47": 77.98403506912008,
            "cholec80_video48": 78.55490204214425
        }
    },
    "Endoscapes": {
        "mAP": 49.20814055419379,
        "mAP_EMA": 50.636294245297634,
        "mAP_per_class": {
            "C0": 49.521924641292465,
            "C1": 50.94948677206289,
            "C2": 47.15301024922602
        },
        "mAP_per_class_EMA": {
            "C0": 49.09872957872571,
            "C1": 53.49877187865576,
            "C2": 49.31138127851144
        }
    },
    "CholecT50": {
        "AP": {
            "AP_i": 75.14119884197245,
            "AP_v": 53.74246318881857,
            "AP_t": 38.4930672197294,
            "AP_iv": 36.52634057665657,
            "AP_it": 34.100897057950235,
            "AP_ivt": 28.640133780695532
        },
        "AP_EMA": {
            "AP_i": 82.11952780510633,
            "AP_v": 56.75132889164887,
            "AP_t": 45.484681667284185,
            "AP_iv": 37.201739238769235,
            "AP_it": 38.71852763571562,
            "AP_ivt": 31.992633870988914
        }
    }
}