{
    "Test": false,
    "Cholec80": {
        "F1_score": 61.71038154611828,
        "F1_score_EMA": 75.74868023718443,
        "Per_video_f1": {
            "cholec80_video41": 70.90820467398393,
            "cholec80_video43": 53.578780725379694,
            "cholec80_video44": 61.36587108761081,
            "cholec80_video45": 74.38214615672267,
            "cholec80_video46": 63.581349494262916,
            "cholec80_video47": 49.12597346579281,
            "cholec80_video48": 59.030345219075095
        },
        "Per_video_f1_EMA": {
            "cholec80_video41": 72.89911723129775,
            "cholec80_video43": 72.19204155762267,
            "cholec80_video44": 72.5615537077813,
            "cholec80_video45": 82.84437805899996,
            "cholec80_video46": 74.24050380433879,
            "cholec80_video47": 74.85187530665706,
            "cholec80_video48": 80.6512919935935
        }
    },
    "Endoscapes": {
        "mAP": 45.42495831877151,
        "mAP_EMA": 50.92059700269368,
        "mAP_per_class": {
            "C0": 48.53710692074769,
            "C1": 47.32187299692183,
            "C2": 40.415895038645
        },
        "mAP_per_class_EMA": {
            "C0": 51.37785426116255,
            "C1": 52.76376095356162,
            "C2": 48.620175793356886
        }
    },
    "CholecT50": {
        "AP": {
            "AP_i": 77.03788695833777,
            "AP_v": 55.25345179244046,
            "AP_t": 38.26235528305753,
            "AP_iv": 33.622821713993424,
            "AP_it": 34.14904810357904,
            "AP_ivt": 26.7934969372266
        },
        "AP_EMA": {
            "AP_i": 85.00949052027563,
            "AP_v": 62.92684306259885,
            "AP_t": 44.05904719706989,
            "AP_iv": 39.0187161034742,
            "AP_it": 40.47518622365286,
            "AP_ivt": 31.61994444264873
        }
    }
}