{
    "Test": false,
    "Cholec80": {
        "F1_score": 65.39746412489193,
        "F1_score_EMA": 73.73563726345012,
        "Per_video_f1": {
            "cholec80_video41": 67.40045741045485,
            "cholec80_video43": 56.971016030381016,
            "cholec80_video44": 67.2522369703582,
            "cholec80_video45": 74.72625266168473,
            "cholec80_video46": 62.67823648837798,
            "cholec80_video47": 55.15051090435274,
            "cholec80_video48": 73.603538408634
        },
        "Per_video_f1_EMA": {
            "cholec80_video41": 69.96640478291735,
            "cholec80_video43": 70.70276225167672,
            "cholec80_video44": 72.10989695394126,
            "cholec80_video45": 81.88562662833586,
            "cholec80_video46": 74.80248139074195,
            "cholec80_video47": 68.14531792796836,
            "cholec80_video48": 78.53697090856932
        }
    },
    "Endoscapes": {
        "mAP": 38.07424351616786,
        "mAP_EMA": 46.08548347201631,
        "mAP_per_class": {
            "C0": 42.625121247229295,
            "C1": 40.46738205696013,
            "C2": 31.130227244314156
        },
        "mAP_per_class_EMA": {
            "C0": 47.94740484458361,
            "C1": 48.09391121942708,
            "C2": 42.21513435203824
        }
    },
    "CholecT50": {
        "AP": {
            "AP_i": 74.68385692727652,
            "AP_v": 51.3908523670853,
            "AP_t": 36.45195228692729,
            "AP_iv": 31.682704641627645,
            "AP_it": 30.60727032172548,
            "AP_ivt": 26.793782396288975
        },
        "AP_EMA": {
            "AP_i": 83.31433932688405,
            "AP_v": 59.72401825070183,
            "AP_t": 41.81413943371002,
            "AP_iv": 37.42085244146316,
            "AP_it": 38.01692545140406,
            "AP_ivt": 29.56400338102968
        }
    }
}