{
    "Test": false,
    "Cholec80": {
        "F1_score": 67.120501460963,
        "F1_score_EMA": 77.51195272284887,
        "Per_video_f1": {
            "cholec80_video41": 64.80906506577294,
            "cholec80_video43": 61.774312835092026,
            "cholec80_video44": 68.34370982463398,
            "cholec80_video45": 69.80009506150175,
            "cholec80_video46": 71.42794164817381,
            "cholec80_video47": 64.84327335713418,
            "cholec80_video48": 68.84511243443227
        },
        "Per_video_f1_EMA": {
            "cholec80_video41": 73.94320025752805,
            "cholec80_video43": 76.32278101154196,
            "cholec80_video44": 73.97278036546045,
            "cholec80_video45": 83.49241084082664,
            "cholec80_video46": 73.27667416331343,
            "cholec80_video47": 78.61163760080004,
            "cholec80_video48": 82.96418482047152
        }
    },
    "Endoscapes": {
        "mAP": 46.95531579730121,
        "mAP_EMA": 53.95026856201869,
        "mAP_per_class": {
            "C0": 45.88628771350706,
            "C1": 49.53337851746857,
            "C2": 45.446281160927995
        },
        "mAP_per_class_EMA": {
            "C0": 52.44084080612063,
            "C1": 56.216577637909715,
            "C2": 53.19338724202572
        }
    },
    "CholecT50": {
        "AP": {
            "AP_i": 81.19703158206987,
            "AP_v": 56.18029903018561,
            "AP_t": 39.07992692419886,
            "AP_iv": 35.19792422124486,
            "AP_it": 34.3461227084437,
            "AP_ivt": 28.2438958236737
        },
        "AP_EMA": {
            "AP_i": 86.08979147121589,
            "AP_v": 64.53919096234205,
            "AP_t": 45.01445907996228,
            "AP_iv": 40.397787640830245,
            "AP_it": 39.02372142127499,
            "AP_ivt": 32.975155915590584
        }
    }
}