{
    "Test": false,
    "Cholec80": {
        "F1_score": 70.69389276779548,
        "F1_score_EMA": 77.52449455739283,
        "Per_video_f1": {
            "cholec80_video41": 62.035343951107414,
            "cholec80_video43": 69.31189378679699,
            "cholec80_video44": 72.59422545106258,
            "cholec80_video45": 77.1039438007469,
            "cholec80_video46": 75.22367169697885,
            "cholec80_video47": 70.11173962826818,
            "cholec80_video48": 68.47643105960738
        },
        "Per_video_f1_EMA": {
            "cholec80_video41": 68.79048182339906,
            "cholec80_video43": 80.20910608803372,
            "cholec80_video44": 77.5860869776495,
            "cholec80_video45": 81.5587380466946,
            "cholec80_video46": 74.80399264308862,
            "cholec80_video47": 80.34365458186475,
            "cholec80_video48": 79.37940174101954
        }
    },
    "Endoscapes": {
        "mAP": 46.87981180517914,
        "mAP_EMA": 50.60456752051921,
        "mAP_per_class": {
            "C0": 49.62973403924204,
            "C1": 52.25130741913284,
            "C2": 38.75839395716253
        },
        "mAP_per_class_EMA": {
            "C0": 47.28073911983647,
            "C1": 51.48757691128356,
            "C2": 53.04538653043761
        }
    },
    "CholecT50": {
        "AP": {
            "AP_i": 81.9748249303807,
            "AP_v": 58.07855829049193,
            "AP_t": 40.39641332036831,
            "AP_iv": 35.96522446246725,
            "AP_it": 36.614334047881776,
            "AP_ivt": 30.193214444527143
        },
        "AP_EMA": {
            "AP_i": 80.27884020024337,
            "AP_v": 56.98678948065142,
            "AP_t": 43.793453597901355,
            "AP_iv": 36.13175993958507,
            "AP_it": 38.55821777878935,
            "AP_ivt": 32.34684438350438
        }
    }
}