{
    "Test": false,
    "Cholec80": {
        "F1_score": 60.29471081035762,
        "F1_score_EMA": 68.67787572265365,
        "Per_video_f1": {
            "cholec80_video41": 61.86129343496681,
            "cholec80_video43": 56.05121757329812,
            "cholec80_video44": 61.2930347588903,
            "cholec80_video45": 60.83578190367912,
            "cholec80_video46": 60.479178636312994,
            "cholec80_video47": 52.689530184647914,
            "cholec80_video48": 68.85293918070808
        },
        "Per_video_f1_EMA": {
            "cholec80_video41": 68.8913107126809,
            "cholec80_video43": 68.52861472059797,
            "cholec80_video44": 71.25605750692323,
            "cholec80_video45": 71.18988661617661,
            "cholec80_video46": 71.6281051072761,
            "cholec80_video47": 56.59270944623906,
            "cholec80_video48": 72.65844594868167
        }
    },
    "Endoscapes": {
        "mAP": 26.272985751270237,
        "mAP_EMA": 33.729005360145564,
        "mAP_per_class": {
            "C0": 28.808901060299537,
            "C1": 23.953089859788477,
            "C2": 26.0569663337227
        },
        "mAP_per_class_EMA": {
            "C0": 38.570661482389525,
            "C1": 27.54164892259584,
            "C2": 35.07470567545133
        }
    },
    "CholecT50": {
        "AP": {
            "AP_i": 65.14999531655286,
            "AP_v": 45.424414750970094,
            "AP_t": 30.624704710631022,
            "AP_iv": 27.464121439245996,
            "AP_it": 23.25244021794804,
            "AP_ivt": 19.95955913597876
        },
        "AP_EMA": {
            "AP_i": 70.69857581205716,
            "AP_v": 49.02234290739095,
            "AP_t": 35.95647043857091,
            "AP_iv": 31.2241630889148,
            "AP_it": 28.269677707820648,
            "AP_ivt": 24.066625803532812
        }
    }
}