{
    "Test": false,
    "Cholec80": {
        "F1_score": 58.62569401532459,
        "F1_score_EMA": 68.54494195758832,
        "Per_video_f1": {
            "cholec80_video41": 59.75950444805677,
            "cholec80_video43": 61.32312777043373,
            "cholec80_video44": 60.067132749497496,
            "cholec80_video45": 53.75674344669179,
            "cholec80_video46": 61.40743352727684,
            "cholec80_video47": 49.95120998957505,
            "cholec80_video48": 64.11470617574047
        },
        "Per_video_f1_EMA": {
            "cholec80_video41": 69.3922346336878,
            "cholec80_video43": 68.02425176895687,
            "cholec80_video44": 70.69666047737361,
            "cholec80_video45": 71.50153357219435,
            "cholec80_video46": 71.7064797857401,
            "cholec80_video47": 56.97536760693103,
            "cholec80_video48": 71.51806585823451
        }
    },
    "Endoscapes": {
        "mAP": 31.75439198539153,
        "mAP_EMA": 34.91397393442758,
        "mAP_per_class": {
            "C0": 30.33052152422826,
            "C1": 23.934243268476234,
            "C2": 40.998411163470095
        },
        "mAP_per_class_EMA": {
            "C0": 38.803658369284825,
            "C1": 29.14061214695551,
            "C2": 36.79765128704241
        }
    },
    "CholecT50": {
        "AP": {
            "AP_i": 68.20093233115804,
            "AP_v": 44.77919864962212,
            "AP_t": 31.830751733678504,
            "AP_iv": 27.105290148134678,
            "AP_it": 24.26038292517503,
            "AP_ivt": 20.161170755232565
        },
        "AP_EMA": {
            "AP_i": 71.62536736835933,
            "AP_v": 50.19825210851387,
            "AP_t": 36.72752824968166,
            "AP_iv": 32.81096794922437,
            "AP_it": 29.309226382422406,
            "AP_ivt": 25.329296085801214
        }
    }
}