{
    "Test": false,
    "Cholec80": {
        "F1_score": 61.47477700765431,
        "F1_score_EMA": 68.25320925654094,
        "Per_video_f1": {
            "cholec80_video41": 66.72095528455219,
            "cholec80_video43": 59.92231424874974,
            "cholec80_video44": 62.69767959119665,
            "cholec80_video45": 66.8084074274624,
            "cholec80_video46": 67.10492088225328,
            "cholec80_video47": 47.73785269880929,
            "cholec80_video48": 59.33130892055664
        },
        "Per_video_f1_EMA": {
            "cholec80_video41": 68.94653627521873,
            "cholec80_video43": 67.48519650628315,
            "cholec80_video44": 70.8027117481328,
            "cholec80_video45": 70.83727526111946,
            "cholec80_video46": 71.07785728489179,
            "cholec80_video47": 56.963701181761216,
            "cholec80_video48": 71.65918653837943
        }
    },
    "Endoscapes": {
        "mAP": 27.514191138231897,
        "mAP_EMA": 35.98768736454406,
        "mAP_per_class": {
            "C0": 36.31944477412892,
            "C1": 26.209766795783807,
            "C2": 20.013361844782967
        },
        "mAP_per_class_EMA": {
            "C0": 38.469825792768745,
            "C1": 31.454056800076014,
            "C2": 38.03917950078743
        }
    },
    "CholecT50": {
        "AP": {
            "AP_i": 71.05141221250038,
            "AP_v": 48.036032738295845,
            "AP_t": 33.17962626476154,
            "AP_iv": 28.920464836401084,
            "AP_it": 24.904916907718434,
            "AP_ivt": 21.18797014072345
        },
        "AP_EMA": {
            "AP_i": 72.55062600645861,
            "AP_v": 51.25162627061301,
            "AP_t": 37.39510028120741,
            "AP_iv": 33.61164344703254,
            "AP_it": 30.434121638566296,
            "AP_ivt": 26.44019514849624
        }
    }
}