{
    "Test": false,
    "Cholec80": {
        "F1_score": 62.01940421135384,
        "F1_score_EMA": 47.40392184256513,
        "Per_video_f1": {
            "cholec80_video41": 66.02166743127614,
            "cholec80_video43": 64.66356626823335,
            "cholec80_video44": 58.79831411448823,
            "cholec80_video45": 63.5462428189436,
            "cholec80_video46": 64.5366550492095,
            "cholec80_video47": 54.69637039401953,
            "cholec80_video48": 61.87301340330649
        },
        "Per_video_f1_EMA": {
            "cholec80_video41": 48.51280788156233,
            "cholec80_video43": 50.99828130429792,
            "cholec80_video44": 45.546622391509175,
            "cholec80_video45": 38.327613093250804,
            "cholec80_video46": 49.97564588550568,
            "cholec80_video47": 51.03574920702027,
            "cholec80_video48": 47.43073313480978
        }
    },
    "Endoscapes": {
        "mAP": 35.020752342789116,
        "mAP_EMA": 37.57573638854171,
        "mAP_per_class": {
            "C0": 37.42478977857458,
            "C1": 33.27872240828682,
            "C2": 34.35874484150595
        },
        "mAP_per_class_EMA": {
            "C0": 31.385860118329635,
            "C1": 39.72209391724518,
            "C2": 41.619255130050334
        }
    },
    "CholecT50": {
        "AP": {
            "AP_i": 74.72227515251163,
            "AP_v": 51.66777999234455,
            "AP_t": 37.2698914362189,
            "AP_iv": 33.01397098376136,
            "AP_it": 31.84702612946658,
            "AP_ivt": 27.19390906060457
        },
        "AP_EMA": {
            "AP_i": 72.47493642602748,
            "AP_v": 46.98404173734785,
            "AP_t": 36.453488235498135,
            "AP_iv": 30.13789382416287,
            "AP_it": 31.831268990194456,
            "AP_ivt": 27.083148620279736
        }
    }
}