{
    "Test": false,
    "Cholec80": {
        "F1_score": 64.76915797046479,
        "F1_score_EMA": 65.41540159684415,
        "Per_video_f1": {
            "cholec80_video41": 65.10581241121479,
            "cholec80_video43": 63.6149730937667,
            "cholec80_video44": 68.37147892081772,
            "cholec80_video45": 69.71763257535194,
            "cholec80_video46": 64.52462034801779,
            "cholec80_video47": 54.011925929818325,
            "cholec80_video48": 68.03766251426626
        },
        "Per_video_f1_EMA": {
            "cholec80_video41": 67.65199570612067,
            "cholec80_video43": 65.37361005054035,
            "cholec80_video44": 66.13641268461022,
            "cholec80_video45": 65.66181741837406,
            "cholec80_video46": 66.08475889341914,
            "cholec80_video47": 59.18135014064978,
            "cholec80_video48": 67.81786628419485
        }
    },
    "Endoscapes": {
        "mAP": 32.18061508595473,
        "mAP_EMA": 38.346153144043264,
        "mAP_per_class": {
            "C0": 36.7033301410405,
            "C1": 26.45905028375025,
            "C2": 33.379464833073435
        },
        "mAP_per_class_EMA": {
            "C0": 36.695385836383586,
            "C1": 37.83535591762476,
            "C2": 40.50771767812145
        }
    },
    "CholecT50": {
        "AP": {
            "AP_i": 66.8326343400288,
            "AP_v": 45.35680516765346,
            "AP_t": 32.35422678389122,
            "AP_iv": 28.394436369621975,
            "AP_it": 26.666235169460496,
            "AP_ivt": 23.184838087964295
        },
        "AP_EMA": {
            "AP_i": 76.15600906929326,
            "AP_v": 52.88268582681943,
            "AP_t": 39.210404933295365,
            "AP_iv": 34.700320304278975,
            "AP_it": 33.818129145008406,
            "AP_ivt": 29.416772438939052
        }
    }
}