{
    "Test": false,
    "Dataset": "Endoscapes",
    "Results": [
        40.163710936527785,
        17.589817351837958,
        {
            "C0": 38.02865553016487,
            "C1": 35.896498348791425,
            "C2": 46.56597893062707
        },
        {
            "C0": 17.765627927072934,
            "C1": 18.206668489395863,
            "C2": 16.797155639045076
        }
    ]
}