{
    "Test": false,
    "Dataset": "Endoscapes",
    "Results": [
        33.70045326151333,
        21.004639519906394,
        {
            "C0": 39.04068283093892,
            "C1": 38.050102203752914,
            "C2": 24.01057474984815
        },
        {
            "C0": 25.087511735276667,
            "C1": 14.848799799560751,
            "C2": 23.077607024881768
        }
    ]
}