{
    "Test": false,
    "Dataset": "Endoscapes",
    "Results": [
        42.88737281393489,
        18.732035955513343,
        {
            "C0": 36.705407955120926,
            "C1": 46.34489072103569,
            "C2": 45.61181976564805
        },
        {
            "C0": 19.43298239943877,
            "C1": 18.72606729674692,
            "C2": 18.037058170354335
        }
    ]
}