{
    "Test": false,
    "Dataset": "Endoscapes",
    "Results": [
        43.354749596345435,
        18.84689080846935,
        {
            "C0": 35.842355377549026,
            "C1": 43.13139352223616,
            "C2": 51.09049988925113
        },
        {
            "C0": 19.10551082022262,
            "C1": 19.820794149143666,
            "C2": 17.61436745604177
        }
    ]
}