{
    "Test": false,
    "Cholec80": {
        "F1_score": 66.80981567356764,
        "F1_score_EMA": 70.74359407485913,
        "Per_video_f1": {
            "cholec80_video41": 61.768497749015985,
            "cholec80_video43": 59.905711545909945,
            "cholec80_video44": 67.47992127618386,
            "cholec80_video45": 70.94219723622065,
            "cholec80_video46": 71.74150941625523,
            "cholec80_video47": 63.87515021603332,
            "cholec80_video48": 71.95572227535447
        },
        "Per_video_f1_EMA": {
            "cholec80_video41": 70.13371441597702,
            "cholec80_video43": 68.74317956171232,
            "cholec80_video44": 73.32421580774361,
            "cholec80_video45": 77.91222348109301,
            "cholec80_video46": 71.3586644599198,
            "cholec80_video47": 63.7034968009355,
            "cholec80_video48": 70.02966399663268
        }
    },
    "Endoscapes": {
        "mAP": 46.904602200990794,
        "mAP_EMA": 44.762309353195874,
        "mAP_per_class": {
            "C0": 48.60743632784991,
            "C1": 47.51968897148832,
            "C2": 44.586681303634144
        },
        "mAP_per_class_EMA": {
            "C0": 40.19520979487212,
            "C1": 45.579716870130376,
            "C2": 48.51200139458512
        }
    },
    "CholecT50": {
        "AP": {
            "AP_i": 86.79397632063653,
            "AP_v": 64.0800706053365,
            "AP_t": 42.02937907077842,
            "AP_iv": 41.89591378474474,
            "AP_it": 37.43234038218397,
            "AP_ivt": 32.82765684678163
        },
        "AP_EMA": {
            "AP_i": 88.90294724538268,
            "AP_v": 63.03240382254074,
            "AP_t": 44.45762126715545,
            "AP_iv": 42.88062493811763,
            "AP_it": 43.321176988826146,
            "AP_ivt": 39.28409371740249
        }
    }
}