{
    "Test": false,
    "Cholec80": {
        "F1_score": 66.2436747075366,
        "F1_score_EMA": 73.20075395740062,
        "Per_video_f1": {
            "cholec80_video41": 67.10478547097526,
            "cholec80_video43": 59.770359680341656,
            "cholec80_video44": 73.182510395165,
            "cholec80_video45": 69.09511039659026,
            "cholec80_video46": 70.48307893900997,
            "cholec80_video47": 59.11916893591124,
            "cholec80_video48": 64.95070913476277
        },
        "Per_video_f1_EMA": {
            "cholec80_video41": 72.44328544466775,
            "cholec80_video43": 67.97124801131477,
            "cholec80_video44": 75.42942067383959,
            "cholec80_video45": 82.25489720076936,
            "cholec80_video46": 75.64817514715891,
            "cholec80_video47": 64.5611243910478,
            "cholec80_video48": 74.0971268330062
        }
    },
    "Endoscapes": {
        "mAP": 46.159027705376594,
        "mAP_EMA": 48.58064336062342,
        "mAP_per_class": {
            "C0": 47.52950034910784,
            "C1": 47.562966318924346,
            "C2": 43.3846164480976
        },
        "mAP_per_class_EMA": {
            "C0": 47.41845361894753,
            "C1": 49.819840096149676,
            "C2": 48.50363636677306
        }
    },
    "CholecT50": {
        "AP": {
            "AP_i": 84.65927552286787,
            "AP_v": 59.967713532292784,
            "AP_t": 40.11951915664851,
            "AP_iv": 38.806495956272144,
            "AP_it": 34.82764735720008,
            "AP_ivt": 30.56473900619554
        },
        "AP_EMA": {
            "AP_i": 89.84882483741308,
            "AP_v": 63.80814438589749,
            "AP_t": 44.55092136690776,
            "AP_iv": 42.84586715941396,
            "AP_it": 41.841655280058504,
            "AP_ivt": 36.3771351667979
        }
    }
}