{
    "Test": false,
    "Cholec80": {
        "F1_score": 70.4725212865988,
        "F1_score_EMA": 72.84204797045135,
        "Per_video_f1": {
            "cholec80_video41": 71.43492074360849,
            "cholec80_video43": 66.09483159348503,
            "cholec80_video44": 69.0348190876395,
            "cholec80_video45": 79.59596528074331,
            "cholec80_video46": 72.87634056392633,
            "cholec80_video47": 64.38207319009372,
            "cholec80_video48": 69.88869854669521
        },
        "Per_video_f1_EMA": {
            "cholec80_video41": 71.86401286675087,
            "cholec80_video43": 66.36107099552423,
            "cholec80_video44": 76.30097207659752,
            "cholec80_video45": 82.84395919236752,
            "cholec80_video46": 74.51690975841737,
            "cholec80_video47": 64.86670739496316,
            "cholec80_video48": 73.14070350853879
        }
    },
    "Endoscapes": {
        "mAP": 47.76693405063437,
        "mAP_EMA": 48.61032291426845,
        "mAP_per_class": {
            "C0": 47.094010951684375,
            "C1": 49.37524157503469,
            "C2": 46.831549625184046
        },
        "mAP_per_class_EMA": {
            "C0": 48.942171211948526,
            "C1": 49.73586392262351,
            "C2": 47.15293360823332
        }
    },
    "CholecT50": {
        "AP": {
            "AP_i": 83.85881488472462,
            "AP_v": 63.468831040035546,
            "AP_t": 39.55282500592337,
            "AP_iv": 40.59019527810076,
            "AP_it": 33.537388805110176,
            "AP_ivt": 29.835594718870833
        },
        "AP_EMA": {
            "AP_i": 89.54850709678298,
            "AP_v": 64.93952044407258,
            "AP_t": 43.18638337591202,
            "AP_iv": 43.785791057008375,
            "AP_it": 40.11074056479406,
            "AP_ivt": 35.15370579521943
        }
    }
}