{
    "Test": false,
    "Cholec80": {
        "F1_score": 69.38095607047725,
        "F1_score_EMA": 65.68120424060407,
        "Per_video_f1": {
            "cholec80_video41": 65.33402140928848,
            "cholec80_video43": 66.79343183177299,
            "cholec80_video44": 66.70229545336464,
            "cholec80_video45": 77.60755575615626,
            "cholec80_video46": 73.72603436300489,
            "cholec80_video47": 67.00526391388199,
            "cholec80_video48": 68.4980897658715
        },
        "Per_video_f1_EMA": {
            "cholec80_video41": 66.46235513824597,
            "cholec80_video43": 65.20369495820341,
            "cholec80_video44": 65.87711501726818,
            "cholec80_video45": 74.00192925271939,
            "cholec80_video46": 64.18580462526015,
            "cholec80_video47": 59.22027682911059,
            "cholec80_video48": 64.81725386342085
        }
    },
    "Endoscapes": {
        "mAP": 47.45053670453662,
        "mAP_EMA": 42.124789135781384,
        "mAP_per_class": {
            "C0": 46.737993426395185,
            "C1": 47.331759990708065,
            "C2": 48.281856696506594
        },
        "mAP_per_class_EMA": {
            "C0": 36.38875912067552,
            "C1": 42.75771604155969,
            "C2": 47.22789224510893
        }
    },
    "CholecT50": {
        "AP": {
            "AP_i": 83.45309027971639,
            "AP_v": 61.93877933404934,
            "AP_t": 40.29762251536249,
            "AP_iv": 38.266480592872796,
            "AP_it": 36.01040382771723,
            "AP_ivt": 30.995615011564784
        },
        "AP_EMA": {
            "AP_i": 87.12934220487266,
            "AP_v": 61.53259874754381,
            "AP_t": 42.88695223938329,
            "AP_iv": 40.78546377578705,
            "AP_it": 41.22644724285078,
            "AP_ivt": 37.68620529311056
        }
    }
}