{
    "Test": false,
    "Cholec80": {
        "F1_score": 71.34105049568477,
        "F1_score_EMA": 72.86910162402354,
        "Per_video_f1": {
            "cholec80_video41": 72.36707736444733,
            "cholec80_video43": 65.26700656132336,
            "cholec80_video44": 76.1839877778877,
            "cholec80_video45": 80.36450612214,
            "cholec80_video46": 71.92885121685434,
            "cholec80_video47": 62.03643638472462,
            "cholec80_video48": 71.23948804241601
        },
        "Per_video_f1_EMA": {
            "cholec80_video41": 72.00248775957324,
            "cholec80_video43": 66.19019123941064,
            "cholec80_video44": 75.84874610506702,
            "cholec80_video45": 82.49009049973546,
            "cholec80_video46": 74.7383380927083,
            "cholec80_video47": 64.97901809124683,
            "cholec80_video48": 73.83483958042333
        }
    },
    "Endoscapes": {
        "mAP": 41.20647993930548,
        "mAP_EMA": 48.596901608944535,
        "mAP_per_class": {
            "C0": 41.56965264320868,
            "C1": 41.07253564151181,
            "C2": 40.977251533195954
        },
        "mAP_per_class_EMA": {
            "C0": 48.49725837982295,
            "C1": 49.69597787084279,
            "C2": 47.59746857616787
        }
    },
    "CholecT50": {
        "AP": {
            "AP_i": 86.5359977893985,
            "AP_v": 59.69185898081135,
            "AP_t": 40.18118921791299,
            "AP_iv": 39.99866177549345,
            "AP_it": 35.80636178677173,
            "AP_ivt": 31.432998907981844
        },
        "AP_EMA": {
            "AP_i": 89.7196013466458,
            "AP_v": 64.71077835653998,
            "AP_t": 43.615124486867444,
            "AP_iv": 44.145205854150525,
            "AP_it": 40.832932395516046,
            "AP_ivt": 35.83060405558243
        }
    }
}