{
    "Test": true,
    "Cholec80": {
        "F1_score": 62.27505233213454,
        "F1_score_EMA": null,
        "Per_video_f1": {
            "cholec80_video51": 66.71888036405923,
            "cholec80_video53": 65.13484676620294,
            "cholec80_video54": 65.66279441427302,
            "cholec80_video55": 75.26022266204609,
            "cholec80_video58": 44.81032231330055,
            "cholec80_video59": 77.62719858919557,
            "cholec80_video61": 52.3612225251007,
            "cholec80_video63": 57.00444412394461,
            "cholec80_video64": 62.21952956319502,
            "cholec80_video69": 68.62096219660505,
            "cholec80_video73": 75.68966632403101,
            "cholec80_video74": 57.80951001660549,
            "cholec80_video76": 55.27050145156629,
            "cholec80_video77": 72.99031945969533,
            "cholec80_video80": 36.945364212197234
        },
        "Per_video_f1_EMA": null
    },
    "Endoscapes": {
        "mAP": 47.31349133522691,
        "mAP_EMA": null,
        "mAP_per_class": {
            "C0": 42.48063377530789,
            "C1": 43.37203512621626,
            "C2": 56.08780510415657
        },
        "mAP_per_class_EMA": null
    },
    "CholecT50": {
        "AP": {
            "AP_i": 81.49723128839052,
            "AP_v": 57.38130505402425,
            "AP_t": 38.70420827713123,
            "AP_iv": 33.57805105503083,
            "AP_it": 30.46936539552687,
            "AP_ivt": 24.963509699067526
        },
        "AP_EMA": null
    }
}