{
    "Test": false,
    "Cholec80": {
        "F1_score": 69.36243540737483,
        "F1_score_EMA": 23.113967750115286,
        "Per_video_f1": {
            "cholec80_video41": 65.23128618751022,
            "cholec80_video43": 63.84849610935396,
            "cholec80_video44": 70.22034480539502,
            "cholec80_video45": 78.56893901520027,
            "cholec80_video46": 70.6041222008666,
            "cholec80_video47": 69.0884064723879,
            "cholec80_video48": 67.97545306090989
        },
        "Per_video_f1_EMA": {
            "cholec80_video41": 22.21346246359063,
            "cholec80_video43": 20.36946911237894,
            "cholec80_video44": 24.453107790040505,
            "cholec80_video45": 23.998517203808113,
            "cholec80_video46": 30.913297756534565,
            "cholec80_video47": 21.818088755895,
            "cholec80_video48": 18.03183116855924
        }
    },
    "Endoscapes": {
        "mAP": 34.01522153180448,
        "mAP_EMA": 22.587884990977578,
        "mAP_per_class": {
            "C0": 30.60457723298472,
            "C1": 30.233399088057045,
            "C2": 41.20768827437168
        },
        "mAP_per_class_EMA": {
            "C0": 19.290247404632627,
            "C1": 20.34049154398821,
            "C2": 28.1329160243119
        }
    },
    "CholecT50": {
        "AP": {
            "AP_i": 83.3731898044979,
            "AP_v": 62.11934276177826,
            "AP_t": 43.593897000823326,
            "AP_iv": 37.865473454948344,
            "AP_it": 36.390295367456616,
            "AP_ivt": 31.029411362068924
        },
        "AP_EMA": {
            "AP_i": 40.12557692652781,
            "AP_v": 25.331115097987997,
            "AP_t": 22.775580674309523,
            "AP_iv": 15.030910590543801,
            "AP_it": 14.76982639838888,
            "AP_ivt": 12.054307503605202
        }
    }
}