{
    "Test": false,
    "Cholec80": {
        "F1_score": 65.66654460521835,
        "F1_score_EMA": 12.587419586098168,
        "Per_video_f1": {
            "cholec80_video41": 63.392180188272654,
            "cholec80_video43": 60.95625849462189,
            "cholec80_video44": 66.05371907665662,
            "cholec80_video45": 68.2888034453456,
            "cholec80_video46": 68.9651534616785,
            "cholec80_video47": 66.43471701107887,
            "cholec80_video48": 65.57498055887432
        },
        "Per_video_f1_EMA": {
            "cholec80_video41": 12.42228575219955,
            "cholec80_video43": 14.611681591563523,
            "cholec80_video44": 9.056395026550366,
            "cholec80_video45": 9.715299667693774,
            "cholec80_video46": 19.367991777807163,
            "cholec80_video47": 11.25103216285436,
            "cholec80_video48": 11.687251124018436
        }
    },
    "Endoscapes": {
        "mAP": 31.449914612904294,
        "mAP_EMA": 13.065036488496233,
        "mAP_per_class": {
            "C0": 28.2826565253067,
            "C1": 30.956162334088727,
            "C2": 35.11092497931746
        },
        "mAP_per_class_EMA": {
            "C0": 13.304285897814236,
            "C1": 11.152184058321021,
            "C2": 14.73863950935344
        }
    },
    "CholecT50": {
        "AP": {
            "AP_i": 72.63933539042598,
            "AP_v": 50.74944416417406,
            "AP_t": 40.97190771913211,
            "AP_iv": 31.39702369148219,
            "AP_it": 33.51623496814014,
            "AP_ivt": 29.733354681498884
        },
        "AP_EMA": {
            "AP_i": 21.37410540380405,
            "AP_v": 13.422809380954657,
            "AP_t": 10.170394977761617,
            "AP_iv": 7.724756077627306,
            "AP_it": 5.504917624134166,
            "AP_ivt": 4.478360487313822
        }
    }
}