{
    "Test": true,
    "Cholec80": {
        "F1_score": 62.291451060689134,
        "F1_score_EMA": null,
        "Per_video_f1": {
            "cholec80_video51": 67.41672597116352,
            "cholec80_video53": 66.73871501514313,
            "cholec80_video54": 65.67986531246603,
            "cholec80_video55": 77.89158227495393,
            "cholec80_video58": 44.841223931159426,
            "cholec80_video59": 76.1948075085088,
            "cholec80_video61": 53.32355323471391,
            "cholec80_video63": 57.129977448737144,
            "cholec80_video64": 67.92927503376715,
            "cholec80_video69": 69.82725461239468,
            "cholec80_video73": 77.71131032743102,
            "cholec80_video74": 58.52435097297069,
            "cholec80_video76": 58.79974483351609,
            "cholec80_video77": 70.57870243785338,
            "cholec80_video80": 21.784676995558083
        },
        "Per_video_f1_EMA": null
    },
    "Endoscapes": {
        "mAP": 46.88984521255872,
        "mAP_EMA": null,
        "mAP_per_class": {
            "C0": 42.57245861667058,
            "C1": 41.63659835389261,
            "C2": 56.46047866711296
        },
        "mAP_per_class_EMA": null
    },
    "CholecT50": {
        "AP": {
            "AP_i": 83.95633849180605,
            "AP_v": 57.430684446243276,
            "AP_t": 38.86716988632868,
            "AP_iv": 34.082180890007756,
            "AP_it": 32.28901867808313,
            "AP_ivt": 26.176267379755718
        },
        "AP_EMA": null
    }
}