{
    "Test": false,
    "Cholec80": {
        "F1_score": 71.07610011426311,
        "F1_score_EMA": 69.99745713847967,
        "Per_video_f1": {
            "cholec80_video41": 73.44935214171049,
            "cholec80_video43": 60.81373998572204,
            "cholec80_video44": 68.59210549916023,
            "cholec80_video45": 81.14071182968,
            "cholec80_video46": 72.31711857184048,
            "cholec80_video47": 66.20427628720668,
            "cholec80_video48": 75.01539648452186
        },
        "Per_video_f1_EMA": {
            "cholec80_video41": 69.98551868515979,
            "cholec80_video43": 67.17265564376224,
            "cholec80_video44": 68.84134078004843,
            "cholec80_video45": 74.7848012475916,
            "cholec80_video46": 71.81176042735552,
            "cholec80_video47": 64.09634435987226,
            "cholec80_video48": 73.2897788255679
        }
    },
    "Endoscapes": {
        "mAP": 37.38640443503723,
        "mAP_EMA": 38.15450727711545,
        "mAP_per_class": {
            "C0": 36.137409398173546,
            "C1": 33.49081797177781,
            "C2": 42.530985935160324
        },
        "mAP_per_class_EMA": {
            "C0": 34.26423479509246,
            "C1": 35.66904461494677,
            "C2": 44.53024242130712
        }
    },
    "CholecT50": {
        "AP": {
            "AP_i": 85.54641684070741,
            "AP_v": 64.45747698601824,
            "AP_t": 41.25819268024505,
            "AP_iv": 41.675681402636584,
            "AP_it": 35.828309712566686,
            "AP_ivt": 31.35159838128649
        },
        "AP_EMA": {
            "AP_i": 85.24268360665872,
            "AP_v": 64.67598953080582,
            "AP_t": 41.908440761452724,
            "AP_iv": 40.27244883602918,
            "AP_it": 37.3785435228469,
            "AP_ivt": 31.86840720138322
        }
    }
}