{
    "Test": false,
    "Cholec80": {
        "F1_score": 2.529467599921919,
        "F1_score_EMA": 1.6213079003355233,
        "Per_video_f1": {
            "cholec80_video41": 3.9143798432465937,
            "cholec80_video43": 2.552246357137475,
            "cholec80_video44": 2.1950030012004804,
            "cholec80_video45": 1.293391505218397,
            "cholec80_video46": 1.9185219426020088,
            "cholec80_video47": 3.211443790830685,
            "cholec80_video48": 2.621286759217794
        },
        "Per_video_f1_EMA": {
            "cholec80_video41": 2.6626601560869747,
            "cholec80_video43": 0.9129747761456077,
            "cholec80_video44": 1.3489404290500848,
            "cholec80_video45": 0.667133385496026,
            "cholec80_video46": 1.6135604270230623,
            "cholec80_video47": 2.1185696728507053,
            "cholec80_video48": 2.0253164556962027
        }
    },
    "Endoscapes": {
        "mAP": 15.03663626927487,
        "mAP_EMA": 14.101810990501797,
        "mAP_per_class": {
            "C0": 15.021853816443805,
            "C1": 13.134556644609901,
            "C2": 16.953498346770907
        },
        "mAP_per_class_EMA": {
            "C0": 16.344916344916342,
            "C1": 10.605128565029165,
            "C2": 15.355388061559882
        }
    },
    "CholecT50": {
        "AP": {
            "AP_i": 27.782197126371912,
            "AP_v": 17.166502187923363,
            "AP_t": 12.215894800736505,
            "AP_iv": 10.349959103549114,
            "AP_it": 7.045501803520906,
            "AP_ivt": 5.709283940559343
        },
        "AP_EMA": {
            "AP_i": 24.743938990617636,
            "AP_v": 15.641565685551289,
            "AP_t": 11.30932435908477,
            "AP_iv": 8.697294098135805,
            "AP_it": 5.882146537403714,
            "AP_ivt": 4.98272931403704
        }
    }
}