{
    "Test": false,
    "Cholec80": {
        "F1_score": 3.012322637187285,
        "F1_score_EMA": 6.46100051604386,
        "Per_video_f1": {
            "cholec80_video41": 4.206921555232683,
            "cholec80_video43": 2.417243172047525,
            "cholec80_video44": 3.8418822294343196,
            "cholec80_video45": 2.0640514755791037,
            "cholec80_video46": 1.7832583684910692,
            "cholec80_video47": 2.9630193853067754,
            "cholec80_video48": 3.8098822742195178
        },
        "Per_video_f1_EMA": {
            "cholec80_video41": 4.235466977500455,
            "cholec80_video43": 5.111169325495613,
            "cholec80_video44": 5.332765890534814,
            "cholec80_video45": 9.602538311049923,
            "cholec80_video46": 8.327222807035255,
            "cholec80_video47": 8.992154686845714,
            "cholec80_video48": 3.625685613845246
        }
    },
    "Endoscapes": {
        "mAP": 12.959093135115387,
        "mAP_EMA": 26.954321477818652,
        "mAP_per_class": {
            "C0": 14.437458972683604,
            "C1": 9.156781201128235,
            "C2": 15.283039231534321
        },
        "mAP_per_class_EMA": {
            "C0": 22.6834257488012,
            "C1": 29.313678056535874,
            "C2": 28.865860628118885
        }
    },
    "CholecT50": {
        "AP": {
            "AP_i": 24.533987795860337,
            "AP_v": 14.971887849551038,
            "AP_t": 10.668252766926337,
            "AP_iv": 8.536057113199629,
            "AP_it": 5.946638672925776,
            "AP_ivt": 5.2453200159525
        },
        "AP_EMA": {
            "AP_i": 25.692437674366868,
            "AP_v": 17.486827210103108,
            "AP_t": 13.069816393741274,
            "AP_iv": 10.45945400773653,
            "AP_it": 7.714812243962425,
            "AP_ivt": 6.504870236945937
        }
    }
}