{
    "Test": false,
    "Cholec80": {
        "F1_score": 4.1753367334515685,
        "F1_score_EMA": 1.6213079003355233,
        "Per_video_f1": {
            "cholec80_video41": 5.650581338650495,
            "cholec80_video43": 4.940336739311806,
            "cholec80_video44": 3.8289543675606477,
            "cholec80_video45": 2.474497024786738,
            "cholec80_video46": 2.0907167078860813,
            "cholec80_video47": 2.7518328345882024,
            "cholec80_video48": 7.490438121377012
        },
        "Per_video_f1_EMA": {
            "cholec80_video41": 2.6626601560869747,
            "cholec80_video43": 0.9129747761456077,
            "cholec80_video44": 1.3489404290500848,
            "cholec80_video45": 0.667133385496026,
            "cholec80_video46": 1.6135604270230623,
            "cholec80_video47": 2.1185696728507053,
            "cholec80_video48": 2.0253164556962027
        }
    },
    "Endoscapes": {
        "mAP": 12.8518914114141,
        "mAP_EMA": 14.59073016731226,
        "mAP_per_class": {
            "C0": 14.036021909448257,
            "C1": 9.271035815940342,
            "C2": 15.248616508853697
        },
        "mAP_per_class_EMA": {
            "C0": 16.19038721016827,
            "C1": 12.483912483912484,
            "C2": 15.097890807856029
        }
    },
    "CholecT50": {
        "AP": {
            "AP_i": 29.794424449520932,
            "AP_v": 18.776992966731463,
            "AP_t": 13.209786037901647,
            "AP_iv": 11.060163004444805,
            "AP_it": 7.503084673007083,
            "AP_ivt": 6.0387787747464765
        },
        "AP_EMA": {
            "AP_i": 24.25830054122896,
            "AP_v": 14.962825572929841,
            "AP_t": 10.647044689373441,
            "AP_iv": 8.162181121915665,
            "AP_it": 5.6454024959152544,
            "AP_ivt": 4.557178520745667
        }
    }
}