{
    "Test": false,
    "Cholec80": {
        "F1_score": 1.6213079003355233,
        "F1_score_EMA": 1.5373390978279844,
        "Per_video_f1": {
            "cholec80_video41": 2.6626601560869747,
            "cholec80_video43": 0.9129747761456077,
            "cholec80_video44": 1.3489404290500848,
            "cholec80_video45": 0.667133385496026,
            "cholec80_video46": 1.6135604270230623,
            "cholec80_video47": 2.1185696728507053,
            "cholec80_video48": 2.0253164556962027
        },
        "Per_video_f1_EMA": {
            "cholec80_video41": 1.5000872143729287,
            "cholec80_video43": 2.208958554136219,
            "cholec80_video44": 1.3323464100666174,
            "cholec80_video45": 0.626855823160673,
            "cholec80_video46": 1.8271485164524215,
            "cholec80_video47": 1.7894175505125318,
            "cholec80_video48": 1.4765596160944998
        }
    },
    "Endoscapes": {
        "mAP": 15.174101139766377,
        "mAP_EMA": 19.676594026450502,
        "mAP_per_class": {
            "C0": 16.344916344916342,
            "C1": 12.489270386266096,
            "C2": 16.68811668811669
        },
        "mAP_per_class_EMA": {
            "C0": 21.261690044568713,
            "C1": 19.245355437014418,
            "C2": 18.52273659776838
        }
    },
    "CholecT50": {
        "AP": {
            "AP_i": 27.651838379792252,
            "AP_v": 17.3964705196785,
            "AP_t": 12.318013509360272,
            "AP_iv": 10.077512249036376,
            "AP_it": 6.834470821699113,
            "AP_ivt": 5.467469730257085
        },
        "AP_EMA": {
            "AP_i": 26.276708610761364,
            "AP_v": 16.900225284665613,
            "AP_t": 13.3869276952452,
            "AP_iv": 10.001957475056512,
            "AP_it": 7.246359907367265,
            "AP_ivt": 6.193790742553586
        }
    }
}