{
    "Test": false,
    "Dataset": "Endoscapes",
    "Results": [
        34.4723891406849,
        25.636967420023844,
        {
            "C0": 34.097657265581546,
            "C1": 37.77125380504589,
            "C2": 31.548256351427284
        },
        {
            "C0": 25.590301236819418,
            "C1": 15.180834409565547,
            "C2": 36.13976661368656
        }
    ]
}