{
    "Test": false,
    "Dataset": "Endoscapes",
    "Results": [
        41.79470721605136,
        16.25873850924695,
        {
            "C0": 38.33438205319252,
            "C1": 38.40078856129627,
            "C2": 48.64895103366528
        },
        {
            "C0": 18.18773359742443,
            "C1": 15.247333304671379,
            "C2": 15.341148625645037
        }
    ]
}