{
    "Test": false,
    "Dataset": "Endoscapes",
    "Results": [
        35.771302598984065,
        19.265824650151547,
        {
            "C0": 38.07511616762705,
            "C1": 31.671639882733604,
            "C2": 37.567151746591534
        },
        {
            "C0": 20.388097716631076,
            "C1": 13.862344012242596,
            "C2": 23.54703222158097
        }
    ]
}