{
    "Test": true,
    "Dataset": "Endoscapes",
    "Results": [
        46.798849383871136,
        null,
        {
            "C0": 44.36520836874363,
            "C1": 43.13606150760166,
            "C2": 52.89527827526812
        },
        null
    ]
}