{
    "Test": false,
    "Dataset": "Endoscapes",
    "Results": [
        35.50796146963932,
        15.893036851271095,
        {
            "C0": 33.58693934097112,
            "C1": 35.98109401092196,
            "C2": 36.95585105702488
        },
        {
            "C0": 18.45737619534309,
            "C1": 12.52065784645206,
            "C2": 16.701076512018133
        }
    ]
}