{
    "Test": false,
    "Dataset": "CholecT50",
    "Results": [
        {
            "AP_i": 56.85945100176429,
            "AP_v": 41.014924818545786,
            "AP_t": 29.94893161966875,
            "AP_iv": 25.580676012867123,
            "AP_it": 22.56632989140368,
            "AP_ivt": 20.161091262695667
        },
        {
            "AP_i": 24.519328304874904,
            "AP_v": 15.898187485954173,
            "AP_t": 13.070417533768328,
            "AP_iv": 8.915898482990936,
            "AP_it": 6.727638468139572,
            "AP_ivt": 5.493797788692296
        }
    ]
}