{
    "Test": false,
    "Dataset": "CholecT50",
    "Results": [
        {
            "AP_i": 89.23228827185739,
            "AP_v": 66.49312822380861,
            "AP_t": 45.04250597726757,
            "AP_iv": 46.13584893724353,
            "AP_it": 42.905053158864405,
            "AP_ivt": 37.626340023459996
        },
        {
            "AP_i": 91.03196083646829,
            "AP_v": 71.27490926819955,
            "AP_t": 49.40921058032438,
            "AP_iv": 46.57497397127939,
            "AP_it": 46.69359206296064,
            "AP_ivt": 41.25160209790277
        }
    ]
}