{
    "Test": false,
    "Dataset": "CholecT50",
    "Results": [
        {
            "AP_i": 87.3231994373055,
            "AP_v": 65.5221618034391,
            "AP_t": 47.062479239413435,
            "AP_iv": 42.11065979468433,
            "AP_it": 39.727804401897274,
            "AP_ivt": 34.95602409477457
        },
        {
            "AP_i": 79.09158258683807,
            "AP_v": 56.09238497355052,
            "AP_t": 42.526993475735864,
            "AP_iv": 34.93130485001125,
            "AP_it": 35.346123441631434,
            "AP_ivt": 31.440882073872523
        }
    ]
}