{
    "Test": false,
    "Dataset": "CholecT50",
    "Results": [
        {
            "AP_i": 77.35939230971333,
            "AP_v": 54.77173185188042,
            "AP_t": 42.972562416407655,
            "AP_iv": 34.851051736178505,
            "AP_it": 36.09220468999092,
            "AP_ivt": 31.78272545342443
        },
        {
            "AP_i": 44.722800734942865,
            "AP_v": 32.407769783705064,
            "AP_t": 26.530909225373314,
            "AP_iv": 20.30553514157113,
            "AP_it": 18.21063463163282,
            "AP_ivt": 16.366635097653223
        }
    ]
}