{
    "Test": false,
    "Dataset": "CholecT50",
    "Results": [
        {
            "AP_i": 86.95678044234963,
            "AP_v": 65.29798724977243,
            "AP_t": 47.67452432713294,
            "AP_iv": 43.075764572940145,
            "AP_it": 41.98164698534132,
            "AP_ivt": 37.645055143237954
        },
        {
            "AP_i": 85.14944832417355,
            "AP_v": 62.551845955843234,
            "AP_t": 45.93485022540581,
            "AP_iv": 39.04938988206466,
            "AP_it": 38.88833582857751,
            "AP_ivt": 35.15367944570658
        }
    ]
}