{
    "Test": false,
    "Dataset": "CholecT50",
    "Results": [
        {
            "AP_i": 88.17398138294523,
            "AP_v": 68.14869879661688,
            "AP_t": 47.89011686090311,
            "AP_iv": 45.592037605425986,
            "AP_it": 42.92877892098394,
            "AP_ivt": 38.22643857191366
        },
        {
            "AP_i": 88.01273570122216,
            "AP_v": 67.10896822919095,
            "AP_t": 47.56581324119315,
            "AP_iv": 42.55039608860475,
            "AP_it": 41.605016217989636,
            "AP_ivt": 38.228074384126494
        }
    ]
}