{
    "Test": false,
    "Dataset": "CholecT50",
    "Results": [
        {
            "AP_i": 24.939018906170944,
            "AP_v": 15.863835256828391,
            "AP_t": 14.884492480549437,
            "AP_iv": 8.993763355675227,
            "AP_it": 7.843072674532895,
            "AP_ivt": 6.260070601141624
        },
        {
            "AP_i": 26.010092072935887,
            "AP_v": 17.685943319404732,
            "AP_t": 13.521411258307209,
            "AP_iv": 9.916178754467618,
            "AP_it": 7.3229959359322985,
            "AP_ivt": 6.041986466850264
        }
    ]
}