{
    "Test": false,
    "Cholec80": {
        "F1_score": 68.11057409744743,
        "F1_score_EMA": 7.5934233646503255,
        "Per_video_f1": {
            "cholec80_video41": 67.51705885886119,
            "cholec80_video43": 66.46804309181246,
            "cholec80_video44": 72.28091262450506,
            "cholec80_video45": 71.86997994711834,
            "cholec80_video46": 64.28301541540866,
            "cholec80_video47": 61.87858334400822,
            "cholec80_video48": 67.29104768640704,
            "cholec80_video49": 74.77750537616443,
            "cholec80_video50": 66.62902053274141
        },
        "Per_video_f1_EMA": {
            "cholec80_video41": 8.28918707874404,
            "cholec80_video43": 8.030276666086653,
            "cholec80_video44": 7.582779232990798,
            "cholec80_video45": 5.88452129620321,
            "cholec80_video46": 6.493506493506493,
            "cholec80_video47": 5.738575982996812,
            "cholec80_video48": 9.589395743799512,
            "cholec80_video49": 5.287388392857143,
            "cholec80_video50": 11.44517939466827
        }
    },
    "Endoscapes": {
        "mAP": 31.310960808200573,
        "mAP_EMA": 12.288816084801592,
        "mAP_per_class": {
            "C0": 30.803202203621765,
            "C1": 31.864092955836348,
            "C2": 31.26558726514361
        },
        "mAP_per_class_EMA": {
            "C0": 13.815668861675176,
            "C1": 10.829617427116089,
            "C2": 12.221161965613513
        }
    },
    "CholecT50": {
        "AP": {
            "AP_i": 73.28415208521473,
            "AP_v": 50.96156654339715,
            "AP_t": 40.33843245676793,
            "AP_iv": 31.03145003178015,
            "AP_it": 32.951583045694754,
            "AP_ivt": 29.11757876055398
        },
        "AP_EMA": {
            "AP_i": 26.51631427949556,
            "AP_v": 17.83686408332467,
            "AP_t": 14.122571377517415,
            "AP_iv": 10.023802662916058,
            "AP_it": 7.74996598157253,
            "AP_ivt": 6.248212259463039
        }
    }
}