{
    "Test": true,
    "Cholec80": {
        "F1_score": 66.779677065581,
        "F1_score_EMA": null,
        "Per_video_f1": {
            "cholec80_video51": 66.73731616376946,
            "cholec80_video53": 68.00945723793586,
            "cholec80_video54": 63.48987656552275,
            "cholec80_video55": 72.6662680567644,
            "cholec80_video58": 50.95737536956031,
            "cholec80_video59": 71.94205117709448,
            "cholec80_video61": 66.34331637947588,
            "cholec80_video63": 52.796863280523056,
            "cholec80_video64": 75.58426075154992,
            "cholec80_video69": 74.28616678758657,
            "cholec80_video73": 79.60294209067399,
            "cholec80_video74": 58.45470856053222,
            "cholec80_video76": 61.7445227522859,
            "cholec80_video77": 80.07034402761423,
            "cholec80_video80": 59.00968678282602
        },
        "Per_video_f1_EMA": null
    },
    "Endoscapes": {
        "mAP": 38.49821513323037,
        "mAP_EMA": null,
        "mAP_per_class": {
            "C0": 43.229607399350954,
            "C1": 30.989768666397378,
            "C2": 41.27526933394277
        },
        "mAP_per_class_EMA": null
    },
    "CholecT50": {
        "AP": {
            "AP_i": 71.4575905201615,
            "AP_v": 51.91612673694565,
            "AP_t": 36.33311339422966,
            "AP_iv": 29.386834076570093,
            "AP_it": 24.47615415485722,
            "AP_ivt": 19.550412851511684
        },
        "AP_EMA": null
    }
}