{
    "Test": false,
    "Cholec80": {
        "F1_score": 62.94971725831649,
        "F1_score_EMA": 68.32289092153937,
        "Per_video_f1": {
            "cholec80_video41": 78.91834190854013,
            "cholec80_video43": 40.915386492506975,
            "cholec80_video44": 80.55831415518085,
            "cholec80_video45": 80.24374862565011,
            "cholec80_video46": 77.667888349743,
            "cholec80_video47": 55.598860848848595,
            "cholec80_video48": 58.93129603680599,
            "cholec80_video49": 32.55672015884992,
            "cholec80_video50": 61.15689874872283
        },
        "Per_video_f1_EMA": {
            "cholec80_video41": 81.57448838347115,
            "cholec80_video43": 46.694374999050765,
            "cholec80_video44": 84.57262262114376,
            "cholec80_video45": 83.92197808867995,
            "cholec80_video46": 77.89156299460024,
            "cholec80_video47": 60.89359106136717,
            "cholec80_video48": 63.49053010854199,
            "cholec80_video49": 45.88867783071765,
            "cholec80_video50": 69.9781922062817
        }
    },
    "Endoscapes": {
        "mAP": 53.09917189690316,
        "mAP_EMA": 54.189942950820566,
        "mAP_per_class": {
            "C0": 50.17019384172434,
            "C1": 56.43468187085313,
            "C2": 52.69263997813199
        },
        "mAP_per_class_EMA": {
            "C0": 50.7593672710084,
            "C1": 58.179350985667796,
            "C2": 53.63111059578549
        }
    },
    "CholecT50": {
        "AP": {
            "AP_i": 53.586825519028245,
            "AP_v": 41.57049788819111,
            "AP_t": 27.670749308172276,
            "AP_iv": 27.03898315626153,
            "AP_it": 24.566192769612982,
            "AP_ivt": 21.48203040112359
        },
        "AP_EMA": {
            "AP_i": 54.60223841696546,
            "AP_v": 42.25688581821497,
            "AP_t": 27.95167970244548,
            "AP_iv": 27.204570823491515,
            "AP_it": 25.114065740755773,
            "AP_ivt": 21.989880773230492
        }
    }
}