{
    "Test": false,
    "Cholec80": {
        "F1_score": 75.99547859244994,
        "F1_score_EMA": 59.0894773012262,
        "Per_video_f1": {
            "cholec80_video41": 78.7431633483232,
            "cholec80_video43": 67.88911899912968,
            "cholec80_video44": 86.21823653845287,
            "cholec80_video45": 80.4121487286599,
            "cholec80_video46": 76.14669781663349,
            "cholec80_video47": 65.52546300968646,
            "cholec80_video48": 76.39855037742652,
            "cholec80_video49": 71.65147947486349,
            "cholec80_video50": 80.97444903887387
        },
        "Per_video_f1_EMA": {
            "cholec80_video41": 61.136643379706754,
            "cholec80_video43": 62.79915935118351,
            "cholec80_video44": 63.862660904498,
            "cholec80_video45": 52.59974527677704,
            "cholec80_video46": 55.24811937728654,
            "cholec80_video47": 49.419771512212805,
            "cholec80_video48": 61.14650734914356,
            "cholec80_video49": 60.04851814775567,
            "cholec80_video50": 65.54417041247189
        }
    },
    "Endoscapes": {
        "mAP": 45.02409997914293,
        "mAP_EMA": 32.149050721573076,
        "mAP_per_class": {
            "C0": 43.26425225306653,
            "C1": 47.55466689391905,
            "C2": 44.25338079044321
        },
        "mAP_per_class_EMA": {
            "C0": 31.61252054120966,
            "C1": 32.346319270994236,
            "C2": 32.488312352515344
        }
    },
    "CholecT50": {
        "AP": {
            "AP_i": 61.86900073658447,
            "AP_v": 44.24128640989993,
            "AP_t": 35.33786836449748,
            "AP_iv": 26.868028064807994,
            "AP_it": 28.192856778424606,
            "AP_ivt": 24.821892630645618
        },
        "AP_EMA": {
            "AP_i": 68.4111827127068,
            "AP_v": 51.667816274113214,
            "AP_t": 33.789859284598066,
            "AP_iv": 30.758316927505174,
            "AP_it": 27.759106552443473,
            "AP_ivt": 23.128675084781595
        }
    }
}