{
    "Test": false,
    "Cholec80": {
        "F1_score": 71.21708874285827,
        "F1_score_EMA": 8.326305606298202,
        "Per_video_f1": {
            "cholec80_video41": 70.02567591288873,
            "cholec80_video43": 64.82220342210374,
            "cholec80_video44": 73.8153811737465,
            "cholec80_video45": 78.56219267558498,
            "cholec80_video46": 66.432208270318,
            "cholec80_video47": 62.4585163950654,
            "cholec80_video48": 71.6142881317401,
            "cholec80_video49": 77.94935362898266,
            "cholec80_video50": 75.27397907529422
        },
        "Per_video_f1_EMA": {
            "cholec80_video41": 10.999059571874193,
            "cholec80_video43": 8.041165184022327,
            "cholec80_video44": 7.77307182461022,
            "cholec80_video45": 5.8859019910169605,
            "cholec80_video46": 8.339190221543163,
            "cholec80_video47": 5.740609496810772,
            "cholec80_video48": 9.582577132486389,
            "cholec80_video49": 5.31333239871022,
            "cholec80_video50": 13.26184263560958
        }
    },
    "Endoscapes": {
        "mAP": 28.65095353483686,
        "mAP_EMA": 13.901410063285132,
        "mAP_per_class": {
            "C0": 28.681968455159705,
            "C1": 26.506589616286092,
            "C2": 30.76430253306478
        },
        "mAP_per_class_EMA": {
            "C0": 16.04548804101348,
            "C1": 12.278316261563551,
            "C2": 13.380425887278363
        }
    },
    "CholecT50": {
        "AP": {
            "AP_i": 73.92902886715294,
            "AP_v": 51.73119457185844,
            "AP_t": 40.35535381449053,
            "AP_iv": 31.785612111401782,
            "AP_it": 33.405276584420484,
            "AP_ivt": 28.52857780750211
        },
        "AP_EMA": {
            "AP_i": 28.82967580612021,
            "AP_v": 19.90214858396501,
            "AP_t": 15.90471509819375,
            "AP_iv": 11.131056769768655,
            "AP_it": 8.61856056843594,
            "AP_ivt": 6.864649538054667
        }
    }
}