{
    "Test": false,
    "Cholec80": {
        "F1_score": 66.61526645509501,
        "F1_score_EMA": 78.07634239364904,
        "Per_video_f1": {
            "cholec80_video41": 77.04672888961952,
            "cholec80_video43": 43.754744915827345,
            "cholec80_video44": 87.10423685348736,
            "cholec80_video45": 82.34236850642199,
            "cholec80_video46": 78.72511107360806,
            "cholec80_video47": 51.527620772802194,
            "cholec80_video48": 62.33413540952487,
            "cholec80_video49": 55.210813123594214,
            "cholec80_video50": 61.49163855096954
        },
        "Per_video_f1_EMA": {
            "cholec80_video41": 79.38419791909163,
            "cholec80_video43": 70.86899409278597,
            "cholec80_video44": 84.5173300668587,
            "cholec80_video45": 83.168097329376,
            "cholec80_video46": 78.72838500792994,
            "cholec80_video47": 71.96119382046066,
            "cholec80_video48": 77.91445329286375,
            "cholec80_video49": 82.13013468261974,
            "cholec80_video50": 74.014295330855
        }
    },
    "Endoscapes": {
        "mAP": 51.47512253502461,
        "mAP_EMA": 52.63603594361896,
        "mAP_per_class": {
            "C0": 51.388008539456465,
            "C1": 54.51788665104874,
            "C2": 48.51947241456862
        },
        "mAP_per_class_EMA": {
            "C0": 50.14493626742021,
            "C1": 57.85718440374284,
            "C2": 49.90598715969382
        }
    },
    "CholecT50": {
        "AP": {
            "AP_i": 51.61012622221804,
            "AP_v": 45.15287495327934,
            "AP_t": 26.63216585680181,
            "AP_iv": 27.96056812674454,
            "AP_it": 25.019864447689287,
            "AP_ivt": 23.25013094990173
        },
        "AP_EMA": {
            "AP_i": 76.1796349803306,
            "AP_v": 55.688382303722264,
            "AP_t": 42.02955081381317,
            "AP_iv": 35.346837979244754,
            "AP_it": 36.70050921091075,
            "AP_ivt": 31.4530246414987
        }
    }
}