{
    "Test": false,
    "Cholec80": {
        "F1_score": 65.38678677759597,
        "F1_score_EMA": 69.79187462691264,
        "Per_video_f1": {
            "cholec80_video41": 81.86665714957002,
            "cholec80_video43": 38.70133410126953,
            "cholec80_video44": 82.68639225545355,
            "cholec80_video45": 82.37809800460914,
            "cholec80_video46": 79.39815373258901,
            "cholec80_video47": 61.93576354828291,
            "cholec80_video48": 56.49760308969283,
            "cholec80_video49": 46.04555037796737,
            "cholec80_video50": 58.97152873892938
        },
        "Per_video_f1_EMA": {
            "cholec80_video41": 81.09873337339017,
            "cholec80_video43": 44.799574583703425,
            "cholec80_video44": 83.33236198642608,
            "cholec80_video45": 84.89099997862654,
            "cholec80_video46": 79.54424287843354,
            "cholec80_video47": 64.00888615081692,
            "cholec80_video48": 65.51545980768478,
            "cholec80_video49": 57.248635085341704,
            "cholec80_video50": 67.68797779779067
        }
    },
    "Endoscapes": {
        "mAP": 55.06383865958228,
        "mAP_EMA": 55.81037507547483,
        "mAP_per_class": {
            "C0": 52.0786101394636,
            "C1": 57.63205030020121,
            "C2": 55.48085553908204
        },
        "mAP_per_class_EMA": {
            "C0": 53.246593343853256,
            "C1": 59.78299921439477,
            "C2": 54.401532668176465
        }
    },
    "CholecT50": {
        "AP": {
            "AP_i": 55.57898656413488,
            "AP_v": 42.921487108152554,
            "AP_t": 28.169566362501783,
            "AP_iv": 27.40339692644931,
            "AP_it": 25.31118162015605,
            "AP_ivt": 22.06656402616177
        },
        "AP_EMA": {
            "AP_i": 60.08752834831491,
            "AP_v": 45.71972111584026,
            "AP_t": 29.256789547901146,
            "AP_iv": 28.977893615603193,
            "AP_it": 26.521974249498875,
            "AP_ivt": 22.927567617911766
        }
    }
}