{
    "Test": false,
    "Cholec80": {
        "F1_score": 67.28104601191369,
        "F1_score_EMA": 78.61025498039284,
        "Per_video_f1": {
            "cholec80_video41": 82.10599325689189,
            "cholec80_video43": 44.054382957468185,
            "cholec80_video44": 86.7184133428925,
            "cholec80_video45": 84.10540199091191,
            "cholec80_video46": 80.33587448987909,
            "cholec80_video47": 50.45009284614,
            "cholec80_video48": 53.78896408962686,
            "cholec80_video49": 49.78942926726299,
            "cholec80_video50": 74.18086186614981
        },
        "Per_video_f1_EMA": {
            "cholec80_video41": 82.13702163799094,
            "cholec80_video43": 65.38007255208346,
            "cholec80_video44": 86.12176624125848,
            "cholec80_video45": 84.68318947967465,
            "cholec80_video46": 79.92839204381991,
            "cholec80_video47": 71.45519340849319,
            "cholec80_video48": 77.58781404777223,
            "cholec80_video49": 76.64544244879086,
            "cholec80_video50": 83.55340296365178
        }
    },
    "Endoscapes": {
        "mAP": 52.35530927306078,
        "mAP_EMA": 52.30955955802175,
        "mAP_per_class": {
            "C0": 49.46343469991446,
            "C1": 56.53290211980973,
            "C2": 51.06959099945816
        },
        "mAP_per_class_EMA": {
            "C0": 50.63004659369571,
            "C1": 55.397827718951376,
            "C2": 50.90080436141818
        }
    },
    "CholecT50": {
        "AP": {
            "AP_i": 58.50859220562587,
            "AP_v": 47.66781114401088,
            "AP_t": 29.434351315163894,
            "AP_iv": 28.764974456115738,
            "AP_it": 26.63072431341841,
            "AP_ivt": 23.345217668557247
        },
        "AP_EMA": {
            "AP_i": 68.50262868671678,
            "AP_v": 51.77837067822545,
            "AP_t": 35.05033704491834,
            "AP_iv": 31.68113289765697,
            "AP_it": 31.34589982530898,
            "AP_ivt": 29.501469709708967
        }
    }
}