{
    "Test": false,
    "Cholec80": {
        "F1_score": 67.67607976816127,
        "F1_score_EMA": 69.83383416263418,
        "Per_video_f1": {
            "cholec80_video41": 81.72310697179255,
            "cholec80_video43": 44.73940095199635,
            "cholec80_video44": 82.60077568479589,
            "cholec80_video45": 83.13513026074811,
            "cholec80_video46": 80.07458647058881,
            "cholec80_video47": 61.14581228476407,
            "cholec80_video48": 62.715292327202974,
            "cholec80_video49": 44.592402076470044,
            "cholec80_video50": 68.3582108850926
        },
        "Per_video_f1_EMA": {
            "cholec80_video41": 81.53642067687484,
            "cholec80_video43": 48.87925646365256,
            "cholec80_video44": 85.16256086805201,
            "cholec80_video45": 84.73609320014576,
            "cholec80_video46": 78.32840834546674,
            "cholec80_video47": 62.60577903680199,
            "cholec80_video48": 65.5330726102459,
            "cholec80_video49": 49.82837689531472,
            "cholec80_video50": 71.89453936715306
        }
    },
    "Endoscapes": {
        "mAP": 51.7061189746727,
        "mAP_EMA": 55.25275274995745,
        "mAP_per_class": {
            "C0": 48.624092250455355,
            "C1": 55.809999585072326,
            "C2": 50.68426508849041
        },
        "mAP_per_class_EMA": {
            "C0": 51.833235882585385,
            "C1": 59.42321628513587,
            "C2": 54.501806082151106
        }
    },
    "CholecT50": {
        "AP": {
            "AP_i": 53.04510367442279,
            "AP_v": 39.80971607437289,
            "AP_t": 27.466900541628355,
            "AP_iv": 26.270877712178812,
            "AP_it": 24.455013952288798,
            "AP_ivt": 21.027258257648366
        },
        "AP_EMA": {
            "AP_i": 56.56141583950856,
            "AP_v": 43.37873732404474,
            "AP_t": 28.33901549067554,
            "AP_iv": 27.031099157721247,
            "AP_it": 25.398680847506977,
            "AP_ivt": 22.102955432984455
        }
    }
}