{
    "Test": false,
    "Cholec80": {
        "F1_score": 72.57588472251705,
        "F1_score_EMA": 79.43359561912203,
        "Per_video_f1": {
            "cholec80_video41": 79.57330123520381,
            "cholec80_video43": 56.37740801022415,
            "cholec80_video44": 85.05018355594225,
            "cholec80_video45": 81.42953862349191,
            "cholec80_video46": 83.12961257537282,
            "cholec80_video47": 55.944626746120164,
            "cholec80_video48": 65.07513518821841,
            "cholec80_video49": 62.55189968443965,
            "cholec80_video50": 84.05125688364029
        },
        "Per_video_f1_EMA": {
            "cholec80_video41": 79.26006524508219,
            "cholec80_video43": 72.3177531006136,
            "cholec80_video44": 85.86902432880649,
            "cholec80_video45": 81.60883795652803,
            "cholec80_video46": 78.7599046537981,
            "cholec80_video47": 70.37112544443086,
            "cholec80_video48": 78.46615705126935,
            "cholec80_video49": 83.63269937177876,
            "cholec80_video50": 84.61679341979095
        }
    },
    "Endoscapes": {
        "mAP": 51.82689039159236,
        "mAP_EMA": 47.474534219804504,
        "mAP_per_class": {
            "C0": 49.63086911382341,
            "C1": 56.95379233323457,
            "C2": 48.8960097277191
        },
        "mAP_per_class_EMA": {
            "C0": 46.15604099690782,
            "C1": 49.11076023301903,
            "C2": 47.15680142948667
        }
    },
    "CholecT50": {
        "AP": {
            "AP_i": 58.46869933314949,
            "AP_v": 46.09097777362966,
            "AP_t": 29.55694469633289,
            "AP_iv": 27.60127045006778,
            "AP_it": 26.895309329190724,
            "AP_ivt": 23.40934796616451
        },
        "AP_EMA": {
            "AP_i": 75.18858249160851,
            "AP_v": 54.38106679307049,
            "AP_t": 39.70904533171122,
            "AP_iv": 34.1643074643992,
            "AP_it": 34.956946356854246,
            "AP_ivt": 32.30402430370106
        }
    }
}