{
    "Test": true,
    "Cholec80": {
        "F1_score": 68.69100723453631,
        "F1_score_EMA": null,
        "Per_video_f1": {
            "cholec80_video51": 59.60919348120456,
            "cholec80_video53": 70.5998876915283,
            "cholec80_video54": 79.25843655054922,
            "cholec80_video55": 65.47438451125406,
            "cholec80_video58": 47.651251213469926,
            "cholec80_video59": 67.15051660906933,
            "cholec80_video61": 58.74232176383876,
            "cholec80_video63": 67.89489829870364,
            "cholec80_video64": 75.84594978099935,
            "cholec80_video69": 85.36868500172203,
            "cholec80_video73": 73.52089229426426,
            "cholec80_video74": 67.53130132342692,
            "cholec80_video76": 74.22312693485172,
            "cholec80_video77": 77.96439564761161,
            "cholec80_video80": 59.52986741555105
        },
        "Per_video_f1_EMA": null
    },
    "Endoscapes": {
        "mAP": 51.11809520478251,
        "mAP_EMA": null,
        "mAP_per_class": {
            "C0": 51.59887914120641,
            "C1": 44.248133136879375,
            "C2": 57.507273336261754
        },
        "mAP_per_class_EMA": null
    },
    "CholecT50": {
        "AP": {
            "AP_i": 78.49540116675078,
            "AP_v": 57.57283962917427,
            "AP_t": 36.437018815688404,
            "AP_iv": 35.251939314598665,
            "AP_it": 26.046250031493543,
            "AP_ivt": 21.904928081824888
        },
        "AP_EMA": null
    }
}