{
    "Test": false,
    "Cholec80": {
        "F1_score": 69.74976337678271,
        "F1_score_EMA": 74.68790285870097,
        "Per_video_f1": {
            "cholec80_video41": 70.4710310141134,
            "cholec80_video43": 61.00206298883164,
            "cholec80_video44": 76.0626616658842,
            "cholec80_video45": 76.83595757221823,
            "cholec80_video46": 67.46143061205186,
            "cholec80_video47": 65.3015754552408,
            "cholec80_video48": 71.11362432913889
        },
        "Per_video_f1_EMA": {
            "cholec80_video41": 71.93349733176781,
            "cholec80_video43": 72.36715924840763,
            "cholec80_video44": 76.62796354428806,
            "cholec80_video45": 77.57084521159865,
            "cholec80_video46": 74.43561778828366,
            "cholec80_video47": 71.914138450893,
            "cholec80_video48": 77.96609843566796
        }
    },
    "Endoscapes": {
        "mAP": 45.55711987522039,
        "mAP_EMA": 50.55994465450745,
        "mAP_per_class": {
            "C0": 52.499466386762805,
            "C1": 45.59274374909579,
            "C2": 38.57914948980256
        },
        "mAP_per_class_EMA": {
            "C0": 51.806352731509534,
            "C1": 52.08466132197033,
            "C2": 47.788819910042484
        }
    },
    "CholecT50": {
        "AP": {
            "AP_i": 87.1346506156687,
            "AP_v": 59.75905836966858,
            "AP_t": 41.839448322702644,
            "AP_iv": 39.8342590396071,
            "AP_it": 37.815519026853686,
            "AP_ivt": 32.81418014970608
        },
        "AP_EMA": {
            "AP_i": 89.54165597511724,
            "AP_v": 65.28801941295237,
            "AP_t": 44.07023150161425,
            "AP_iv": 44.156620852534736,
            "AP_it": 39.858847532490216,
            "AP_ivt": 35.365627459717004
        }
    }
}