{
    "Test": false,
    "Cholec80": {
        "F1_score": 71.53656066796628,
        "F1_score_EMA": 51.803640177368514,
        "Per_video_f1": {
            "cholec80_video41": 67.33738212415432,
            "cholec80_video43": 70.37005073222197,
            "cholec80_video44": 68.82551122298747,
            "cholec80_video45": 72.29861345490811,
            "cholec80_video46": 73.01757860791457,
            "cholec80_video47": 69.23630313716492,
            "cholec80_video48": 79.67048539641267
        },
        "Per_video_f1_EMA": {
            "cholec80_video41": 36.57314234482811,
            "cholec80_video43": 68.89466090715163,
            "cholec80_video44": 54.32525898336456,
            "cholec80_video45": 42.31852648986372,
            "cholec80_video46": 51.32624815440915,
            "cholec80_video47": 53.89366042494708,
            "cholec80_video48": 55.293983937015334
        }
    },
    "Endoscapes": {
        "mAP": 45.92381000228204,
        "mAP_EMA": 28.932406402317607,
        "mAP_per_class": {
            "C0": 43.84784797219478,
            "C1": 43.86251156788903,
            "C2": 50.06107046676232
        },
        "mAP_per_class_EMA": {
            "C0": 26.539778720099456,
            "C1": 29.034678575974816,
            "C2": 31.22276191087855
        }
    },
    "CholecT50": {
        "AP": {
            "AP_i": 77.06078046140067,
            "AP_v": 53.56445304907212,
            "AP_t": 42.28314079362285,
            "AP_iv": 38.39728640023017,
            "AP_it": 37.753628532331724,
            "AP_ivt": 32.66826236762605
        },
        "AP_EMA": {
            "AP_i": 60.1057786094862,
            "AP_v": 40.71006190159419,
            "AP_t": 34.1852101780386,
            "AP_iv": 26.436082431426655,
            "AP_it": 26.426822714318764,
            "AP_ivt": 22.247752528214807
        }
    }
}