{
    "Test": false,
    "Cholec80": {
        "F1_score": 67.85979679412834,
        "F1_score_EMA": 74.45128798149898,
        "Per_video_f1": {
            "cholec80_video41": 71.614719228142,
            "cholec80_video43": 64.01800970010856,
            "cholec80_video44": 72.45141421064618,
            "cholec80_video45": 72.87483793843951,
            "cholec80_video46": 70.0489386774426,
            "cholec80_video47": 58.307263955591424,
            "cholec80_video48": 65.7033938485281
        },
        "Per_video_f1_EMA": {
            "cholec80_video41": 71.33463017038038,
            "cholec80_video43": 73.97202968844213,
            "cholec80_video44": 75.06537584935326,
            "cholec80_video45": 75.84822548614632,
            "cholec80_video46": 74.11198798656798,
            "cholec80_video47": 71.35324991402884,
            "cholec80_video48": 79.47351677557396
        }
    },
    "Endoscapes": {
        "mAP": 40.52335388168002,
        "mAP_EMA": 51.02354211506679,
        "mAP_per_class": {
            "C0": 36.640379618806165,
            "C1": 41.373632075587864,
            "C2": 43.55604995064604
        },
        "mAP_per_class_EMA": {
            "C0": 51.15725237310348,
            "C1": 53.18959355604457,
            "C2": 48.72378041605231
        }
    },
    "CholecT50": {
        "AP": {
            "AP_i": 86.43105845397292,
            "AP_v": 57.380557398636576,
            "AP_t": 41.36197792538539,
            "AP_iv": 36.7404188330411,
            "AP_it": 36.327688860381045,
            "AP_ivt": 30.709288861520484
        },
        "AP_EMA": {
            "AP_i": 89.24220266734328,
            "AP_v": 65.70260028341288,
            "AP_t": 45.166044662547506,
            "AP_iv": 44.49247935189166,
            "AP_it": 41.280353294621854,
            "AP_ivt": 36.41430567410251
        }
    }
}