{
    "Test": false,
    "Cholec80": {
        "F1_score": 70.00299019089981,
        "F1_score_EMA": 74.27610876732922,
        "Per_video_f1": {
            "cholec80_video41": 70.7983750028588,
            "cholec80_video43": 68.0539096679228,
            "cholec80_video44": 73.35768701297687,
            "cholec80_video45": 72.2544816724984,
            "cholec80_video46": 71.04526335759739,
            "cholec80_video47": 62.40379440062339,
            "cholec80_video48": 72.10742022182097
        },
        "Per_video_f1_EMA": {
            "cholec80_video41": 72.42388540380948,
            "cholec80_video43": 72.14667917241768,
            "cholec80_video44": 76.9490472100013,
            "cholec80_video45": 77.68870797988285,
            "cholec80_video46": 73.52542457121281,
            "cholec80_video47": 70.7912508236536,
            "cholec80_video48": 76.40776621032687
        }
    },
    "Endoscapes": {
        "mAP": 47.261854662299825,
        "mAP_EMA": 49.373714551776075,
        "mAP_per_class": {
            "C0": 48.088977198605626,
            "C1": 48.71798138945944,
            "C2": 44.978605398834404
        },
        "mAP_per_class_EMA": {
            "C0": 50.674044206923874,
            "C1": 50.10759938755586,
            "C2": 47.339500060848486
        }
    },
    "CholecT50": {
        "AP": {
            "AP_i": 81.67952134451438,
            "AP_v": 55.751769072745205,
            "AP_t": 38.56189233487957,
            "AP_iv": 34.05642939353977,
            "AP_it": 32.91663147438926,
            "AP_ivt": 27.507719521481803
        },
        "AP_EMA": {
            "AP_i": 88.9610368996925,
            "AP_v": 62.10208633180275,
            "AP_t": 42.75988309167436,
            "AP_iv": 41.301906214232915,
            "AP_it": 37.82344510767303,
            "AP_ivt": 33.244037073121405
        }
    }
}