{
    "Test": false,
    "Cholec80": {
        "F1_score": 64.68223438596772,
        "F1_score_EMA": 15.301254525256743,
        "Per_video_f1": {
            "cholec80_video41": 63.42220565669396,
            "cholec80_video43": 56.21643211351311,
            "cholec80_video44": 67.90586595888443,
            "cholec80_video45": 69.02218014624914,
            "cholec80_video46": 66.15540480133626,
            "cholec80_video47": 62.752220582084405,
            "cholec80_video48": 67.30133144301273
        },
        "Per_video_f1_EMA": {
            "cholec80_video41": 13.392427346744654,
            "cholec80_video43": 19.344737832459327,
            "cholec80_video44": 15.26338212417713,
            "cholec80_video45": 17.033740139934572,
            "cholec80_video46": 13.991238790369184,
            "cholec80_video47": 16.20511864325469,
            "cholec80_video48": 11.87813679985765
        }
    },
    "Endoscapes": {
        "mAP": 36.542039857348854,
        "mAP_EMA": 14.816417278153079,
        "mAP_per_class": {
            "C0": 37.24451601786161,
            "C1": 35.546665073637925,
            "C2": 36.83493848054702
        },
        "mAP_per_class_EMA": {
            "C0": 14.926649637589223,
            "C1": 11.330969041110528,
            "C2": 18.191633155759483
        }
    },
    "CholecT50": {
        "AP": {
            "AP_i": 87.0892135445943,
            "AP_v": 61.5301679774739,
            "AP_t": 45.80912663466831,
            "AP_iv": 43.63443574830651,
            "AP_it": 43.80875978640391,
            "AP_ivt": 38.15239141004913
        },
        "AP_EMA": {
            "AP_i": 37.6615332955833,
            "AP_v": 21.945321074008557,
            "AP_t": 18.54709197460546,
            "AP_iv": 12.92481787921485,
            "AP_it": 10.627673331391266,
            "AP_ivt": 8.698405263657257
        }
    }
}