{
    "Test": false,
    "Cholec80": {
        "F1_score": 74.38712352137398,
        "F1_score_EMA": 75.49027620175104,
        "Per_video_f1": {
            "cholec80_video41": 72.92464770431742,
            "cholec80_video43": 66.64029783283951,
            "cholec80_video44": 81.2644788308179,
            "cholec80_video45": 80.77895657289116,
            "cholec80_video46": 76.91135611459069,
            "cholec80_video47": 68.7006595111418,
            "cholec80_video48": 73.4894680830194
        },
        "Per_video_f1_EMA": {
            "cholec80_video41": 71.75847599705104,
            "cholec80_video43": 69.56675834521981,
            "cholec80_video44": 82.65676232348109,
            "cholec80_video45": 83.81188078383977,
            "cholec80_video46": 77.52868225518796,
            "cholec80_video47": 68.2447101139682,
            "cholec80_video48": 74.8646635935094
        }
    },
    "Endoscapes": {
        "mAP": 51.49737595535038,
        "mAP_EMA": 51.66742236582382,
        "mAP_per_class": {
            "C0": 52.19899453429987,
            "C1": 50.474034956971934,
            "C2": 51.81909837477933
        },
        "mAP_per_class_EMA": {
            "C0": 51.897302332344175,
            "C1": 51.35024514183195,
            "C2": 51.75471962329532
        }
    },
    "CholecT50": {
        "AP": {
            "AP_i": 89.36661265657204,
            "AP_v": 65.91699254568742,
            "AP_t": 44.3422502221961,
            "AP_iv": 41.705238335123994,
            "AP_it": 43.09198375680216,
            "AP_ivt": 36.26449013779035
        },
        "AP_EMA": {
            "AP_i": 91.23844968343464,
            "AP_v": 65.81070658112372,
            "AP_t": 45.39016278638131,
            "AP_iv": 42.78105647646375,
            "AP_it": 43.38376869352987,
            "AP_ivt": 36.764888673443494
        }
    }
}