{
    "Test": false,
    "Cholec80": {
        "F1_score": 70.46211791391728,
        "Per_video_f1": {
            "cholec80_video41": 73.10105331860493,
            "cholec80_video43": 61.90749845682701,
            "cholec80_video44": 80.28354938847623,
            "cholec80_video45": 72.466597391413,
            "cholec80_video46": 74.69907137028835,
            "cholec80_video47": 57.64552127768939,
            "cholec80_video48": 73.13153419412205
        }
    },
    "Endoscapes": {
        "mAP": 36.38970489946855,
        "mAP_per_class": {
            "C0": 44.47053270162922,
            "C1": 32.52679034647936,
            "C2": 32.17179165029707
        }
    },
    "CholecT50": {
        "AP": {
            "AP_i": 65.96650525686495,
            "AP_v": 47.41083151966997,
            "AP_t": 38.502275384085586,
            "AP_iv": 28.9774906565404,
            "AP_it": 29.22385565325548,
            "AP_ivt": 26.004459740362666
        }
    }
}