{
    "Test": false,
    "Cholec80": {
        "F1_score": 69.42003656008018,
        "Per_video_f1": {
            "cholec80_video41": 66.98575203022523,
            "cholec80_video43": 59.28887314972037,
            "cholec80_video44": 77.03738548586324,
            "cholec80_video45": 71.74864434303313,
            "cholec80_video46": 70.36204054108428,
            "cholec80_video47": 65.96843174009031,
            "cholec80_video48": 74.54912863054463
        }
    },
    "Endoscapes": {
        "mAP": 42.176332123059176,
        "mAP_per_class": {
            "C0": 47.66617698864111,
            "C1": 40.2081534923524,
            "C2": 38.65466588818401
        }
    },
    "CholecT50": {
        "AP": {
            "AP_i": 63.51925216237293,
            "AP_v": 45.6141301059252,
            "AP_t": 36.8068864912226,
            "AP_iv": 27.482635375200392,
            "AP_it": 26.420642253641873,
            "AP_ivt": 21.905645415319807
        }
    }
}