{
    "Test": false,
    "Cholec80": {
        "F1_score": 70.2514632590748,
        "Per_video_f1": {
            "cholec80_video41": 69.52783393756184,
            "cholec80_video43": 61.68114036259442,
            "cholec80_video44": 78.90098518212466,
            "cholec80_video45": 74.30438298043259,
            "cholec80_video46": 75.17168581811255,
            "cholec80_video47": 61.643313794554864,
            "cholec80_video48": 70.5309007381426
        }
    },
    "Endoscapes": {
        "mAP": 35.60637004036673,
        "mAP_per_class": {
            "C0": 37.01350300144174,
            "C1": 32.967718968477506,
            "C2": 36.837888151180934
        }
    },
    "CholecT50": {
        "AP": {
            "AP_i": 65.97939518306302,
            "AP_v": 47.48112042871578,
            "AP_t": 39.33270414452766,
            "AP_iv": 28.70328226428415,
            "AP_it": 28.4756795657714,
            "AP_ivt": 23.95594844353043
        }
    }
}