{
    "Test": false,
    "Cholec80": {
        "F1_score": 66.31389180346233,
        "Per_video_f1": {
            "cholec80_video41": 68.42861285390252,
            "cholec80_video43": 61.99482380108719,
            "cholec80_video44": 67.9451174807835,
            "cholec80_video45": 61.31829922516925,
            "cholec80_video46": 72.64527031192661,
            "cholec80_video47": 56.82750160027089,
            "cholec80_video48": 75.03761735109632
        }
    },
    "Endoscapes": {
        "mAP": 38.46965213305701,
        "mAP_per_class": {
            "C0": 43.843101180591745,
            "C1": 44.6298226654461,
            "C2": 26.936032553133188
        }
    },
    "CholecT50": {
        "AP": {
            "AP_i": 62.21055832836836,
            "AP_v": 43.027305352808504,
            "AP_t": 33.59020218998418,
            "AP_iv": 26.78057739979992,
            "AP_it": 24.569244186057727,
            "AP_ivt": 20.32180049198162
        }
    }
}