{
    "Test": false,
    "Cholec80": {
        "F1_score": 63.44612571038408,
        "Per_video_f1": {
            "cholec80_video41": 67.31252123286053,
            "cholec80_video43": 51.362922699572444,
            "cholec80_video44": 66.89355486397957,
            "cholec80_video45": 65.69034750213746,
            "cholec80_video46": 75.81842906063588,
            "cholec80_video47": 51.951206014242025,
            "cholec80_video48": 65.09389859926064
        }
    },
    "Endoscapes": {
        "mAP": 40.3411532034076,
        "mAP_per_class": {
            "C0": 42.332011062119356,
            "C1": 37.686662558545464,
            "C2": 41.00478598955797
        }
    },
    "CholecT50": {
        "AP": {
            "AP_i": 60.00082287886115,
            "AP_v": 42.04910396467843,
            "AP_t": 33.44827536243788,
            "AP_iv": 24.653603563177995,
            "AP_it": 23.181969943987777,
            "AP_ivt": 18.42845525400664
        }
    }
}