{
    "Test": false,
    "Cholec80": {
        "F1_score": 67.36018772482065,
        "Per_video_f1": {
            "cholec80_video41": 69.28278713762633,
            "cholec80_video43": 57.326786276718714,
            "cholec80_video44": 76.41028076450064,
            "cholec80_video45": 69.56294778119681,
            "cholec80_video46": 69.27863453179694,
            "cholec80_video47": 59.76781409541246,
            "cholec80_video48": 69.89206348649265
        }
    },
    "Endoscapes": {
        "mAP": 36.04828643564373,
        "mAP_per_class": {
            "C0": 38.58060430339555,
            "C1": 35.55767029775206,
            "C2": 34.006584705783574
        }
    },
    "CholecT50": {
        "AP": {
            "AP_i": 62.5555265296077,
            "AP_v": 41.762948937913926,
            "AP_t": 30.94409600024068,
            "AP_iv": 24.463896938968997,
            "AP_it": 21.897671360669534,
            "AP_ivt": 17.49508312494619
        }
    }
}