{
    "Test": false,
    "Cholec80": {
        "F1_score": 66.92223920904902,
        "Per_video_f1": {
            "cholec80_video41": 70.57568434577007,
            "cholec80_video43": 54.96348758226459,
            "cholec80_video44": 75.83630451994401,
            "cholec80_video45": 68.7920876576636,
            "cholec80_video46": 75.49761373506196,
            "cholec80_video47": 55.01058844373829,
            "cholec80_video48": 67.77990817890068
        }
    },
    "Endoscapes": {
        "mAP": 36.46513624940873,
        "mAP_per_class": {
            "C0": 42.91312810916,
            "C1": 30.12980741234188,
            "C2": 36.3524732267243
        }
    },
    "CholecT50": {
        "AP": {
            "AP_i": 61.76048569867387,
            "AP_v": 44.07606477213278,
            "AP_t": 35.08350752381955,
            "AP_iv": 28.111115159818567,
            "AP_it": 25.764618735134672,
            "AP_ivt": 22.68256409436005
        }
    }
}