{
    "Test": false,
    "Cholec80": {
        "F1_score": 69.85088133504767,
        "Per_video_f1": {
            "cholec80_video41": 70.46058481317398,
            "cholec80_video43": 60.10462352849013,
            "cholec80_video44": 78.43444820178627,
            "cholec80_video45": 72.94821596261805,
            "cholec80_video46": 75.47467023146918,
            "cholec80_video47": 59.106755397864674,
            "cholec80_video48": 72.42687120993148
        }
    },
    "Endoscapes": {
        "mAP": 41.04959359937851,
        "mAP_per_class": {
            "C0": 45.47006448537975,
            "C1": 40.46226362033699,
            "C2": 37.2164526924188
        }
    },
    "CholecT50": {
        "AP": {
            "AP_i": 62.210786750987076,
            "AP_v": 43.031236914065616,
            "AP_t": 35.316316877919014,
            "AP_iv": 27.961681764976692,
            "AP_it": 27.149601757286845,
            "AP_ivt": 22.54994662688874
        }
    }
}