{
    "Test": false,
    "Cholec80": {
        "F1_score": 68.85883076852292,
        "Per_video_f1": {
            "cholec80_video41": 65.06501044052334,
            "cholec80_video43": 59.279007700737765,
            "cholec80_video44": 77.91378752348514,
            "cholec80_video45": 73.67661096598091,
            "cholec80_video46": 76.0680659086952,
            "cholec80_video47": 61.26965944286587,
            "cholec80_video48": 68.73967339737226
        }
    },
    "Endoscapes": {
        "mAP": 33.24250070467522,
        "mAP_per_class": {
            "C0": 39.33366697451257,
            "C1": 30.310489470825928,
            "C2": 30.083345668687166
        }
    },
    "CholecT50": {
        "AP": {
            "AP_i": 65.10592369653558,
            "AP_v": 47.67792237962793,
            "AP_t": 37.679194582540084,
            "AP_iv": 28.814290137592373,
            "AP_it": 27.791568839491166,
            "AP_ivt": 23.68857964496608
        }
    }
}