{
    "Test": false,
    "Cholec80": {
        "F1_score": 64.01953994639746,
        "Per_video_f1": {
            "cholec80_video41": 63.2031722425208,
            "cholec80_video43": 59.77896131596098,
            "cholec80_video44": 67.93347311492973,
            "cholec80_video45": 66.20156175467714,
            "cholec80_video46": 69.2131655579073,
            "cholec80_video47": 58.21184897369188,
            "cholec80_video48": 63.59459666509436
        }
    },
    "Endoscapes": {
        "mAP": 40.16494237197854,
        "mAP_per_class": {
            "C0": 43.47955161622832,
            "C1": 40.372908255960766,
            "C2": 36.642367243746534
        }
    },
    "CholecT50": {
        "AP": {
            "AP_i": 52.735603422155805,
            "AP_v": 35.743412618003404,
            "AP_t": 28.551581435128995,
            "AP_iv": 20.391011435630716,
            "AP_it": 19.237630335759185,
            "AP_ivt": 14.657000520772858
        }
    }
}