{
    "Test": false,
    "Cholec80": {
        "F1_score": 70.89230451970124,
        "Per_video_f1": {
            "cholec80_video41": 69.42788231717249,
            "cholec80_video43": 57.89963976524527,
            "cholec80_video44": 82.32148316256318,
            "cholec80_video45": 74.52957685406079,
            "cholec80_video46": 77.44331285900921,
            "cholec80_video47": 64.96061740543443,
            "cholec80_video48": 69.66361927442335
        }
    },
    "Endoscapes": {
        "mAP": 32.9651127234483,
        "mAP_per_class": {
            "C0": 38.51830645152016,
            "C1": 27.40799559948039,
            "C2": 32.96903611934436
        }
    },
    "CholecT50": {
        "AP": {
            "AP_i": 65.48775880240821,
            "AP_v": 47.21033122904783,
            "AP_t": 39.42121667221305,
            "AP_iv": 29.030842261958522,
            "AP_it": 30.320959073600946,
            "AP_ivt": 26.06722263058964
        }
    }
}