{
    "Test": false,
    "Cholec80": {
        "F1_score": 65.4345406984345,
        "Per_video_f1": {
            "cholec80_video41": 69.20132465549635,
            "cholec80_video43": 57.09563667652604,
            "cholec80_video44": 71.69090734911329,
            "cholec80_video45": 68.13514293394424,
            "cholec80_video46": 65.99819576338606,
            "cholec80_video47": 55.74575154920205,
            "cholec80_video48": 70.17482596137346
        }
    },
    "Endoscapes": {
        "mAP": 35.577007073184745,
        "mAP_per_class": {
            "C0": 46.51612489687484,
            "C1": 24.555986954272257,
            "C2": 35.65890936840713
        }
    },
    "CholecT50": {
        "AP": {
            "AP_i": 63.49752246649867,
            "AP_v": 48.50292872789686,
            "AP_t": 34.7760326818978,
            "AP_iv": 29.489886221839537,
            "AP_it": 25.7896110006269,
            "AP_ivt": 22.453190785722672
        }
    }
}