{
    "Test": false,
    "Cholec80": {
        "F1_score": 66.73977259268953,
        "Per_video_f1": {
            "cholec80_video41": 62.77594597001696,
            "cholec80_video43": 55.19016421228867,
            "cholec80_video44": 80.59408370839304,
            "cholec80_video45": 68.40958968917582,
            "cholec80_video46": 70.54071666490384,
            "cholec80_video47": 55.674846791543,
            "cholec80_video48": 73.99306111250542
        }
    },
    "Endoscapes": {
        "mAP": 32.07122310368652,
        "mAP_per_class": {
            "C0": 45.17311405053887,
            "C1": 24.297364799456016,
            "C2": 26.74319046106467
        }
    },
    "CholecT50": {
        "AP": {
            "AP_i": 62.870452316821805,
            "AP_v": 49.35589158432251,
            "AP_t": 35.97398283598598,
            "AP_iv": 29.899598895989296,
            "AP_it": 25.684350615965798,
            "AP_ivt": 22.225589470381564
        }
    }
}