{
    "Test": false,
    "Cholec80": {
        "F1_score": 65.02453379584341,
        "Per_video_f1": {
            "cholec80_video41": 64.64770273737656,
            "cholec80_video43": 56.0621438644463,
            "cholec80_video44": 73.16275911105689,
            "cholec80_video45": 65.82193172889505,
            "cholec80_video46": 74.22974900758138,
            "cholec80_video47": 59.326398916472435,
            "cholec80_video48": 61.921051205075216
        }
    },
    "Endoscapes": {
        "mAP": 40.318281053550955,
        "mAP_per_class": {
            "C0": 38.65841961555629,
            "C1": 39.19408959521812,
            "C2": 43.10233394987845
        }
    },
    "CholecT50": {
        "AP": {
            "AP_i": 60.9874819977229,
            "AP_v": 42.34511868940102,
            "AP_t": 33.358066210980894,
            "AP_iv": 25.9913247613016,
            "AP_it": 23.829112680102725,
            "AP_ivt": 20.377701057982
        }
    }
}