{
    "Test": false,
    "Cholec80": {
        "F1_score": 69.06298540771097,
        "Per_video_f1": {
            "cholec80_video41": 69.685262219423,
            "cholec80_video43": 65.02834518986538,
            "cholec80_video44": 73.07743152271395,
            "cholec80_video45": 72.79825477924157,
            "cholec80_video46": 75.90895603527495,
            "cholec80_video47": 58.42455745706292,
            "cholec80_video48": 68.51809065039504
        }
    },
    "Endoscapes": {
        "mAP": 36.99976519196586,
        "mAP_per_class": {
            "C0": 39.98280017630456,
            "C1": 31.35106201818659,
            "C2": 39.665433381406416
        }
    },
    "CholecT50": {
        "AP": {
            "AP_i": 65.84690095398248,
            "AP_v": 46.994726715367705,
            "AP_t": 37.61377863641143,
            "AP_iv": 28.728011839600782,
            "AP_it": 27.993467642852316,
            "AP_ivt": 23.73155143268823
        }
    }
}