{
    "Test": false,
    "Cholec80": {
        "F1_score": 71.25051943252844,
        "F1_score_EMA": 61.25121707826295,
        "Per_video_f1": {
            "cholec80_video41": 69.3322356703671,
            "cholec80_video43": 64.8773415237743,
            "cholec80_video44": 76.97149933273305,
            "cholec80_video45": 77.5779491143203,
            "cholec80_video46": 70.6585950299355,
            "cholec80_video47": 67.10791679974665,
            "cholec80_video48": 72.22809855682213
        },
        "Per_video_f1_EMA": {
            "cholec80_video41": 61.985317689486244,
            "cholec80_video43": 63.30352494948585,
            "cholec80_video44": 58.531867099403,
            "cholec80_video45": 61.925244473617106,
            "cholec80_video46": 65.25477448185248,
            "cholec80_video47": 54.82794678780414,
            "cholec80_video48": 62.92984406619182
        }
    },
    "Endoscapes": {
        "mAP": 45.738228606730964,
        "mAP_EMA": 30.730996039480083,
        "mAP_per_class": {
            "C0": 44.78202046239586,
            "C1": 43.27887045634623,
            "C2": 49.153794901450794
        },
        "mAP_per_class_EMA": {
            "C0": 27.747646837120865,
            "C1": 23.927261927790425,
            "C2": 40.51807935352896
        }
    },
    "CholecT50": {
        "AP": {
            "AP_i": 90.80191669889423,
            "AP_v": 63.41185287257791,
            "AP_t": 45.22857244200314,
            "AP_iv": 40.966842797555465,
            "AP_it": 43.64952475996774,
            "AP_ivt": 36.27603329860738
        },
        "AP_EMA": {
            "AP_i": 75.36963211117607,
            "AP_v": 51.381178603953344,
            "AP_t": 35.854522552408966,
            "AP_iv": 33.84511634193531,
            "AP_it": 33.83376404876173,
            "AP_ivt": 29.303154564842597
        }
    }
}