{
    "Test": false,
    "Cholec80": {
        "F1_score": 70.54133393958351,
        "F1_score_EMA": 7.209098595343376,
        "Per_video_f1": {
            "cholec80_video41": 72.39447899184991,
            "cholec80_video43": 63.749527300950845,
            "cholec80_video44": 74.90885400613439,
            "cholec80_video45": 76.10092068883787,
            "cholec80_video46": 68.44918268397223,
            "cholec80_video47": 65.4632452059914,
            "cholec80_video48": 72.72312869934788
        },
        "Per_video_f1_EMA": {
            "cholec80_video41": 8.629225509299896,
            "cholec80_video43": 11.112058608263377,
            "cholec80_video44": 5.7557152910307146,
            "cholec80_video45": 4.487381536823608,
            "cholec80_video46": 8.472936657904812,
            "cholec80_video47": 5.4175634573140075,
            "cholec80_video48": 6.588809106767222
        }
    },
    "Endoscapes": {
        "mAP": 43.94520556086237,
        "mAP_EMA": 13.180946967447577,
        "mAP_per_class": {
            "C0": 44.51185865937439,
            "C1": 42.55402494828591,
            "C2": 44.76973307492681
        },
        "mAP_per_class_EMA": {
            "C0": 14.892737696096955,
            "C1": 11.03257456472769,
            "C2": 13.617528641518087
        }
    },
    "CholecT50": {
        "AP": {
            "AP_i": 89.21800680978795,
            "AP_v": 61.645469136713736,
            "AP_t": 46.41693356718447,
            "AP_iv": 41.9805950428033,
            "AP_it": 42.29555790861044,
            "AP_ivt": 37.10026253058991
        },
        "AP_EMA": {
            "AP_i": 23.15547393007272,
            "AP_v": 14.795707518515055,
            "AP_t": 12.740367961480104,
            "AP_iv": 8.416041637287629,
            "AP_it": 6.899111534088445,
            "AP_ivt": 5.6717919428937575
        }
    }
}