{
    "Test": false,
    "Cholec80": {
        "F1_score": 68.9491357507891,
        "F1_score_EMA": 73.54708467779989,
        "Per_video_f1": {
            "cholec80_video41": 69.4051119802924,
            "cholec80_video43": 69.70974596844259,
            "cholec80_video44": 71.01058128073478,
            "cholec80_video45": 74.64978021404359,
            "cholec80_video46": 70.6406487205843,
            "cholec80_video47": 55.503080071047876,
            "cholec80_video48": 71.72500202037817
        },
        "Per_video_f1_EMA": {
            "cholec80_video41": 71.84677263661592,
            "cholec80_video43": 71.08604546093594,
            "cholec80_video44": 81.60562124998737,
            "cholec80_video45": 82.97706823682364,
            "cholec80_video46": 73.19973034086462,
            "cholec80_video47": 60.60654527919451,
            "cholec80_video48": 73.50780954017725
        }
    },
    "Endoscapes": {
        "mAP": 37.75241083272999,
        "mAP_EMA": 41.84144387267268,
        "mAP_per_class": {
            "C0": 39.85853009206763,
            "C1": 39.43811066487135,
            "C2": 33.960591741250994
        },
        "mAP_per_class_EMA": {
            "C0": 47.02462491752186,
            "C1": 41.25596864011965,
            "C2": 37.243738060376515
        }
    },
    "CholecT50": {
        "AP": {
            "AP_i": 80.36932465114378,
            "AP_v": 55.264465214332176,
            "AP_t": 39.41759997904275,
            "AP_iv": 34.459594206646585,
            "AP_it": 34.279016929617654,
            "AP_ivt": 29.176209993746593
        },
        "AP_EMA": {
            "AP_i": 86.17397056996083,
            "AP_v": 63.41512625055865,
            "AP_t": 44.734381896700356,
            "AP_iv": 40.77443927874918,
            "AP_it": 40.26579656473407,
            "AP_ivt": 35.659140973832045
        }
    }
}