{
    "Test": false,
    "Cholec80": {
        "F1_score": 73.47249648985816,
        "F1_score_EMA": 11.243419970412187,
        "Per_video_f1": {
            "cholec80_video41": 72.00032482645534,
            "cholec80_video43": 65.72982725752985,
            "cholec80_video44": 77.9181135460106,
            "cholec80_video45": 85.9754527935668,
            "cholec80_video46": 75.82314659415297,
            "cholec80_video47": 68.78317683622349,
            "cholec80_video48": 68.07743357506808
        },
        "Per_video_f1_EMA": {
            "cholec80_video41": 12.747025851025265,
            "cholec80_video43": 11.456576031474816,
            "cholec80_video44": 11.913093268790202,
            "cholec80_video45": 7.507802820060158,
            "cholec80_video46": 12.22326404568386,
            "cholec80_video47": 10.143992761084782,
            "cholec80_video48": 12.712185014766227
        }
    },
    "Endoscapes": {
        "mAP": 49.27612493720632,
        "mAP_EMA": 15.769528556308213,
        "mAP_per_class": {
            "C0": 48.175022073727966,
            "C1": 46.26945499433294,
            "C2": 53.38389774355805
        },
        "mAP_per_class_EMA": {
            "C0": 17.3733572074691,
            "C1": 12.39799600107587,
            "C2": 17.537232460379673
        }
    },
    "CholecT50": {
        "AP": {
            "AP_i": 85.82554097569196,
            "AP_v": 56.856825758860545,
            "AP_t": 46.69849000475995,
            "AP_iv": 38.222145971477836,
            "AP_it": 42.79309483958219,
            "AP_ivt": 36.47932879250205
        },
        "AP_EMA": {
            "AP_i": 36.45154104809776,
            "AP_v": 25.162703714937354,
            "AP_t": 20.868284227864844,
            "AP_iv": 15.28479491065323,
            "AP_it": 12.2486807538677,
            "AP_ivt": 10.149660329117001
        }
    }
}