{
    "Test": false,
    "Cholec80": {
        "F1_score": 72.0498443270092,
        "F1_score_EMA": 9.924998900215542,
        "Per_video_f1": {
            "cholec80_video41": 73.00335382504782,
            "cholec80_video43": 65.77314638739186,
            "cholec80_video44": 78.67591451879137,
            "cholec80_video45": 81.09977092939576,
            "cholec80_video46": 66.79441945031066,
            "cholec80_video47": 68.50830169105768,
            "cholec80_video48": 70.49400348706925
        },
        "Per_video_f1_EMA": {
            "cholec80_video41": 8.51790629923433,
            "cholec80_video43": 14.0332467341833,
            "cholec80_video44": 8.531808225790297,
            "cholec80_video45": 12.621632387960984,
            "cholec80_video46": 7.263818714402767,
            "cholec80_video47": 8.681605121355576,
            "cholec80_video48": 9.824974818581534
        }
    },
    "Endoscapes": {
        "mAP": 46.168863217706416,
        "mAP_EMA": 12.529964465178226,
        "mAP_per_class": {
            "C0": 46.26424976055921,
            "C1": 45.044738066392235,
            "C2": 47.1976018261678
        },
        "mAP_per_class_EMA": {
            "C0": 15.2980463220522,
            "C1": 10.417274132824268,
            "C2": 11.874572940658211
        }
    },
    "CholecT50": {
        "AP": {
            "AP_i": 89.96558209885279,
            "AP_v": 65.45156543597166,
            "AP_t": 47.08458922046595,
            "AP_iv": 42.43589939728201,
            "AP_it": 44.06191336714152,
            "AP_ivt": 38.64862767123017
        },
        "AP_EMA": {
            "AP_i": 22.59559537190013,
            "AP_v": 14.930793341249492,
            "AP_t": 12.95587928287833,
            "AP_iv": 8.980630684865286,
            "AP_it": 7.123259296379067,
            "AP_ivt": 5.7431255034652615
        }
    }
}