{
    "Test": false,
    "Cholec80": {
        "F1_score": 72.06068664788407,
        "F1_score_EMA": 74.15080091210291,
        "Per_video_f1": {
            "cholec80_video41": 72.06502461466322,
            "cholec80_video43": 70.71795210777181,
            "cholec80_video44": 75.74456690640946,
            "cholec80_video45": 79.15253889466439,
            "cholec80_video46": 74.8859057444702,
            "cholec80_video47": 66.02088799388552,
            "cholec80_video48": 65.83793027332388
        },
        "Per_video_f1_EMA": {
            "cholec80_video41": 72.82164245044098,
            "cholec80_video43": 70.25072499905865,
            "cholec80_video44": 80.14658742199614,
            "cholec80_video45": 81.89317946307763,
            "cholec80_video46": 75.53756900652482,
            "cholec80_video47": 66.5180554749082,
            "cholec80_video48": 71.88784756871394
        }
    },
    "Endoscapes": {
        "mAP": 38.16305926082368,
        "mAP_EMA": 42.27251471443432,
        "mAP_per_class": {
            "C0": 45.634691467438486,
            "C1": 35.70369256743533,
            "C2": 33.15079374759723
        },
        "mAP_per_class_EMA": {
            "C0": 43.04891613575964,
            "C1": 40.113050781490756,
            "C2": 43.655577226052564
        }
    },
    "CholecT50": {
        "AP": {
            "AP_i": 73.99945275713753,
            "AP_v": 50.38182045092517,
            "AP_t": 38.5130487794643,
            "AP_iv": 32.48352702369464,
            "AP_it": 32.01755247106888,
            "AP_ivt": 27.22768732189161
        },
        "AP_EMA": {
            "AP_i": 81.3655988346447,
            "AP_v": 58.13609489084494,
            "AP_t": 41.50927633551026,
            "AP_iv": 36.61957525053169,
            "AP_it": 36.0777882336323,
            "AP_ivt": 30.562265967143848
        }
    }
}