{
    "Test": false,
    "Cholec80": {
        "F1_score": 69.76063937818478,
        "F1_score_EMA": 19.09281843923512,
        "Per_video_f1": {
            "cholec80_video41": 69.87286700529121,
            "cholec80_video43": 70.94746630840217,
            "cholec80_video44": 79.28066831126685,
            "cholec80_video45": 76.63061999616386,
            "cholec80_video46": 66.58937206654514,
            "cholec80_video47": 57.326777859473054,
            "cholec80_video48": 67.67670410015114
        },
        "Per_video_f1_EMA": {
            "cholec80_video41": 18.46033538580694,
            "cholec80_video43": 20.069551042729923,
            "cholec80_video44": 22.691595743135558,
            "cholec80_video45": 17.202650346805896,
            "cholec80_video46": 24.093568342357827,
            "cholec80_video47": 13.44741570442219,
            "cholec80_video48": 17.68461250938751
        }
    },
    "Endoscapes": {
        "mAP": 47.63546535955486,
        "mAP_EMA": 15.494243781473934,
        "mAP_per_class": {
            "C0": 49.237454270139395,
            "C1": 43.00946446441273,
            "C2": 50.659477344112446
        },
        "mAP_per_class_EMA": {
            "C0": 15.563230302197509,
            "C1": 12.416225738139442,
            "C2": 18.503275304084852
        }
    },
    "CholecT50": {
        "AP": {
            "AP_i": 90.2600482972611,
            "AP_v": 62.828630197268396,
            "AP_t": 46.39034896168679,
            "AP_iv": 39.96595973088495,
            "AP_it": 42.74567245218948,
            "AP_ivt": 38.33404205576878
        },
        "AP_EMA": {
            "AP_i": 27.494285961182317,
            "AP_v": 19.28439984613765,
            "AP_t": 15.649093121750788,
            "AP_iv": 11.033099182488776,
            "AP_it": 8.911589597988591,
            "AP_ivt": 7.384424585383277
        }
    }
}