{
    "Test": false,
    "Cholec80": {
        "F1_score": 66.35395303699033,
        "F1_score_EMA": 4.434602232150987,
        "Per_video_f1": {
            "cholec80_video41": 64.14337036982404,
            "cholec80_video43": 66.23670511021339,
            "cholec80_video44": 69.27296613581244,
            "cholec80_video45": 67.50190336858533,
            "cholec80_video46": 67.81645923319408,
            "cholec80_video47": 60.19509341194905,
            "cholec80_video48": 69.31117362935402
        },
        "Per_video_f1_EMA": {
            "cholec80_video41": 3.23561665431293,
            "cholec80_video43": 6.9028038667705145,
            "cholec80_video44": 1.3225807346105947,
            "cholec80_video45": 4.227827878082947,
            "cholec80_video46": 3.9082641378765173,
            "cholec80_video47": 7.5104505648503395,
            "cholec80_video48": 3.934671788553067
        }
    },
    "Endoscapes": {
        "mAP": 39.133100647979106,
        "mAP_EMA": 14.491458666807242,
        "mAP_per_class": {
            "C0": 38.85470684947877,
            "C1": 37.42581698075522,
            "C2": 41.11877811370332
        },
        "mAP_per_class_EMA": {
            "C0": 15.185008242600848,
            "C1": 12.103838747742808,
            "C2": 16.18552901007807
        }
    },
    "CholecT50": {
        "AP": {
            "AP_i": 89.26405952623729,
            "AP_v": 59.56024520838984,
            "AP_t": 46.6062107848728,
            "AP_iv": 40.697480747443606,
            "AP_it": 42.601140580641164,
            "AP_ivt": 38.60449106347658
        },
        "AP_EMA": {
            "AP_i": 23.3055488129866,
            "AP_v": 14.534839262690832,
            "AP_t": 12.547611270665488,
            "AP_iv": 8.285869647831992,
            "AP_it": 6.7254985488590995,
            "AP_ivt": 5.450126962498443
        }
    }
}