{
    "Test": false,
    "Cholec80": {
        "F1_score": 70.3425142377556,
        "F1_score_EMA": 73.82633206860652,
        "Per_video_f1": {
            "cholec80_video41": 71.39824327757219,
            "cholec80_video43": 65.92974847320016,
            "cholec80_video44": 75.51142387678652,
            "cholec80_video45": 70.97255073999841,
            "cholec80_video46": 72.94409891022823,
            "cholec80_video47": 61.65515715643818,
            "cholec80_video48": 73.9863772300655
        },
        "Per_video_f1_EMA": {
            "cholec80_video41": 71.56912278802464,
            "cholec80_video43": 70.07708080787742,
            "cholec80_video44": 80.09177427454527,
            "cholec80_video45": 81.03843367458408,
            "cholec80_video46": 74.35203683511146,
            "cholec80_video47": 63.53595473769299,
            "cholec80_video48": 76.11992136240971
        }
    },
    "Endoscapes": {
        "mAP": 41.7223969207823,
        "mAP_EMA": 43.60514586609445,
        "mAP_per_class": {
            "C0": 43.94037186749385,
            "C1": 41.77599245500618,
            "C2": 39.45082643984687
        },
        "mAP_per_class_EMA": {
            "C0": 43.73338407675038,
            "C1": 43.77997809493805,
            "C2": 43.302075426594925
        }
    },
    "CholecT50": {
        "AP": {
            "AP_i": 74.50890580522427,
            "AP_v": 50.276564959809896,
            "AP_t": 39.342430960484535,
            "AP_iv": 31.68045967151812,
            "AP_it": 34.38050150983475,
            "AP_ivt": 28.569117304405196
        },
        "AP_EMA": {
            "AP_i": 84.36253578917992,
            "AP_v": 56.86010629612629,
            "AP_t": 42.7294417932086,
            "AP_iv": 37.24547291851457,
            "AP_it": 39.62297839058768,
            "AP_ivt": 32.3452164451976
        }
    }
}