{
    "Test": false,
    "Cholec80": {
        "F1_score": 72.18788854384617,
        "F1_score_EMA": 74.10611577062743,
        "Per_video_f1": {
            "cholec80_video41": 71.94024950588512,
            "cholec80_video43": 67.13146686587554,
            "cholec80_video44": 79.93848042799787,
            "cholec80_video45": 79.79491522249106,
            "cholec80_video46": 74.79874600168117,
            "cholec80_video47": 64.24389406917138,
            "cholec80_video48": 67.46746771382102
        },
        "Per_video_f1_EMA": {
            "cholec80_video41": 73.06551339117692,
            "cholec80_video43": 71.06265049023152,
            "cholec80_video44": 81.03464211734955,
            "cholec80_video45": 81.55898739954817,
            "cholec80_video46": 73.72212014736978,
            "cholec80_video47": 65.31766192872702,
            "cholec80_video48": 72.98123491998899
        }
    },
    "Endoscapes": {
        "mAP": 37.49882992794436,
        "mAP_EMA": 47.561787547886325,
        "mAP_per_class": {
            "C0": 34.750968679672546,
            "C1": 38.37497421922805,
            "C2": 39.37054688493248
        },
        "mAP_per_class_EMA": {
            "C0": 47.8456733052079,
            "C1": 46.77859861393892,
            "C2": 48.06109072451215
        }
    },
    "CholecT50": {
        "AP": {
            "AP_i": 72.86389464971826,
            "AP_v": 52.79638657269302,
            "AP_t": 39.549977429739556,
            "AP_iv": 32.56344996834741,
            "AP_it": 30.494906839157892,
            "AP_ivt": 26.706928068028446
        },
        "AP_EMA": {
            "AP_i": 83.22398756161232,
            "AP_v": 63.781370864206565,
            "AP_t": 44.66720437963373,
            "AP_iv": 40.203595213623394,
            "AP_it": 39.16863873828351,
            "AP_ivt": 34.232809273617505
        }
    }
}