{
    "Test": true,
    "Cholec80": {
        "F1_score": 66.360349732172,
        "F1_score_EMA": null,
        "Per_video_f1": {
            "cholec80_video51": 73.49994637868143,
            "cholec80_video53": 71.41661713893738,
            "cholec80_video54": 65.96150618935116,
            "cholec80_video55": 78.85572215948437,
            "cholec80_video58": 52.793893087253906,
            "cholec80_video59": 70.66146240752505,
            "cholec80_video61": 61.83086936252725,
            "cholec80_video63": 67.23596372193622,
            "cholec80_video64": 72.06953752026747,
            "cholec80_video69": 76.88141920547,
            "cholec80_video73": 71.73653227796069,
            "cholec80_video74": 50.59025453147596,
            "cholec80_video76": 70.2879609796919,
            "cholec80_video77": 73.75531579853961,
            "cholec80_video80": 37.828245223477644
        },
        "Per_video_f1_EMA": null
    },
    "Endoscapes": {
        "mAP": 55.36947749111487,
        "mAP_EMA": null,
        "mAP_per_class": {
            "C0": 54.270599270350395,
            "C1": 45.61264076465191,
            "C2": 66.22519243834232
        },
        "mAP_per_class_EMA": null
    },
    "CholecT50": {
        "AP": {
            "AP_i": 84.44696210133313,
            "AP_v": 60.25857448474884,
            "AP_t": 41.98473601886688,
            "AP_iv": 38.20692048426178,
            "AP_it": 32.35520258481762,
            "AP_ivt": 26.981717448133193
        },
        "AP_EMA": null
    }
}