{
    "Test": false,
    "Cholec80": {
        "F1_score": 70.13014255296127,
        "F1_score_EMA": 73.61334344221078,
        "Per_video_f1": {
            "cholec80_video41": 69.26434638133118,
            "cholec80_video43": 69.46532581737712,
            "cholec80_video44": 71.46826497778846,
            "cholec80_video45": 79.55314685315808,
            "cholec80_video46": 72.50046760968443,
            "cholec80_video47": 58.21629080227081,
            "cholec80_video48": 70.44315542911886
        },
        "Per_video_f1_EMA": {
            "cholec80_video41": 71.49414598630919,
            "cholec80_video43": 71.17502636924888,
            "cholec80_video44": 81.54840296412206,
            "cholec80_video45": 83.05009212703524,
            "cholec80_video46": 73.95214226735814,
            "cholec80_video47": 60.06107841802347,
            "cholec80_video48": 74.01251596337843
        }
    },
    "Endoscapes": {
        "mAP": 39.69163944436668,
        "mAP_EMA": 41.662988050676745,
        "mAP_per_class": {
            "C0": 38.34637511998751,
            "C1": 44.519557832604335,
            "C2": 36.208985380508196
        },
        "mAP_per_class_EMA": {
            "C0": 46.397113859819754,
            "C1": 40.949323160186765,
            "C2": 37.64252713202371
        }
    },
    "CholecT50": {
        "AP": {
            "AP_i": 79.5216409790992,
            "AP_v": 56.7132114415827,
            "AP_t": 39.35488636357078,
            "AP_iv": 34.719988669326625,
            "AP_it": 36.012781147315145,
            "AP_ivt": 29.513790439323962
        },
        "AP_EMA": {
            "AP_i": 85.38758020451183,
            "AP_v": 62.284759911826654,
            "AP_t": 44.244338635608685,
            "AP_iv": 39.822235331920396,
            "AP_it": 39.4604595245057,
            "AP_ivt": 34.65424304782079
        }
    }
}