{
    "Test": false,
    "Cholec80": {
        "F1_score": 73.08577793379928,
        "F1_score_EMA": 40.20820589314978,
        "Per_video_f1": {
            "cholec80_video41": 71.96259260189274,
            "cholec80_video43": 70.55289460651791,
            "cholec80_video44": 81.61445809817465,
            "cholec80_video45": 80.7639570768994,
            "cholec80_video46": 73.5283536297023,
            "cholec80_video47": 60.96791257983308,
            "cholec80_video48": 72.21027694357488
        },
        "Per_video_f1_EMA": {
            "cholec80_video41": 41.492265175886885,
            "cholec80_video43": 42.5918448042788,
            "cholec80_video44": 47.68374402498892,
            "cholec80_video45": 36.62314875588844,
            "cholec80_video46": 37.84289924201506,
            "cholec80_video47": 34.004815895287095,
            "cholec80_video48": 41.218723353703275
        }
    },
    "Endoscapes": {
        "mAP": 51.99838313110171,
        "mAP_EMA": 30.08726658571278,
        "mAP_per_class": {
            "C0": 52.503753145152054,
            "C1": 52.19714197286689,
            "C2": 51.294254275286185
        },
        "mAP_per_class_EMA": {
            "C0": 34.85204610024005,
            "C1": 26.88030638744442,
            "C2": 28.52944726945386
        }
    },
    "CholecT50": {
        "AP": {
            "AP_i": 90.06506339600084,
            "AP_v": 65.61454575712162,
            "AP_t": 46.65360152915524,
            "AP_iv": 42.67998006033995,
            "AP_it": 44.433666853302334,
            "AP_ivt": 37.3793580628503
        },
        "AP_EMA": {
            "AP_i": 55.238649901525946,
            "AP_v": 40.28375803761536,
            "AP_t": 34.8619102241471,
            "AP_iv": 27.71179560421893,
            "AP_it": 26.158238301488066,
            "AP_ivt": 22.081780183680777
        }
    }
}