{
    "Test": false,
    "Cholec80": {
        "F1_score": 69.7345193530527,
        "F1_score_EMA": 39.54816163791186,
        "Per_video_f1": {
            "cholec80_video41": 70.99629770975214,
            "cholec80_video43": 64.94024708967451,
            "cholec80_video44": 77.95402850802994,
            "cholec80_video45": 80.17263072355651,
            "cholec80_video46": 66.6976155378356,
            "cholec80_video47": 60.69725969554991,
            "cholec80_video48": 66.68355620697032
        },
        "Per_video_f1_EMA": {
            "cholec80_video41": 44.57604049146603,
            "cholec80_video43": 41.94068251080848,
            "cholec80_video44": 35.61898475798614,
            "cholec80_video45": 42.9866523375379,
            "cholec80_video46": 39.15396547506892,
            "cholec80_video47": 39.86812326556443,
            "cholec80_video48": 32.69268262695111
        }
    },
    "Endoscapes": {
        "mAP": 45.74281568862065,
        "mAP_EMA": 22.099581639800263,
        "mAP_per_class": {
            "C0": 45.36484956158898,
            "C1": 43.957220256656434,
            "C2": 47.90637724761654
        },
        "mAP_per_class_EMA": {
            "C0": 27.02507752604484,
            "C1": 16.120779585370148,
            "C2": 23.152887807985802
        }
    },
    "CholecT50": {
        "AP": {
            "AP_i": 88.94977131135602,
            "AP_v": 67.76455056428183,
            "AP_t": 47.299320693454916,
            "AP_iv": 43.24451517522723,
            "AP_it": 42.58685364337574,
            "AP_ivt": 39.85760867657601
        },
        "AP_EMA": {
            "AP_i": 56.0107164342038,
            "AP_v": 36.5097710062623,
            "AP_t": 31.354766760474114,
            "AP_iv": 29.477545212876915,
            "AP_it": 26.67131174422825,
            "AP_ivt": 22.231438947980614
        }
    }
}