{
    "Test": false,
    "Cholec80": {
        "F1_score": 72.08129272427934,
        "F1_score_EMA": 73.87335813860795,
        "Per_video_f1": {
            "cholec80_video41": 70.47436377841564,
            "cholec80_video43": 68.42594192686863,
            "cholec80_video44": 76.43453168707886,
            "cholec80_video45": 83.51070202233079,
            "cholec80_video46": 73.38598399920025,
            "cholec80_video47": 61.313175263462284,
            "cholec80_video48": 71.02435039259895
        },
        "Per_video_f1_EMA": {
            "cholec80_video41": 71.58663435226819,
            "cholec80_video43": 71.85508287079185,
            "cholec80_video44": 82.3776393772695,
            "cholec80_video45": 83.21006813474739,
            "cholec80_video46": 73.13896157687469,
            "cholec80_video47": 61.01162890789382,
            "cholec80_video48": 73.93349175041027
        }
    },
    "Endoscapes": {
        "mAP": 38.79539724767694,
        "mAP_EMA": 42.87850478877643,
        "mAP_per_class": {
            "C0": 43.47015431321212,
            "C1": 38.45922429029782,
            "C2": 34.45681313952087
        },
        "mAP_per_class_EMA": {
            "C0": 48.041337706732484,
            "C1": 42.8148537076425,
            "C2": 37.779322951954306
        }
    },
    "CholecT50": {
        "AP": {
            "AP_i": 80.83437750911555,
            "AP_v": 58.160487945090935,
            "AP_t": 41.28436265445003,
            "AP_iv": 35.513389090392124,
            "AP_it": 36.322449845894646,
            "AP_ivt": 31.074570895775413
        },
        "AP_EMA": {
            "AP_i": 87.35173285503792,
            "AP_v": 64.6659217571384,
            "AP_t": 45.79181515574823,
            "AP_iv": 41.42939029672034,
            "AP_it": 41.07773975189934,
            "AP_ivt": 36.37059057020891
        }
    }
}