{
    "Test": false,
    "Cholec80": {
        "F1_score": 74.58833997099481,
        "F1_score_EMA": 61.40864404317461,
        "Per_video_f1": {
            "cholec80_video41": 73.9475547878216,
            "cholec80_video43": 71.20655412305406,
            "cholec80_video44": 79.46477519284619,
            "cholec80_video45": 80.5062049450727,
            "cholec80_video46": 78.52571074346261,
            "cholec80_video47": 62.899687315613185,
            "cholec80_video48": 75.56789268909333
        },
        "Per_video_f1_EMA": {
            "cholec80_video41": 61.95521661306298,
            "cholec80_video43": 67.04789419688228,
            "cholec80_video44": 62.27574213170325,
            "cholec80_video45": 65.36644953241864,
            "cholec80_video46": 63.93956235535532,
            "cholec80_video47": 55.90270283065654,
            "cholec80_video48": 53.372940642143284
        }
    },
    "Endoscapes": {
        "mAP": 47.79705168609281,
        "mAP_EMA": 40.599844383662315,
        "mAP_per_class": {
            "C0": 49.32107785942607,
            "C1": 47.31964074913855,
            "C2": 46.7504364497138
        },
        "mAP_per_class_EMA": {
            "C0": 39.65397953365398,
            "C1": 37.00946859140076,
            "C2": 45.13608502593221
        }
    },
    "CholecT50": {
        "AP": {
            "AP_i": 88.99093937330656,
            "AP_v": 63.91001066503047,
            "AP_t": 46.84533002041231,
            "AP_iv": 41.47583192317745,
            "AP_it": 43.53062772510428,
            "AP_ivt": 36.50969305835502
        },
        "AP_EMA": {
            "AP_i": 77.70372703525156,
            "AP_v": 55.018588649268736,
            "AP_t": 41.646257804842705,
            "AP_iv": 34.616339867535395,
            "AP_it": 35.63060200908294,
            "AP_ivt": 30.598924399614166
        }
    }
}