{
    "Test": false,
    "Cholec80": {
        "F1_score": 71.29068956793435,
        "F1_score_EMA": 71.6409883894985,
        "Per_video_f1": {
            "cholec80_video41": 73.55762885360484,
            "cholec80_video43": 66.01106686759789,
            "cholec80_video44": 76.9115444604916,
            "cholec80_video45": 78.67961195204872,
            "cholec80_video46": 72.90943768779286,
            "cholec80_video47": 60.419140268146144,
            "cholec80_video48": 70.54639688585841
        },
        "Per_video_f1_EMA": {
            "cholec80_video41": 70.08865736939546,
            "cholec80_video43": 75.15065633560022,
            "cholec80_video44": 72.04628750145467,
            "cholec80_video45": 80.3117496247711,
            "cholec80_video46": 69.2035582623098,
            "cholec80_video47": 63.461111800798065,
            "cholec80_video48": 71.2248978321602
        }
    },
    "Endoscapes": {
        "mAP": 42.282224590943265,
        "mAP_EMA": 50.907721752274234,
        "mAP_per_class": {
            "C0": 41.51015141171661,
            "C1": 42.38703232945187,
            "C2": 42.949490031661306
        },
        "mAP_per_class_EMA": {
            "C0": 50.86849460353774,
            "C1": 49.52952653178983,
            "C2": 52.32514412149513
        }
    },
    "CholecT50": {
        "AP": {
            "AP_i": 82.44068967050733,
            "AP_v": 60.09141043541025,
            "AP_t": 42.655467366452726,
            "AP_iv": 39.01007960454906,
            "AP_it": 36.25672928713107,
            "AP_ivt": 32.206044675600424
        },
        "AP_EMA": {
            "AP_i": 82.21385685658633,
            "AP_v": 60.515844645748224,
            "AP_t": 45.566118471501426,
            "AP_iv": 37.923624132648506,
            "AP_it": 39.780725355376106,
            "AP_ivt": 34.662657433601844
        }
    }
}