{
    "Test": false,
    "Cholec80": {
        "F1_score": 59.87970621909568,
        "F1_score_EMA": 74.05193218565904,
        "Per_video_f1": {
            "cholec80_video41": 66.95978490606302,
            "cholec80_video43": 64.05905014316235,
            "cholec80_video44": 62.06203039340876,
            "cholec80_video45": 69.39046280819421,
            "cholec80_video46": 62.99105732860879,
            "cholec80_video47": 45.278638709637875,
            "cholec80_video48": 48.41691924459476
        },
        "Per_video_f1_EMA": {
            "cholec80_video41": 73.26567942678601,
            "cholec80_video43": 70.2439625183376,
            "cholec80_video44": 80.91081742588129,
            "cholec80_video45": 81.08966511284301,
            "cholec80_video46": 74.53242838314456,
            "cholec80_video47": 65.6499206992363,
            "cholec80_video48": 72.67105173338447
        }
    },
    "Endoscapes": {
        "mAP": 38.92372250261998,
        "mAP_EMA": 46.18521195685275,
        "mAP_per_class": {
            "C0": 40.41684505239511,
            "C1": 34.38607857066195,
            "C2": 41.96824388480288
        },
        "mAP_per_class_EMA": {
            "C0": 45.70225098007818,
            "C1": 44.901845637438775,
            "C2": 47.95153925304129
        }
    },
    "CholecT50": {
        "AP": {
            "AP_i": 77.35646168990972,
            "AP_v": 56.31706931965404,
            "AP_t": 39.82242631412407,
            "AP_iv": 34.735495088093096,
            "AP_it": 31.935253728060257,
            "AP_ivt": 27.18362741105036
        },
        "AP_EMA": {
            "AP_i": 82.57319241531465,
            "AP_v": 63.09537409962964,
            "AP_t": 43.72724564688778,
            "AP_iv": 39.72513095307543,
            "AP_it": 38.51526173913574,
            "AP_ivt": 33.37799421338519
        }
    }
}