{
    "Test": false,
    "Cholec80": {
        "F1_score": 69.42536071993874,
        "F1_score_EMA": 52.52564004348053,
        "Per_video_f1": {
            "cholec80_video41": 70.51707605111096,
            "cholec80_video43": 65.49233998633426,
            "cholec80_video44": 78.63827302627719,
            "cholec80_video45": 71.61517184338406,
            "cholec80_video46": 69.82724970475702,
            "cholec80_video47": 60.64633383648592,
            "cholec80_video48": 69.24108059122173
        },
        "Per_video_f1_EMA": {
            "cholec80_video41": 55.51306039050178,
            "cholec80_video43": 52.45056098950218,
            "cholec80_video44": 62.489297488893584,
            "cholec80_video45": 50.447246442474935,
            "cholec80_video46": 45.50840346969345,
            "cholec80_video47": 48.0318859155717,
            "cholec80_video48": 53.239025607726084
        }
    },
    "Endoscapes": {
        "mAP": 51.24245496054335,
        "mAP_EMA": 45.12782672971867,
        "mAP_per_class": {
            "C0": 53.29058353501086,
            "C1": 50.00800037486108,
            "C2": 50.4287809717581
        },
        "mAP_per_class_EMA": {
            "C0": 43.77963959031877,
            "C1": 44.20877250018226,
            "C2": 47.39506809865497
        }
    },
    "CholecT50": {
        "AP": {
            "AP_i": 88.0353507309104,
            "AP_v": 65.20951624800786,
            "AP_t": 44.13117072029631,
            "AP_iv": 40.878347475756186,
            "AP_it": 41.264887786243804,
            "AP_ivt": 35.012774380706816
        },
        "AP_EMA": {
            "AP_i": 74.7103640806441,
            "AP_v": 55.69095258572444,
            "AP_t": 43.245009289789735,
            "AP_iv": 35.78176072046933,
            "AP_it": 36.4697190410768,
            "AP_ivt": 32.05275217446384
        }
    }
}