{
    "Test": true,
    "Cholec80": {
        "F1_score": 65.13636135684953,
        "F1_score_EMA": null,
        "Per_video_f1": {
            "cholec80_video51": 67.38448541392715,
            "cholec80_video53": 72.18295465712563,
            "cholec80_video54": 71.51027625061133,
            "cholec80_video55": 77.03776682232873,
            "cholec80_video58": 47.833207046994396,
            "cholec80_video59": 75.79980095529152,
            "cholec80_video61": 56.562244415840134,
            "cholec80_video63": 57.87030991723717,
            "cholec80_video64": 67.52455282222745,
            "cholec80_video69": 78.06160261647716,
            "cholec80_video73": 75.97363417984792,
            "cholec80_video74": 56.41753117805817,
            "cholec80_video76": 63.61209078595213,
            "cholec80_video77": 69.06638710589644,
            "cholec80_video80": 40.20857618492773
        },
        "Per_video_f1_EMA": null
    },
    "Endoscapes": {
        "mAP": 52.902709395432545,
        "mAP_EMA": null,
        "mAP_per_class": {
            "C0": 46.0703377007602,
            "C1": 45.62039934377034,
            "C2": 67.0173911417671
        },
        "mAP_per_class_EMA": null
    },
    "CholecT50": {
        "AP": {
            "AP_i": 83.18979980213831,
            "AP_v": 58.87037713171948,
            "AP_t": 40.15264128277807,
            "AP_iv": 36.11056913266107,
            "AP_it": 32.341830015538726,
            "AP_ivt": 25.850346814193966
        },
        "AP_EMA": null
    }
}