{
    "Test": false,
    "Cholec80": {
        "F1_score": 72.31956123719165,
        "F1_score_EMA": 64.31366634103904,
        "Per_video_f1": {
            "cholec80_video41": 70.01061160594749,
            "cholec80_video43": 67.69456920383831,
            "cholec80_video44": 81.10248249489469,
            "cholec80_video45": 81.40583471679051,
            "cholec80_video46": 71.9777883451462,
            "cholec80_video47": 60.969959141049124,
            "cholec80_video48": 73.07568315267524
        },
        "Per_video_f1_EMA": {
            "cholec80_video41": 69.68973283925327,
            "cholec80_video43": 62.91974173475266,
            "cholec80_video44": 70.32774042480936,
            "cholec80_video45": 62.814317202096035,
            "cholec80_video46": 59.95195519783135,
            "cholec80_video47": 61.675899761920824,
            "cholec80_video48": 62.816277226609785
        }
    },
    "Endoscapes": {
        "mAP": 50.56578075102117,
        "mAP_EMA": 50.58210851776631,
        "mAP_per_class": {
            "C0": 54.451088936477475,
            "C1": 49.12178083994754,
            "C2": 48.124472476638495
        },
        "mAP_per_class_EMA": {
            "C0": 50.32239299648226,
            "C1": 49.655121791445445,
            "C2": 51.76881076537122
        }
    },
    "CholecT50": {
        "AP": {
            "AP_i": 87.33622882689708,
            "AP_v": 62.8367273639809,
            "AP_t": 46.54673139740018,
            "AP_iv": 39.47285585940813,
            "AP_it": 40.89186753272651,
            "AP_ivt": 34.36362886629035
        },
        "AP_EMA": {
            "AP_i": 85.28792931937551,
            "AP_v": 63.32102598674752,
            "AP_t": 47.222040389006985,
            "AP_iv": 41.773542941052966,
            "AP_it": 41.57103343504236,
            "AP_ivt": 37.1705924044271
        }
    }
}