{
    "Test": false,
    "Cholec80": {
        "F1_score": 69.5407869315432,
        "F1_score_EMA": 67.99193436567667,
        "Per_video_f1": {
            "cholec80_video41": 70.39509866414552,
            "cholec80_video43": 68.40466567988325,
            "cholec80_video44": 74.16667239403797,
            "cholec80_video45": 73.85796731555921,
            "cholec80_video46": 64.13266415889593,
            "cholec80_video47": 60.308912994781686,
            "cholec80_video48": 75.51952731349883
        },
        "Per_video_f1_EMA": {
            "cholec80_video41": 68.34416385246264,
            "cholec80_video43": 67.15936676103892,
            "cholec80_video44": 71.97674865510244,
            "cholec80_video45": 68.49290073789861,
            "cholec80_video46": 70.05213116822037,
            "cholec80_video47": 59.30940744388683,
            "cholec80_video48": 70.60882194112683
        }
    },
    "Endoscapes": {
        "mAP": 49.47025873489766,
        "mAP_EMA": 40.27315011881827,
        "mAP_per_class": {
            "C0": 46.97351684684733,
            "C1": 46.89286601369669,
            "C2": 54.544393344148965
        },
        "mAP_per_class_EMA": {
            "C0": 38.718963382624295,
            "C1": 35.05436785263927,
            "C2": 47.04611912119125
        }
    },
    "CholecT50": {
        "AP": {
            "AP_i": 85.24012748011945,
            "AP_v": 55.55988190651758,
            "AP_t": 43.41163025787975,
            "AP_iv": 36.86139554624388,
            "AP_it": 40.899521493496565,
            "AP_ivt": 33.944083588784125
        },
        "AP_EMA": {
            "AP_i": 82.90216805539028,
            "AP_v": 58.04801608867257,
            "AP_t": 43.29712881553446,
            "AP_iv": 38.197324336802865,
            "AP_it": 39.74023597678348,
            "AP_ivt": 33.91278793450403
        }
    }
}