{
    "Test": false,
    "Cholec80": {
        "F1_score": 71.81838031419464,
        "F1_score_EMA": 73.97447680225164,
        "Per_video_f1": {
            "cholec80_video41": 71.04894749144266,
            "cholec80_video43": 66.63242565574177,
            "cholec80_video44": 81.55110027869642,
            "cholec80_video45": 75.47221198471334,
            "cholec80_video46": 73.37797283663909,
            "cholec80_video47": 63.7814478932735,
            "cholec80_video48": 70.86455605885568
        },
        "Per_video_f1_EMA": {
            "cholec80_video41": 72.09817459268125,
            "cholec80_video43": 71.33610504604958,
            "cholec80_video44": 82.16747934986903,
            "cholec80_video45": 83.57911781363377,
            "cholec80_video46": 73.70916607587588,
            "cholec80_video47": 61.017036733411025,
            "cholec80_video48": 73.91425800424099
        }
    },
    "Endoscapes": {
        "mAP": 39.873634295796016,
        "mAP_EMA": 42.03241342484996,
        "mAP_per_class": {
            "C0": 41.655812339787104,
            "C1": 37.18571719407791,
            "C2": 40.779373353523034
        },
        "mAP_per_class_EMA": {
            "C0": 47.08151496925372,
            "C1": 41.822476686020515,
            "C2": 37.193248619275664
        }
    },
    "CholecT50": {
        "AP": {
            "AP_i": 77.51768509514208,
            "AP_v": 57.28074580218762,
            "AP_t": 39.64386026820426,
            "AP_iv": 35.34525676402127,
            "AP_it": 36.46354184846884,
            "AP_ivt": 30.686962274402177
        },
        "AP_EMA": {
            "AP_i": 86.70963233088027,
            "AP_v": 64.04862026244317,
            "AP_t": 45.25187533341898,
            "AP_iv": 41.249808503629296,
            "AP_it": 40.495258767415294,
            "AP_ivt": 35.99800233839269
        }
    }
}