{
    "Test": false,
    "Cholec80": {
        "F1_score": 68.01725511575142,
        "F1_score_EMA": 74.57444493642232,
        "Per_video_f1": {
            "cholec80_video41": 67.54493648054495,
            "cholec80_video43": 66.47513189917774,
            "cholec80_video44": 75.66237522481373,
            "cholec80_video45": 72.75903686436158,
            "cholec80_video46": 67.74593154471647,
            "cholec80_video47": 57.98072686420074,
            "cholec80_video48": 67.95264693244472
        },
        "Per_video_f1_EMA": {
            "cholec80_video41": 73.06490032546571,
            "cholec80_video43": 70.2635980907399,
            "cholec80_video44": 86.04756575825769,
            "cholec80_video45": 81.13042798205812,
            "cholec80_video46": 74.92863756237239,
            "cholec80_video47": 61.259388373322565,
            "cholec80_video48": 75.32659646273991
        }
    },
    "Endoscapes": {
        "mAP": 43.350554583089355,
        "mAP_EMA": 45.92903976515064,
        "mAP_per_class": {
            "C0": 45.219568848278186,
            "C1": 43.13863402639716,
            "C2": 41.69346087459271
        },
        "mAP_per_class_EMA": {
            "C0": 48.371075166267495,
            "C1": 46.76634860621316,
            "C2": 42.649695522971264
        }
    },
    "CholecT50": {
        "AP": {
            "AP_i": 80.26950828260912,
            "AP_v": 57.21716868133599,
            "AP_t": 40.04969562889845,
            "AP_iv": 35.34589579067484,
            "AP_it": 36.88590857464954,
            "AP_ivt": 30.551506347400345
        },
        "AP_EMA": {
            "AP_i": 85.58014935174373,
            "AP_v": 64.19246984364683,
            "AP_t": 45.719435053702995,
            "AP_iv": 40.02215681428836,
            "AP_it": 41.226364282004795,
            "AP_ivt": 35.13898658187862
        }
    }
}