{
    "Test": false,
    "Cholec80": {
        "F1_score": 69.87240220123745,
        "F1_score_EMA": 71.40384024409798,
        "Per_video_f1": {
            "cholec80_video41": 73.25581312321695,
            "cholec80_video43": 63.48749610617027,
            "cholec80_video44": 78.389710733886,
            "cholec80_video45": 77.54175560959335,
            "cholec80_video46": 68.74390740385506,
            "cholec80_video47": 58.72240823281623,
            "cholec80_video48": 68.96572419912428
        },
        "Per_video_f1_EMA": {
            "cholec80_video41": 70.42281874610767,
            "cholec80_video43": 71.62594057002319,
            "cholec80_video44": 78.4424378806903,
            "cholec80_video45": 78.2719850351761,
            "cholec80_video46": 69.54944093374593,
            "cholec80_video47": 62.48876728673777,
            "cholec80_video48": 69.0254912562049
        }
    },
    "Endoscapes": {
        "mAP": 39.18776009003537,
        "mAP_EMA": 43.9821307016149,
        "mAP_per_class": {
            "C0": 39.6607328703103,
            "C1": 44.62428004784398,
            "C2": 33.27826735195182
        },
        "mAP_per_class_EMA": {
            "C0": 44.109966193613054,
            "C1": 41.57126701837718,
            "C2": 46.26515889285446
        }
    },
    "CholecT50": {
        "AP": {
            "AP_i": 84.48091823879328,
            "AP_v": 59.2749161984004,
            "AP_t": 40.757814189760786,
            "AP_iv": 38.45175383685751,
            "AP_it": 39.11161329623267,
            "AP_ivt": 32.64280271721091
        },
        "AP_EMA": {
            "AP_i": 89.57015573583867,
            "AP_v": 61.922854922232354,
            "AP_t": 47.1006593608323,
            "AP_iv": 40.425569995323706,
            "AP_it": 42.310936182095894,
            "AP_ivt": 36.441839532915054
        }
    }
}