{
    "Test": false,
    "Cholec80": {
        "F1_score": 73.05517330631982,
        "F1_score_EMA": 72.94366150905455,
        "Per_video_f1": {
            "cholec80_video41": 72.90899306458316,
            "cholec80_video43": 68.73550437262222,
            "cholec80_video44": 81.79339737928125,
            "cholec80_video45": 81.84351385496633,
            "cholec80_video46": 72.5651179623149,
            "cholec80_video47": 59.62155375139222,
            "cholec80_video48": 73.91813275907866
        },
        "Per_video_f1_EMA": {
            "cholec80_video41": 74.96325881562589,
            "cholec80_video43": 69.53050528673464,
            "cholec80_video44": 81.11854711402448,
            "cholec80_video45": 77.02532692170281,
            "cholec80_video46": 72.30776089127372,
            "cholec80_video47": 62.255493835662215,
            "cholec80_video48": 73.40473769835815
        }
    },
    "Endoscapes": {
        "mAP": 42.39375247328532,
        "mAP_EMA": 51.808625292007136,
        "mAP_per_class": {
            "C0": 41.4375539858036,
            "C1": 44.357847677620846,
            "C2": 41.3858557564315
        },
        "mAP_per_class_EMA": {
            "C0": 53.41051723900739,
            "C1": 51.36257580038226,
            "C2": 50.65278283663175
        }
    },
    "CholecT50": {
        "AP": {
            "AP_i": 82.9899150417914,
            "AP_v": 58.96980832522962,
            "AP_t": 42.98460929700887,
            "AP_iv": 37.04545343358016,
            "AP_it": 39.22772013277101,
            "AP_ivt": 33.299138552388804
        },
        "AP_EMA": {
            "AP_i": 88.6845524782553,
            "AP_v": 68.22385084032456,
            "AP_t": 47.77842626076362,
            "AP_iv": 44.157126080735985,
            "AP_it": 43.81720457435433,
            "AP_ivt": 38.247028701276626
        }
    }
}