{
    "Test": false,
    "Cholec80": {
        "F1_score": 74.47288511410838,
        "F1_score_EMA": 78.20201592703133,
        "Per_video_f1": {
            "cholec80_video41": 73.87118755929887,
            "cholec80_video43": 71.66929769840281,
            "cholec80_video44": 81.93623008086865,
            "cholec80_video45": 75.54348737440856,
            "cholec80_video46": 82.92615397134409,
            "cholec80_video47": 59.683087879222306,
            "cholec80_video48": 75.6807512352134
        },
        "Per_video_f1_EMA": {
            "cholec80_video41": 79.37842556879559,
            "cholec80_video43": 70.66483234129274,
            "cholec80_video44": 85.32338239993284,
            "cholec80_video45": 83.15921111801872,
            "cholec80_video46": 84.85664253688327,
            "cholec80_video47": 63.20495369912119,
            "cholec80_video48": 80.82666382517495
        }
    },
    "Endoscapes": {
        "mAP": 44.75539170110472,
        "mAP_EMA": 45.62297486487789,
        "mAP_per_class": {
            "C0": 45.95750855512016,
            "C1": 47.504029186189065,
            "C2": 40.80463736200494
        },
        "mAP_per_class_EMA": {
            "C0": 47.19572861918703,
            "C1": 47.34711100214653,
            "C2": 42.32608497330011
        }
    },
    "CholecT50": {
        "AP": {
            "AP_i": 84.92187572054486,
            "AP_v": 59.63378138231235,
            "AP_t": 43.32050321815484,
            "AP_iv": 39.90974365904676,
            "AP_it": 38.754774718852765,
            "AP_ivt": 32.24566143016327
        },
        "AP_EMA": {
            "AP_i": 89.78353708141333,
            "AP_v": 64.37003758788711,
            "AP_t": 47.09222380691846,
            "AP_iv": 44.29871400412222,
            "AP_it": 44.04488735059287,
            "AP_ivt": 37.91807823402684
        }
    }
}