{
    "Test": false,
    "Cholec80": {
        "F1_score": 75.98282362296916,
        "F1_score_EMA": 78.45611540740323,
        "Per_video_f1": {
            "cholec80_video41": 79.77372437130961,
            "cholec80_video43": 64.07093017084166,
            "cholec80_video44": 84.343329366923,
            "cholec80_video45": 78.45576938024034,
            "cholec80_video46": 81.1419966126244,
            "cholec80_video47": 68.91624419524392,
            "cholec80_video48": 75.17777126360122
        },
        "Per_video_f1_EMA": {
            "cholec80_video41": 80.45342472474132,
            "cholec80_video43": 71.14515480547796,
            "cholec80_video44": 86.03939674479913,
            "cholec80_video45": 83.42481180870054,
            "cholec80_video46": 84.60121825446512,
            "cholec80_video47": 62.40393549122557,
            "cholec80_video48": 81.12486602241297
        }
    },
    "Endoscapes": {
        "mAP": 43.26034283711934,
        "mAP_EMA": 47.182980182265936,
        "mAP_per_class": {
            "C0": 43.32093250546605,
            "C1": 47.45620769978719,
            "C2": 39.00388830610478
        },
        "mAP_per_class_EMA": {
            "C0": 49.13467330985321,
            "C1": 49.200479381248904,
            "C2": 43.2137878556957
        }
    },
    "CholecT50": {
        "AP": {
            "AP_i": 87.70623221769739,
            "AP_v": 62.848262538027846,
            "AP_t": 46.321544012696066,
            "AP_iv": 42.517891426721356,
            "AP_it": 40.58461858169208,
            "AP_ivt": 35.03148756333411
        },
        "AP_EMA": {
            "AP_i": 91.75462946844483,
            "AP_v": 65.10597149129788,
            "AP_t": 48.94203708132356,
            "AP_iv": 44.517542966706,
            "AP_it": 46.45822297553063,
            "AP_ivt": 40.308965111527876
        }
    }
}