{
    "Test": false,
    "Cholec80": {
        "F1_score": 74.28488263917075,
        "F1_score_EMA": 77.36045235646934,
        "Per_video_f1": {
            "cholec80_video41": 73.1822766562155,
            "cholec80_video43": 70.27517524359551,
            "cholec80_video44": 80.8241468519214,
            "cholec80_video45": 77.75305108956448,
            "cholec80_video46": 80.02412004665828,
            "cholec80_video47": 60.28766221251798,
            "cholec80_video48": 77.64774637372211
        },
        "Per_video_f1_EMA": {
            "cholec80_video41": 78.94475813430677,
            "cholec80_video43": 69.20678411929845,
            "cholec80_video44": 84.53194842149358,
            "cholec80_video45": 82.87190659576727,
            "cholec80_video46": 83.42941696218043,
            "cholec80_video47": 62.26596019823116,
            "cholec80_video48": 80.2723920640077
        }
    },
    "Endoscapes": {
        "mAP": 39.666907975161614,
        "mAP_EMA": 43.88383292847438,
        "mAP_per_class": {
            "C0": 37.84086737458633,
            "C1": 39.65000351649797,
            "C2": 41.50985303440054
        },
        "mAP_per_class_EMA": {
            "C0": 44.06523832087775,
            "C1": 45.30120495793418,
            "C2": 42.285055506611215
        }
    },
    "CholecT50": {
        "AP": {
            "AP_i": 83.04547486500354,
            "AP_v": 55.66713332295859,
            "AP_t": 40.93110911145589,
            "AP_iv": 37.41666643984564,
            "AP_it": 35.42435794359022,
            "AP_ivt": 28.780684394418174
        },
        "AP_EMA": {
            "AP_i": 85.0819531755527,
            "AP_v": 60.491448827203456,
            "AP_t": 43.779045862005766,
            "AP_iv": 40.283169277155345,
            "AP_it": 39.03885135232224,
            "AP_ivt": 32.61126951069094
        }
    }
}