{
    "Test": false,
    "Cholec80": {
        "F1_score": 72.91064132803263,
        "F1_score_EMA": 70.7783735170158,
        "Per_video_f1": {
            "cholec80_video41": 73.97436084831295,
            "cholec80_video43": 64.4520416346695,
            "cholec80_video44": 82.23648297863566,
            "cholec80_video45": 79.37058155807347,
            "cholec80_video46": 75.50252049140498,
            "cholec80_video47": 61.86850372778753,
            "cholec80_video48": 72.96999805734428
        },
        "Per_video_f1_EMA": {
            "cholec80_video41": 69.6546124649981,
            "cholec80_video43": 75.02723317838773,
            "cholec80_video44": 76.16028354414331,
            "cholec80_video45": 67.49421122733735,
            "cholec80_video46": 76.90552752794322,
            "cholec80_video47": 61.56058695642604,
            "cholec80_video48": 68.64615971987482
        }
    },
    "Endoscapes": {
        "mAP": 45.1579697782565,
        "mAP_EMA": 41.37867470755976,
        "mAP_per_class": {
            "C0": 51.19810829584394,
            "C1": 42.35735002155459,
            "C2": 41.918451017370984
        },
        "mAP_per_class_EMA": {
            "C0": 42.14321247383408,
            "C1": 40.69009971143821,
            "C2": 41.30271193740699
        }
    },
    "CholecT50": {
        "AP": {
            "AP_i": 92.86986403356804,
            "AP_v": 64.9663243304453,
            "AP_t": 47.889380866795776,
            "AP_iv": 42.995116303149096,
            "AP_it": 44.950830805280766,
            "AP_ivt": 38.449540308306844
        },
        "AP_EMA": {
            "AP_i": 68.01333050181006,
            "AP_v": 42.83770165012227,
            "AP_t": 39.01214578874124,
            "AP_iv": 28.339531751038468,
            "AP_it": 29.64330261993946,
            "AP_ivt": 25.85363222464431
        }
    }
}