{
    "Test": true,
    "Cholec80": {
        "F1_score": 58.29057510635582,
        "F1_score_EMA": null,
        "Per_video_f1": {
            "cholec80_video51": 53.95356477535326,
            "cholec80_video53": 65.31550911952199,
            "cholec80_video54": 65.96059547702475,
            "cholec80_video55": 69.18591361081373,
            "cholec80_video58": 44.06149597663651,
            "cholec80_video59": 64.48639152763037,
            "cholec80_video61": 56.39604555388882,
            "cholec80_video63": 63.24491809797522,
            "cholec80_video64": 58.31954521135757,
            "cholec80_video69": 63.314279180109736,
            "cholec80_video73": 70.5713870762314,
            "cholec80_video74": 45.428492345052824,
            "cholec80_video76": 54.27559351599081,
            "cholec80_video77": 74.29813321673684,
            "cholec80_video80": 25.546761911013462
        },
        "Per_video_f1_EMA": null
    },
    "Endoscapes": {
        "mAP": 42.75461807592297,
        "mAP_EMA": null,
        "mAP_per_class": {
            "C0": 40.650953518309066,
            "C1": 37.00490945041454,
            "C2": 50.60799125904531
        },
        "mAP_per_class_EMA": null
    },
    "CholecT50": {
        "AP": {
            "AP_i": 76.2482386705333,
            "AP_v": 54.92833218113559,
            "AP_t": 38.303673341130775,
            "AP_iv": 31.594590618696518,
            "AP_it": 30.1756556164473,
            "AP_ivt": 23.952746386465623
        },
        "AP_EMA": null
    }
}