{
    "Test": false,
    "Cholec80": {
        "F1_score": 64.67459118874633,
        "F1_score_EMA": 70.79469967545317,
        "Per_video_f1": {
            "cholec80_video41": 64.65605522332416,
            "cholec80_video43": 56.4451599957185,
            "cholec80_video44": 71.87036825773183,
            "cholec80_video45": 71.57899374310685,
            "cholec80_video46": 64.59053948362717,
            "cholec80_video47": 63.49565190953275,
            "cholec80_video48": 60.085369708183045
        },
        "Per_video_f1_EMA": {
            "cholec80_video41": 70.56846300494446,
            "cholec80_video43": 65.92680709219707,
            "cholec80_video44": 73.7882289813386,
            "cholec80_video45": 74.84276200228186,
            "cholec80_video46": 71.80497429638196,
            "cholec80_video47": 65.26117652031404,
            "cholec80_video48": 73.37048583071427
        }
    },
    "Endoscapes": {
        "mAP": 33.07818363696424,
        "mAP_EMA": 35.20282779142692,
        "mAP_per_class": {
            "C0": 38.42543742065193,
            "C1": 31.380912012940026,
            "C2": 29.428201477300764
        },
        "mAP_per_class_EMA": {
            "C0": 38.29696054482816,
            "C1": 34.38427927026608,
            "C2": 32.927243559186515
        }
    },
    "CholecT50": {
        "AP": {
            "AP_i": 70.3371557672782,
            "AP_v": 49.59743535266117,
            "AP_t": 35.05821333611583,
            "AP_iv": 30.37407590655755,
            "AP_it": 28.92516105875648,
            "AP_ivt": 24.608117675973208
        },
        "AP_EMA": {
            "AP_i": 76.46423852534853,
            "AP_v": 56.713798261110995,
            "AP_t": 38.054795092193714,
            "AP_iv": 36.603861306013705,
            "AP_it": 33.255272037736646,
            "AP_ivt": 29.225398481593288
        }
    }
}