{
    "Test": false,
    "Cholec80": {
        "F1_score": 68.41486320062842,
        "F1_score_EMA": 57.180520724392494,
        "Per_video_f1": {
            "cholec80_video41": 67.43147492916755,
            "cholec80_video43": 63.02236567773283,
            "cholec80_video44": 66.02033362125698,
            "cholec80_video45": 77.42186283436261,
            "cholec80_video46": 68.05784951687865,
            "cholec80_video47": 65.93989132662132,
            "cholec80_video48": 71.01026449837894
        },
        "Per_video_f1_EMA": {
            "cholec80_video41": 50.49846424123551,
            "cholec80_video43": 65.04590431019481,
            "cholec80_video44": 51.738989550455685,
            "cholec80_video45": 61.355010371260036,
            "cholec80_video46": 56.584075298992445,
            "cholec80_video47": 57.007901888999754,
            "cholec80_video48": 58.03329940960923
        }
    },
    "Endoscapes": {
        "mAP": 33.34600885253466,
        "mAP_EMA": 35.59841296486063,
        "mAP_per_class": {
            "C0": 34.19503171889565,
            "C1": 36.11906427604343,
            "C2": 29.72393056266489
        },
        "mAP_per_class_EMA": {
            "C0": 33.886948407296195,
            "C1": 37.081626905423654,
            "C2": 35.82666358186204
        }
    },
    "CholecT50": {
        "AP": {
            "AP_i": 75.26599860899705,
            "AP_v": 53.27087314190178,
            "AP_t": 38.33563994515235,
            "AP_iv": 34.19208890294775,
            "AP_it": 33.00792275717217,
            "AP_ivt": 28.58152045827344
        },
        "AP_EMA": {
            "AP_i": 62.4221845822994,
            "AP_v": 44.6205184010308,
            "AP_t": 32.640502409669494,
            "AP_iv": 26.67425263027846,
            "AP_it": 24.216271965628476,
            "AP_ivt": 20.69553581201142
        }
    }
}