{
    "Test": false,
    "Cholec80": {
        "F1_score": 69.67315008270167,
        "F1_score_EMA": 71.47697132508024,
        "Per_video_f1": {
            "cholec80_video41": 72.96552437083345,
            "cholec80_video43": 64.08490419891496,
            "cholec80_video44": 73.49620726388336,
            "cholec80_video45": 64.24076091774864,
            "cholec80_video46": 73.2171492919264,
            "cholec80_video47": 65.68597224511548,
            "cholec80_video48": 74.02153229048942
        },
        "Per_video_f1_EMA": {
            "cholec80_video41": 70.70617434683587,
            "cholec80_video43": 66.8911902986132,
            "cholec80_video44": 75.11986703573302,
            "cholec80_video45": 74.1257217197614,
            "cholec80_video46": 72.873232809665,
            "cholec80_video47": 66.07890669361312,
            "cholec80_video48": 74.54370637134008
        }
    },
    "Endoscapes": {
        "mAP": 33.03644624526872,
        "mAP_EMA": 32.7390051660312,
        "mAP_per_class": {
            "C0": 39.58812246729588,
            "C1": 33.150360355967244,
            "C2": 26.37085591254303
        },
        "mAP_per_class_EMA": {
            "C0": 37.602877037597786,
            "C1": 28.472055583298616,
            "C2": 32.14208287719719
        }
    },
    "CholecT50": {
        "AP": {
            "AP_i": 72.86855565454199,
            "AP_v": 48.77347663049061,
            "AP_t": 35.54087861393072,
            "AP_iv": 30.75031551053141,
            "AP_it": 29.25391230827537,
            "AP_ivt": 25.05880926366007
        },
        "AP_EMA": {
            "AP_i": 75.50026587452425,
            "AP_v": 53.457827320711466,
            "AP_t": 37.08608878625363,
            "AP_iv": 33.97696246302558,
            "AP_it": 31.40875685873235,
            "AP_ivt": 26.8507399977099
        }
    }
}