{
    "Test": false,
    "Cholec80": {
        "F1_score": 64.72718446331133,
        "F1_score_EMA": 7.486288340943561,
        "Per_video_f1": {
            "cholec80_video41": 63.13152148349196,
            "cholec80_video43": 66.00502892432877,
            "cholec80_video44": 69.8716325917481,
            "cholec80_video45": 67.4867390229064,
            "cholec80_video46": 64.35792687367085,
            "cholec80_video47": 58.710906642526574,
            "cholec80_video48": 63.52653570450667
        },
        "Per_video_f1_EMA": {
            "cholec80_video41": 8.194243658825075,
            "cholec80_video43": 8.504858692042763,
            "cholec80_video44": 7.762366080035253,
            "cholec80_video45": 5.962647981071116,
            "cholec80_video46": 6.651378940838081,
            "cholec80_video47": 5.752840909090909,
            "cholec80_video48": 9.575682124701732
        }
    },
    "Endoscapes": {
        "mAP": 39.18391426445127,
        "mAP_EMA": 13.722760946315375,
        "mAP_per_class": {
            "C0": 36.342891161240765,
            "C1": 38.68279438393913,
            "C2": 42.52605724817391
        },
        "mAP_per_class_EMA": {
            "C0": 15.17361700297117,
            "C1": 11.595118386035171,
            "C2": 14.399547449939787
        }
    },
    "CholecT50": {
        "AP": {
            "AP_i": 75.20482988497098,
            "AP_v": 52.867353924338275,
            "AP_t": 41.719293315674435,
            "AP_iv": 33.94387606640443,
            "AP_it": 34.52246795736675,
            "AP_ivt": 31.940310988274472
        },
        "AP_EMA": {
            "AP_i": 24.75663120155281,
            "AP_v": 16.103371973626643,
            "AP_t": 11.127475322496009,
            "AP_iv": 9.075323981449202,
            "AP_it": 6.042923816962429,
            "AP_ivt": 4.936110017465964
        }
    }
}