{
    "Test": false,
    "Cholec80": {
        "F1_score": 71.56102830075575,
        "F1_score_EMA": 71.3105612637701,
        "Per_video_f1": {
            "cholec80_video41": 63.59649013331927,
            "cholec80_video43": 65.77152992712078,
            "cholec80_video44": 76.83139397594522,
            "cholec80_video45": 78.05148513050099,
            "cholec80_video46": 76.6721490395583,
            "cholec80_video47": 69.66490905944383,
            "cholec80_video48": 70.33924083940188
        },
        "Per_video_f1_EMA": {
            "cholec80_video41": 72.8270993816464,
            "cholec80_video43": 69.1597997553775,
            "cholec80_video44": 78.29342961404598,
            "cholec80_video45": 70.81288005686474,
            "cholec80_video46": 71.6686697027004,
            "cholec80_video47": 66.47059579333782,
            "cholec80_video48": 69.94145454241786
        }
    },
    "Endoscapes": {
        "mAP": 49.54797347171569,
        "mAP_EMA": 44.72462332990643,
        "mAP_per_class": {
            "C0": 50.10415671085199,
            "C1": 49.18209143609163,
            "C2": 49.35767226820345
        },
        "mAP_per_class_EMA": {
            "C0": 44.569343582289285,
            "C1": 43.08538300661689,
            "C2": 46.51914340081312
        }
    },
    "CholecT50": {
        "AP": {
            "AP_i": 88.96952998848701,
            "AP_v": 61.63775905755225,
            "AP_t": 44.56700608239276,
            "AP_iv": 40.42166530748027,
            "AP_it": 40.8507161819751,
            "AP_ivt": 34.25857658770522
        },
        "AP_EMA": {
            "AP_i": 90.26499214699516,
            "AP_v": 62.347862011073495,
            "AP_t": 47.078694168212984,
            "AP_iv": 40.720075684361106,
            "AP_it": 42.14590753727689,
            "AP_ivt": 36.19549397622558
        }
    }
}