{
    "Test": false,
    "Cholec80": {
        "F1_score": 73.21343533228996,
        "F1_score_EMA": 75.11199429546181,
        "Per_video_f1": {
            "cholec80_video41": 69.0520904762941,
            "cholec80_video43": 68.83124569418185,
            "cholec80_video44": 82.94238963756132,
            "cholec80_video45": 80.3917009682067,
            "cholec80_video46": 74.78282500595256,
            "cholec80_video47": 58.65774011157262,
            "cholec80_video48": 77.83605543226054
        },
        "Per_video_f1_EMA": {
            "cholec80_video41": 72.44369117299651,
            "cholec80_video43": 71.03601573911729,
            "cholec80_video44": 85.25215269766896,
            "cholec80_video45": 85.22075816306145,
            "cholec80_video46": 75.22548489700188,
            "cholec80_video47": 62.41304002986586,
            "cholec80_video48": 74.19281736852074
        }
    },
    "Endoscapes": {
        "mAP": 50.09999760749473,
        "mAP_EMA": 52.43090331168112,
        "mAP_per_class": {
            "C0": 51.48036715213286,
            "C1": 51.91622455420921,
            "C2": 46.90340111614212
        },
        "mAP_per_class_EMA": {
            "C0": 53.77309515157847,
            "C1": 53.732358623552976,
            "C2": 49.78725615991192
        }
    },
    "CholecT50": {
        "AP": {
            "AP_i": 87.97287759154965,
            "AP_v": 59.220103815066444,
            "AP_t": 43.72061837469513,
            "AP_iv": 36.678943910255285,
            "AP_it": 37.528528054255304,
            "AP_ivt": 31.13346470395876
        },
        "AP_EMA": {
            "AP_i": 92.14628361990636,
            "AP_v": 64.78503690398202,
            "AP_t": 46.06704491637907,
            "AP_iv": 40.96067583624136,
            "AP_it": 43.03524674279585,
            "AP_ivt": 36.12988270497981
        }
    }
}