{
    "Test": false,
    "Cholec80": {
        "F1_score": 75.03706480384722,
        "F1_score_EMA": 77.09251615779338,
        "Per_video_f1": {
            "cholec80_video41": 77.51183867364054,
            "cholec80_video43": 69.51816126989033,
            "cholec80_video44": 77.80225927156368,
            "cholec80_video45": 79.90279553470351,
            "cholec80_video46": 78.14320493355501,
            "cholec80_video47": 67.29911423310709,
            "cholec80_video48": 75.08207971047037
        },
        "Per_video_f1_EMA": {
            "cholec80_video41": 76.35246368918159,
            "cholec80_video43": 78.27948495368021,
            "cholec80_video44": 81.22501332180381,
            "cholec80_video45": 82.02853775542629,
            "cholec80_video46": 79.37393446632653,
            "cholec80_video47": 66.45995246591019,
            "cholec80_video48": 75.92822645222508
        }
    },
    "Endoscapes": {
        "mAP": 39.00925862190733,
        "mAP_EMA": 45.69034003638053,
        "mAP_per_class": {
            "C0": 40.74013306779751,
            "C1": 38.40497204928535,
            "C2": 37.88267074863912
        },
        "mAP_per_class_EMA": {
            "C0": 45.502369915190684,
            "C1": 44.166944522906185,
            "C2": 47.40170567104472
        }
    },
    "CholecT50": {
        "AP": {
            "AP_i": 86.78130039626994,
            "AP_v": 60.759601906637855,
            "AP_t": 42.133157407728056,
            "AP_iv": 38.93318095691327,
            "AP_it": 38.06709199918193,
            "AP_ivt": 31.478265158357832
        },
        "AP_EMA": {
            "AP_i": 91.7341070836713,
            "AP_v": 66.53722213596264,
            "AP_t": 46.503393789815895,
            "AP_iv": 45.899562278997564,
            "AP_it": 44.43865621700949,
            "AP_ivt": 38.551118830114895
        }
    }
}