{
    "Test": false,
    "Cholec80": {
        "F1_score": 71.85726440580723,
        "F1_score_EMA": 76.66432908279828,
        "Per_video_f1": {
            "cholec80_video41": 71.87085563313464,
            "cholec80_video43": 64.9175910162247,
            "cholec80_video44": 75.67443671626563,
            "cholec80_video45": 77.16275155007153,
            "cholec80_video46": 77.80663102731303,
            "cholec80_video47": 67.4536460602268,
            "cholec80_video48": 68.11493883741423
        },
        "Per_video_f1_EMA": {
            "cholec80_video41": 75.37766912296179,
            "cholec80_video43": 69.47968137567118,
            "cholec80_video44": 85.67007049101758,
            "cholec80_video45": 83.83388413495094,
            "cholec80_video46": 79.69974722561946,
            "cholec80_video47": 68.62140009456478,
            "cholec80_video48": 73.96785113480219
        }
    },
    "Endoscapes": {
        "mAP": 42.405134427604914,
        "mAP_EMA": 47.87585641961969,
        "mAP_per_class": {
            "C0": 42.23801746131362,
            "C1": 39.27155769549872,
            "C2": 45.705828126002395
        },
        "mAP_per_class_EMA": {
            "C0": 49.11360240262225,
            "C1": 48.582902223855115,
            "C2": 45.9310646323817
        }
    },
    "CholecT50": {
        "AP": {
            "AP_i": 87.85149679920403,
            "AP_v": 63.05947074979847,
            "AP_t": 44.25546428348644,
            "AP_iv": 38.46497131398763,
            "AP_it": 38.47364911792008,
            "AP_ivt": 33.675916383859764
        },
        "AP_EMA": {
            "AP_i": 89.75473895244541,
            "AP_v": 65.01066737047097,
            "AP_t": 45.03329504213388,
            "AP_iv": 41.22258002375639,
            "AP_it": 42.21627079972077,
            "AP_ivt": 35.99273433151
        }
    }
}