{
    "Test": false,
    "Cholec80": {
        "F1_score": 72.93957600532795,
        "F1_score_EMA": 76.18867159033192,
        "Per_video_f1": {
            "cholec80_video41": 72.82422440512188,
            "cholec80_video43": 72.95709790670043,
            "cholec80_video44": 74.07747913443237,
            "cholec80_video45": 81.29757156394115,
            "cholec80_video46": 69.375165538805,
            "cholec80_video47": 66.62456682668427,
            "cholec80_video48": 73.42092666161052
        },
        "Per_video_f1_EMA": {
            "cholec80_video41": 75.19953387295499,
            "cholec80_video43": 79.39376935505028,
            "cholec80_video44": 78.82672940659722,
            "cholec80_video45": 80.56896769953734,
            "cholec80_video46": 77.29519955808254,
            "cholec80_video47": 67.03014427825332,
            "cholec80_video48": 75.0063569618478
        }
    },
    "Endoscapes": {
        "mAP": 43.908394441928216,
        "mAP_EMA": 44.891388483649585,
        "mAP_per_class": {
            "C0": 44.43450538681073,
            "C1": 41.081449708525874,
            "C2": 46.209228230448055
        },
        "mAP_per_class_EMA": {
            "C0": 44.5272177023004,
            "C1": 43.511129744612376,
            "C2": 46.63581800403599
        }
    },
    "CholecT50": {
        "AP": {
            "AP_i": 88.77486435111348,
            "AP_v": 65.35875424961078,
            "AP_t": 45.13605427332426,
            "AP_iv": 43.2694104251145,
            "AP_it": 40.94816635774384,
            "AP_ivt": 35.61594613344808
        },
        "AP_EMA": {
            "AP_i": 90.5096161532211,
            "AP_v": 64.85226925484608,
            "AP_t": 46.766153912728065,
            "AP_iv": 43.69142243509069,
            "AP_it": 44.333528358955725,
            "AP_ivt": 38.28328697211944
        }
    }
}