{
    "Test": false,
    "Cholec80": {
        "F1_score": 73.018153338156,
        "F1_score_EMA": 49.97778177019099,
        "Per_video_f1": {
            "cholec80_video41": 76.77256032647988,
            "cholec80_video43": 60.909133943488946,
            "cholec80_video44": 81.45553783986418,
            "cholec80_video45": 79.28610001023732,
            "cholec80_video46": 73.48236993805745,
            "cholec80_video47": 67.00002792603556,
            "cholec80_video48": 72.22134338292867
        },
        "Per_video_f1_EMA": {
            "cholec80_video41": 47.41091488092934,
            "cholec80_video43": 45.8010647661366,
            "cholec80_video44": 53.33194275753219,
            "cholec80_video45": 48.42135988869049,
            "cholec80_video46": 45.19907096929057,
            "cholec80_video47": 60.84791889504554,
            "cholec80_video48": 48.83220023371221
        }
    },
    "Endoscapes": {
        "mAP": 45.117856415946505,
        "mAP_EMA": 34.17755536467692,
        "mAP_per_class": {
            "C0": 46.914994082988635,
            "C1": 43.12701263329183,
            "C2": 45.311562531559055
        },
        "mAP_per_class_EMA": {
            "C0": 31.293322360912363,
            "C1": 31.686271234800294,
            "C2": 39.5530724983181
        }
    },
    "CholecT50": {
        "AP": {
            "AP_i": 89.61177043947161,
            "AP_v": 64.56548280542663,
            "AP_t": 46.79134307221336,
            "AP_iv": 44.21373916589002,
            "AP_it": 46.51676687471046,
            "AP_ivt": 40.70387686760704
        },
        "AP_EMA": {
            "AP_i": 82.96008001563224,
            "AP_v": 57.72122646126602,
            "AP_t": 43.4809678103976,
            "AP_iv": 37.17961390034775,
            "AP_it": 37.16980001390389,
            "AP_ivt": 32.11733080042689
        }
    }
}