{
    "Test": false,
    "Cholec80": {
        "F1_score": 71.77887401157147,
        "F1_score_EMA": 75.23182118271126,
        "Per_video_f1": {
            "cholec80_video41": 67.82834207176886,
            "cholec80_video43": 73.69297430615076,
            "cholec80_video44": 79.73939219887448,
            "cholec80_video45": 82.80188345608279,
            "cholec80_video46": 68.24922864913489,
            "cholec80_video47": 60.05191242326979,
            "cholec80_video48": 70.08838497571874
        },
        "Per_video_f1_EMA": {
            "cholec80_video41": 73.17956210185052,
            "cholec80_video43": 72.34434979290984,
            "cholec80_video44": 85.49299373168496,
            "cholec80_video45": 85.11080087236644,
            "cholec80_video46": 75.04397265123286,
            "cholec80_video47": 61.85782470695699,
            "cholec80_video48": 73.59324442197722
        }
    },
    "Endoscapes": {
        "mAP": 49.00978165621832,
        "mAP_EMA": 52.32821372857797,
        "mAP_per_class": {
            "C0": 51.278526652721666,
            "C1": 52.20719111814886,
            "C2": 43.54362719778443
        },
        "mAP_per_class_EMA": {
            "C0": 53.570845054438934,
            "C1": 53.293133863147304,
            "C2": 50.12066226814768
        }
    },
    "CholecT50": {
        "AP": {
            "AP_i": 90.14470263524117,
            "AP_v": 65.03057584727341,
            "AP_t": 43.752665510565755,
            "AP_iv": 41.19099677742694,
            "AP_it": 39.54678128106818,
            "AP_ivt": 32.96033532309737
        },
        "AP_EMA": {
            "AP_i": 92.12999184205398,
            "AP_v": 64.64084860522601,
            "AP_t": 46.049844040683865,
            "AP_iv": 41.07696203136725,
            "AP_it": 43.214529629341826,
            "AP_ivt": 36.34433091224374
        }
    }
}