{
    "Test": false,
    "Cholec80": {
        "F1_score": 74.5565380468541,
        "F1_score_EMA": 64.61676750035494,
        "Per_video_f1": {
            "cholec80_video41": 75.3176166228649,
            "cholec80_video43": 65.65293419332973,
            "cholec80_video44": 81.10550208320349,
            "cholec80_video45": 82.55633640154262,
            "cholec80_video46": 72.45381981734896,
            "cholec80_video47": 69.25476185717292,
            "cholec80_video48": 75.5547953525161
        },
        "Per_video_f1_EMA": {
            "cholec80_video41": 61.511267594791896,
            "cholec80_video43": 64.43329000884833,
            "cholec80_video44": 72.59788799291223,
            "cholec80_video45": 62.85393538855748,
            "cholec80_video46": 62.698029987491296,
            "cholec80_video47": 62.13065576934793,
            "cholec80_video48": 66.09230576053535
        }
    },
    "Endoscapes": {
        "mAP": 44.42628563419788,
        "mAP_EMA": 40.905609516891396,
        "mAP_per_class": {
            "C0": 44.55442871057306,
            "C1": 42.92710486920869,
            "C2": 45.79732332281189
        },
        "mAP_per_class_EMA": {
            "C0": 38.989775713648264,
            "C1": 38.95023885712473,
            "C2": 44.77681397990119
        }
    },
    "CholecT50": {
        "AP": {
            "AP_i": 90.92188778092714,
            "AP_v": 63.82008915291865,
            "AP_t": 43.851697926386535,
            "AP_iv": 40.59646762316291,
            "AP_it": 41.61866687662216,
            "AP_ivt": 35.39550530324639
        },
        "AP_EMA": {
            "AP_i": 87.72100030601001,
            "AP_v": 61.36920608658795,
            "AP_t": 45.95663764079657,
            "AP_iv": 40.02778879439213,
            "AP_it": 40.67308973887193,
            "AP_ivt": 35.31318841185313
        }
    }
}