{
    "Test": false,
    "Cholec80": {
        "F1_score": 72.24306171423903,
        "F1_score_EMA": 75.85633776291496,
        "Per_video_f1": {
            "cholec80_video41": 70.70617775748113,
            "cholec80_video43": 67.4834401784606,
            "cholec80_video44": 81.78642532803036,
            "cholec80_video45": 79.20150891451063,
            "cholec80_video46": 74.3334687408024,
            "cholec80_video47": 62.7783607452277,
            "cholec80_video48": 69.41205033516046
        },
        "Per_video_f1_EMA": {
            "cholec80_video41": 71.77068839026478,
            "cholec80_video43": 72.2796713747566,
            "cholec80_video44": 84.17367558245056,
            "cholec80_video45": 85.12080941283482,
            "cholec80_video46": 79.22549590054811,
            "cholec80_video47": 64.45603752907944,
            "cholec80_video48": 73.9679861504704
        }
    },
    "Endoscapes": {
        "mAP": 46.076156241919904,
        "mAP_EMA": 47.5207110684433,
        "mAP_per_class": {
            "C0": 45.90456727034114,
            "C1": 45.63364909627112,
            "C2": 46.69025235914744
        },
        "mAP_per_class_EMA": {
            "C0": 49.22466216674159,
            "C1": 48.6366314199108,
            "C2": 44.70083961867751
        }
    },
    "CholecT50": {
        "AP": {
            "AP_i": 83.81611085611111,
            "AP_v": 58.364857647980855,
            "AP_t": 41.4555867574819,
            "AP_iv": 37.297501071865334,
            "AP_it": 35.806757903681586,
            "AP_ivt": 29.736533808323973
        },
        "AP_EMA": {
            "AP_i": 91.37179235254104,
            "AP_v": 66.40237159006801,
            "AP_t": 47.37297755128564,
            "AP_iv": 44.95352950982961,
            "AP_it": 43.075234496040736,
            "AP_ivt": 37.194543786666785
        }
    }
}