{
    "Test": false,
    "Cholec80": {
        "F1_score": 71.55257909263173,
        "F1_score_EMA": 58.37082884878649,
        "Per_video_f1": {
            "cholec80_video41": 71.01691547854047,
            "cholec80_video43": 67.10945039781355,
            "cholec80_video44": 73.94982963472985,
            "cholec80_video45": 79.28252649236491,
            "cholec80_video46": 73.44819844668521,
            "cholec80_video47": 63.44821409166429,
            "cholec80_video48": 72.61291910662379
        },
        "Per_video_f1_EMA": {
            "cholec80_video41": 55.12757672467663,
            "cholec80_video43": 63.63842942578738,
            "cholec80_video44": 57.50864630917491,
            "cholec80_video45": 62.7399683217719,
            "cholec80_video46": 58.47973898047094,
            "cholec80_video47": 58.58614512510801,
            "cholec80_video48": 52.51529705451563
        }
    },
    "Endoscapes": {
        "mAP": 41.8881162546995,
        "mAP_EMA": 34.14535075944068,
        "mAP_per_class": {
            "C0": 43.78101685197763,
            "C1": 41.50557940073992,
            "C2": 40.37775251138094
        },
        "mAP_per_class_EMA": {
            "C0": 32.40350770785722,
            "C1": 31.1071283270371,
            "C2": 38.925416243427726
        }
    },
    "CholecT50": {
        "AP": {
            "AP_i": 91.17252830836435,
            "AP_v": 64.49416489273673,
            "AP_t": 47.71604495889925,
            "AP_iv": 44.23353590477141,
            "AP_it": 43.16119961945412,
            "AP_ivt": 37.8300101598895
        },
        "AP_EMA": {
            "AP_i": 85.68361667427412,
            "AP_v": 59.51910797858964,
            "AP_t": 44.94448345537144,
            "AP_iv": 41.644372165417266,
            "AP_it": 40.5395400355261,
            "AP_ivt": 35.220844443263644
        }
    }
}