{
    "Test": false,
    "Cholec80": {
        "F1_score": 72.2311547397313,
        "F1_score_EMA": 75.59718333890245,
        "Per_video_f1": {
            "cholec80_video41": 68.46623853135738,
            "cholec80_video43": 66.3772316512942,
            "cholec80_video44": 79.02381838346653,
            "cholec80_video45": 79.49267496353892,
            "cholec80_video46": 78.77444882153935,
            "cholec80_video47": 64.55560342012929,
            "cholec80_video48": 68.92806740679343
        },
        "Per_video_f1_EMA": {
            "cholec80_video41": 71.25614375881642,
            "cholec80_video43": 71.88653745627737,
            "cholec80_video44": 84.7744905803944,
            "cholec80_video45": 84.23845203335169,
            "cholec80_video46": 78.54532417495369,
            "cholec80_video47": 64.92296684173996,
            "cholec80_video48": 73.55636852678361
        }
    },
    "Endoscapes": {
        "mAP": 44.14550604169933,
        "mAP_EMA": 46.998147981043054,
        "mAP_per_class": {
            "C0": 45.46776906583202,
            "C1": 44.3358332015398,
            "C2": 42.632915857726154
        },
        "mAP_per_class_EMA": {
            "C0": 48.78467571321419,
            "C1": 48.312490342278736,
            "C2": 43.897277887636236
        }
    },
    "CholecT50": {
        "AP": {
            "AP_i": 87.82812634143143,
            "AP_v": 66.43937649213325,
            "AP_t": 43.519620418574796,
            "AP_iv": 43.501748191057416,
            "AP_it": 36.56883087099232,
            "AP_ivt": 31.269229179150024
        },
        "AP_EMA": {
            "AP_i": 91.15439095686541,
            "AP_v": 67.07686080552195,
            "AP_t": 47.11688826661135,
            "AP_iv": 44.384896966051144,
            "AP_it": 42.61554066206063,
            "AP_ivt": 36.42981821198027
        }
    }
}