{
    "Test": false,
    "Cholec80": {
        "F1_score": 69.9079998656885,
        "F1_score_EMA": 70.80273217660678,
        "Per_video_f1": {
            "cholec80_video41": 73.17039364135545,
            "cholec80_video43": 62.72273951266637,
            "cholec80_video44": 69.35129044895174,
            "cholec80_video45": 77.8039060912221,
            "cholec80_video46": 74.34966956309967,
            "cholec80_video47": 65.69234617262242,
            "cholec80_video48": 66.26565362990175
        },
        "Per_video_f1_EMA": {
            "cholec80_video41": 70.1455066342162,
            "cholec80_video43": 78.5704586299657,
            "cholec80_video44": 72.38232221119635,
            "cholec80_video45": 73.59706379416225,
            "cholec80_video46": 68.3882130539105,
            "cholec80_video47": 64.406920142188,
            "cholec80_video48": 68.12864077060848
        }
    },
    "Endoscapes": {
        "mAP": 43.82805674609975,
        "mAP_EMA": 37.51832223838511,
        "mAP_per_class": {
            "C0": 43.10161370394858,
            "C1": 42.31260668676658,
            "C2": 46.06994984758408
        },
        "mAP_per_class_EMA": {
            "C0": 36.160039127339985,
            "C1": 36.60609583236083,
            "C2": 39.78883175545451
        }
    },
    "CholecT50": {
        "AP": {
            "AP_i": 88.26337735107268,
            "AP_v": 64.68526242162271,
            "AP_t": 45.1925254304406,
            "AP_iv": 42.80541841968411,
            "AP_it": 39.484853130275894,
            "AP_ivt": 34.73300430853718
        },
        "AP_EMA": {
            "AP_i": 88.43042230671212,
            "AP_v": 62.75321501348306,
            "AP_t": 46.05313825474169,
            "AP_iv": 41.56580074821906,
            "AP_it": 41.80275432521955,
            "AP_ivt": 36.56902457122727
        }
    }
}