{
    "Test": false,
    "Cholec80": {
        "F1_score": 73.47920846236856,
        "F1_score_EMA": 75.60330981153021,
        "Per_video_f1": {
            "cholec80_video41": 69.55662538681672,
            "cholec80_video43": 68.20266705800022,
            "cholec80_video44": 81.77913404183829,
            "cholec80_video45": 79.92788702956433,
            "cholec80_video46": 75.99360326456498,
            "cholec80_video47": 64.65979749310875,
            "cholec80_video48": 74.23474496268662
        },
        "Per_video_f1_EMA": {
            "cholec80_video41": 70.0765800938213,
            "cholec80_video43": 72.2081254158999,
            "cholec80_video44": 84.67952787457554,
            "cholec80_video45": 84.10796445965191,
            "cholec80_video46": 79.27308560437406,
            "cholec80_video47": 64.81620212824086,
            "cholec80_video48": 74.06168310414786
        }
    },
    "Endoscapes": {
        "mAP": 46.32584353406427,
        "mAP_EMA": 46.720023925827746,
        "mAP_per_class": {
            "C0": 46.524458193592984,
            "C1": 46.82385543929632,
            "C2": 45.6292169693035
        },
        "mAP_per_class_EMA": {
            "C0": 48.852184315581006,
            "C1": 48.50546784803407,
            "C2": 42.80241961386817
        }
    },
    "CholecT50": {
        "AP": {
            "AP_i": 85.73418747845263,
            "AP_v": 60.41336586023569,
            "AP_t": 43.70898447365487,
            "AP_iv": 37.59824974583009,
            "AP_it": 37.634767846291254,
            "AP_ivt": 31.317399282648317
        },
        "AP_EMA": {
            "AP_i": 90.29327397242226,
            "AP_v": 66.68611387764716,
            "AP_t": 46.63041302558932,
            "AP_iv": 42.92411732800386,
            "AP_it": 41.965344946026775,
            "AP_ivt": 35.294858146740665
        }
    }
}