{
    "Test": false,
    "Cholec80": {
        "F1_score": 74.05767723173619,
        "F1_score_EMA": 75.20576105953492,
        "Per_video_f1": {
            "cholec80_video41": 72.11041731136358,
            "cholec80_video43": 66.55225452929346,
            "cholec80_video44": 83.83077665584275,
            "cholec80_video45": 80.08728154755981,
            "cholec80_video46": 76.1218178051078,
            "cholec80_video47": 63.65245053426197,
            "cholec80_video48": 76.04874223872402
        },
        "Per_video_f1_EMA": {
            "cholec80_video41": 72.19671445151577,
            "cholec80_video43": 70.37481981883215,
            "cholec80_video44": 85.50146043722489,
            "cholec80_video45": 85.27778934757605,
            "cholec80_video46": 75.99430939813975,
            "cholec80_video47": 62.265235988970666,
            "cholec80_video48": 74.82999797448521
        }
    },
    "Endoscapes": {
        "mAP": 43.84775854639477,
        "mAP_EMA": 51.840366538873965,
        "mAP_per_class": {
            "C0": 44.10828722312048,
            "C1": 46.11187602598429,
            "C2": 41.32311239007956
        },
        "mAP_per_class_EMA": {
            "C0": 52.844509293981034,
            "C1": 53.62649799594905,
            "C2": 49.05009232669182
        }
    },
    "CholecT50": {
        "AP": {
            "AP_i": 87.23803963049802,
            "AP_v": 60.585190478870246,
            "AP_t": 42.8991855244766,
            "AP_iv": 37.020878796814635,
            "AP_it": 36.97922030644517,
            "AP_ivt": 30.710304820598402
        },
        "AP_EMA": {
            "AP_i": 92.1046533157214,
            "AP_v": 64.63358261972937,
            "AP_t": 45.87969813790552,
            "AP_iv": 40.66342404329375,
            "AP_it": 42.3521510326517,
            "AP_ivt": 35.55330094633955
        }
    }
}