{
    "Test": false,
    "Cholec80": {
        "F1_score": 71.49156553069058,
        "F1_score_EMA": 19.262907553806883,
        "Per_video_f1": {
            "cholec80_video41": 72.47965520024405,
            "cholec80_video43": 66.13889692083474,
            "cholec80_video44": 77.55421820538038,
            "cholec80_video45": 76.40726964848618,
            "cholec80_video46": 70.20374657066867,
            "cholec80_video47": 66.86529337189458,
            "cholec80_video48": 70.79187879732547
        },
        "Per_video_f1_EMA": {
            "cholec80_video41": 20.21062256915214,
            "cholec80_video43": 21.102651538179035,
            "cholec80_video44": 20.411598171872143,
            "cholec80_video45": 17.33912694145428,
            "cholec80_video46": 19.661310023614472,
            "cholec80_video47": 17.698421600219923,
            "cholec80_video48": 18.416622032156198
        }
    },
    "Endoscapes": {
        "mAP": 50.07503746850357,
        "mAP_EMA": 23.412256487185903,
        "mAP_per_class": {
            "C0": 50.14693483272544,
            "C1": 50.314191635566864,
            "C2": 49.76398593721839
        },
        "mAP_per_class_EMA": {
            "C0": 20.122990459137196,
            "C1": 16.814321511002834,
            "C2": 33.299457491417684
        }
    },
    "CholecT50": {
        "AP": {
            "AP_i": 87.76062136180799,
            "AP_v": 62.59746282830806,
            "AP_t": 46.537209799580744,
            "AP_iv": 39.19073494732395,
            "AP_it": 41.50551555554143,
            "AP_ivt": 35.05233792199714
        },
        "AP_EMA": {
            "AP_i": 52.07388885652972,
            "AP_v": 34.016751540704185,
            "AP_t": 28.790493901385666,
            "AP_iv": 22.476330726932623,
            "AP_it": 21.826534189395524,
            "AP_ivt": 17.858554515089416
        }
    }
}