{
    "Test": false,
    "Cholec80": {
        "F1_score": 73.38355696654322,
        "F1_score_EMA": 76.61452621025991,
        "Per_video_f1": {
            "cholec80_video41": 73.08099197228728,
            "cholec80_video43": 68.10487311570134,
            "cholec80_video44": 76.00243152433698,
            "cholec80_video45": 79.5575791228595,
            "cholec80_video46": 74.64587803706156,
            "cholec80_video47": 69.77930152007744,
            "cholec80_video48": 72.51384347347846
        },
        "Per_video_f1_EMA": {
            "cholec80_video41": 75.48487134891789,
            "cholec80_video43": 69.15185934485365,
            "cholec80_video44": 85.485616547306,
            "cholec80_video45": 84.19171351256057,
            "cholec80_video46": 78.55170733343542,
            "cholec80_video47": 69.21223308236064,
            "cholec80_video48": 74.2236823023852
        }
    },
    "Endoscapes": {
        "mAP": 45.37295339774494,
        "mAP_EMA": 47.68461759057318,
        "mAP_per_class": {
            "C0": 46.635777333302954,
            "C1": 44.3789178857396,
            "C2": 45.10416497419227
        },
        "mAP_per_class_EMA": {
            "C0": 48.689528565211674,
            "C1": 48.06029469622249,
            "C2": 46.30402951028538
        }
    },
    "CholecT50": {
        "AP": {
            "AP_i": 85.51212609934375,
            "AP_v": 60.11435287633951,
            "AP_t": 41.87139263661465,
            "AP_iv": 37.12795152344131,
            "AP_it": 35.88398291372687,
            "AP_ivt": 29.94278693630624
        },
        "AP_EMA": {
            "AP_i": 90.94855424549974,
            "AP_v": 65.71468656343265,
            "AP_t": 45.832126165027276,
            "AP_iv": 42.164329346852824,
            "AP_it": 43.48271863901939,
            "AP_ivt": 37.16756040642909
        }
    }
}