{
    "Test": false,
    "Cholec80": {
        "F1_score": 69.34287313932613,
        "F1_score_EMA": 76.52192403205726,
        "Per_video_f1": {
            "cholec80_video41": 65.74786425506674,
            "cholec80_video43": 64.81729471481891,
            "cholec80_video44": 78.29548043300022,
            "cholec80_video45": 74.36111148533567,
            "cholec80_video46": 71.82317023283089,
            "cholec80_video47": 63.041871387597034,
            "cholec80_video48": 67.31331946663343
        },
        "Per_video_f1_EMA": {
            "cholec80_video41": 76.13632692384658,
            "cholec80_video43": 69.22176205227412,
            "cholec80_video44": 84.62672727729198,
            "cholec80_video45": 84.05917434121218,
            "cholec80_video46": 77.73725608758134,
            "cholec80_video47": 69.04450292314428,
            "cholec80_video48": 74.82771861905036
        }
    },
    "Endoscapes": {
        "mAP": 42.161213715093965,
        "mAP_EMA": 48.35924713354852,
        "mAP_per_class": {
            "C0": 44.00127778041828,
            "C1": 42.976096615825725,
            "C2": 39.506266749037884
        },
        "mAP_per_class_EMA": {
            "C0": 49.444799159201494,
            "C1": 48.25571433557497,
            "C2": 47.37722790586909
        }
    },
    "CholecT50": {
        "AP": {
            "AP_i": 85.36126013364158,
            "AP_v": 62.79314638471105,
            "AP_t": 42.88867485468346,
            "AP_iv": 39.01453684948689,
            "AP_it": 34.15236369375848,
            "AP_ivt": 29.014277518411948
        },
        "AP_EMA": {
            "AP_i": 91.22074239519691,
            "AP_v": 65.9328252146457,
            "AP_t": 46.03534890685315,
            "AP_iv": 42.96294856796526,
            "AP_it": 42.214851112234875,
            "AP_ivt": 36.954015955772086
        }
    }
}