{
    "Test": false,
    "Cholec80": {
        "F1_score": 72.4078840133291,
        "F1_score_EMA": 77.12319260845496,
        "Per_video_f1": {
            "cholec80_video41": 68.2826108712919,
            "cholec80_video43": 72.3815548230866,
            "cholec80_video44": 72.23153485364081,
            "cholec80_video45": 79.91144027243833,
            "cholec80_video46": 77.26880494347154,
            "cholec80_video47": 63.26258816406843,
            "cholec80_video48": 73.51665416530605
        },
        "Per_video_f1_EMA": {
            "cholec80_video41": 76.20185255765134,
            "cholec80_video43": 76.86475926156909,
            "cholec80_video44": 81.66589561609072,
            "cholec80_video45": 83.00957683047169,
            "cholec80_video46": 79.42801813733968,
            "cholec80_video47": 66.46783524502193,
            "cholec80_video48": 76.2244106110403
        }
    },
    "Endoscapes": {
        "mAP": 42.55256823591969,
        "mAP_EMA": 45.56527238345301,
        "mAP_per_class": {
            "C0": 43.25335203510687,
            "C1": 42.96198389934198,
            "C2": 41.44236877331023
        },
        "mAP_per_class_EMA": {
            "C0": 45.42602054566649,
            "C1": 44.13465146816969,
            "C2": 47.13514513652283
        }
    },
    "CholecT50": {
        "AP": {
            "AP_i": 88.9115720760222,
            "AP_v": 63.246364803455265,
            "AP_t": 44.60951752887093,
            "AP_iv": 38.74755704849037,
            "AP_it": 38.56262499649279,
            "AP_ivt": 31.631317458887416
        },
        "AP_EMA": {
            "AP_i": 91.89047823235246,
            "AP_v": 66.88332260553537,
            "AP_t": 46.49223446580905,
            "AP_iv": 45.64503077999877,
            "AP_it": 44.2824431724499,
            "AP_ivt": 38.15566237416073
        }
    }
}