{
    "Test": false,
    "Cholec80": {
        "F1_score": 73.6252763388726,
        "F1_score_EMA": 75.50913174652706,
        "Per_video_f1": {
            "cholec80_video41": 72.00660202997769,
            "cholec80_video43": 69.84473984842504,
            "cholec80_video44": 80.86604328028004,
            "cholec80_video45": 84.93462716095141,
            "cholec80_video46": 74.0828480597022,
            "cholec80_video47": 59.51517510616695,
            "cholec80_video48": 74.1268988866048
        },
        "Per_video_f1_EMA": {
            "cholec80_video41": 72.88325872025929,
            "cholec80_video43": 70.84451637363132,
            "cholec80_video44": 86.25033623435931,
            "cholec80_video45": 85.2946967436315,
            "cholec80_video46": 75.13604211896678,
            "cholec80_video47": 62.18554820814165,
            "cholec80_video48": 75.96952382669959
        }
    },
    "Endoscapes": {
        "mAP": 43.42112576683177,
        "mAP_EMA": 50.71521021339528,
        "mAP_per_class": {
            "C0": 44.50455240535182,
            "C1": 42.334484699581395,
            "C2": 43.424340195562095
        },
        "mAP_per_class_EMA": {
            "C0": 51.66467701889108,
            "C1": 52.540575333627636,
            "C2": 47.940378287667116
        }
    },
    "CholecT50": {
        "AP": {
            "AP_i": 87.27510441891094,
            "AP_v": 61.66379241397548,
            "AP_t": 41.19934156993674,
            "AP_iv": 37.18306625303746,
            "AP_it": 36.68501413337777,
            "AP_ivt": 30.629579754468697
        },
        "AP_EMA": {
            "AP_i": 91.58001612929849,
            "AP_v": 64.28961561309623,
            "AP_t": 45.44814187699132,
            "AP_iv": 40.01193180519428,
            "AP_it": 41.055491573685984,
            "AP_ivt": 34.602923568941726
        }
    }
}