{
    "Test": false,
    "Cholec80": {
        "F1_score": 74.0941777471928,
        "F1_score_EMA": 17.354867582934588,
        "Per_video_f1": {
            "cholec80_video41": 78.2614849354387,
            "cholec80_video43": 61.95931389935062,
            "cholec80_video44": 79.70237091437956,
            "cholec80_video45": 78.53702898420474,
            "cholec80_video46": 76.65698146564593,
            "cholec80_video47": 72.22777879437604,
            "cholec80_video48": 71.31428523695408
        },
        "Per_video_f1_EMA": {
            "cholec80_video41": 16.58395919112522,
            "cholec80_video43": 25.836372053960527,
            "cholec80_video44": 14.39928719039445,
            "cholec80_video45": 15.344100656896481,
            "cholec80_video46": 15.51024055356601,
            "cholec80_video47": 16.34498330585576,
            "cholec80_video48": 17.465130128743663
        }
    },
    "Endoscapes": {
        "mAP": 41.60031629623612,
        "mAP_EMA": 19.19374651616206,
        "mAP_per_class": {
            "C0": 41.61168418164226,
            "C1": 39.91486740969177,
            "C2": 43.27439729737434
        },
        "mAP_per_class_EMA": {
            "C0": 16.516430210430844,
            "C1": 16.81479462853819,
            "C2": 24.25001470951715
        }
    },
    "CholecT50": {
        "AP": {
            "AP_i": 88.8406259198875,
            "AP_v": 62.34365772866429,
            "AP_t": 47.82838604185474,
            "AP_iv": 41.52451754795649,
            "AP_it": 45.066083018401514,
            "AP_ivt": 38.26329323015665
        },
        "AP_EMA": {
            "AP_i": 60.10019352957041,
            "AP_v": 35.33248569995029,
            "AP_t": 30.099607398213216,
            "AP_iv": 23.176836968619586,
            "AP_it": 23.810145733999995,
            "AP_ivt": 19.388531538673337
        }
    }
}