{
    "Test": true,
    "Cholec80": {
        "F1_score": 61.93409920295279,
        "F1_score_EMA": null,
        "Per_video_f1": {
            "cholec80_video51": 72.84395423871393,
            "cholec80_video53": 70.71204423432904,
            "cholec80_video54": 70.1572261761088,
            "cholec80_video55": 82.46514550478757,
            "cholec80_video58": 46.6505906226616,
            "cholec80_video59": 61.50055281770299,
            "cholec80_video61": 44.88293275844812,
            "cholec80_video63": 61.71006354081657,
            "cholec80_video64": 41.08285814035881,
            "cholec80_video69": 77.30336428698742,
            "cholec80_video73": 80.13162423773234,
            "cholec80_video74": 65.71979165988125,
            "cholec80_video76": 66.05668933747283,
            "cholec80_video77": 71.14240348784361,
            "cholec80_video80": 16.652247000446913
        },
        "Per_video_f1_EMA": null
    },
    "Endoscapes": {
        "mAP": 50.84418641996815,
        "mAP_EMA": null,
        "mAP_per_class": {
            "C0": 46.28828065811763,
            "C1": 42.53477074251958,
            "C2": 63.70950785926725
        },
        "mAP_per_class_EMA": null
    },
    "CholecT50": {
        "AP": {
            "AP_i": 88.88436124753257,
            "AP_v": 60.614419151993204,
            "AP_t": 42.332613642308445,
            "AP_iv": 39.219541911449745,
            "AP_it": 33.59700870245229,
            "AP_ivt": 27.702680305020802
        },
        "AP_EMA": null
    }
}