{
    "Test": false,
    "Cholec80": {
        "F1_score": 74.82577644536079,
        "F1_score_EMA": 74.61544039705629,
        "Per_video_f1": {
            "cholec80_video41": 74.86749799192914,
            "cholec80_video43": 69.24333976095713,
            "cholec80_video44": 81.0166038305255,
            "cholec80_video45": 83.97578865800092,
            "cholec80_video46": 79.03938172046539,
            "cholec80_video47": 62.82124445494205,
            "cholec80_video48": 72.81657870070536
        },
        "Per_video_f1_EMA": {
            "cholec80_video41": 71.06591067787515,
            "cholec80_video43": 73.61803371091614,
            "cholec80_video44": 83.08652156359656,
            "cholec80_video45": 83.21321839656376,
            "cholec80_video46": 74.86490779587778,
            "cholec80_video47": 65.2358554259201,
            "cholec80_video48": 71.22363520864458
        }
    },
    "Endoscapes": {
        "mAP": 42.484950500493134,
        "mAP_EMA": 46.04698919418936,
        "mAP_per_class": {
            "C0": 43.51311270789975,
            "C1": 43.447366588288375,
            "C2": 40.49437220529127
        },
        "mAP_per_class_EMA": {
            "C0": 46.80144798129775,
            "C1": 45.563252193228934,
            "C2": 45.776267408041384
        }
    },
    "CholecT50": {
        "AP": {
            "AP_i": 87.8259205757157,
            "AP_v": 62.9826056370987,
            "AP_t": 45.65878218067357,
            "AP_iv": 42.294742919950906,
            "AP_it": 41.71711879262352,
            "AP_ivt": 35.17247998497559
        },
        "AP_EMA": {
            "AP_i": 92.53136810428168,
            "AP_v": 66.41537563956872,
            "AP_t": 49.01699601922546,
            "AP_iv": 46.05469150464336,
            "AP_it": 45.6556111356751,
            "AP_ivt": 39.67128269859011
        }
    }
}