{
    "Test": false,
    "Cholec80": {
        "F1_score": 53.22085988139997,
        "F1_score_EMA": 58.373134969685246,
        "Per_video_f1": {
            "cholec80_video41": 46.537851097456354,
            "cholec80_video43": 44.36191084850473,
            "cholec80_video44": 49.113973041359316,
            "cholec80_video45": 63.85983676483854,
            "cholec80_video46": 58.904851624157374,
            "cholec80_video47": 54.607933519732285,
            "cholec80_video48": 55.15966227375117
        },
        "Per_video_f1_EMA": {
            "cholec80_video41": 49.2717178734495,
            "cholec80_video43": 52.28851879828357,
            "cholec80_video44": 61.10546358570945,
            "cholec80_video45": 61.855891181075066,
            "cholec80_video46": 61.53731979837419,
            "cholec80_video47": 61.16248233668916,
            "cholec80_video48": 61.39055121421577
        }
    },
    "Endoscapes": {
        "mAP": 37.09182587031914,
        "mAP_EMA": 38.38389112860912,
        "mAP_per_class": {
            "C0": 37.59229172236308,
            "C1": 37.31442418135372,
            "C2": 36.368761707240616
        },
        "mAP_per_class_EMA": {
            "C0": 37.901634806201045,
            "C1": 39.00661397124665,
            "C2": 38.24342460837967
        }
    },
    "CholecT50": {
        "AP": {
            "AP_i": 61.79278307904218,
            "AP_v": 44.69575106697387,
            "AP_t": 32.98911486907275,
            "AP_iv": 28.246775196188207,
            "AP_it": 25.280041894859167,
            "AP_ivt": 22.07956066005854
        },
        "AP_EMA": {
            "AP_i": 63.098352888952,
            "AP_v": 45.44335024634063,
            "AP_t": 34.901172103903576,
            "AP_iv": 29.011337724902386,
            "AP_it": 27.189283179936417,
            "AP_ivt": 24.298293110873637
        }
    }
}