{
    "Test": false,
    "Cholec80": {
        "F1_score": 55.50173969128332,
        "F1_score_EMA": 57.875059833118634,
        "Per_video_f1": {
            "cholec80_video41": 50.31471636441442,
            "cholec80_video43": 45.17942712937297,
            "cholec80_video44": 59.18427774067953,
            "cholec80_video45": 60.812427396946845,
            "cholec80_video46": 56.534853745307714,
            "cholec80_video47": 56.632491450836454,
            "cholec80_video48": 59.85398401142531
        },
        "Per_video_f1_EMA": {
            "cholec80_video41": 48.31099269819991,
            "cholec80_video43": 47.32108507509733,
            "cholec80_video44": 63.67485330879739,
            "cholec80_video45": 62.32740882590414,
            "cholec80_video46": 58.12209993649448,
            "cholec80_video47": 63.72527189183707,
            "cholec80_video48": 61.64370709550012
        }
    },
    "Endoscapes": {
        "mAP": 33.437260463781655,
        "mAP_EMA": 36.982057739151635,
        "mAP_per_class": {
            "C0": 32.34840343289572,
            "C1": 33.24525665916561,
            "C2": 34.718121299283624
        },
        "mAP_per_class_EMA": {
            "C0": 34.39362160486181,
            "C1": 37.14269221426033,
            "C2": 39.40985939833277
        }
    },
    "CholecT50": {
        "AP": {
            "AP_i": 62.30470559278685,
            "AP_v": 42.349867667169306,
            "AP_t": 32.228302637688905,
            "AP_iv": 26.13901477578449,
            "AP_it": 24.387225323523214,
            "AP_ivt": 21.220859597574716
        },
        "AP_EMA": {
            "AP_i": 65.44151496708768,
            "AP_v": 44.54523415736014,
            "AP_t": 34.47075917884402,
            "AP_iv": 28.18831034488332,
            "AP_it": 26.73245250368072,
            "AP_ivt": 23.02304407280722
        }
    }
}