{
    "Test": false,
    "Cholec80": {
        "F1_score": 55.637642505153764,
        "F1_score_EMA": 57.26580239267282,
        "Per_video_f1": {
            "cholec80_video41": 47.582630622146475,
            "cholec80_video43": 49.833034492511985,
            "cholec80_video44": 56.406360531062305,
            "cholec80_video45": 64.56591476824721,
            "cholec80_video46": 58.82201562248019,
            "cholec80_video47": 54.50680817481606,
            "cholec80_video48": 57.746733324812126
        },
        "Per_video_f1_EMA": {
            "cholec80_video41": 48.10681347176494,
            "cholec80_video43": 55.14282928951808,
            "cholec80_video44": 63.06790457327409,
            "cholec80_video45": 56.272809492447514,
            "cholec80_video46": 60.001713226141604,
            "cholec80_video47": 61.19136654827917,
            "cholec80_video48": 57.07718014728431
        }
    },
    "Endoscapes": {
        "mAP": 37.52982346575905,
        "mAP_EMA": 37.01805049692298,
        "mAP_per_class": {
            "C0": 39.05874198787823,
            "C1": 38.29432193244541,
            "C2": 35.236406476953505
        },
        "mAP_per_class_EMA": {
            "C0": 38.32172457003765,
            "C1": 35.49614479868061,
            "C2": 37.23628212205068
        }
    },
    "CholecT50": {
        "AP": {
            "AP_i": 64.4235030203554,
            "AP_v": 45.920563465764076,
            "AP_t": 34.888420529747876,
            "AP_iv": 29.59290397542926,
            "AP_it": 27.016803698400285,
            "AP_ivt": 24.313679135896294
        },
        "AP_EMA": {
            "AP_i": 61.46312822716734,
            "AP_v": 42.758914863606066,
            "AP_t": 33.305810317883534,
            "AP_iv": 27.23735818418336,
            "AP_it": 26.275904894332186,
            "AP_ivt": 23.50763474504844
        }
    }
}