{
    "Test": false,
    "Cholec80": {
        "F1_score": 55.02532588588914,
        "F1_score_EMA": 56.41174079568899,
        "Per_video_f1": {
            "cholec80_video41": 48.61559686173592,
            "cholec80_video43": 45.237571812982054,
            "cholec80_video44": 59.12984928053211,
            "cholec80_video45": 57.73701170697315,
            "cholec80_video46": 58.55213985314693,
            "cholec80_video47": 59.86119954824035,
            "cholec80_video48": 56.043912137613425
        },
        "Per_video_f1_EMA": {
            "cholec80_video41": 47.58783883010341,
            "cholec80_video43": 49.75981065279386,
            "cholec80_video44": 63.06593453363549,
            "cholec80_video45": 57.6351069517709,
            "cholec80_video46": 56.49539385529461,
            "cholec80_video47": 63.57923862293866,
            "cholec80_video48": 56.758862123286015
        }
    },
    "Endoscapes": {
        "mAP": 36.250028979693596,
        "mAP_EMA": 37.39362894233319,
        "mAP_per_class": {
            "C0": 33.0850018720576,
            "C1": 37.24994963200833,
            "C2": 38.41513543501486
        },
        "mAP_per_class_EMA": {
            "C0": 35.83975078363819,
            "C1": 37.00324117754339,
            "C2": 39.337894865817994
        }
    },
    "CholecT50": {
        "AP": {
            "AP_i": 63.775382082318565,
            "AP_v": 43.45788131932658,
            "AP_t": 33.02186857994882,
            "AP_iv": 27.005798675158182,
            "AP_it": 25.5892559519991,
            "AP_ivt": 22.47278125708694
        },
        "AP_EMA": {
            "AP_i": 63.71772926957331,
            "AP_v": 44.60388517344047,
            "AP_t": 35.252623520386784,
            "AP_iv": 27.732735809217964,
            "AP_it": 27.120086061944225,
            "AP_ivt": 22.990435962488444
        }
    }
}