{
    "Test": false,
    "Cholec80": {
        "F1_score": 59.8123982706927,
        "F1_score_EMA": 55.71239055055035,
        "Per_video_f1": {
            "cholec80_video41": 52.76089916360417,
            "cholec80_video43": 50.37469402264608,
            "cholec80_video44": 62.76221274281946,
            "cholec80_video45": 65.7669969048729,
            "cholec80_video46": 64.40258868944984,
            "cholec80_video47": 58.36463537121526,
            "cholec80_video48": 64.25476100024119
        },
        "Per_video_f1_EMA": {
            "cholec80_video41": 51.526636562211806,
            "cholec80_video43": 54.05324043824561,
            "cholec80_video44": 57.21004833692399,
            "cholec80_video45": 56.71564205543916,
            "cholec80_video46": 56.68157775331871,
            "cholec80_video47": 58.51996391641349,
            "cholec80_video48": 55.27962479129969
        }
    },
    "Endoscapes": {
        "mAP": 35.60293599625833,
        "mAP_EMA": 39.19019915626782,
        "mAP_per_class": {
            "C0": 33.46090816236049,
            "C1": 38.02672757510839,
            "C2": 35.32117225130611
        },
        "mAP_per_class_EMA": {
            "C0": 38.04153874792955,
            "C1": 37.8141732550042,
            "C2": 41.71488546586971
        }
    },
    "CholecT50": {
        "AP": {
            "AP_i": 64.29334384029973,
            "AP_v": 44.826260925606704,
            "AP_t": 35.29986934787651,
            "AP_iv": 28.503137063324054,
            "AP_it": 27.718242823477706,
            "AP_ivt": 24.176569171075393
        },
        "AP_EMA": {
            "AP_i": 61.93074847697682,
            "AP_v": 44.88552854362532,
            "AP_t": 33.200148930705765,
            "AP_iv": 28.18983990422241,
            "AP_it": 24.55159638634149,
            "AP_ivt": 22.070228424103398
        }
    }
}