{
    "Test": false,
    "Cholec80": {
        "F1_score": 58.94262792920158,
        "F1_score_EMA": 56.068727058289745,
        "Per_video_f1": {
            "cholec80_video41": 52.03013835166469,
            "cholec80_video43": 48.629562617498614,
            "cholec80_video44": 62.08270011721204,
            "cholec80_video45": 62.8970595845501,
            "cholec80_video46": 60.99894752692248,
            "cholec80_video47": 63.02554652161933,
            "cholec80_video48": 62.93444078494378
        },
        "Per_video_f1_EMA": {
            "cholec80_video41": 43.47456583714951,
            "cholec80_video43": 56.76501622826857,
            "cholec80_video44": 58.2594074826532,
            "cholec80_video45": 57.22959953690757,
            "cholec80_video46": 60.41377546145704,
            "cholec80_video47": 61.3066117337908,
            "cholec80_video48": 55.03211312780151
        }
    },
    "Endoscapes": {
        "mAP": 37.69337968361925,
        "mAP_EMA": 39.40786166367028,
        "mAP_per_class": {
            "C0": 34.02170609303265,
            "C1": 40.753832609339504,
            "C2": 38.304600348485586
        },
        "mAP_per_class_EMA": {
            "C0": 35.453916067028054,
            "C1": 40.53786067038382,
            "C2": 42.23180825359898
        }
    },
    "CholecT50": {
        "AP": {
            "AP_i": 60.14912947759033,
            "AP_v": 42.780644275710664,
            "AP_t": 32.94716585790583,
            "AP_iv": 27.88079393518286,
            "AP_it": 25.555180168108187,
            "AP_ivt": 21.943286034986286
        },
        "AP_EMA": {
            "AP_i": 63.525861489769774,
            "AP_v": 44.22297537632431,
            "AP_t": 34.25383695524453,
            "AP_iv": 28.544721613746663,
            "AP_it": 26.51090161050149,
            "AP_ivt": 22.4871325534639
        }
    }
}