{
    "Test": false,
    "Cholec80": {
        "F1_score": 59.64519321355916,
        "F1_score_EMA": 29.643471026838334,
        "Per_video_f1": {
            "cholec80_video41": 49.90855040429316,
            "cholec80_video43": 55.986140495139395,
            "cholec80_video44": 65.24322616783516,
            "cholec80_video45": 62.733082108957575,
            "cholec80_video46": 64.00417963255333,
            "cholec80_video47": 59.07464239282959,
            "cholec80_video48": 60.566531293305935
        },
        "Per_video_f1_EMA": {
            "cholec80_video41": 25.51061543417012,
            "cholec80_video43": 30.37963303318697,
            "cholec80_video44": 27.36548526865897,
            "cholec80_video45": 21.879816920709512,
            "cholec80_video46": 33.54006516923283,
            "cholec80_video47": 39.66260290702083,
            "cholec80_video48": 29.166078454889092
        }
    },
    "Endoscapes": {
        "mAP": 38.29269143399672,
        "mAP_EMA": 27.932636067459974,
        "mAP_per_class": {
            "C0": 38.01700519262054,
            "C1": 40.25586898293637,
            "C2": 36.60520012643325
        },
        "mAP_per_class_EMA": {
            "C0": 31.754389720360344,
            "C1": 19.787362542201574,
            "C2": 32.25615593981801
        }
    },
    "CholecT50": {
        "AP": {
            "AP_i": 65.0230720339283,
            "AP_v": 47.137086143499964,
            "AP_t": 36.27289431519718,
            "AP_iv": 29.556397574569306,
            "AP_it": 29.50143143102946,
            "AP_ivt": 25.36193265919138
        },
        "AP_EMA": {
            "AP_i": 32.98672892732763,
            "AP_v": 21.92167813508023,
            "AP_t": 19.219029107666046,
            "AP_iv": 12.85532486515026,
            "AP_it": 12.163201669318688,
            "AP_ivt": 10.670891967009805
        }
    }
}