{
    "Test": false,
    "Cholec80": {
        "F1_score": 57.06958367902563,
        "F1_score_EMA": 31.221171232714376,
        "Per_video_f1": {
            "cholec80_video41": 55.512263585119484,
            "cholec80_video43": 51.57944871455409,
            "cholec80_video44": 57.64144490139882,
            "cholec80_video45": 62.37939909855701,
            "cholec80_video46": 60.08258414375655,
            "cholec80_video47": 55.01487305231193,
            "cholec80_video48": 57.2770722574815
        },
        "Per_video_f1_EMA": {
            "cholec80_video41": 27.89332414294169,
            "cholec80_video43": 33.66265759297376,
            "cholec80_video44": 34.32369126568906,
            "cholec80_video45": 25.965091264949734,
            "cholec80_video46": 34.91091790492781,
            "cholec80_video47": 34.87500785562192,
            "cholec80_video48": 26.917508601896667
        }
    },
    "Endoscapes": {
        "mAP": 33.16050114909598,
        "mAP_EMA": 15.088793977527844,
        "mAP_per_class": {
            "C0": 33.3197054805576,
            "C1": 31.158427738492257,
            "C2": 35.003370228238076
        },
        "mAP_per_class_EMA": {
            "C0": 17.046024804876136,
            "C1": 11.310868178048107,
            "C2": 16.90948894965929
        }
    },
    "CholecT50": {
        "AP": {
            "AP_i": 68.2990788674743,
            "AP_v": 47.83865431750348,
            "AP_t": 36.675123014713854,
            "AP_iv": 29.433069982098775,
            "AP_it": 28.327929590648907,
            "AP_ivt": 24.67111830460392
        },
        "AP_EMA": {
            "AP_i": 27.829914910031416,
            "AP_v": 20.08684588443336,
            "AP_t": 15.579066045020776,
            "AP_iv": 11.633069427014426,
            "AP_it": 8.783193086959715,
            "AP_ivt": 7.201217727681894
        }
    }
}