{
    "Test": false,
    "Cholec80": {
        "F1_score": 55.602194067601665,
        "F1_score_EMA": 57.888450141559865,
        "Per_video_f1": {
            "cholec80_video41": 49.84347416502069,
            "cholec80_video43": 44.91402752712275,
            "cholec80_video44": 55.420374770484436,
            "cholec80_video45": 61.49839433441018,
            "cholec80_video46": 60.22434391657227,
            "cholec80_video47": 56.562048461482696,
            "cholec80_video48": 60.75269529811863
        },
        "Per_video_f1_EMA": {
            "cholec80_video41": 47.57750058939783,
            "cholec80_video43": 52.59413411409476,
            "cholec80_video44": 60.21006724984935,
            "cholec80_video45": 62.174169198333395,
            "cholec80_video46": 61.54031748255394,
            "cholec80_video47": 60.60588248663671,
            "cholec80_video48": 60.517079870053095
        }
    },
    "Endoscapes": {
        "mAP": 33.57181052674949,
        "mAP_EMA": 38.52267382283134,
        "mAP_per_class": {
            "C0": 33.32395973013122,
            "C1": 35.49964522914604,
            "C2": 31.89182662097121
        },
        "mAP_per_class_EMA": {
            "C0": 34.438970494723954,
            "C1": 41.20252725676695,
            "C2": 39.92652371700311
        }
    },
    "CholecT50": {
        "AP": {
            "AP_i": 61.64020026404044,
            "AP_v": 43.14130287271379,
            "AP_t": 30.59139861337679,
            "AP_iv": 27.523793078461214,
            "AP_it": 22.423613102501296,
            "AP_ivt": 19.516891039244697
        },
        "AP_EMA": {
            "AP_i": 62.79324137932385,
            "AP_v": 44.90443873562843,
            "AP_t": 34.184721106757905,
            "AP_iv": 29.69337055257815,
            "AP_it": 26.31442243422611,
            "AP_ivt": 22.93398730165284
        }
    }
}