{
    "Test": false,
    "Cholec80": {
        "F1_score": 59.569330066527414,
        "F1_score_EMA": 52.42171287334673,
        "Per_video_f1": {
            "cholec80_video41": 54.18777112173467,
            "cholec80_video43": 53.100420787181534,
            "cholec80_video44": 63.188393173938664,
            "cholec80_video45": 63.332667367299045,
            "cholec80_video46": 62.4633787418218,
            "cholec80_video47": 59.887766338173165,
            "cholec80_video48": 60.824912935543
        },
        "Per_video_f1_EMA": {
            "cholec80_video41": 49.503476530366356,
            "cholec80_video43": 54.20584833918387,
            "cholec80_video44": 54.34894440887004,
            "cholec80_video45": 49.801120628579895,
            "cholec80_video46": 51.557839184851254,
            "cholec80_video47": 55.648156362912424,
            "cholec80_video48": 51.88660465866325
        }
    },
    "Endoscapes": {
        "mAP": 36.0587907133688,
        "mAP_EMA": 37.33815844692772,
        "mAP_per_class": {
            "C0": 33.817864169174804,
            "C1": 36.29752267889855,
            "C2": 38.06098529203305
        },
        "mAP_per_class_EMA": {
            "C0": 37.34099194453548,
            "C1": 33.82247499786327,
            "C2": 40.85100839838442
        }
    },
    "CholecT50": {
        "AP": {
            "AP_i": 67.21263238029694,
            "AP_v": 47.85814883786726,
            "AP_t": 37.18744168724201,
            "AP_iv": 30.86686955748058,
            "AP_it": 29.265809256445266,
            "AP_ivt": 25.782087862727106
        },
        "AP_EMA": {
            "AP_i": 55.196003320131986,
            "AP_v": 39.94768081653872,
            "AP_t": 30.070572217908396,
            "AP_iv": 25.044574714643083,
            "AP_it": 21.678449627798802,
            "AP_ivt": 19.365720123196066
        }
    }
}