{
    "Test": false,
    "Cholec80": {
        "F1_score": 58.670273903990804,
        "F1_score_EMA": 51.86308534826711,
        "Per_video_f1": {
            "cholec80_video41": 47.581348270779664,
            "cholec80_video43": 52.81986383819294,
            "cholec80_video44": 60.73629826326156,
            "cholec80_video45": 63.7994361998098,
            "cholec80_video46": 63.19909006163053,
            "cholec80_video47": 61.088647852447764,
            "cholec80_video48": 61.467232841813356
        },
        "Per_video_f1_EMA": {
            "cholec80_video41": 38.44142560804091,
            "cholec80_video43": 59.03831809773201,
            "cholec80_video44": 54.58875630033996,
            "cholec80_video45": 50.25516436781962,
            "cholec80_video46": 54.070747596388976,
            "cholec80_video47": 57.57011544517682,
            "cholec80_video48": 49.07707002237148
        }
    },
    "Endoscapes": {
        "mAP": 38.119716431022766,
        "mAP_EMA": 38.738281095084716,
        "mAP_per_class": {
            "C0": 36.055499564705364,
            "C1": 40.432453856139695,
            "C2": 37.87119587222325
        },
        "mAP_per_class_EMA": {
            "C0": 36.21843942569717,
            "C1": 36.36910127789093,
            "C2": 43.62730258166606
        }
    },
    "CholecT50": {
        "AP": {
            "AP_i": 62.160058275018436,
            "AP_v": 44.614978686366,
            "AP_t": 35.0234773181606,
            "AP_iv": 29.391166234313154,
            "AP_it": 27.351586731520815,
            "AP_ivt": 23.965748984340337
        },
        "AP_EMA": {
            "AP_i": 60.53529982258536,
            "AP_v": 41.40764844243063,
            "AP_t": 31.849339912608862,
            "AP_iv": 26.01935536497007,
            "AP_it": 24.01268405713523,
            "AP_ivt": 20.385496581656238
        }
    }
}