{
    "Test": false,
    "Cholec80": {
        "F1_score": 55.16714642785271,
        "F1_score_EMA": 57.81233265301935,
        "Per_video_f1": {
            "cholec80_video41": 50.59137502357024,
            "cholec80_video43": 48.60991141779944,
            "cholec80_video44": 60.30278587295202,
            "cholec80_video45": 60.69946338649069,
            "cholec80_video46": 58.1750623622482,
            "cholec80_video47": 53.08022083457813,
            "cholec80_video48": 54.71120609733025
        },
        "Per_video_f1_EMA": {
            "cholec80_video41": 48.35673496613461,
            "cholec80_video43": 51.43104894351879,
            "cholec80_video44": 59.82492198537647,
            "cholec80_video45": 62.77570140200089,
            "cholec80_video46": 62.18210531498924,
            "cholec80_video47": 59.853126583864594,
            "cholec80_video48": 60.26268937525082
        }
    },
    "Endoscapes": {
        "mAP": 32.05574007103549,
        "mAP_EMA": 38.02266298555701,
        "mAP_per_class": {
            "C0": 30.65990524826695,
            "C1": 33.16363006124487,
            "C2": 32.343684903594635
        },
        "mAP_per_class_EMA": {
            "C0": 34.20687079406005,
            "C1": 41.016590887625945,
            "C2": 38.84452727498505
        }
    },
    "CholecT50": {
        "AP": {
            "AP_i": 57.244620824778075,
            "AP_v": 40.56093570869475,
            "AP_t": 30.882986586711283,
            "AP_iv": 26.097320055990664,
            "AP_it": 22.611570840345493,
            "AP_ivt": 19.547603401361428
        },
        "AP_EMA": {
            "AP_i": 62.411697342472586,
            "AP_v": 44.83955550280211,
            "AP_t": 33.926341084489735,
            "AP_iv": 29.57239593160856,
            "AP_it": 25.974310671316612,
            "AP_ivt": 22.68037383027917
        }
    }
}