{
    "Test": false,
    "Cholec80": {
        "F1_score": 59.53489387063221,
        "F1_score_EMA": 28.905592076997554,
        "Per_video_f1": {
            "cholec80_video41": 50.381140865074144,
            "cholec80_video43": 57.88218569751936,
            "cholec80_video44": 62.85501557660078,
            "cholec80_video45": 62.95071521562738,
            "cholec80_video46": 62.97470867921643,
            "cholec80_video47": 59.29692970914964,
            "cholec80_video48": 60.403561351237755
        },
        "Per_video_f1_EMA": {
            "cholec80_video41": 21.303863222148316,
            "cholec80_video43": 37.173104694619866,
            "cholec80_video44": 25.261023413301253,
            "cholec80_video45": 25.042964998338096,
            "cholec80_video46": 30.02595558355065,
            "cholec80_video47": 34.151609978388,
            "cholec80_video48": 29.380622648636685
        }
    },
    "Endoscapes": {
        "mAP": 37.75585285455166,
        "mAP_EMA": 32.072451852357275,
        "mAP_per_class": {
            "C0": 36.926993591844145,
            "C1": 40.18237948226283,
            "C2": 36.158185489548
        },
        "mAP_per_class_EMA": {
            "C0": 32.92096569310596,
            "C1": 21.871838244457027,
            "C2": 41.424551619508826
        }
    },
    "CholecT50": {
        "AP": {
            "AP_i": 68.20149313270714,
            "AP_v": 48.43734114222205,
            "AP_t": 36.36567460335381,
            "AP_iv": 29.48859795929581,
            "AP_it": 28.729100406448435,
            "AP_ivt": 23.70311639846145
        },
        "AP_EMA": {
            "AP_i": 35.05398664908254,
            "AP_v": 24.098539055015653,
            "AP_t": 18.142539640827106,
            "AP_iv": 13.972723201125257,
            "AP_it": 11.620001844969732,
            "AP_ivt": 9.81457153730133
        }
    }
}