{
    "Test": false,
    "Cholec80": {
        "F1_score": 56.92640192017621,
        "F1_score_EMA": 19.762172011882917,
        "Per_video_f1": {
            "cholec80_video41": 46.80752919388249,
            "cholec80_video43": 56.50616267899663,
            "cholec80_video44": 59.147761957631865,
            "cholec80_video45": 60.33889355406321,
            "cholec80_video46": 60.411515428511194,
            "cholec80_video47": 59.37515361933752,
            "cholec80_video48": 55.89779700881058
        },
        "Per_video_f1_EMA": {
            "cholec80_video41": 16.418185772247863,
            "cholec80_video43": 24.83327399920574,
            "cholec80_video44": 13.118262376606834,
            "cholec80_video45": 16.743660162516115,
            "cholec80_video46": 18.928412297555756,
            "cholec80_video47": 24.381617625198977,
            "cholec80_video48": 23.911791849849145
        }
    },
    "Endoscapes": {
        "mAP": 35.18993363803762,
        "mAP_EMA": 28.33672424787626,
        "mAP_per_class": {
            "C0": 34.61850167066821,
            "C1": 35.114534090286796,
            "C2": 35.83676515315787
        },
        "mAP_per_class_EMA": {
            "C0": 30.59105989726384,
            "C1": 17.738764467452917,
            "C2": 36.68034837891202
        }
    },
    "CholecT50": {
        "AP": {
            "AP_i": 66.356604053902,
            "AP_v": 46.4135813051367,
            "AP_t": 35.109279345805575,
            "AP_iv": 28.620495449830113,
            "AP_it": 27.427739940471987,
            "AP_ivt": 22.69514629428769
        },
        "AP_EMA": {
            "AP_i": 29.42500405971082,
            "AP_v": 19.343470436354547,
            "AP_t": 13.422670808576148,
            "AP_iv": 10.74537436332499,
            "AP_it": 8.480081755265912,
            "AP_ivt": 7.044737431821278
        }
    }
}