{
    "Test": false,
    "Cholec80": {
        "F1_score": 58.89739238175378,
        "F1_score_EMA": 57.321180563552495,
        "Per_video_f1": {
            "cholec80_video41": 53.333426138147246,
            "cholec80_video43": 49.963974413178065,
            "cholec80_video44": 59.65609683808918,
            "cholec80_video45": 65.79508897632014,
            "cholec80_video46": 62.23358271315755,
            "cholec80_video47": 59.87835145850031,
            "cholec80_video48": 61.42122613488399
        },
        "Per_video_f1_EMA": {
            "cholec80_video41": 51.79960706907958,
            "cholec80_video43": 53.92432001373982,
            "cholec80_video44": 59.327971881393815,
            "cholec80_video45": 60.22435191478082,
            "cholec80_video46": 58.423649501546684,
            "cholec80_video47": 59.41266763671793,
            "cholec80_video48": 58.1356959276088
        }
    },
    "Endoscapes": {
        "mAP": 37.287905365341324,
        "mAP_EMA": 39.416674528148924,
        "mAP_per_class": {
            "C0": 33.518502910218224,
            "C1": 38.38818500499913,
            "C2": 39.957028180806624
        },
        "mAP_per_class_EMA": {
            "C0": 37.43788573104468,
            "C1": 40.062070118987094,
            "C2": 40.750067734415
        }
    },
    "CholecT50": {
        "AP": {
            "AP_i": 63.297235255432305,
            "AP_v": 45.00002988147063,
            "AP_t": 34.44125078898601,
            "AP_iv": 28.27599508872922,
            "AP_it": 27.47406479138302,
            "AP_ivt": 24.204041150557075
        },
        "AP_EMA": {
            "AP_i": 64.41727582712048,
            "AP_v": 46.71354364690218,
            "AP_t": 34.99838990937454,
            "AP_iv": 29.327001459809857,
            "AP_it": 26.45579039028108,
            "AP_ivt": 23.668454330892608
        }
    }
}