{
    "Test": false,
    "Cholec80": {
        "F1_score": 56.28399647436068,
        "F1_score_EMA": 58.53708535320901,
        "Per_video_f1": {
            "cholec80_video41": 50.09422613102659,
            "cholec80_video43": 48.06919645935472,
            "cholec80_video44": 55.09131379488499,
            "cholec80_video45": 62.19268837316163,
            "cholec80_video46": 60.86615123950171,
            "cholec80_video47": 58.159069273208765,
            "cholec80_video48": 59.51533004938635
        },
        "Per_video_f1_EMA": {
            "cholec80_video41": 49.433532283790655,
            "cholec80_video43": 53.229241424612205,
            "cholec80_video44": 63.320640030194554,
            "cholec80_video45": 60.78647215613754,
            "cholec80_video46": 61.760976685237935,
            "cholec80_video47": 61.22346779977942,
            "cholec80_video48": 60.00526709271076
        }
    },
    "Endoscapes": {
        "mAP": 37.865493908657065,
        "mAP_EMA": 38.239847119909264,
        "mAP_per_class": {
            "C0": 35.64516605869325,
            "C1": 40.696028697656885,
            "C2": 37.25528696962107
        },
        "mAP_per_class_EMA": {
            "C0": 38.072003781585586,
            "C1": 38.24608220727133,
            "C2": 38.40145537087088
        }
    },
    "CholecT50": {
        "AP": {
            "AP_i": 62.235803891279545,
            "AP_v": 44.46494050231955,
            "AP_t": 33.4890616081569,
            "AP_iv": 28.137446676373422,
            "AP_it": 26.191857234558366,
            "AP_ivt": 22.70603234032312
        },
        "AP_EMA": {
            "AP_i": 62.86157603745181,
            "AP_v": 44.88377897621418,
            "AP_t": 34.60347142241756,
            "AP_iv": 28.660616358104892,
            "AP_it": 27.146065024942075,
            "AP_ivt": 24.265516846149804
        }
    }
}