{
    "Test": false,
    "Cholec80": {
        "F1_score": 59.52352473810896,
        "F1_score_EMA": 53.72244694782554,
        "Per_video_f1": {
            "cholec80_video41": 51.843146567392786,
            "cholec80_video43": 52.10252370293883,
            "cholec80_video44": 61.22621545250434,
            "cholec80_video45": 65.87062782692648,
            "cholec80_video46": 64.44589722692652,
            "cholec80_video47": 57.85389932158669,
            "cholec80_video48": 63.32236306848708
        },
        "Per_video_f1_EMA": {
            "cholec80_video41": 48.73758464860111,
            "cholec80_video43": 53.0651691946628,
            "cholec80_video44": 57.79298340151365,
            "cholec80_video45": 48.150634290340776,
            "cholec80_video46": 53.50861812896059,
            "cholec80_video47": 60.478036877366826,
            "cholec80_video48": 54.324102093333025
        }
    },
    "Endoscapes": {
        "mAP": 38.777946361740554,
        "mAP_EMA": 26.20062125373088,
        "mAP_per_class": {
            "C0": 38.2516745127691,
            "C1": 41.725984280485854,
            "C2": 36.3561802919667
        },
        "mAP_per_class_EMA": {
            "C0": 26.783482951979785,
            "C1": 22.406357495466484,
            "C2": 29.41202331374637
        }
    },
    "CholecT50": {
        "AP": {
            "AP_i": 65.22783793571178,
            "AP_v": 46.65294142921758,
            "AP_t": 35.0964957087531,
            "AP_iv": 28.711507411483378,
            "AP_it": 27.421433709331577,
            "AP_ivt": 24.107360794238403
        },
        "AP_EMA": {
            "AP_i": 54.313065811622145,
            "AP_v": 37.032316982994466,
            "AP_t": 28.184218190431046,
            "AP_iv": 23.874159907572913,
            "AP_it": 21.592775341555345,
            "AP_ivt": 19.150447780348394
        }
    }
}