{
    "Test": false,
    "Cholec80": {
        "F1_score": 57.03235526852215,
        "F1_score_EMA": 61.489988374496775,
        "Per_video_f1": {
            "cholec80_video41": 54.234740399708535,
            "cholec80_video43": 48.035480854577926,
            "cholec80_video44": 56.700952067383504,
            "cholec80_video45": 68.34519201803732,
            "cholec80_video46": 61.418566335481195,
            "cholec80_video47": 54.85918445122678,
            "cholec80_video48": 55.632370753239805
        },
        "Per_video_f1_EMA": {
            "cholec80_video41": 55.662502849817805,
            "cholec80_video43": 52.3573445241915,
            "cholec80_video44": 63.54008472599215,
            "cholec80_video45": 65.74939098556713,
            "cholec80_video46": 64.97619186631638,
            "cholec80_video47": 61.76665630838934,
            "cholec80_video48": 66.37774736120313
        }
    },
    "Endoscapes": {
        "mAP": 35.79808462331998,
        "mAP_EMA": 37.47149097097275,
        "mAP_per_class": {
            "C0": 36.43481473193791,
            "C1": 37.917307336926584,
            "C2": 33.04213180109545
        },
        "mAP_per_class_EMA": {
            "C0": 35.549250790861876,
            "C1": 41.01836241292361,
            "C2": 35.84685970913278
        }
    },
    "CholecT50": {
        "AP": {
            "AP_i": 61.62461210280938,
            "AP_v": 44.85910667606493,
            "AP_t": 33.16554710930008,
            "AP_iv": 26.987355946378383,
            "AP_it": 26.82034168622937,
            "AP_ivt": 22.18529411626947
        },
        "AP_EMA": {
            "AP_i": 64.8011512889701,
            "AP_v": 45.832679702601276,
            "AP_t": 34.45923740172512,
            "AP_iv": 28.304276751391082,
            "AP_it": 27.8400954700859,
            "AP_ivt": 23.71437466309128
        }
    }
}