{
    "Test": false,
    "Cholec80": {
        "F1_score": 59.819942619498114,
        "F1_score_EMA": 19.09126455285383,
        "Per_video_f1": {
            "cholec80_video41": 57.957450041487235,
            "cholec80_video43": 55.86707635437887,
            "cholec80_video44": 60.82053915470363,
            "cholec80_video45": 58.49242139018319,
            "cholec80_video46": 64.40589664379445,
            "cholec80_video47": 58.90440012108552,
            "cholec80_video48": 62.29181463085389
        },
        "Per_video_f1_EMA": {
            "cholec80_video41": 19.38362168051697,
            "cholec80_video43": 21.604729549326056,
            "cholec80_video44": 14.529152335123152,
            "cholec80_video45": 19.418706986127606,
            "cholec80_video46": 21.116781970914396,
            "cholec80_video47": 21.297232123327678,
            "cholec80_video48": 16.288627224640955
        }
    },
    "Endoscapes": {
        "mAP": 35.251868703994035,
        "mAP_EMA": 17.136902973092276,
        "mAP_per_class": {
            "C0": 34.59081146248726,
            "C1": 37.30967720013302,
            "C2": 33.855117449361835
        },
        "mAP_per_class_EMA": {
            "C0": 18.585869693471956,
            "C1": 13.193281855347227,
            "C2": 19.631557370457646
        }
    },
    "CholecT50": {
        "AP": {
            "AP_i": 65.65922643238801,
            "AP_v": 45.03801313707981,
            "AP_t": 36.265827609451506,
            "AP_iv": 27.47600423178872,
            "AP_it": 28.955925890679154,
            "AP_ivt": 24.52033851660715
        },
        "AP_EMA": {
            "AP_i": 25.782475696015904,
            "AP_v": 18.209110818765655,
            "AP_t": 14.366097023203036,
            "AP_iv": 10.781751723468858,
            "AP_it": 8.045698049314563,
            "AP_ivt": 6.9838803371055995
        }
    }
}