{
    "Test": false,
    "Cholec80": {
        "F1_score": 60.263075855824134,
        "F1_score_EMA": 69.19292433553451,
        "Per_video_f1": {
            "cholec80_video41": 66.28470107243768,
            "cholec80_video43": 49.22280913144514,
            "cholec80_video44": 61.85210580694854,
            "cholec80_video45": 63.0956591416755,
            "cholec80_video46": 64.4165229983202,
            "cholec80_video47": 57.114555995547164,
            "cholec80_video48": 59.85517684439472
        },
        "Per_video_f1_EMA": {
            "cholec80_video41": 68.89534541413337,
            "cholec80_video43": 63.21670221402721,
            "cholec80_video44": 70.36954656644386,
            "cholec80_video45": 79.12745799428339,
            "cholec80_video46": 72.6357610272002,
            "cholec80_video47": 58.77606987205678,
            "cholec80_video48": 71.32958726059681
        }
    },
    "Endoscapes": {
        "mAP": 28.282588323894256,
        "mAP_EMA": 30.233369953196085,
        "mAP_per_class": {
            "C0": 28.640021579692043,
            "C1": 26.021253393875813,
            "C2": 30.18648999811491
        },
        "mAP_per_class_EMA": {
            "C0": 30.238347237430034,
            "C1": 27.821353376010705,
            "C2": 32.64040924614751
        }
    },
    "CholecT50": {
        "AP": {
            "AP_i": 67.58568718751118,
            "AP_v": 47.91317457978745,
            "AP_t": 37.4530441542489,
            "AP_iv": 29.538289841406584,
            "AP_it": 29.819007786209966,
            "AP_ivt": 25.15201320374882
        },
        "AP_EMA": {
            "AP_i": 74.22244816455331,
            "AP_v": 51.056631678624925,
            "AP_t": 38.986215908681864,
            "AP_iv": 31.638626349652387,
            "AP_it": 32.08606943774622,
            "AP_ivt": 26.18371848587879
        }
    }
}