{
    "Test": false,
    "Cholec80": {
        "F1_score": 58.8840690764269,
        "F1_score_EMA": 69.88367417111185,
        "Per_video_f1": {
            "cholec80_video41": 59.964243594121044,
            "cholec80_video43": 47.92380524447332,
            "cholec80_video44": 62.86441679356424,
            "cholec80_video45": 69.8281798046784,
            "cholec80_video46": 57.28092237193063,
            "cholec80_video47": 53.43354050105066,
            "cholec80_video48": 60.89337522516999
        },
        "Per_video_f1_EMA": {
            "cholec80_video41": 70.39639934115176,
            "cholec80_video43": 64.4159636665956,
            "cholec80_video44": 70.89660220691457,
            "cholec80_video45": 81.17730967574694,
            "cholec80_video46": 72.57270684148826,
            "cholec80_video47": 59.130143776925195,
            "cholec80_video48": 70.59659368896064
        }
    },
    "Endoscapes": {
        "mAP": 26.78341436099818,
        "mAP_EMA": 30.18880992012045,
        "mAP_per_class": {
            "C0": 28.521818193882257,
            "C1": 22.779430267481928,
            "C2": 29.048994621630353
        },
        "mAP_per_class_EMA": {
            "C0": 30.29109590687572,
            "C1": 27.200830686552592,
            "C2": 33.074503166933034
        }
    },
    "CholecT50": {
        "AP": {
            "AP_i": 70.92582568927239,
            "AP_v": 46.975144323254725,
            "AP_t": 36.03095010014419,
            "AP_iv": 28.308713806718945,
            "AP_it": 29.534083376958915,
            "AP_ivt": 24.092631779361213
        },
        "AP_EMA": {
            "AP_i": 74.84177994698496,
            "AP_v": 51.79010955661876,
            "AP_t": 39.94724790595232,
            "AP_iv": 32.32964410453444,
            "AP_it": 33.210909335789694,
            "AP_ivt": 27.124739652143067
        }
    }
}