{
    "Test": false,
    "Cholec80": {
        "F1_score": 59.27019234835384,
        "F1_score_EMA": 8.709028417946179,
        "Per_video_f1": {
            "cholec80_video41": 59.88707480015121,
            "cholec80_video43": 50.590027537945424,
            "cholec80_video44": 61.73040212575411,
            "cholec80_video45": 64.81396623071288,
            "cholec80_video46": 61.76926266716782,
            "cholec80_video47": 58.613338457182095,
            "cholec80_video48": 57.4872746195633
        },
        "Per_video_f1_EMA": {
            "cholec80_video41": 10.020340447994256,
            "cholec80_video43": 8.277026749933155,
            "cholec80_video44": 10.139848074714749,
            "cholec80_video45": 6.895767192008001,
            "cholec80_video46": 8.577183246422965,
            "cholec80_video47": 7.020956751414972,
            "cholec80_video48": 10.032076463135157
        }
    },
    "Endoscapes": {
        "mAP": 35.69209538762493,
        "mAP_EMA": 13.13407431562178,
        "mAP_per_class": {
            "C0": 36.72256813270165,
            "C1": 32.04691616017545,
            "C2": 38.30680186999769
        },
        "mAP_per_class_EMA": {
            "C0": 14.014437995045812,
            "C1": 11.686600445473863,
            "C2": 13.701184506345665
        }
    },
    "CholecT50": {
        "AP": {
            "AP_i": 75.61388096449379,
            "AP_v": 51.12664602108454,
            "AP_t": 42.53418973202054,
            "AP_iv": 33.07595314997534,
            "AP_it": 36.16290860567061,
            "AP_ivt": 31.456547609368986
        },
        "AP_EMA": {
            "AP_i": 22.276639465401555,
            "AP_v": 14.655653392075987,
            "AP_t": 11.942772721832235,
            "AP_iv": 8.193192081049999,
            "AP_it": 6.039238948854898,
            "AP_ivt": 4.88604172069766
        }
    }
}