{
    "Test": true,
    "Cholec80": {
        "F1_score": 58.12014086401507,
        "F1_score_EMA": null,
        "Per_video_f1": {
            "cholec80_video51": 56.86706829460631,
            "cholec80_video53": 59.7894793188533,
            "cholec80_video54": 64.0645394275301,
            "cholec80_video55": 72.02993627591246,
            "cholec80_video58": 46.73097093408431,
            "cholec80_video59": 54.579744023415365,
            "cholec80_video61": 53.76153790260763,
            "cholec80_video63": 49.07213285009824,
            "cholec80_video64": 59.09846044541004,
            "cholec80_video69": 75.10456700745296,
            "cholec80_video73": 73.04724390924456,
            "cholec80_video74": 58.85260677705856,
            "cholec80_video76": 63.34972939680912,
            "cholec80_video77": 63.1833720784836,
            "cholec80_video80": 22.2707243186595
        },
        "Per_video_f1_EMA": null
    },
    "Endoscapes": {
        "mAP": 34.63888403177357,
        "mAP_EMA": null,
        "mAP_per_class": {
            "C0": 31.719917584721536,
            "C1": 26.855338111369807,
            "C2": 45.34139639922938
        },
        "mAP_per_class_EMA": null
    },
    "CholecT50": {
        "AP": {
            "AP_i": 70.2365451416433,
            "AP_v": 49.394593051015846,
            "AP_t": 35.743996034836876,
            "AP_iv": 29.565061083202007,
            "AP_it": 24.56675625680093,
            "AP_ivt": 18.98929465052727
        },
        "AP_EMA": null
    }
}