{
    "Test": false,
    "Cholec80": {
        "F1_score": 63.32553034827901,
        "F1_score_EMA": 70.13833472178162,
        "Per_video_f1": {
            "cholec80_video41": 64.11212054378306,
            "cholec80_video43": 59.870329868387294,
            "cholec80_video44": 61.364502476696295,
            "cholec80_video45": 65.23235716368649,
            "cholec80_video46": 66.11170383976288,
            "cholec80_video47": 58.132744793469,
            "cholec80_video48": 68.45495375216804
        },
        "Per_video_f1_EMA": {
            "cholec80_video41": 70.60483779391389,
            "cholec80_video43": 64.87141218063573,
            "cholec80_video44": 73.0235838241466,
            "cholec80_video45": 82.45290788459721,
            "cholec80_video46": 71.43279057543283,
            "cholec80_video47": 59.3538057970189,
            "cholec80_video48": 69.22900499672619
        }
    },
    "Endoscapes": {
        "mAP": 26.607613285287474,
        "mAP_EMA": 31.40274721402389,
        "mAP_per_class": {
            "C0": 26.872042254524782,
            "C1": 22.243632832252363,
            "C2": 30.707164769085278
        },
        "mAP_per_class_EMA": {
            "C0": 31.345433002090562,
            "C1": 28.31313753608723,
            "C2": 34.54967110389388
        }
    },
    "CholecT50": {
        "AP": {
            "AP_i": 69.14901019135357,
            "AP_v": 45.723323559947296,
            "AP_t": 35.86254693768854,
            "AP_iv": 28.020548560308715,
            "AP_it": 28.778035460707528,
            "AP_ivt": 23.36110974027607
        },
        "AP_EMA": {
            "AP_i": 74.99525535604278,
            "AP_v": 51.8873742172382,
            "AP_t": 41.26341887387064,
            "AP_iv": 32.525297242173494,
            "AP_it": 34.65006742233717,
            "AP_ivt": 28.302909418997356
        }
    }
}