{
    "Test": false,
    "Cholec80": {
        "F1_score": 59.47360083414655,
        "F1_score_EMA": 60.254474994014856,
        "Per_video_f1": {
            "cholec80_video41": 50.441519700654325,
            "cholec80_video43": 53.01250802749874,
            "cholec80_video44": 57.92624993727256,
            "cholec80_video45": 67.59338946280032,
            "cholec80_video46": 67.29721007844009,
            "cholec80_video47": 57.351456457067876,
            "cholec80_video48": 62.69287217529198
        },
        "Per_video_f1_EMA": {
            "cholec80_video41": 54.18730251621945,
            "cholec80_video43": 56.077510403194786,
            "cholec80_video44": 59.2262362910553,
            "cholec80_video45": 65.253172715176,
            "cholec80_video46": 63.83758554391977,
            "cholec80_video47": 59.3658900615677,
            "cholec80_video48": 63.833627426971
        }
    },
    "Endoscapes": {
        "mAP": 31.945196057575696,
        "mAP_EMA": 35.773343433829034,
        "mAP_per_class": {
            "C0": 28.49463078295436,
            "C1": 32.30079426567259,
            "C2": 35.04016312410014
        },
        "mAP_per_class_EMA": {
            "C0": 33.850019422794574,
            "C1": 33.53071613964399,
            "C2": 39.93929473904853
        }
    },
    "CholecT50": {
        "AP": {
            "AP_i": 60.37095069700663,
            "AP_v": 44.14196269880744,
            "AP_t": 31.578254829069262,
            "AP_iv": 26.899155296172307,
            "AP_it": 25.811333768663502,
            "AP_ivt": 22.854226720264283
        },
        "AP_EMA": {
            "AP_i": 62.651220488604906,
            "AP_v": 44.483278182578694,
            "AP_t": 35.54053535075821,
            "AP_iv": 27.37128134886563,
            "AP_it": 28.289422495128413,
            "AP_ivt": 24.823788086288893
        }
    }
}