{
    "Test": false,
    "Cholec80": {
        "F1_score": 56.52133211415091,
        "F1_score_EMA": 56.45447419083243,
        "Per_video_f1": {
            "cholec80_video41": 47.27677461752902,
            "cholec80_video43": 56.35688045113791,
            "cholec80_video44": 49.8581011143853,
            "cholec80_video45": 63.86251349103886,
            "cholec80_video46": 63.17651364118502,
            "cholec80_video47": 53.230598170052744,
            "cholec80_video48": 61.88794331372751
        },
        "Per_video_f1_EMA": {
            "cholec80_video41": 53.063817887192435,
            "cholec80_video43": 53.648753987682674,
            "cholec80_video44": 59.232115065668445,
            "cholec80_video45": 57.87042794827247,
            "cholec80_video46": 57.48741574648692,
            "cholec80_video47": 56.40141410265221,
            "cholec80_video48": 57.47737459787182
        }
    },
    "Endoscapes": {
        "mAP": 32.53907970326953,
        "mAP_EMA": 34.658889444605926,
        "mAP_per_class": {
            "C0": 29.205120002511787,
            "C1": 31.17667537428279,
            "C2": 37.23544373301401
        },
        "mAP_per_class_EMA": {
            "C0": 34.53804694687413,
            "C1": 31.367436790296903,
            "C2": 38.071184596646745
        }
    },
    "CholecT50": {
        "AP": {
            "AP_i": 64.0629925545581,
            "AP_v": 46.69377120906328,
            "AP_t": 34.50282971839204,
            "AP_iv": 28.647829014696807,
            "AP_it": 27.69251917305448,
            "AP_ivt": 23.917512671440658
        },
        "AP_EMA": {
            "AP_i": 56.551972162117615,
            "AP_v": 39.80806979159384,
            "AP_t": 31.848803704756126,
            "AP_iv": 24.77288698273248,
            "AP_it": 25.39573501583577,
            "AP_ivt": 21.50051854011713
        }
    }
}