{
    "Test": false,
    "Cholec80": {
        "F1_score": 58.46704817173415,
        "F1_score_EMA": 59.979061703892214,
        "Per_video_f1": {
            "cholec80_video41": 50.30138562147104,
            "cholec80_video43": 55.182710618209995,
            "cholec80_video44": 53.72570048356447,
            "cholec80_video45": 63.558668140372646,
            "cholec80_video46": 67.433186491914,
            "cholec80_video47": 58.297523853586476,
            "cholec80_video48": 60.77016199302043
        },
        "Per_video_f1_EMA": {
            "cholec80_video41": 53.149041126810715,
            "cholec80_video43": 54.77202963118037,
            "cholec80_video44": 56.443818433672746,
            "cholec80_video45": 67.00631838136162,
            "cholec80_video46": 67.27855448138149,
            "cholec80_video47": 56.66831784056856,
            "cholec80_video48": 64.53535203227
        }
    },
    "Endoscapes": {
        "mAP": 29.953437886220254,
        "mAP_EMA": 33.295720051982585,
        "mAP_per_class": {
            "C0": 27.36935884543178,
            "C1": 29.832793582533956,
            "C2": 32.65816123069503
        },
        "mAP_per_class_EMA": {
            "C0": 30.008546929339154,
            "C1": 31.870104339027826,
            "C2": 38.008508887580774
        }
    },
    "CholecT50": {
        "AP": {
            "AP_i": 61.07137672993349,
            "AP_v": 48.055870925383246,
            "AP_t": 29.684723958997118,
            "AP_iv": 28.91011962445497,
            "AP_it": 23.602685753793654,
            "AP_ivt": 20.52335185062769
        },
        "AP_EMA": {
            "AP_i": 61.36272175144922,
            "AP_v": 45.98716659426033,
            "AP_t": 31.901286574839204,
            "AP_iv": 28.31807153587866,
            "AP_it": 25.592871825811837,
            "AP_ivt": 22.579601476881546
        }
    }
}