{
    "Test": false,
    "Cholec80": {
        "F1_score": 58.10253769637966,
        "F1_score_EMA": 60.27070627726242,
        "Per_video_f1": {
            "cholec80_video41": 51.34550034862676,
            "cholec80_video43": 54.24523869854963,
            "cholec80_video44": 54.274759346297444,
            "cholec80_video45": 62.705382484800396,
            "cholec80_video46": 67.50496992963949,
            "cholec80_video47": 55.43581406907963,
            "cholec80_video48": 61.206098997664284
        },
        "Per_video_f1_EMA": {
            "cholec80_video41": 53.33604129629015,
            "cholec80_video43": 55.349512239057674,
            "cholec80_video44": 58.0603725651015,
            "cholec80_video45": 66.41938494161663,
            "cholec80_video46": 67.11568127425942,
            "cholec80_video47": 57.60145473091338,
            "cholec80_video48": 64.01249689359821
        }
    },
    "Endoscapes": {
        "mAP": 32.243404433993696,
        "mAP_EMA": 34.00933345180157,
        "mAP_per_class": {
            "C0": 28.507495948933204,
            "C1": 31.942894447598828,
            "C2": 36.27982290544905
        },
        "mAP_per_class_EMA": {
            "C0": 30.81654972790328,
            "C1": 32.871733611532896,
            "C2": 38.339717015968525
        }
    },
    "CholecT50": {
        "AP": {
            "AP_i": 58.007758480447286,
            "AP_v": 43.755441957037974,
            "AP_t": 29.577815870181194,
            "AP_iv": 26.385313744457147,
            "AP_it": 23.510089683295845,
            "AP_ivt": 20.46136609706691
        },
        "AP_EMA": {
            "AP_i": 62.1224779812167,
            "AP_v": 45.255940782597214,
            "AP_t": 33.36095315487181,
            "AP_iv": 28.05764262629462,
            "AP_it": 26.706813274312175,
            "AP_ivt": 23.308195754862826
        }
    }
}