{
    "Test": false,
    "Cholec80": {
        "F1_score": 57.797712471626134,
        "F1_score_EMA": 60.91532974530297,
        "Per_video_f1": {
            "cholec80_video41": 50.99562271323255,
            "cholec80_video43": 52.95474002695409,
            "cholec80_video44": 55.92272874345673,
            "cholec80_video45": 62.89357143780548,
            "cholec80_video46": 66.72967732683969,
            "cholec80_video47": 52.4991062684333,
            "cholec80_video48": 62.58854078466109
        },
        "Per_video_f1_EMA": {
            "cholec80_video41": 53.98605965409738,
            "cholec80_video43": 55.97855119618917,
            "cholec80_video44": 59.68444586667284,
            "cholec80_video45": 67.17791980456018,
            "cholec80_video46": 66.14680652925153,
            "cholec80_video47": 59.249054070708176,
            "cholec80_video48": 64.1844710956415
        }
    },
    "Endoscapes": {
        "mAP": 31.891832683087706,
        "mAP_EMA": 34.998504726455145,
        "mAP_per_class": {
            "C0": 27.57121958831642,
            "C1": 30.766010409851546,
            "C2": 37.338268051095156
        },
        "mAP_per_class_EMA": {
            "C0": 32.23921469418326,
            "C1": 33.422650202196856,
            "C2": 39.33364928298533
        }
    },
    "CholecT50": {
        "AP": {
            "AP_i": 60.01646615192353,
            "AP_v": 43.41013825671732,
            "AP_t": 30.901186950651613,
            "AP_iv": 26.86973701900918,
            "AP_it": 24.933677113599572,
            "AP_ivt": 21.53070575599833
        },
        "AP_EMA": {
            "AP_i": 62.70662162968103,
            "AP_v": 44.85103469660743,
            "AP_t": 34.78125515918463,
            "AP_iv": 27.639229345423917,
            "AP_it": 27.671837175381413,
            "AP_ivt": 24.10674486128652
        }
    }
}