{
    "Test": false,
    "Cholec80": {
        "F1_score": 54.68480663349323,
        "F1_score_EMA": 17.302816418378427,
        "Per_video_f1": {
            "cholec80_video41": 52.06724977676351,
            "cholec80_video43": 53.11254334669319,
            "cholec80_video44": 56.64993751593593,
            "cholec80_video45": 48.30129452371246,
            "cholec80_video46": 60.398711386429426,
            "cholec80_video47": 54.292278901821035,
            "cholec80_video48": 57.971630983097086
        },
        "Per_video_f1_EMA": {
            "cholec80_video41": 15.941063712790363,
            "cholec80_video43": 17.134481474470395,
            "cholec80_video44": 20.620617742545903,
            "cholec80_video45": 22.065926197102527,
            "cholec80_video46": 14.077221046597918,
            "cholec80_video47": 17.25457779105344,
            "cholec80_video48": 14.02582696408843
        }
    },
    "Endoscapes": {
        "mAP": 34.12660106055872,
        "mAP_EMA": 17.993195095348433,
        "mAP_per_class": {
            "C0": 31.51278466032741,
            "C1": 29.28704908005553,
            "C2": 41.579969441293215
        },
        "mAP_per_class_EMA": {
            "C0": 19.002282665203087,
            "C1": 14.937215992482805,
            "C2": 20.040086628359404
        }
    },
    "CholecT50": {
        "AP": {
            "AP_i": 62.54000416611773,
            "AP_v": 44.14103185735292,
            "AP_t": 33.951349749681206,
            "AP_iv": 26.755344075397506,
            "AP_it": 27.551631805221785,
            "AP_ivt": 23.826691662344228
        },
        "AP_EMA": {
            "AP_i": 27.937912780125743,
            "AP_v": 17.69692575959365,
            "AP_t": 12.94046363982652,
            "AP_iv": 10.489266460106451,
            "AP_it": 7.594954600345636,
            "AP_ivt": 6.241395869473817
        }
    }
}