{
    "Test": false,
    "Cholec80": {
        "F1_score": 61.193182662916584,
        "F1_score_EMA": 42.05068360832067,
        "Per_video_f1": {
            "cholec80_video41": 57.48486799038851,
            "cholec80_video43": 54.901015377751584,
            "cholec80_video44": 63.5757769368687,
            "cholec80_video45": 63.720298483061924,
            "cholec80_video46": 64.98094185938909,
            "cholec80_video47": 60.659839726245245,
            "cholec80_video48": 63.02953826671106
        },
        "Per_video_f1_EMA": {
            "cholec80_video41": 39.34003679028305,
            "cholec80_video43": 41.64648855201372,
            "cholec80_video44": 50.01851485627363,
            "cholec80_video45": 41.68101791243298,
            "cholec80_video46": 44.17175361843999,
            "cholec80_video47": 42.11292596584105,
            "cholec80_video48": 35.38404756296026
        }
    },
    "Endoscapes": {
        "mAP": 32.55176505609642,
        "mAP_EMA": 25.618441977862282,
        "mAP_per_class": {
            "C0": 30.59465321229173,
            "C1": 29.12868377505564,
            "C2": 37.93195818094189
        },
        "mAP_per_class_EMA": {
            "C0": 27.803295649775713,
            "C1": 20.771624230340493,
            "C2": 28.280406053470642
        }
    },
    "CholecT50": {
        "AP": {
            "AP_i": 65.08768512992422,
            "AP_v": 45.42255658021273,
            "AP_t": 35.146585544766985,
            "AP_iv": 27.75439606444199,
            "AP_it": 28.2431456760671,
            "AP_ivt": 24.307751863327038
        },
        "AP_EMA": {
            "AP_i": 40.0548428745115,
            "AP_v": 28.35819800036621,
            "AP_t": 21.211427410193632,
            "AP_iv": 17.258398923880524,
            "AP_it": 15.179548349222305,
            "AP_ivt": 12.672336747938173
        }
    }
}