{
    "Test": false,
    "Cholec80": {
        "F1_score": 53.976498123707266,
        "F1_score_EMA": 59.558631819526106,
        "Per_video_f1": {
            "cholec80_video41": 49.332235003712995,
            "cholec80_video43": 47.17634693707712,
            "cholec80_video44": 50.222850679669065,
            "cholec80_video45": 65.90638236392186,
            "cholec80_video46": 64.26804284860526,
            "cholec80_video47": 49.48912444738025,
            "cholec80_video48": 51.44050458558429
        },
        "Per_video_f1_EMA": {
            "cholec80_video41": 53.02443595559515,
            "cholec80_video43": 53.86817208727047,
            "cholec80_video44": 55.700653256967705,
            "cholec80_video45": 66.44215613284706,
            "cholec80_video46": 67.10804954444922,
            "cholec80_video47": 56.12449220714751,
            "cholec80_video48": 64.6424635524056
        }
    },
    "Endoscapes": {
        "mAP": 29.2051959846022,
        "mAP_EMA": 32.92099716349399,
        "mAP_per_class": {
            "C0": 27.702267325568776,
            "C1": 26.398015560998388,
            "C2": 33.51530506723943
        },
        "mAP_per_class_EMA": {
            "C0": 29.566890194336963,
            "C1": 31.431269024707454,
            "C2": 37.76483227143757
        }
    },
    "CholecT50": {
        "AP": {
            "AP_i": 57.43427578439585,
            "AP_v": 43.16497348713231,
            "AP_t": 28.995009939394258,
            "AP_iv": 25.853095259706432,
            "AP_it": 22.23562508550031,
            "AP_ivt": 19.50777543067775
        },
        "AP_EMA": {
            "AP_i": 60.96664492376329,
            "AP_v": 45.859860105141465,
            "AP_t": 31.430380284554946,
            "AP_iv": 28.223351556034807,
            "AP_it": 25.172404413027216,
            "AP_ivt": 22.12166676276219
        }
    }
}