{
    "Test": false,
    "Cholec80": {
        "F1_score": 33.42659802514,
        "F1_score_EMA": 40.00521713288767,
        "Per_video_f1": {
            "cholec80_video41": 62.49605420362868,
            "cholec80_video43": 8.999572527142833,
            "cholec80_video44": 75.09297952729044,
            "cholec80_video45": 39.78855640444806,
            "cholec80_video46": 70.0363064210783,
            "cholec80_video47": 7.368730670896433,
            "cholec80_video48": 10.134550015998887,
            "cholec80_video49": 7.113930299505086,
            "cholec80_video50": 19.80870215627132
        },
        "Per_video_f1_EMA": {
            "cholec80_video41": 72.33886028758863,
            "cholec80_video43": 10.84863681178441,
            "cholec80_video44": 79.50061224060241,
            "cholec80_video45": 54.338368143913094,
            "cholec80_video46": 79.35800821717541,
            "cholec80_video47": 10.483750780558406,
            "cholec80_video48": 12.971313977931661,
            "cholec80_video49": 8.453422618497983,
            "cholec80_video50": 31.753981117937073
        }
    },
    "Endoscapes": {
        "mAP": 41.18977110647548,
        "mAP_EMA": 45.42247681785823,
        "mAP_per_class": {
            "C0": 42.36868947172668,
            "C1": 41.89071015745392,
            "C2": 39.30991369024586
        },
        "mAP_per_class_EMA": {
            "C0": 44.37075441993857,
            "C1": 46.83708414036401,
            "C2": 45.05959189327211
        }
    },
    "CholecT50": {
        "AP": {
            "AP_i": 30.718694935762695,
            "AP_v": 24.013798682241905,
            "AP_t": 21.694362074718683,
            "AP_iv": 13.462263542161354,
            "AP_it": 12.16042829858344,
            "AP_ivt": 10.44145254404989
        },
        "AP_EMA": {
            "AP_i": 30.15135782372462,
            "AP_v": 22.85899906236949,
            "AP_t": 21.46194437020012,
            "AP_iv": 12.82653640691492,
            "AP_it": 11.971986556112132,
            "AP_ivt": 10.037420177925977
        }
    }
}