{
    "Test": false,
    "Cholec80": {
        "F1_score": 34.911895022176004,
        "F1_score_EMA": 41.31886046707818,
        "Per_video_f1": {
            "cholec80_video41": 59.42549741742267,
            "cholec80_video43": 9.254910030303309,
            "cholec80_video44": 73.07017410775538,
            "cholec80_video45": 50.56242742084519,
            "cholec80_video46": 71.6472442581391,
            "cholec80_video47": 7.972266742506331,
            "cholec80_video48": 10.99353975875261,
            "cholec80_video49": 8.417278331314774,
            "cholec80_video50": 22.86371713254469
        },
        "Per_video_f1_EMA": {
            "cholec80_video41": 73.52892226371188,
            "cholec80_video43": 12.642203510108416,
            "cholec80_video44": 80.54222672601989,
            "cholec80_video45": 56.10381522104404,
            "cholec80_video46": 79.86469013324403,
            "cholec80_video47": 11.896310865042105,
            "cholec80_video48": 14.90779233411273,
            "cholec80_video49": 9.422076343746058,
            "cholec80_video50": 32.96170680667447
        }
    },
    "Endoscapes": {
        "mAP": 42.12213494415327,
        "mAP_EMA": 45.470208570948216,
        "mAP_per_class": {
            "C0": 41.689861558313204,
            "C1": 41.930208725203194,
            "C2": 42.7463345489434
        },
        "mAP_per_class_EMA": {
            "C0": 44.6195965396796,
            "C1": 46.81044619795808,
            "C2": 44.98058297520697
        }
    },
    "CholecT50": {
        "AP": {
            "AP_i": 29.71698573665058,
            "AP_v": 22.762441578037464,
            "AP_t": 20.386239450498973,
            "AP_iv": 12.687405929252177,
            "AP_it": 11.452449251999445,
            "AP_ivt": 9.700661533821679
        },
        "AP_EMA": {
            "AP_i": 30.302892777543647,
            "AP_v": 23.07614347740939,
            "AP_t": 21.854768611657086,
            "AP_iv": 12.950258921477944,
            "AP_it": 12.156345417308042,
            "AP_ivt": 10.206667671872857
        }
    }
}