{
    "Test": false,
    "Cholec80": {
        "F1_score": 72.50003889693811,
        "F1_score_EMA": 74.56132541838465,
        "Per_video_f1": {
            "cholec80_video41": 70.67119006421424,
            "cholec80_video43": 70.04222747050345,
            "cholec80_video44": 75.09299574330062,
            "cholec80_video45": 75.68659485895553,
            "cholec80_video46": 74.25387110369263,
            "cholec80_video47": 72.0239132357299,
            "cholec80_video48": 69.72947980217037
        },
        "Per_video_f1_EMA": {
            "cholec80_video41": 70.51788628087182,
            "cholec80_video43": 79.3059215754272,
            "cholec80_video44": 76.1284759016714,
            "cholec80_video45": 79.08058154897294,
            "cholec80_video46": 71.3874583102625,
            "cholec80_video47": 71.66824426722334,
            "cholec80_video48": 73.84071004426339
        }
    },
    "Endoscapes": {
        "mAP": 45.33508878343421,
        "mAP_EMA": 46.923201408853416,
        "mAP_per_class": {
            "C0": 45.72799767356933,
            "C1": 48.84367232806351,
            "C2": 41.433596348669795
        },
        "mAP_per_class_EMA": {
            "C0": 44.89233737046961,
            "C1": 50.58358459656402,
            "C2": 45.293682259526605
        }
    },
    "CholecT50": {
        "AP": {
            "AP_i": 82.41432176652674,
            "AP_v": 57.32637222021484,
            "AP_t": 41.76193027422931,
            "AP_iv": 35.92846194297332,
            "AP_it": 34.536052211624245,
            "AP_ivt": 28.12645111430747
        },
        "AP_EMA": {
            "AP_i": 85.94470581924622,
            "AP_v": 61.653852136986714,
            "AP_t": 45.13048820382728,
            "AP_iv": 38.81600877696042,
            "AP_it": 40.689700066129625,
            "AP_ivt": 34.44793169921266
        }
    }
}