{
    "Test": false,
    "Cholec80": {
        "F1_score": 70.87055161575238,
        "F1_score_EMA": 74.40968177893525,
        "Per_video_f1": {
            "cholec80_video41": 69.95384071076332,
            "cholec80_video43": 72.00020038637092,
            "cholec80_video44": 69.88400500840305,
            "cholec80_video45": 68.80077449445761,
            "cholec80_video46": 73.71930785666854,
            "cholec80_video47": 66.7659786529317,
            "cholec80_video48": 74.96975420067152
        },
        "Per_video_f1_EMA": {
            "cholec80_video41": 72.82144432708178,
            "cholec80_video43": 72.16720219706102,
            "cholec80_video44": 78.54887559580716,
            "cholec80_video45": 78.9903714400513,
            "cholec80_video46": 74.4455199042228,
            "cholec80_video47": 66.60905384362849,
            "cholec80_video48": 77.28530514469419
        }
    },
    "Endoscapes": {
        "mAP": 35.33771288689337,
        "mAP_EMA": 43.55434984079713,
        "mAP_per_class": {
            "C0": 32.0454814091186,
            "C1": 46.23834995647897,
            "C2": 27.729307295082535
        },
        "mAP_per_class_EMA": {
            "C0": 46.220198572703374,
            "C1": 51.93967775588854,
            "C2": 32.50317319379947
        }
    },
    "CholecT50": {
        "AP": {
            "AP_i": 78.90750355355627,
            "AP_v": 56.37018891137579,
            "AP_t": 38.586460641911984,
            "AP_iv": 33.375651225521345,
            "AP_it": 31.077194492465107,
            "AP_ivt": 26.056257880514252
        },
        "AP_EMA": {
            "AP_i": 85.48518774123067,
            "AP_v": 63.36806864788518,
            "AP_t": 43.947724552957375,
            "AP_iv": 38.70906625009103,
            "AP_it": 37.775590811347996,
            "AP_ivt": 32.348830541183915
        }
    }
}