{
    "Test": false,
    "Cholec80": {
        "F1_score": 71.0186405259628,
        "F1_score_EMA": 74.27446388511254,
        "Per_video_f1": {
            "cholec80_video41": 69.55333472039213,
            "cholec80_video43": 69.8129323038647,
            "cholec80_video44": 72.89513186184917,
            "cholec80_video45": 74.1732902533137,
            "cholec80_video46": 74.44453171143532,
            "cholec80_video47": 62.0244855368915,
            "cholec80_video48": 74.2267772939931
        },
        "Per_video_f1_EMA": {
            "cholec80_video41": 73.30471055512506,
            "cholec80_video43": 72.41740255220466,
            "cholec80_video44": 78.11998272853806,
            "cholec80_video45": 78.58797419425673,
            "cholec80_video46": 74.74159227640222,
            "cholec80_video47": 67.06868331271154,
            "cholec80_video48": 75.68090157654954
        }
    },
    "Endoscapes": {
        "mAP": 38.24897426947177,
        "mAP_EMA": 44.964639196150614,
        "mAP_per_class": {
            "C0": 42.56233062966345,
            "C1": 43.34232111032806,
            "C2": 28.842271068423823
        },
        "mAP_per_class_EMA": {
            "C0": 47.07287483855935,
            "C1": 52.88671777640904,
            "C2": 34.93432497348345
        }
    },
    "CholecT50": {
        "AP": {
            "AP_i": 76.10812808278204,
            "AP_v": 54.60139586276561,
            "AP_t": 37.2462268480298,
            "AP_iv": 33.21679373218665,
            "AP_it": 30.54600719886542,
            "AP_ivt": 26.115314165344856
        },
        "AP_EMA": {
            "AP_i": 85.48142646239349,
            "AP_v": 63.63365177635228,
            "AP_t": 44.98401996987267,
            "AP_iv": 38.77266518017911,
            "AP_it": 38.969822621429806,
            "AP_ivt": 33.09678290497522
        }
    }
}