{
    "Test": true,
    "Cholec80": {
        "F1_score": 64.35899091060418,
        "F1_score_EMA": null,
        "Per_video_f1": {
            "cholec80_video51": 68.4129723280092,
            "cholec80_video53": 67.45144949498115,
            "cholec80_video54": 68.98399733164402,
            "cholec80_video55": 75.321075892707,
            "cholec80_video58": 50.66816513059666,
            "cholec80_video59": 65.70056508886888,
            "cholec80_video61": 57.10452230501518,
            "cholec80_video63": 58.871466905350275,
            "cholec80_video64": 73.23946927219784,
            "cholec80_video69": 78.52926879323832,
            "cholec80_video73": 75.75679644382095,
            "cholec80_video74": 58.2185929858122,
            "cholec80_video76": 66.87998232357356,
            "cholec80_video77": 68.12408774951064,
            "cholec80_video80": 32.12245161373685
        },
        "Per_video_f1_EMA": null
    },
    "Endoscapes": {
        "mAP": 49.29944040620938,
        "mAP_EMA": null,
        "mAP_per_class": {
            "C0": 48.40996757543272,
            "C1": 38.48110750841164,
            "C2": 61.007246134783784
        },
        "mAP_per_class_EMA": null
    },
    "CholecT50": {
        "AP": {
            "AP_i": 83.31573842280135,
            "AP_v": 56.91304971579545,
            "AP_t": 39.6957969863423,
            "AP_iv": 35.095374151587144,
            "AP_it": 31.983918908147782,
            "AP_ivt": 25.130173490812947
        },
        "AP_EMA": null
    }
}