{
    "Test": false,
    "Cholec80": {
        "F1_score": 70.69117294464567,
        "F1_score_EMA": 75.0311234622244,
        "Per_video_f1": {
            "cholec80_video41": 67.16178045962425,
            "cholec80_video43": 70.44827522517792,
            "cholec80_video44": 74.4537909890855,
            "cholec80_video45": 72.97330742556456,
            "cholec80_video46": 74.64444257460353,
            "cholec80_video47": 63.86061162000786,
            "cholec80_video48": 71.2960023184561
        },
        "Per_video_f1_EMA": {
            "cholec80_video41": 72.4875328564561,
            "cholec80_video43": 74.87880978068345,
            "cholec80_video44": 78.74346135477522,
            "cholec80_video45": 80.43155850884138,
            "cholec80_video46": 73.70547467818186,
            "cholec80_video47": 70.24383675254143,
            "cholec80_video48": 74.72719030409132
        }
    },
    "Endoscapes": {
        "mAP": 43.61223996908955,
        "mAP_EMA": 48.18874131225084,
        "mAP_per_class": {
            "C0": 45.628079898245964,
            "C1": 47.87495827675236,
            "C2": 37.33368173227032
        },
        "mAP_per_class_EMA": {
            "C0": 48.55743702986515,
            "C1": 53.62012828190994,
            "C2": 42.388658624977424
        }
    },
    "CholecT50": {
        "AP": {
            "AP_i": 84.90365253376683,
            "AP_v": 60.41984687398093,
            "AP_t": 41.18209820988131,
            "AP_iv": 37.31572822667273,
            "AP_it": 34.89392524182438,
            "AP_ivt": 29.42860528526161
        },
        "AP_EMA": {
            "AP_i": 87.280552830057,
            "AP_v": 64.25034534428522,
            "AP_t": 46.37839249487847,
            "AP_iv": 40.525667345927374,
            "AP_it": 41.51229180793237,
            "AP_ivt": 35.115216441909034
        }
    }
}