{
    "Test": false,
    "Cholec80": {
        "F1_score": 70.34315706123711,
        "F1_score_EMA": 11.98819973316094,
        "Per_video_f1": {
            "cholec80_video41": 62.856238500115566,
            "cholec80_video43": 70.98722969701602,
            "cholec80_video44": 78.05926676090328,
            "cholec80_video45": 76.70394860575654,
            "cholec80_video46": 70.78250767877961,
            "cholec80_video47": 62.58629371265039,
            "cholec80_video48": 70.42661447343833
        },
        "Per_video_f1_EMA": {
            "cholec80_video41": 10.984260629130784,
            "cholec80_video43": 11.429577387077053,
            "cholec80_video44": 13.407985719062912,
            "cholec80_video45": 10.157467463767937,
            "cholec80_video46": 15.418284716319741,
            "cholec80_video47": 8.092689490853802,
            "cholec80_video48": 14.427132725914351
        }
    },
    "Endoscapes": {
        "mAP": 44.17617384437672,
        "mAP_EMA": 13.179962828070819,
        "mAP_per_class": {
            "C0": 41.29580849144958,
            "C1": 43.26203809833288,
            "C2": 47.9706749433477
        },
        "mAP_per_class_EMA": {
            "C0": 15.143271339527198,
            "C1": 10.788761222433184,
            "C2": 13.607855922252076
        }
    },
    "CholecT50": {
        "AP": {
            "AP_i": 89.6898169014142,
            "AP_v": 67.22363228774489,
            "AP_t": 47.800519431889036,
            "AP_iv": 41.34318788272571,
            "AP_it": 42.550041353424994,
            "AP_ivt": 35.634094276752165
        },
        "AP_EMA": {
            "AP_i": 25.220408338438585,
            "AP_v": 16.107625020198366,
            "AP_t": 12.640797007707564,
            "AP_iv": 9.085954412145036,
            "AP_it": 6.913828551350144,
            "AP_ivt": 5.553489215014063
        }
    }
}