{
    "Test": false,
    "Cholec80": {
        "F1_score": 74.8863420720479,
        "F1_score_EMA": 1.6252138830385068,
        "Per_video_f1": {
            "cholec80_video41": 75.82085559651641,
            "cholec80_video43": 59.79804773382431,
            "cholec80_video44": 80.66664175780159,
            "cholec80_video45": 74.46880445104689,
            "cholec80_video46": 78.30828372608426,
            "cholec80_video47": 67.6798468939514,
            "cholec80_video48": 79.90339776507244,
            "cholec80_video49": 77.44396181170468,
            "cholec80_video50": 79.88723891242904
        },
        "Per_video_f1_EMA": {
            "cholec80_video41": 2.6626601560869747,
            "cholec80_video43": 0.902009020090201,
            "cholec80_video44": 1.341054556537641,
            "cholec80_video45": 0.6592772672957271,
            "cholec80_video46": 1.599086236436322,
            "cholec80_video47": 2.1085925144965736,
            "cholec80_video48": 2.0128882774599957,
            "cholec80_video49": 1.4448051948051948,
            "cholec80_video50": 1.896551724137931
        }
    },
    "Endoscapes": {
        "mAP": 49.80788286646748,
        "mAP_EMA": 15.172315172315171,
        "mAP_per_class": {
            "C0": 49.580307157398586,
            "C1": 52.22180999051096,
            "C2": 47.62153145149289
        },
        "mAP_per_class_EMA": {
            "C0": 16.344916344916342,
            "C1": 12.483912483912484,
            "C2": 16.68811668811669
        }
    },
    "CholecT50": {
        "AP": {
            "AP_i": 61.07685846364664,
            "AP_v": 40.411048333329845,
            "AP_t": 29.678145958691378,
            "AP_iv": 26.104011785071073,
            "AP_it": 25.060899373915472,
            "AP_ivt": 22.044598914918705
        },
        "AP_EMA": {
            "AP_i": 24.260625051054046,
            "AP_v": 15.064717262325482,
            "AP_t": 10.632334879530882,
            "AP_iv": 8.242279194042993,
            "AP_it": 5.518456574250502,
            "AP_ivt": 4.438909152821906
        }
    }
}