{
    "Test": false,
    "Cholec80": {
        "F1_score": 76.30492021412489,
        "F1_score_EMA": 1.6252138830385068,
        "Per_video_f1": {
            "cholec80_video41": 78.88075604599291,
            "cholec80_video43": 60.016942635362525,
            "cholec80_video44": 85.33779881797805,
            "cholec80_video45": 79.2043663469704,
            "cholec80_video46": 79.15798849723605,
            "cholec80_video47": 66.42036690184477,
            "cholec80_video48": 75.9145205118932,
            "cholec80_video49": 78.87971914585569,
            "cholec80_video50": 82.93182302399048
        },
        "Per_video_f1_EMA": {
            "cholec80_video41": 2.6626601560869747,
            "cholec80_video43": 0.902009020090201,
            "cholec80_video44": 1.341054556537641,
            "cholec80_video45": 0.6592772672957271,
            "cholec80_video46": 1.599086236436322,
            "cholec80_video47": 2.1085925144965736,
            "cholec80_video48": 2.0128882774599957,
            "cholec80_video49": 1.4448051948051948,
            "cholec80_video50": 1.896551724137931
        }
    },
    "Endoscapes": {
        "mAP": 42.3463597470307,
        "mAP_EMA": 15.172315172315171,
        "mAP_per_class": {
            "C0": 44.96801062739965,
            "C1": 41.99307957856965,
            "C2": 40.07798903512278
        },
        "mAP_per_class_EMA": {
            "C0": 16.344916344916342,
            "C1": 12.483912483912484,
            "C2": 16.68811668811669
        }
    },
    "CholecT50": {
        "AP": {
            "AP_i": 76.12817713205561,
            "AP_v": 56.5357366216547,
            "AP_t": 38.16112389097812,
            "AP_iv": 37.26328750790407,
            "AP_it": 34.75265298262205,
            "AP_ivt": 30.806913696845854
        },
        "AP_EMA": {
            "AP_i": 24.260625051054046,
            "AP_v": 15.064717262325482,
            "AP_t": 10.632334879530882,
            "AP_iv": 8.242279194042993,
            "AP_it": 5.518456574250502,
            "AP_ivt": 4.438909152821906
        }
    }
}