{
    "Test": false,
    "Cholec80": {
        "F1_score": 64.87924109533598,
        "F1_score_EMA": 69.39664129262165,
        "Per_video_f1": {
            "cholec80_video41": 64.69301530900744,
            "cholec80_video43": 63.85188940077246,
            "cholec80_video44": 67.86714863593417,
            "cholec80_video45": 68.7242573639084,
            "cholec80_video46": 62.60479193338517,
            "cholec80_video47": 59.42941608641361,
            "cholec80_video48": 66.98416893793062
        },
        "Per_video_f1_EMA": {
            "cholec80_video41": 71.00013465833487,
            "cholec80_video43": 67.07657225800753,
            "cholec80_video44": 69.74075883023109,
            "cholec80_video45": 66.90371420300787,
            "cholec80_video46": 69.67625926065102,
            "cholec80_video47": 68.71467516792818,
            "cholec80_video48": 72.66437467019105
        }
    },
    "Endoscapes": {
        "mAP": 36.658530779100616,
        "mAP_EMA": 48.23363200983415,
        "mAP_per_class": {
            "C0": 45.579386224937636,
            "C1": 32.98076247900378,
            "C2": 31.415443633360436
        },
        "mAP_per_class_EMA": {
            "C0": 46.998916469112004,
            "C1": 48.597025934887434,
            "C2": 49.10495362550303
        }
    },
    "CholecT50": {
        "AP": {
            "AP_i": 75.6745471540613,
            "AP_v": 51.539156276654424,
            "AP_t": 37.59543538878299,
            "AP_iv": 31.369056438558932,
            "AP_it": 31.835744363633548,
            "AP_ivt": 26.26319736457523
        },
        "AP_EMA": {
            "AP_i": 82.4441882496342,
            "AP_v": 58.08784814240708,
            "AP_t": 43.92358350838736,
            "AP_iv": 36.925091361936914,
            "AP_it": 37.081400123475134,
            "AP_ivt": 31.87546390033373
        }
    }
}