{
    "Test": true,
    "Cholec80": {
        "F1_score": 54.82265660983863,
        "F1_score_EMA": null,
        "Per_video_f1": {
            "cholec80_video51": 61.273394181515485,
            "cholec80_video53": 60.14832875851855,
            "cholec80_video54": 67.94679565236234,
            "cholec80_video55": 69.1769385357017,
            "cholec80_video58": 41.41320632129602,
            "cholec80_video59": 57.66767482574162,
            "cholec80_video61": 36.47959403476478,
            "cholec80_video63": 44.91456019611329,
            "cholec80_video64": 52.77267662302996,
            "cholec80_video69": 72.79311011406412,
            "cholec80_video73": 66.49573718359375,
            "cholec80_video74": 58.3841810038761,
            "cholec80_video76": 46.966886028907986,
            "cholec80_video77": 58.078524572196585,
            "cholec80_video80": 27.828241115897168
        },
        "Per_video_f1_EMA": null
    },
    "Endoscapes": {
        "mAP": 49.05433761245532,
        "mAP_EMA": null,
        "mAP_per_class": {
            "C0": 39.65918203368515,
            "C1": 36.952609875652605,
            "C2": 70.5512209280282
        },
        "mAP_per_class_EMA": null
    },
    "CholecT50": {
        "AP": {
            "AP_i": 78.04939604287928,
            "AP_v": 55.82799383190329,
            "AP_t": 38.650013486446596,
            "AP_iv": 33.42979536656648,
            "AP_it": 29.360856817192655,
            "AP_ivt": 24.031853632919766
        },
        "AP_EMA": null
    }
}