{
    "Test": false,
    "Cholec80": {
        "F1_score": 69.67981595964937,
        "F1_score_EMA": 8.73209741930108,
        "Per_video_f1": {
            "cholec80_video41": 70.73862612638096,
            "cholec80_video43": 64.25280117584016,
            "cholec80_video44": 74.45504060353093,
            "cholec80_video45": 74.27853312639161,
            "cholec80_video46": 70.27737930545172,
            "cholec80_video47": 66.1921279156935,
            "cholec80_video48": 67.56420346425678
        },
        "Per_video_f1_EMA": {
            "cholec80_video41": 6.944623297724303,
            "cholec80_video43": 7.642856848237082,
            "cholec80_video44": 8.713679711670334,
            "cholec80_video45": 12.456557182150606,
            "cholec80_video46": 9.408467109534387,
            "cholec80_video47": 9.064984350732221,
            "cholec80_video48": 6.893513435058625
        }
    },
    "Endoscapes": {
        "mAP": 48.15711312093281,
        "mAP_EMA": 13.492303107207915,
        "mAP_per_class": {
            "C0": 48.22070726030755,
            "C1": 46.32043019614766,
            "C2": 49.93020190634323
        },
        "mAP_per_class_EMA": {
            "C0": 14.842459148509729,
            "C1": 11.941152585602344,
            "C2": 13.69329758751167
        }
    },
    "CholecT50": {
        "AP": {
            "AP_i": 87.07003315764672,
            "AP_v": 59.2372165488551,
            "AP_t": 45.56089068729925,
            "AP_iv": 39.214701528724085,
            "AP_it": 41.39940753144867,
            "AP_ivt": 35.012601981082234
        },
        "AP_EMA": {
            "AP_i": 27.092210664836973,
            "AP_v": 18.86517008055292,
            "AP_t": 13.638939562110824,
            "AP_iv": 10.585981314300424,
            "AP_it": 7.7181215112927894,
            "AP_ivt": 6.257564991793029
        }
    }
}