{
    "Test": false,
    "Cholec80": {
        "F1_score": 70.59263674707522,
        "F1_score_EMA": 20.94905367183734,
        "Per_video_f1": {
            "cholec80_video41": 75.78218139988412,
            "cholec80_video43": 61.64715001414397,
            "cholec80_video44": 76.67307253416567,
            "cholec80_video45": 74.35928825241628,
            "cholec80_video46": 72.63621832251349,
            "cholec80_video47": 66.634041676607,
            "cholec80_video48": 66.41650502979604
        },
        "Per_video_f1_EMA": {
            "cholec80_video41": 18.533811045379352,
            "cholec80_video43": 19.62788405962246,
            "cholec80_video44": 22.805886527907436,
            "cholec80_video45": 21.856802962085652,
            "cholec80_video46": 23.051240780595958,
            "cholec80_video47": 24.61646966944471,
            "cholec80_video48": 16.151280657825815
        }
    },
    "Endoscapes": {
        "mAP": 48.93812493793416,
        "mAP_EMA": 16.62274939004665,
        "mAP_per_class": {
            "C0": 46.047031833045395,
            "C1": 49.078439834482616,
            "C2": 51.68890314627447
        },
        "mAP_per_class_EMA": {
            "C0": 14.953103467438472,
            "C1": 13.253705159658164,
            "C2": 21.661439543043308
        }
    },
    "CholecT50": {
        "AP": {
            "AP_i": 84.57919922435998,
            "AP_v": 60.0223620416754,
            "AP_t": 43.215886593978254,
            "AP_iv": 39.09502696667086,
            "AP_it": 39.44134572559755,
            "AP_ivt": 33.90586899867929
        },
        "AP_EMA": {
            "AP_i": 37.14538294516577,
            "AP_v": 25.53434192449071,
            "AP_t": 20.455869095643063,
            "AP_iv": 15.37073339939368,
            "AP_it": 11.974207082287492,
            "AP_ivt": 10.36163482584913
        }
    }
}