{
    "Test": false,
    "Cholec80": {
        "F1_score": 68.16337474411189,
        "F1_score_EMA": 71.65739628467836,
        "Per_video_f1": {
            "cholec80_video41": 69.69853998415473,
            "cholec80_video43": 65.17155990267352,
            "cholec80_video44": 74.15414351653625,
            "cholec80_video45": 67.32094767059463,
            "cholec80_video46": 70.34460786556939,
            "cholec80_video47": 62.55717670986497,
            "cholec80_video48": 67.89664755938975
        },
        "Per_video_f1_EMA": {
            "cholec80_video41": 71.62933964024398,
            "cholec80_video43": 68.68007800425723,
            "cholec80_video44": 77.60865010095036,
            "cholec80_video45": 74.39607871322997,
            "cholec80_video46": 67.98900750832333,
            "cholec80_video47": 70.80945176670627,
            "cholec80_video48": 70.48916825903738
        }
    },
    "Endoscapes": {
        "mAP": 38.59154244390729,
        "mAP_EMA": 47.838304661354805,
        "mAP_per_class": {
            "C0": 35.02179003367915,
            "C1": 44.03567472690507,
            "C2": 36.71716257113764
        },
        "mAP_per_class_EMA": {
            "C0": 47.36699661527699,
            "C1": 52.249504750583895,
            "C2": 43.89841261820352
        }
    },
    "CholecT50": {
        "AP": {
            "AP_i": 71.13573849828025,
            "AP_v": 52.36501189683571,
            "AP_t": 37.954363350109176,
            "AP_iv": 32.96973427703248,
            "AP_it": 29.925911027259566,
            "AP_ivt": 24.637073948475884
        },
        "AP_EMA": {
            "AP_i": 81.77092418958321,
            "AP_v": 62.588935139539785,
            "AP_t": 44.42047531454202,
            "AP_iv": 38.97472945029317,
            "AP_it": 37.66859077411473,
            "AP_ivt": 31.92427228929189
        }
    }
}