{
    "Test": false,
    "Cholec80": {
        "F1_score": 64.72296095341088,
        "F1_score_EMA": 71.48895498129237,
        "Per_video_f1": {
            "cholec80_video41": 58.14154191688107,
            "cholec80_video43": 62.81279646284925,
            "cholec80_video44": 68.00963210454034,
            "cholec80_video45": 67.26225451809388,
            "cholec80_video46": 64.99828804192121,
            "cholec80_video47": 65.57191152932602,
            "cholec80_video48": 66.26430210026432
        },
        "Per_video_f1_EMA": {
            "cholec80_video41": 70.00404485061836,
            "cholec80_video43": 62.481958772642976,
            "cholec80_video44": 75.21795184976796,
            "cholec80_video45": 75.10715293609283,
            "cholec80_video46": 72.86599859015064,
            "cholec80_video47": 71.02814597578998,
            "cholec80_video48": 73.71743189398381
        }
    },
    "Endoscapes": {
        "mAP": 38.80832850808414,
        "mAP_EMA": 46.623782949660445,
        "mAP_per_class": {
            "C0": 42.81666862303734,
            "C1": 38.2902043528673,
            "C2": 35.31811254834778
        },
        "mAP_per_class_EMA": {
            "C0": 48.733306995109906,
            "C1": 47.967021244491676,
            "C2": 43.171020609379745
        }
    },
    "CholecT50": {
        "AP": {
            "AP_i": 81.12628296396828,
            "AP_v": 56.75271211075612,
            "AP_t": 38.70158335409811,
            "AP_iv": 34.70252882747888,
            "AP_it": 32.65728307483991,
            "AP_ivt": 28.28931013899482
        },
        "AP_EMA": {
            "AP_i": 86.41408538489041,
            "AP_v": 62.56586867044575,
            "AP_t": 42.888324578342385,
            "AP_iv": 38.82132305649199,
            "AP_it": 38.336419661145115,
            "AP_ivt": 32.71112282738569
        }
    }
}