{
    "Test": false,
    "Cholec80": {
        "F1_score": 69.36506459776159,
        "F1_score_EMA": 70.49024205801481,
        "Per_video_f1": {
            "cholec80_video41": 70.2478119266715,
            "cholec80_video43": 60.317989202808384,
            "cholec80_video44": 73.2402611970009,
            "cholec80_video45": 74.08859061300306,
            "cholec80_video46": 71.06065563658134,
            "cholec80_video47": 67.0903326295167,
            "cholec80_video48": 69.50981097874926
        },
        "Per_video_f1_EMA": {
            "cholec80_video41": 68.42577979919876,
            "cholec80_video43": 61.65615882455281,
            "cholec80_video44": 73.80523331406643,
            "cholec80_video45": 73.07792770678915,
            "cholec80_video46": 72.6267086597303,
            "cholec80_video47": 70.62801470473092,
            "cholec80_video48": 73.21187139703534
        }
    },
    "Endoscapes": {
        "mAP": 44.23100997082868,
        "mAP_EMA": 48.33447235329169,
        "mAP_per_class": {
            "C0": 43.94610171840511,
            "C1": 48.33022105636539,
            "C2": 40.416707137715534
        },
        "mAP_per_class_EMA": {
            "C0": 50.31541407757951,
            "C1": 49.11614230333263,
            "C2": 45.57186067896291
        }
    },
    "CholecT50": {
        "AP": {
            "AP_i": 81.86743070713699,
            "AP_v": 55.48382064954798,
            "AP_t": 38.03739674716107,
            "AP_iv": 34.12321891646038,
            "AP_it": 33.75794127183907,
            "AP_ivt": 27.582604374206188
        },
        "AP_EMA": {
            "AP_i": 86.81816015625994,
            "AP_v": 62.260298996318156,
            "AP_t": 43.720594857572024,
            "AP_iv": 39.339677808750764,
            "AP_it": 39.43588706731944,
            "AP_ivt": 34.05059388624161
        }
    }
}