{
    "Test": false,
    "Cholec80": {
        "F1_score": 68.98117212086079,
        "F1_score_EMA": 72.29712228672982,
        "Per_video_f1": {
            "cholec80_video41": 74.70734739810352,
            "cholec80_video43": 60.18233526090834,
            "cholec80_video44": 76.12334341898438,
            "cholec80_video45": 74.30843696187279,
            "cholec80_video46": 69.90656403101735,
            "cholec80_video47": 60.74807757580105,
            "cholec80_video48": 66.89210019933809
        },
        "Per_video_f1_EMA": {
            "cholec80_video41": 73.14305645005773,
            "cholec80_video43": 67.17936669122396,
            "cholec80_video44": 77.58752305259782,
            "cholec80_video45": 76.83793884948813,
            "cholec80_video46": 70.07808930708501,
            "cholec80_video47": 70.69084424999484,
            "cholec80_video48": 70.56303740666127
        }
    },
    "Endoscapes": {
        "mAP": 34.00579098153831,
        "mAP_EMA": 44.912307233874515,
        "mAP_per_class": {
            "C0": 41.43114013996858,
            "C1": 32.923176271996994,
            "C2": 27.663056532649367
        },
        "mAP_per_class_EMA": {
            "C0": 45.8322723295105,
            "C1": 50.380955142274296,
            "C2": 38.523694229838746
        }
    },
    "CholecT50": {
        "AP": {
            "AP_i": 71.78293516163389,
            "AP_v": 52.85978491999599,
            "AP_t": 36.68694250725023,
            "AP_iv": 33.48057703105334,
            "AP_it": 29.813424696171285,
            "AP_ivt": 24.62764083132091
        },
        "AP_EMA": {
            "AP_i": 79.19330647143312,
            "AP_v": 60.6302828817476,
            "AP_t": 42.7317205312759,
            "AP_iv": 37.91210629698815,
            "AP_it": 35.71028675177418,
            "AP_ivt": 30.11067390938425
        }
    }
}