{
    "Test": false,
    "Cholec80": {
        "F1_score": 68.10960844428354,
        "F1_score_EMA": 68.79696952497422,
        "Per_video_f1": {
            "cholec80_video41": 73.28132723922039,
            "cholec80_video43": 63.35863982054081,
            "cholec80_video44": 67.81852635780635,
            "cholec80_video45": 71.98894393104254,
            "cholec80_video46": 68.6299115392996,
            "cholec80_video47": 59.93466763041667,
            "cholec80_video48": 71.75524259165846
        },
        "Per_video_f1_EMA": {
            "cholec80_video41": 74.50643571825753,
            "cholec80_video43": 64.38875285546845,
            "cholec80_video44": 70.64517711562011,
            "cholec80_video45": 71.49777772146452,
            "cholec80_video46": 69.3241292259384,
            "cholec80_video47": 61.95300521669925,
            "cholec80_video48": 69.26350882137119
        }
    },
    "Endoscapes": {
        "mAP": 40.97748776434527,
        "mAP_EMA": 42.0461727263118,
        "mAP_per_class": {
            "C0": 44.67453159308889,
            "C1": 40.487489413312765,
            "C2": 37.77044228663416
        },
        "mAP_per_class_EMA": {
            "C0": 38.04010577251613,
            "C1": 40.85983805346626,
            "C2": 47.23857435295302
        }
    },
    "CholecT50": {
        "AP": {
            "AP_i": 76.3192404123014,
            "AP_v": 55.97458805601841,
            "AP_t": 38.09006121371779,
            "AP_iv": 36.85228954322041,
            "AP_it": 30.59263960692302,
            "AP_ivt": 27.940569791149006
        },
        "AP_EMA": {
            "AP_i": 79.26441647815999,
            "AP_v": 59.55735197029702,
            "AP_t": 42.11081918941414,
            "AP_iv": 38.2386309968655,
            "AP_it": 36.206768342666614,
            "AP_ivt": 32.61381704352322
        }
    }
}