{
    "Test": false,
    "Cholec80": {
        "F1_score": 69.29904592629381,
        "F1_score_EMA": 71.79235101188105,
        "Per_video_f1": {
            "cholec80_video41": 67.89134827768908,
            "cholec80_video43": 64.37462400448106,
            "cholec80_video44": 67.80962480776716,
            "cholec80_video45": 74.40685265796773,
            "cholec80_video46": 74.72852588047995,
            "cholec80_video47": 65.02193602323048,
            "cholec80_video48": 70.86040983244126
        },
        "Per_video_f1_EMA": {
            "cholec80_video41": 70.13750628437337,
            "cholec80_video43": 66.55683889555726,
            "cholec80_video44": 74.87966338323304,
            "cholec80_video45": 77.58601095184429,
            "cholec80_video46": 73.42402667913728,
            "cholec80_video47": 66.37796661125462,
            "cholec80_video48": 73.58444427776755
        }
    },
    "Endoscapes": {
        "mAP": 35.87112082291957,
        "mAP_EMA": 39.214556472796254,
        "mAP_per_class": {
            "C0": 38.61850948689064,
            "C1": 34.523318430609926,
            "C2": 34.47153455125815
        },
        "mAP_per_class_EMA": {
            "C0": 43.119324325502426,
            "C1": 38.08206842070175,
            "C2": 36.44227667218459
        }
    },
    "CholecT50": {
        "AP": {
            "AP_i": 70.50374971505704,
            "AP_v": 50.9608641362704,
            "AP_t": 34.53721044998757,
            "AP_iv": 33.8601853556808,
            "AP_it": 28.54619586823147,
            "AP_ivt": 25.091584881904566
        },
        "AP_EMA": {
            "AP_i": 80.83425279809377,
            "AP_v": 60.023125729072774,
            "AP_t": 38.973010002125484,
            "AP_iv": 41.20452407956409,
            "AP_it": 33.14019263246875,
            "AP_ivt": 29.889456412928936
        }
    }
}