{
    "Test": true,
    "Cholec80": {
        "F1_score": 56.534914609515376,
        "F1_score_EMA": null,
        "Per_video_f1": {
            "cholec80_video51": 60.8006250154811,
            "cholec80_video53": 59.658406539833564,
            "cholec80_video54": 72.5280201856006,
            "cholec80_video55": 71.04084811548353,
            "cholec80_video58": 35.67989117124958,
            "cholec80_video59": 49.25393449920218,
            "cholec80_video61": 41.56447585014469,
            "cholec80_video63": 50.14805661705193,
            "cholec80_video64": 52.39477810262283,
            "cholec80_video69": 79.09477784555557,
            "cholec80_video73": 77.20034088145566,
            "cholec80_video74": 62.756101226881626,
            "cholec80_video76": 63.404485468772855,
            "cholec80_video77": 58.517497063256286,
            "cholec80_video80": 13.981480560138646
        },
        "Per_video_f1_EMA": null
    },
    "Endoscapes": {
        "mAP": 47.03480868430517,
        "mAP_EMA": null,
        "mAP_per_class": {
            "C0": 43.57546445420169,
            "C1": 37.76247197707735,
            "C2": 59.766489621636474
        },
        "mAP_per_class_EMA": null
    },
    "CholecT50": {
        "AP": {
            "AP_i": 76.29460408544544,
            "AP_v": 54.05528372401282,
            "AP_t": 36.81874073027315,
            "AP_iv": 31.92854319738292,
            "AP_it": 26.968156769952465,
            "AP_ivt": 21.770286529840096
        },
        "AP_EMA": null
    }
}