{
    "Test": false,
    "Cholec80": {
        "F1_score": 69.6172675309763,
        "F1_score_EMA": 36.61627657343903,
        "Per_video_f1": {
            "cholec80_video41": 73.58877612382439,
            "cholec80_video43": 59.17352125398574,
            "cholec80_video44": 78.9283902559814,
            "cholec80_video45": 82.50145712016086,
            "cholec80_video46": 68.51306498570008,
            "cholec80_video47": 60.873937081796804,
            "cholec80_video48": 63.74172589538484
        },
        "Per_video_f1_EMA": {
            "cholec80_video41": 40.68956547372853,
            "cholec80_video43": 32.05195123419503,
            "cholec80_video44": 30.42026002466735,
            "cholec80_video45": 43.926769914386405,
            "cholec80_video46": 37.3796078362647,
            "cholec80_video47": 35.33248080675744,
            "cholec80_video48": 36.51330072407378
        }
    },
    "Endoscapes": {
        "mAP": 39.61040103756486,
        "mAP_EMA": 29.37477475080177,
        "mAP_per_class": {
            "C0": 42.25079854624112,
            "C1": 36.06249751000776,
            "C2": 40.517907056445715
        },
        "mAP_per_class_EMA": {
            "C0": 25.0173194956967,
            "C1": 27.571553286935274,
            "C2": 35.535451469773335
        }
    },
    "CholecT50": {
        "AP": {
            "AP_i": 85.75729001015976,
            "AP_v": 60.44485461726403,
            "AP_t": 42.17979126913179,
            "AP_iv": 39.96544746603125,
            "AP_it": 36.51156394605182,
            "AP_ivt": 31.92616274383674
        },
        "AP_EMA": {
            "AP_i": 56.06805037959958,
            "AP_v": 44.09572906151262,
            "AP_t": 36.859315624260674,
            "AP_iv": 26.732440752181205,
            "AP_it": 25.746622584688403,
            "AP_ivt": 22.636177156828808
        }
    }
}