{
    "Test": false,
    "Cholec80": {
        "F1_score": 68.62355747790845,
        "F1_score_EMA": 63.9302265140662,
        "Per_video_f1": {
            "cholec80_video41": 73.29069644443067,
            "cholec80_video43": 58.95132266776765,
            "cholec80_video44": 69.45881432997606,
            "cholec80_video45": 79.62971131300786,
            "cholec80_video46": 66.37265734595762,
            "cholec80_video47": 61.753042375774555,
            "cholec80_video48": 70.90865786844473
        },
        "Per_video_f1_EMA": {
            "cholec80_video41": 70.25313044884804,
            "cholec80_video43": 62.217939903211494,
            "cholec80_video44": 65.9803336846142,
            "cholec80_video45": 64.30478435184503,
            "cholec80_video46": 63.86964761338112,
            "cholec80_video47": 57.26376330784986,
            "cholec80_video48": 63.621986288713636
        }
    },
    "Endoscapes": {
        "mAP": 38.79521356685431,
        "mAP_EMA": 36.28135826404698,
        "mAP_per_class": {
            "C0": 37.16049088939469,
            "C1": 36.451542281492195,
            "C2": 42.77360752967604
        },
        "mAP_per_class_EMA": {
            "C0": 31.344332960044042,
            "C1": 34.683083815513804,
            "C2": 42.816658016583084
        }
    },
    "CholecT50": {
        "AP": {
            "AP_i": 77.55871458482791,
            "AP_v": 58.40752654505618,
            "AP_t": 39.38985230446974,
            "AP_iv": 36.25769293214509,
            "AP_it": 33.04918594648729,
            "AP_ivt": 28.95318246271826
        },
        "AP_EMA": {
            "AP_i": 73.45777685578786,
            "AP_v": 54.36276689596277,
            "AP_t": 42.025516092618076,
            "AP_iv": 33.118421023212576,
            "AP_it": 33.87808165688033,
            "AP_ivt": 29.7212109576378
        }
    }
}