{
    "Test": false,
    "Cholec80": {
        "F1_score": 68.58063121807011,
        "F1_score_EMA": 36.89322948283671,
        "Per_video_f1": {
            "cholec80_video41": 70.11329800213001,
            "cholec80_video43": 57.343121093498596,
            "cholec80_video44": 70.86325007368357,
            "cholec80_video45": 75.80757659032467,
            "cholec80_video46": 70.58384261770848,
            "cholec80_video47": 65.40964016054838,
            "cholec80_video48": 69.94368998859704
        },
        "Per_video_f1_EMA": {
            "cholec80_video41": 30.425799347602617,
            "cholec80_video43": 40.95961181493541,
            "cholec80_video44": 40.86800964989395,
            "cholec80_video45": 30.19466513814833,
            "cholec80_video46": 44.68043375477712,
            "cholec80_video47": 36.7063467229139,
            "cholec80_video48": 34.417739951585645
        }
    },
    "Endoscapes": {
        "mAP": 42.73779948104942,
        "mAP_EMA": 32.95605006977583,
        "mAP_per_class": {
            "C0": 42.5248479901981,
            "C1": 42.47068379063541,
            "C2": 43.217866662314755
        },
        "mAP_per_class_EMA": {
            "C0": 31.333785507412426,
            "C1": 31.784315586291434,
            "C2": 35.75004911562361
        }
    },
    "CholecT50": {
        "AP": {
            "AP_i": 86.96083651725183,
            "AP_v": 61.46266376739745,
            "AP_t": 43.038097020620825,
            "AP_iv": 39.038941685730784,
            "AP_it": 38.11673986157425,
            "AP_ivt": 32.40778516269589
        },
        "AP_EMA": {
            "AP_i": 67.43265280230199,
            "AP_v": 47.5710834177198,
            "AP_t": 34.540044800274636,
            "AP_iv": 29.539270175958922,
            "AP_it": 28.5377000473497,
            "AP_ivt": 24.800946304255856
        }
    }
}