{
    "Test": true,
    "Cholec80": {
        "F1_score": 57.18236225448384,
        "F1_score_EMA": null,
        "Per_video_f1": {
            "cholec80_video51": 65.97807700751999,
            "cholec80_video53": 64.54227118162528,
            "cholec80_video54": 63.9557067121969,
            "cholec80_video55": 69.46966761413833,
            "cholec80_video58": 43.06360852455931,
            "cholec80_video59": 56.38563842568358,
            "cholec80_video61": 54.23535760293062,
            "cholec80_video63": 53.05734344388207,
            "cholec80_video64": 63.68859930699438,
            "cholec80_video69": 72.59889046102292,
            "cholec80_video73": 61.57217947633523,
            "cholec80_video74": 52.47634274731726,
            "cholec80_video76": 53.33151344526203,
            "cholec80_video77": 67.6994478366608,
            "cholec80_video80": 15.680790031128943
        },
        "Per_video_f1_EMA": null
    },
    "Endoscapes": {
        "mAP": 48.905054491169146,
        "mAP_EMA": null,
        "mAP_per_class": {
            "C0": 48.330569297539114,
            "C1": 41.28497162194464,
            "C2": 57.099622554023675
        },
        "mAP_per_class_EMA": null
    },
    "CholecT50": {
        "AP": {
            "AP_i": 81.98425588244682,
            "AP_v": 56.58084531079429,
            "AP_t": 40.13330437494358,
            "AP_iv": 33.470518414715855,
            "AP_it": 30.706134717804215,
            "AP_ivt": 23.702715073406065
        },
        "AP_EMA": null
    }
}