{
    "Test": false,
    "Cholec80": {
        "F1_score": 68.46644144519531,
        "F1_score_EMA": 72.21348418992105,
        "Per_video_f1": {
            "cholec80_video41": 68.94136556459107,
            "cholec80_video43": 55.135963371929776,
            "cholec80_video44": 67.16473018159199,
            "cholec80_video45": 74.72241751012255,
            "cholec80_video46": 71.91431184210683,
            "cholec80_video47": 71.64934905833104,
            "cholec80_video48": 69.7369525876939
        },
        "Per_video_f1_EMA": {
            "cholec80_video41": 71.83441396445592,
            "cholec80_video43": 63.45644263169088,
            "cholec80_video44": 75.19977359729506,
            "cholec80_video45": 77.54621981772097,
            "cholec80_video46": 72.7408177083647,
            "cholec80_video47": 70.56643769521465,
            "cholec80_video48": 74.15028391470514
        }
    },
    "Endoscapes": {
        "mAP": 36.64933288393845,
        "mAP_EMA": 41.97862979975797,
        "mAP_per_class": {
            "C0": 33.56749969183459,
            "C1": 40.78628052131408,
            "C2": 35.594218438666665
        },
        "mAP_per_class_EMA": {
            "C0": 46.15243150373431,
            "C1": 44.5833532078107,
            "C2": 35.20010468772889
        }
    },
    "CholecT50": {
        "AP": {
            "AP_i": 76.8289385315574,
            "AP_v": 53.40303978953548,
            "AP_t": 37.798944616876646,
            "AP_iv": 34.00395257375341,
            "AP_it": 32.684056027964516,
            "AP_ivt": 27.30770204638892
        },
        "AP_EMA": {
            "AP_i": 84.53661440254764,
            "AP_v": 61.4836950128758,
            "AP_t": 40.60290233285684,
            "AP_iv": 37.818133395010626,
            "AP_it": 35.24488915463489,
            "AP_ivt": 29.736666322100294
        }
    }
}