{
    "Test": false,
    "Cholec80": {
        "F1_score": 70.46756468878758,
        "F1_score_EMA": 57.81567223727198,
        "Per_video_f1": {
            "cholec80_video41": 67.78173077292792,
            "cholec80_video43": 60.508858224934926,
            "cholec80_video44": 72.3195216140219,
            "cholec80_video45": 77.2517281005201,
            "cholec80_video46": 72.43512024678935,
            "cholec80_video47": 70.55822161836407,
            "cholec80_video48": 72.41777224395474
        },
        "Per_video_f1_EMA": {
            "cholec80_video41": 51.140138813522974,
            "cholec80_video43": 56.30568781651649,
            "cholec80_video44": 63.34035009560305,
            "cholec80_video45": 48.708752168330925,
            "cholec80_video46": 60.418643149706874,
            "cholec80_video47": 62.72325569171162,
            "cholec80_video48": 62.07287792551194
        }
    },
    "Endoscapes": {
        "mAP": 41.80443653476343,
        "mAP_EMA": 43.412610134286524,
        "mAP_per_class": {
            "C0": 44.306692971066084,
            "C1": 39.562431314192395,
            "C2": 41.54418531903182
        },
        "mAP_per_class_EMA": {
            "C0": 44.94257484532743,
            "C1": 40.426452676423445,
            "C2": 44.86880288110871
        }
    },
    "CholecT50": {
        "AP": {
            "AP_i": 87.41105082045567,
            "AP_v": 61.8657227913021,
            "AP_t": 41.96706243634042,
            "AP_iv": 38.202620125712336,
            "AP_it": 38.099512292868155,
            "AP_ivt": 31.425871051181037
        },
        "AP_EMA": {
            "AP_i": 80.12229881892189,
            "AP_v": 55.52719719049416,
            "AP_t": 40.41282338873513,
            "AP_iv": 34.29965278382236,
            "AP_it": 35.23049114415219,
            "AP_ivt": 31.827311519498338
        }
    }
}