{
    "Test": false,
    "Cholec80": {
        "F1_score": 48.75068094648899,
        "F1_score_EMA": 52.07960051761133,
        "Per_video_f1": {
            "cholec80_video41": 72.66909607411371,
            "cholec80_video43": 24.79107247904854,
            "cholec80_video44": 80.19956747257598,
            "cholec80_video45": 63.01618573761279,
            "cholec80_video46": 79.48155652212287,
            "cholec80_video47": 18.51649942605173,
            "cholec80_video48": 21.130939529327037,
            "cholec80_video49": 23.163666842897005,
            "cholec80_video50": 55.787544434651245
        },
        "Per_video_f1_EMA": {
            "cholec80_video41": 76.9279208079382,
            "cholec80_video43": 23.540405733113058,
            "cholec80_video44": 82.97993458744507,
            "cholec80_video45": 71.03218824664239,
            "cholec80_video46": 82.78626815648101,
            "cholec80_video47": 20.83282981942978,
            "cholec80_video48": 26.5398377554098,
            "cholec80_video49": 25.145502316467955,
            "cholec80_video50": 58.93151723557476
        }
    },
    "Endoscapes": {
        "mAP": 47.70304304949357,
        "mAP_EMA": 49.12112235979471,
        "mAP_per_class": {
            "C0": 48.722110427390966,
            "C1": 48.513686711673785,
            "C2": 45.87333200941596
        },
        "mAP_per_class_EMA": {
            "C0": 50.21484677023436,
            "C1": 48.52089783356946,
            "C2": 48.62762247558032
        }
    },
    "CholecT50": {
        "AP": {
            "AP_i": 46.19703535060348,
            "AP_v": 31.26542284410445,
            "AP_t": 23.720302305117148,
            "AP_iv": 20.51521391514578,
            "AP_it": 20.478099050653384,
            "AP_ivt": 17.16733685865179
        },
        "AP_EMA": {
            "AP_i": 52.448586380605,
            "AP_v": 35.31897060525536,
            "AP_t": 25.718452907767286,
            "AP_iv": 23.975193488838922,
            "AP_it": 24.856359130972734,
            "AP_ivt": 20.593383879491583
        }
    }
}