{
    "Test": false,
    "Cholec80": {
        "F1_score": 71.12211280781808,
        "F1_score_EMA": 75.38375560334613,
        "Per_video_f1": {
            "cholec80_video41": 76.60370903424514,
            "cholec80_video43": 53.77807167694322,
            "cholec80_video44": 81.16742351180015,
            "cholec80_video45": 79.63431366701782,
            "cholec80_video46": 83.61275612088212,
            "cholec80_video47": 52.32548904555661,
            "cholec80_video48": 73.79905074821603,
            "cholec80_video49": 56.843324563429256,
            "cholec80_video50": 82.33487690227234
        },
        "Per_video_f1_EMA": {
            "cholec80_video41": 78.65621389219612,
            "cholec80_video43": 69.43192881838218,
            "cholec80_video44": 77.4191381738702,
            "cholec80_video45": 80.40304185862259,
            "cholec80_video46": 81.18907146893645,
            "cholec80_video47": 65.67775585764582,
            "cholec80_video48": 78.03336609125452,
            "cholec80_video49": 74.66246346427373,
            "cholec80_video50": 72.98082080493361
        }
    },
    "Endoscapes": {
        "mAP": 49.04791380823974,
        "mAP_EMA": 45.47410068584831,
        "mAP_per_class": {
            "C0": 46.19743839630662,
            "C1": 50.45728969338942,
            "C2": 50.48901333502318
        },
        "mAP_per_class_EMA": {
            "C0": 46.774187079797336,
            "C1": 44.62137373450856,
            "C2": 45.026741243239044
        }
    },
    "CholecT50": {
        "AP": {
            "AP_i": 67.63459045679544,
            "AP_v": 49.11818836537835,
            "AP_t": 35.339854886141566,
            "AP_iv": 33.97908871763068,
            "AP_it": 31.186090700461833,
            "AP_ivt": 27.0463344072465
        },
        "AP_EMA": {
            "AP_i": 77.00154641098531,
            "AP_v": 53.97134197345442,
            "AP_t": 38.346737641977036,
            "AP_iv": 34.79612657123134,
            "AP_it": 35.13876351301508,
            "AP_ivt": 30.08727977717875
        }
    }
}