{
    "Test": false,
    "Cholec80": {
        "F1_score": 63.60603718140588,
        "F1_score_EMA": 69.10398238048668,
        "Per_video_f1": {
            "cholec80_video41": 77.14479563956553,
            "cholec80_video43": 34.60051213354637,
            "cholec80_video44": 85.1718757591505,
            "cholec80_video45": 78.04213187204991,
            "cholec80_video46": 80.63673000729943,
            "cholec80_video47": 44.617424660738514,
            "cholec80_video48": 52.23465570685176,
            "cholec80_video49": 53.51069827013818,
            "cholec80_video50": 66.49551058331272
        },
        "Per_video_f1_EMA": {
            "cholec80_video41": 78.58383132238066,
            "cholec80_video43": 48.863574532656386,
            "cholec80_video44": 85.10527485875468,
            "cholec80_video45": 81.71296001887899,
            "cholec80_video46": 83.17914281482294,
            "cholec80_video47": 48.496955527650556,
            "cholec80_video48": 60.452764319719655,
            "cholec80_video49": 54.88435816546168,
            "cholec80_video50": 80.65697986405462
        }
    },
    "Endoscapes": {
        "mAP": 48.7978516293819,
        "mAP_EMA": 52.71840322921974,
        "mAP_per_class": {
            "C0": 51.51352726256457,
            "C1": 50.236585421018354,
            "C2": 44.643442204562774
        },
        "mAP_per_class_EMA": {
            "C0": 52.03850880702886,
            "C1": 53.140084175113046,
            "C2": 52.97661670551731
        }
    },
    "CholecT50": {
        "AP": {
            "AP_i": 66.44813500060708,
            "AP_v": 45.08450895967266,
            "AP_t": 32.56084785924152,
            "AP_iv": 28.450836728476343,
            "AP_it": 29.248217136784362,
            "AP_ivt": 23.935206221516548
        },
        "AP_EMA": {
            "AP_i": 62.98029087887078,
            "AP_v": 44.8140941965295,
            "AP_t": 30.74741375064007,
            "AP_iv": 32.30997970498224,
            "AP_it": 31.061855106650007,
            "AP_ivt": 26.15446326069859
        }
    }
}