{
    "Test": false,
    "Cholec80": {
        "F1_score": 62.145628579713645,
        "F1_score_EMA": 66.44046092806076,
        "Per_video_f1": {
            "cholec80_video41": 79.63483842413534,
            "cholec80_video43": 40.345289874218096,
            "cholec80_video44": 84.11802107901842,
            "cholec80_video45": 71.0808277421836,
            "cholec80_video46": 80.30356385012783,
            "cholec80_video47": 40.61587771285019,
            "cholec80_video48": 48.31445558224181,
            "cholec80_video49": 39.271020321382636,
            "cholec80_video50": 75.62676263126485
        },
        "Per_video_f1_EMA": {
            "cholec80_video41": 78.68469235914137,
            "cholec80_video43": 43.337479224208344,
            "cholec80_video44": 84.50294791188232,
            "cholec80_video45": 80.5506402677591,
            "cholec80_video46": 83.06682640143805,
            "cholec80_video47": 44.16264989840968,
            "cholec80_video48": 55.55030189067279,
            "cholec80_video49": 50.68457984301317,
            "cholec80_video50": 77.42403055602205
        }
    },
    "Endoscapes": {
        "mAP": 49.61895451528162,
        "mAP_EMA": 51.99235621957646,
        "mAP_per_class": {
            "C0": 51.694263047389924,
            "C1": 48.46757896862519,
            "C2": 48.69502152982976
        },
        "mAP_per_class_EMA": {
            "C0": 51.797828557550105,
            "C1": 52.20086075490078,
            "C2": 51.97837934627848
        }
    },
    "CholecT50": {
        "AP": {
            "AP_i": 54.5041838479024,
            "AP_v": 38.037710684999,
            "AP_t": 26.305330002437117,
            "AP_iv": 27.508870771617055,
            "AP_it": 25.80658658997132,
            "AP_ivt": 21.845973513728055
        },
        "AP_EMA": {
            "AP_i": 61.60130770096911,
            "AP_v": 42.92726442890796,
            "AP_t": 29.603524442689427,
            "AP_iv": 30.456940817017276,
            "AP_it": 29.941119340986187,
            "AP_ivt": 24.94428191019249
        }
    }
}