{
    "Test": false,
    "Cholec80": {
        "F1_score": 74.68765008845615,
        "F1_score_EMA": 56.16531387737645,
        "Per_video_f1": {
            "cholec80_video41": 79.94910823620049,
            "cholec80_video43": 58.952354412677465,
            "cholec80_video44": 84.77372830486792,
            "cholec80_video45": 82.44606108356362,
            "cholec80_video46": 82.49294926884167,
            "cholec80_video47": 61.68302551195293,
            "cholec80_video48": 75.44548436108352,
            "cholec80_video49": 63.87992477135571,
            "cholec80_video50": 82.56621484556204
        },
        "Per_video_f1_EMA": {
            "cholec80_video41": 57.88967379527092,
            "cholec80_video43": 60.92871649888896,
            "cholec80_video44": 53.07522971550067,
            "cholec80_video45": 51.72807291715456,
            "cholec80_video46": 50.71120009737171,
            "cholec80_video47": 55.71280944772965,
            "cholec80_video48": 55.724421932813286,
            "cholec80_video49": 65.39995277668883,
            "cholec80_video50": 54.31774771496942
        }
    },
    "Endoscapes": {
        "mAP": 46.94423368703003,
        "mAP_EMA": 35.606007688036506,
        "mAP_per_class": {
            "C0": 48.98719978885545,
            "C1": 47.694904562464544,
            "C2": 44.1505967097701
        },
        "mAP_per_class_EMA": {
            "C0": 36.03273152674056,
            "C1": 36.08090002738755,
            "C2": 34.70439150998141
        }
    },
    "CholecT50": {
        "AP": {
            "AP_i": 67.04799241193446,
            "AP_v": 46.85782739680023,
            "AP_t": 31.57057726476572,
            "AP_iv": 29.716226433793256,
            "AP_it": 29.888432495749342,
            "AP_ivt": 25.445579045233277
        },
        "AP_EMA": {
            "AP_i": 70.05479160759158,
            "AP_v": 48.49089647634721,
            "AP_t": 38.832299387578864,
            "AP_iv": 30.488778206041573,
            "AP_it": 31.950547301302137,
            "AP_ivt": 27.34260993367133
        }
    }
}