{
    "Test": false,
    "Cholec80": {
        "F1_score": 55.301660460006815,
        "F1_score_EMA": 59.13205580573279,
        "Per_video_f1": {
            "cholec80_video41": 77.61700802056941,
            "cholec80_video43": 28.488802567317222,
            "cholec80_video44": 82.63452657444049,
            "cholec80_video45": 74.05152193354876,
            "cholec80_video46": 82.02968737506066,
            "cholec80_video47": 33.254365328684834,
            "cholec80_video48": 36.1274004712865,
            "cholec80_video49": 27.219738238135626,
            "cholec80_video50": 56.291893631017864
        },
        "Per_video_f1_EMA": {
            "cholec80_video41": 77.61474197688769,
            "cholec80_video43": 30.347539211592334,
            "cholec80_video44": 84.12215703837653,
            "cholec80_video45": 75.99042828790846,
            "cholec80_video46": 83.16904032333238,
            "cholec80_video47": 33.66816115644669,
            "cholec80_video48": 41.91714257589422,
            "cholec80_video49": 35.023709855240526,
            "cholec80_video50": 70.3355818259163
        }
    },
    "Endoscapes": {
        "mAP": 49.6076194271436,
        "mAP_EMA": 50.820954725987136,
        "mAP_per_class": {
            "C0": 51.28658872210089,
            "C1": 48.34545567650487,
            "C2": 49.19081388282503
        },
        "mAP_per_class_EMA": {
            "C0": 51.74134957688783,
            "C1": 50.27815598833527,
            "C2": 50.44335861273831
        }
    },
    "CholecT50": {
        "AP": {
            "AP_i": 52.7457555116884,
            "AP_v": 35.14882610170774,
            "AP_t": 26.281042140941754,
            "AP_iv": 21.944470657822762,
            "AP_it": 23.678495352679203,
            "AP_ivt": 21.5916391298454
        },
        "AP_EMA": {
            "AP_i": 58.712735954508965,
            "AP_v": 39.622118548318596,
            "AP_t": 27.624117079991983,
            "AP_iv": 26.141517162435676,
            "AP_it": 27.473635101278973,
            "AP_ivt": 22.627358033354337
        }
    }
}