{
    "Test": false,
    "Cholec80": {
        "F1_score": 71.59691200881727,
        "F1_score_EMA": 74.26091632263974,
        "Per_video_f1": {
            "cholec80_video41": 77.95880489223693,
            "cholec80_video43": 61.29072738085727,
            "cholec80_video44": 85.1747156748094,
            "cholec80_video45": 77.88676135068197,
            "cholec80_video46": 83.05233763164246,
            "cholec80_video47": 53.29609597893339,
            "cholec80_video48": 74.16538962966854,
            "cholec80_video49": 54.507129002201836,
            "cholec80_video50": 77.04024653832361
        },
        "Per_video_f1_EMA": {
            "cholec80_video41": 79.12374080854521,
            "cholec80_video43": 70.26983866837159,
            "cholec80_video44": 76.65881182794134,
            "cholec80_video45": 79.38312925739356,
            "cholec80_video46": 78.02607913346739,
            "cholec80_video47": 63.4034774988926,
            "cholec80_video48": 76.22940511220885,
            "cholec80_video49": 75.09190323342072,
            "cholec80_video50": 70.1618613635165
        }
    },
    "Endoscapes": {
        "mAP": 40.71280679050182,
        "mAP_EMA": 44.25340436181833,
        "mAP_per_class": {
            "C0": 38.148616704726415,
            "C1": 42.73915313155878,
            "C2": 41.250650535220274
        },
        "mAP_per_class_EMA": {
            "C0": 45.21266077806272,
            "C1": 43.710299318491515,
            "C2": 43.837252988900765
        }
    },
    "CholecT50": {
        "AP": {
            "AP_i": 61.1069239083383,
            "AP_v": 44.422035958048774,
            "AP_t": 31.29873726736539,
            "AP_iv": 29.002788200501783,
            "AP_it": 29.07530733236692,
            "AP_ivt": 24.427709946677137
        },
        "AP_EMA": {
            "AP_i": 74.80784949507219,
            "AP_v": 52.651592789467806,
            "AP_t": 40.4841382003993,
            "AP_iv": 33.62604709521629,
            "AP_it": 35.36088823779995,
            "AP_ivt": 30.295955652158383
        }
    }
}