{
    "Test": false,
    "Cholec80": {
        "F1_score": 42.27443156616214,
        "F1_score_EMA": 44.302047041217584,
        "Per_video_f1": {
            "cholec80_video41": 70.70018260029212,
            "cholec80_video43": 17.11359460248499,
            "cholec80_video44": 81.20140869275268,
            "cholec80_video45": 59.18722379197059,
            "cholec80_video46": 79.4709033796878,
            "cholec80_video47": 8.410065109798504,
            "cholec80_video48": 11.334529180018864,
            "cholec80_video49": 14.985666879641432,
            "cholec80_video50": 38.0663098588123
        },
        "Per_video_f1_EMA": {
            "cholec80_video41": 73.97314976682691,
            "cholec80_video43": 17.163313431301184,
            "cholec80_video44": 81.81099994231487,
            "cholec80_video45": 63.85685818607412,
            "cholec80_video46": 80.18416115144552,
            "cholec80_video47": 8.981155853314927,
            "cholec80_video48": 11.230953224571957,
            "cholec80_video49": 14.853993084824493,
            "cholec80_video50": 46.66383873028426
        }
    },
    "Endoscapes": {
        "mAP": 46.237755752337826,
        "mAP_EMA": 47.35190025520172,
        "mAP_per_class": {
            "C0": 47.53066748360205,
            "C1": 46.195696104455855,
            "C2": 44.98690366895558
        },
        "mAP_per_class_EMA": {
            "C0": 48.733601780950075,
            "C1": 47.13165333885389,
            "C2": 46.1904456458012
        }
    },
    "CholecT50": {
        "AP": {
            "AP_i": 44.47833307427507,
            "AP_v": 30.391252698345266,
            "AP_t": 23.247953261396717,
            "AP_iv": 20.288613880976893,
            "AP_it": 19.75627836074652,
            "AP_ivt": 16.75639003081087
        },
        "AP_EMA": {
            "AP_i": 45.31244525621415,
            "AP_v": 30.979555547035954,
            "AP_t": 24.259429258370744,
            "AP_iv": 20.79012789744529,
            "AP_it": 20.98065504201545,
            "AP_ivt": 17.673979927115013
        }
    }
}