{
    "Test": false,
    "Cholec80": {
        "F1_score": 7.57696784622359,
        "F1_score_EMA": 7.57696784622359,
        "Per_video_f1": {
            "cholec80_video41": 8.190476190476192,
            "cholec80_video43": 8.027832137421179,
            "cholec80_video44": 7.579215896885071,
            "cholec80_video45": 5.881761848936526,
            "cholec80_video46": 6.481357744220233,
            "cholec80_video47": 5.7324840764331215,
            "cholec80_video48": 9.58592132505176,
            "cholec80_video49": 5.2822299651567945,
            "cholec80_video50": 11.431431431431431
        },
        "Per_video_f1_EMA": {
            "cholec80_video41": 8.190476190476192,
            "cholec80_video43": 8.027832137421179,
            "cholec80_video44": 7.579215896885071,
            "cholec80_video45": 5.881761848936526,
            "cholec80_video46": 6.481357744220233,
            "cholec80_video47": 5.7324840764331215,
            "cholec80_video48": 9.58592132505176,
            "cholec80_video49": 5.2822299651567945,
            "cholec80_video50": 11.431431431431431
        }
    },
    "Endoscapes": {
        "mAP": 15.172315172315171,
        "mAP_EMA": 14.981718150532723,
        "mAP_per_class": {
            "C0": 16.344916344916342,
            "C1": 12.483912483912484,
            "C2": 16.68811668811669
        },
        "mAP_per_class_EMA": {
            "C0": 15.636625651138324,
            "C1": 13.026720497290773,
            "C2": 16.281808303169072
        }
    },
    "CholecT50": {
        "AP": {
            "AP_i": 26.11283258017789,
            "AP_v": 16.59277696589163,
            "AP_t": 11.772500178024744,
            "AP_iv": 9.085090807566889,
            "AP_it": 6.283760988210755,
            "AP_ivt": 5.00094180820581
        },
        "AP_EMA": {
            "AP_i": 21.490855933786836,
            "AP_v": 13.923050738866603,
            "AP_t": 11.500744875255673,
            "AP_iv": 7.834247457965384,
            "AP_it": 6.0350079769914595,
            "AP_ivt": 4.818738552884427
        }
    }
}