{
    "Test": false,
    "Cholec80": {
        "F1_score": 67.10519782710044,
        "F1_score_EMA": 73.87059656574623,
        "Per_video_f1": {
            "cholec80_video41": 79.28785415746678,
            "cholec80_video43": 48.225430246072875,
            "cholec80_video44": 86.05438223155305,
            "cholec80_video45": 79.68468440636295,
            "cholec80_video46": 79.20188318065614,
            "cholec80_video47": 43.41572396804671,
            "cholec80_video48": 59.084281089547275,
            "cholec80_video49": 52.94008209874577,
            "cholec80_video50": 76.05245906545238
        },
        "Per_video_f1_EMA": {
            "cholec80_video41": 79.34705710091572,
            "cholec80_video43": 62.023659413601294,
            "cholec80_video44": 84.04408753678646,
            "cholec80_video45": 83.27394888017604,
            "cholec80_video46": 83.42273358231627,
            "cholec80_video47": 57.908697025169445,
            "cholec80_video48": 72.52807550982189,
            "cholec80_video49": 62.058263213942375,
            "cholec80_video50": 80.22884682898653
        }
    },
    "Endoscapes": {
        "mAP": 53.551417630558625,
        "mAP_EMA": 52.388336370881184,
        "mAP_per_class": {
            "C0": 55.430477780365294,
            "C1": 54.77418847964145,
            "C2": 50.44958663166913
        },
        "mAP_per_class_EMA": {
            "C0": 51.50188501584667,
            "C1": 52.6832396971344,
            "C2": 52.97988439966249
        }
    },
    "CholecT50": {
        "AP": {
            "AP_i": 71.93366520486107,
            "AP_v": 47.50273839088551,
            "AP_t": 33.08059541656106,
            "AP_iv": 34.480832882870175,
            "AP_it": 33.77639826725194,
            "AP_ivt": 28.753949891188928
        },
        "AP_EMA": {
            "AP_i": 67.56594050962573,
            "AP_v": 47.34891968712402,
            "AP_t": 33.425870506871135,
            "AP_iv": 34.7409868509732,
            "AP_it": 32.4055243202312,
            "AP_ivt": 28.001075884136707
        }
    }
}