{
    "Test": false,
    "Cholec80": {
        "F1_score": 46.09374149660265,
        "F1_score_EMA": 48.56802454878925,
        "Per_video_f1": {
            "cholec80_video41": 73.34943186924068,
            "cholec80_video43": 21.946567603350307,
            "cholec80_video44": 81.99722853488134,
            "cholec80_video45": 60.72301294972423,
            "cholec80_video46": 80.41496137988229,
            "cholec80_video47": 15.175184906419565,
            "cholec80_video48": 14.713115434422214,
            "cholec80_video49": 18.33915647868894,
            "cholec80_video50": 48.185014312814275
        },
        "Per_video_f1_EMA": {
            "cholec80_video41": 75.84028763696894,
            "cholec80_video43": 20.63303336037888,
            "cholec80_video44": 82.68222943008593,
            "cholec80_video45": 67.8429773439089,
            "cholec80_video46": 82.08220515649349,
            "cholec80_video47": 14.978447560429018,
            "cholec80_video48": 20.338882193522558,
            "cholec80_video49": 20.46476431945934,
            "cholec80_video50": 52.249393937856205
        }
    },
    "Endoscapes": {
        "mAP": 46.28873780631425,
        "mAP_EMA": 48.30250879444284,
        "mAP_per_class": {
            "C0": 48.37401821127389,
            "C1": 45.47425017135633,
            "C2": 45.017945036312526
        },
        "mAP_per_class_EMA": {
            "C0": 49.531136519056254,
            "C1": 47.644215967267975,
            "C2": 47.7321738970043
        }
    },
    "CholecT50": {
        "AP": {
            "AP_i": 45.151607768581705,
            "AP_v": 30.728929906828863,
            "AP_t": 23.601294557450526,
            "AP_iv": 20.315492147859896,
            "AP_it": 20.042697311313756,
            "AP_ivt": 17.261860899084237
        },
        "AP_EMA": {
            "AP_i": 48.506680647767546,
            "AP_v": 32.844070341973655,
            "AP_t": 25.15980285466604,
            "AP_iv": 22.520825523859564,
            "AP_it": 22.974287930328565,
            "AP_ivt": 19.119295542123435
        }
    }
}