{
    "Test": false,
    "Cholec80": {
        "F1_score": 64.46750116780908,
        "F1_score_EMA": 1.966622796436659,
        "Per_video_f1": {
            "cholec80_video41": 63.470757948661785,
            "cholec80_video43": 61.07627695609427,
            "cholec80_video44": 69.53089437584946,
            "cholec80_video45": 70.05137598433093,
            "cholec80_video46": 57.58268654195723,
            "cholec80_video47": 63.6812046648693,
            "cholec80_video48": 65.87931170290055
        },
        "Per_video_f1_EMA": {
            "cholec80_video41": 1.2802628196403998,
            "cholec80_video43": 1.4906841499323797,
            "cholec80_video44": 2.945391834622226,
            "cholec80_video45": 1.0814176122674375,
            "cholec80_video46": 4.228320006594675,
            "cholec80_video47": 0.6956521739130435,
            "cholec80_video48": 2.044630978086451
        }
    },
    "Endoscapes": {
        "mAP": 35.73311102593267,
        "mAP_EMA": 12.734458216244596,
        "mAP_per_class": {
            "C0": 33.6654604090819,
            "C1": 34.65553215596985,
            "C2": 38.87834051274627
        },
        "mAP_per_class_EMA": {
            "C0": 14.03186155589311,
            "C1": 10.654343826539614,
            "C2": 13.51716926630106
        }
    },
    "CholecT50": {
        "AP": {
            "AP_i": 71.9846463236796,
            "AP_v": 49.50627646490975,
            "AP_t": 40.354992164592915,
            "AP_iv": 29.88398211049967,
            "AP_it": 34.59937518045148,
            "AP_ivt": 26.69428581355987
        },
        "AP_EMA": {
            "AP_i": 26.58838365407317,
            "AP_v": 16.791632061429592,
            "AP_t": 13.465713278527373,
            "AP_iv": 9.484217027802893,
            "AP_it": 7.2668660390086774,
            "AP_ivt": 5.950966066762939
        }
    }
}