{
    "Test": false,
    "Cholec80": {
        "F1_score": 71.12089395069168,
        "F1_score_EMA": 73.97644433790879,
        "Per_video_f1": {
            "cholec80_video41": 66.55885802916465,
            "cholec80_video43": 70.90150403843946,
            "cholec80_video44": 75.4285913020877,
            "cholec80_video45": 77.06790808335599,
            "cholec80_video46": 77.28826368882338,
            "cholec80_video47": 58.78922985006707,
            "cholec80_video48": 71.81190266290352
        },
        "Per_video_f1_EMA": {
            "cholec80_video41": 70.82572167244615,
            "cholec80_video43": 69.86426231132397,
            "cholec80_video44": 80.20890267016641,
            "cholec80_video45": 82.84077748522239,
            "cholec80_video46": 77.55961335729758,
            "cholec80_video47": 63.94280737502923,
            "cholec80_video48": 72.59302549387579
        }
    },
    "Endoscapes": {
        "mAP": 38.63665940755778,
        "mAP_EMA": 46.852435232745336,
        "mAP_per_class": {
            "C0": 41.97418571283763,
            "C1": 39.420037488618235,
            "C2": 34.515755021217466
        },
        "mAP_per_class_EMA": {
            "C0": 48.90284890543766,
            "C1": 45.52492869997323,
            "C2": 46.12952809282512
        }
    },
    "CholecT50": {
        "AP": {
            "AP_i": 76.54083541076888,
            "AP_v": 54.12298200282688,
            "AP_t": 37.258127582892925,
            "AP_iv": 34.05507189301326,
            "AP_it": 32.48018309670002,
            "AP_ivt": 28.372029522678712
        },
        "AP_EMA": {
            "AP_i": 84.956387455938,
            "AP_v": 61.17724822580235,
            "AP_t": 40.76178069193892,
            "AP_iv": 37.08454045325308,
            "AP_it": 35.96873593751331,
            "AP_ivt": 30.194354502826886
        }
    }
}