{
    "Test": false,
    "Cholec80": {
        "F1_score": 66.26267827280877,
        "F1_score_EMA": 71.9864048633481,
        "Per_video_f1": {
            "cholec80_video41": 68.20555079920342,
            "cholec80_video43": 62.42546421974768,
            "cholec80_video44": 67.0713063117154,
            "cholec80_video45": 77.86042256942248,
            "cholec80_video46": 69.83291820308072,
            "cholec80_video47": 53.424502639864635,
            "cholec80_video48": 65.01858316662705
        },
        "Per_video_f1_EMA": {
            "cholec80_video41": 71.31756617643829,
            "cholec80_video43": 69.39699540203264,
            "cholec80_video44": 76.87463746987689,
            "cholec80_video45": 80.19799124194965,
            "cholec80_video46": 73.97119917416377,
            "cholec80_video47": 61.7548847278013,
            "cholec80_video48": 70.39155985117411
        }
    },
    "Endoscapes": {
        "mAP": 39.45500476983024,
        "mAP_EMA": 47.32394205731194,
        "mAP_per_class": {
            "C0": 44.95310703955697,
            "C1": 45.428211808300766,
            "C2": 27.98369546163299
        },
        "mAP_per_class_EMA": {
            "C0": 47.89778811860701,
            "C1": 45.532886662528135,
            "C2": 48.54115139080067
        }
    },
    "CholecT50": {
        "AP": {
            "AP_i": 84.5954276860387,
            "AP_v": 62.922942856268016,
            "AP_t": 39.87572131881426,
            "AP_iv": 38.25369718841525,
            "AP_it": 34.972373342771775,
            "AP_ivt": 29.9200656544169
        },
        "AP_EMA": {
            "AP_i": 82.23623376062962,
            "AP_v": 58.297649663263044,
            "AP_t": 42.38623166494206,
            "AP_iv": 36.0493293263522,
            "AP_it": 37.32904676200436,
            "AP_ivt": 31.106735084299874
        }
    }
}