{
    "Test": false,
    "Cholec80": {
        "F1_score": 70.65010787353438,
        "F1_score_EMA": 59.65588846835585,
        "Per_video_f1": {
            "cholec80_video41": 60.31131374627202,
            "cholec80_video43": 69.94779894832122,
            "cholec80_video44": 77.83228878196064,
            "cholec80_video45": 79.0293627681128,
            "cholec80_video46": 72.8828760755215,
            "cholec80_video47": 63.85073792482844,
            "cholec80_video48": 70.69637686972402
        },
        "Per_video_f1_EMA": {
            "cholec80_video41": 68.44674215912477,
            "cholec80_video43": 60.960323606149124,
            "cholec80_video44": 60.968749321460635,
            "cholec80_video45": 66.59577423409976,
            "cholec80_video46": 56.844101632849,
            "cholec80_video47": 47.78697456550563,
            "cholec80_video48": 55.988553759302015
        }
    },
    "Endoscapes": {
        "mAP": 49.70055517460598,
        "mAP_EMA": 38.740805817907315,
        "mAP_per_class": {
            "C0": 55.26237744001833,
            "C1": 48.20118115412155,
            "C2": 45.63810692967807
        },
        "mAP_per_class_EMA": {
            "C0": 37.18343724380277,
            "C1": 36.49816497472856,
            "C2": 42.54081523519061
        }
    },
    "CholecT50": {
        "AP": {
            "AP_i": 86.94419073021459,
            "AP_v": 61.29170310159119,
            "AP_t": 41.10015033714963,
            "AP_iv": 38.421694884720644,
            "AP_it": 35.72190735873007,
            "AP_ivt": 30.03009899423117
        },
        "AP_EMA": {
            "AP_i": 73.4597925094936,
            "AP_v": 52.679960714305125,
            "AP_t": 38.710218198852985,
            "AP_iv": 31.69466544710483,
            "AP_it": 32.99407064517969,
            "AP_ivt": 27.890563439150444
        }
    }
}