{
    "Test": false,
    "Cholec80": {
        "F1_score": 71.03406102935689,
        "F1_score_EMA": 73.37108870214662,
        "Per_video_f1": {
            "cholec80_video41": 68.91102305370144,
            "cholec80_video43": 67.99382993746507,
            "cholec80_video44": 74.80382477098075,
            "cholec80_video45": 78.97225368277326,
            "cholec80_video46": 71.64026424649936,
            "cholec80_video47": 59.44865499274371,
            "cholec80_video48": 75.4685765213347
        },
        "Per_video_f1_EMA": {
            "cholec80_video41": 73.11309737693504,
            "cholec80_video43": 74.35551994986537,
            "cholec80_video44": 78.4064753804051,
            "cholec80_video45": 81.1945386540473,
            "cholec80_video46": 70.75283477322833,
            "cholec80_video47": 60.80686883782913,
            "cholec80_video48": 74.96828594271605
        }
    },
    "Endoscapes": {
        "mAP": 35.52221065342725,
        "mAP_EMA": 42.02273389500011,
        "mAP_per_class": {
            "C0": 39.66044142405557,
            "C1": 36.37703887082691,
            "C2": 30.52915166539928
        },
        "mAP_per_class_EMA": {
            "C0": 44.99941439989338,
            "C1": 40.86087887220498,
            "C2": 40.20790841290196
        }
    },
    "CholecT50": {
        "AP": {
            "AP_i": 80.95926253679096,
            "AP_v": 53.44465133107127,
            "AP_t": 42.16887337443951,
            "AP_iv": 33.33011568438348,
            "AP_it": 36.748399456394736,
            "AP_ivt": 29.652638460663535
        },
        "AP_EMA": {
            "AP_i": 87.30672598348913,
            "AP_v": 63.71249249233334,
            "AP_t": 45.465791221352944,
            "AP_iv": 41.60787330036687,
            "AP_it": 41.20201113216428,
            "AP_ivt": 35.94254368552071
        }
    }
}