{
    "Test": false,
    "Cholec80": {
        "F1_score": 68.55564010702007,
        "F1_score_EMA": 73.90577638350405,
        "Per_video_f1": {
            "cholec80_video41": 71.28511356952451,
            "cholec80_video43": 71.13748848778634,
            "cholec80_video44": 67.66164110416787,
            "cholec80_video45": 76.78282225234939,
            "cholec80_video46": 68.18002037280468,
            "cholec80_video47": 59.073885856977284,
            "cholec80_video48": 65.76850910553043
        },
        "Per_video_f1_EMA": {
            "cholec80_video41": 72.603784139619,
            "cholec80_video43": 74.12866551953222,
            "cholec80_video44": 78.83624794542278,
            "cholec80_video45": 81.48334412930399,
            "cholec80_video46": 72.7447326363519,
            "cholec80_video47": 62.004925713099965,
            "cholec80_video48": 75.53873460119851
        }
    },
    "Endoscapes": {
        "mAP": 36.05898456211023,
        "mAP_EMA": 39.09144955965158,
        "mAP_per_class": {
            "C0": 38.8196593300275,
            "C1": 38.913512036350085,
            "C2": 30.443782319953115
        },
        "mAP_per_class_EMA": {
            "C0": 40.187611599209646,
            "C1": 41.1221239129446,
            "C2": 35.9646131668005
        }
    },
    "CholecT50": {
        "AP": {
            "AP_i": 79.3834525943815,
            "AP_v": 55.15644738852569,
            "AP_t": 40.454690681352844,
            "AP_iv": 34.76522969069321,
            "AP_it": 33.01112836074014,
            "AP_ivt": 27.506965689988363
        },
        "AP_EMA": {
            "AP_i": 85.19885454962423,
            "AP_v": 63.40769639289304,
            "AP_t": 44.25358954382979,
            "AP_iv": 39.46708259549587,
            "AP_it": 38.452871484710016,
            "AP_ivt": 32.901009575750486
        }
    }
}