{
    "Test": false,
    "Cholec80": {
        "F1_score": 71.24057444320758,
        "F1_score_EMA": 72.94052543209082,
        "Per_video_f1": {
            "cholec80_video41": 73.8440171905431,
            "cholec80_video43": 69.95787372876097,
            "cholec80_video44": 71.48195587583099,
            "cholec80_video45": 83.01090555940843,
            "cholec80_video46": 66.29260096825243,
            "cholec80_video47": 59.06064248092352,
            "cholec80_video48": 75.03602529873365
        },
        "Per_video_f1_EMA": {
            "cholec80_video41": 72.72159056913135,
            "cholec80_video43": 73.96397401618387,
            "cholec80_video44": 77.82658515888299,
            "cholec80_video45": 82.93117942292571,
            "cholec80_video46": 69.23731918817556,
            "cholec80_video47": 59.01321914202714,
            "cholec80_video48": 74.8898105273091
        }
    },
    "Endoscapes": {
        "mAP": 40.543960281710056,
        "mAP_EMA": 41.20041686565735,
        "mAP_per_class": {
            "C0": 43.17355192369827,
            "C1": 41.88384509091119,
            "C2": 36.57448383052071
        },
        "mAP_per_class_EMA": {
            "C0": 44.934384667967834,
            "C1": 42.402109688404444,
            "C2": 36.26475624059977
        }
    },
    "CholecT50": {
        "AP": {
            "AP_i": 85.6680563239289,
            "AP_v": 58.23746327253506,
            "AP_t": 40.90814597166573,
            "AP_iv": 35.816120348994474,
            "AP_it": 35.29468896139209,
            "AP_ivt": 28.706124304223124
        },
        "AP_EMA": {
            "AP_i": 84.91182414742819,
            "AP_v": 61.536444945037076,
            "AP_t": 43.53326674810924,
            "AP_iv": 38.65010938755083,
            "AP_it": 38.225322978022845,
            "AP_ivt": 32.27964805387625
        }
    }
}