{
    "Test": false,
    "Cholec80": {
        "F1_score": 70.26189868168265,
        "F1_score_EMA": 72.56453296648384,
        "Per_video_f1": {
            "cholec80_video41": 71.28403988403029,
            "cholec80_video43": 69.43544684030643,
            "cholec80_video44": 73.54051067808679,
            "cholec80_video45": 77.59430033197728,
            "cholec80_video46": 69.19818475394518,
            "cholec80_video47": 58.57806638989776,
            "cholec80_video48": 72.2027418935348
        },
        "Per_video_f1_EMA": {
            "cholec80_video41": 71.09224124758676,
            "cholec80_video43": 72.523208677113,
            "cholec80_video44": 76.51255762820696,
            "cholec80_video45": 80.1990908899963,
            "cholec80_video46": 71.5745663496396,
            "cholec80_video47": 60.31581736284609,
            "cholec80_video48": 75.73424860999816
        }
    },
    "Endoscapes": {
        "mAP": 34.48068614194155,
        "mAP_EMA": 36.808414506919895,
        "mAP_per_class": {
            "C0": 36.53036672883225,
            "C1": 32.88833626436473,
            "C2": 34.02335543262765
        },
        "mAP_per_class_EMA": {
            "C0": 39.27425401032503,
            "C1": 37.91188579786502,
            "C2": 33.239103712569644
        }
    },
    "CholecT50": {
        "AP": {
            "AP_i": 78.20816951798568,
            "AP_v": 54.048487822477306,
            "AP_t": 37.318236974866736,
            "AP_iv": 34.27852161185928,
            "AP_it": 32.24381441914452,
            "AP_ivt": 27.243222684515512
        },
        "AP_EMA": {
            "AP_i": 83.58881714218727,
            "AP_v": 63.386086701602224,
            "AP_t": 42.64009510326113,
            "AP_iv": 40.218286370597966,
            "AP_it": 37.29340765107791,
            "AP_ivt": 32.501998222015295
        }
    }
}