{
    "Test": false,
    "Cholec80": {
        "F1_score": 71.26790025946455,
        "F1_score_EMA": 73.90952896658878,
        "Per_video_f1": {
            "cholec80_video41": 70.24211001678056,
            "cholec80_video43": 64.35784111897594,
            "cholec80_video44": 78.3630674389965,
            "cholec80_video45": 77.37643434944157,
            "cholec80_video46": 68.62955793569732,
            "cholec80_video47": 63.442074081284424,
            "cholec80_video48": 76.46421687507559
        },
        "Per_video_f1_EMA": {
            "cholec80_video41": 72.47656534497632,
            "cholec80_video43": 71.35445191222945,
            "cholec80_video44": 82.68711764780036,
            "cholec80_video45": 81.56649084597207,
            "cholec80_video46": 72.13824047551286,
            "cholec80_video47": 60.78340891933796,
            "cholec80_video48": 76.36042762029247
        }
    },
    "Endoscapes": {
        "mAP": 38.93477162143899,
        "mAP_EMA": 41.90010654157823,
        "mAP_per_class": {
            "C0": 46.15491176127363,
            "C1": 36.15174313971661,
            "C2": 34.49765996332673
        },
        "mAP_per_class_EMA": {
            "C0": 45.669259764503344,
            "C1": 40.42767508177171,
            "C2": 39.60338477845964
        }
    },
    "CholecT50": {
        "AP": {
            "AP_i": 80.78044024601526,
            "AP_v": 54.65773282935835,
            "AP_t": 40.496431726290865,
            "AP_iv": 33.677526449563324,
            "AP_it": 35.434523854686844,
            "AP_ivt": 30.69270770483829
        },
        "AP_EMA": {
            "AP_i": 84.87094859385957,
            "AP_v": 62.5907266309447,
            "AP_t": 43.48233216966313,
            "AP_iv": 39.22901198024584,
            "AP_it": 39.05603503319943,
            "AP_ivt": 32.823358995329116
        }
    }
}