{
    "Test": false,
    "Cholec80": {
        "F1_score": 73.12522227268131,
        "F1_score_EMA": 72.03643213834363,
        "Per_video_f1": {
            "cholec80_video41": 75.44074379995854,
            "cholec80_video43": 67.55864390903386,
            "cholec80_video44": 79.935107332196,
            "cholec80_video45": 81.8791199822266,
            "cholec80_video46": 69.62181520250539,
            "cholec80_video47": 64.00797714018339,
            "cholec80_video48": 73.43314854266542
        },
        "Per_video_f1_EMA": {
            "cholec80_video41": 71.2651175705174,
            "cholec80_video43": 75.9981155714848,
            "cholec80_video44": 72.482432837327,
            "cholec80_video45": 81.8508060807345,
            "cholec80_video46": 68.31521823499196,
            "cholec80_video47": 59.861815077818434,
            "cholec80_video48": 74.48151959553132
        }
    },
    "Endoscapes": {
        "mAP": 41.24538798521814,
        "mAP_EMA": 43.81511091729787,
        "mAP_per_class": {
            "C0": 45.99679702013438,
            "C1": 41.418842881648175,
            "C2": 36.32052405387186
        },
        "mAP_per_class_EMA": {
            "C0": 48.32073087888789,
            "C1": 42.35340630363307,
            "C2": 40.77119556937265
        }
    },
    "CholecT50": {
        "AP": {
            "AP_i": 83.87658335063598,
            "AP_v": 55.628239304480644,
            "AP_t": 39.726421390797164,
            "AP_iv": 35.823532393012194,
            "AP_it": 36.205552203379256,
            "AP_ivt": 30.322903719971467
        },
        "AP_EMA": {
            "AP_i": 87.92629959276387,
            "AP_v": 61.85085220672139,
            "AP_t": 45.253383445733895,
            "AP_iv": 41.18479588758684,
            "AP_it": 42.29848045819882,
            "AP_ivt": 36.45737867028636
        }
    }
}