{
    "Test": true,
    "Cholec80": {
        "F1_score": 60.922931411283784,
        "F1_score_EMA": null,
        "Per_video_f1": {
            "cholec80_video51": 62.579410223303825,
            "cholec80_video53": 69.36312990157184,
            "cholec80_video54": 63.216246990115735,
            "cholec80_video55": 67.26114201106962,
            "cholec80_video58": 43.15240067104249,
            "cholec80_video59": 63.83048613354695,
            "cholec80_video61": 61.1180523244063,
            "cholec80_video63": 52.81699677735424,
            "cholec80_video64": 67.81425228214576,
            "cholec80_video69": 71.94787602136739,
            "cholec80_video73": 64.76905156773577,
            "cholec80_video74": 53.79730937472269,
            "cholec80_video76": 67.28052959807674,
            "cholec80_video77": 69.58674296420428,
            "cholec80_video80": 35.31034432859316
        },
        "Per_video_f1_EMA": null
    },
    "Endoscapes": {
        "mAP": 51.95510562403001,
        "mAP_EMA": null,
        "mAP_per_class": {
            "C0": 54.45534858612107,
            "C1": 42.602875728444154,
            "C2": 58.80709255752481
        },
        "mAP_per_class_EMA": null
    },
    "CholecT50": {
        "AP": {
            "AP_i": 88.00167920176375,
            "AP_v": 61.679746833941465,
            "AP_t": 42.36337287020064,
            "AP_iv": 38.60366677504186,
            "AP_it": 35.57858337432116,
            "AP_ivt": 29.67547358738657
        },
        "AP_EMA": null
    }
}