{
    "Test": false,
    "Cholec80": {
        "F1_score": 71.08408735825046,
        "F1_score_EMA": 72.41284497847752,
        "Per_video_f1": {
            "cholec80_video41": 64.77784465992784,
            "cholec80_video43": 70.61704478409416,
            "cholec80_video44": 72.97386676906072,
            "cholec80_video45": 78.77916278109988,
            "cholec80_video46": 73.28569378595357,
            "cholec80_video47": 65.68626033919858,
            "cholec80_video48": 71.46873838841842
        },
        "Per_video_f1_EMA": {
            "cholec80_video41": 70.80339048139504,
            "cholec80_video43": 72.83068566029894,
            "cholec80_video44": 76.931670928627,
            "cholec80_video45": 80.23631692994346,
            "cholec80_video46": 72.58551243103072,
            "cholec80_video47": 58.13586233407495,
            "cholec80_video48": 75.36647608397257
        }
    },
    "Endoscapes": {
        "mAP": 34.041828352617856,
        "mAP_EMA": 38.38695813369654,
        "mAP_per_class": {
            "C0": 37.53330578509047,
            "C1": 34.90585633176529,
            "C2": 29.6863229409978
        },
        "mAP_per_class_EMA": {
            "C0": 41.13446960852341,
            "C1": 39.26128127124352,
            "C2": 34.765123521322685
        }
    },
    "CholecT50": {
        "AP": {
            "AP_i": 76.2759570579526,
            "AP_v": 58.29511083358202,
            "AP_t": 37.52801209723713,
            "AP_iv": 36.410410225296104,
            "AP_it": 32.09536108003776,
            "AP_ivt": 27.86858313812111
        },
        "AP_EMA": {
            "AP_i": 84.97875220561127,
            "AP_v": 64.72250598329735,
            "AP_t": 43.2075810874636,
            "AP_iv": 41.18320038266752,
            "AP_it": 38.52394918619542,
            "AP_ivt": 33.88451084749141
        }
    }
}