{
    "Test": false,
    "Cholec80": {
        "F1_score": 71.67461124537873,
        "F1_score_EMA": 48.0607306241495,
        "Per_video_f1": {
            "cholec80_video41": 71.2060899546769,
            "cholec80_video43": 70.9907608758819,
            "cholec80_video44": 77.4424539080403,
            "cholec80_video45": 75.86131978521998,
            "cholec80_video46": 72.36377663919615,
            "cholec80_video47": 58.17686738979491,
            "cholec80_video48": 75.68101016484097
        },
        "Per_video_f1_EMA": {
            "cholec80_video41": 54.09683012806658,
            "cholec80_video43": 50.89988648640278,
            "cholec80_video44": 47.11280894375718,
            "cholec80_video45": 42.037177785070284,
            "cholec80_video46": 42.742180011736785,
            "cholec80_video47": 48.43944509345356,
            "cholec80_video48": 51.09678592055932
        }
    },
    "Endoscapes": {
        "mAP": 43.92942725472275,
        "mAP_EMA": 37.701687355941985,
        "mAP_per_class": {
            "C0": 47.793467745405174,
            "C1": 40.654433800735816,
            "C2": 43.34038021802724
        },
        "mAP_per_class_EMA": {
            "C0": 37.18125352896717,
            "C1": 32.66210950819199,
            "C2": 43.2616990306668
        }
    },
    "CholecT50": {
        "AP": {
            "AP_i": 88.95084719357003,
            "AP_v": 65.02918554660864,
            "AP_t": 45.20475761199306,
            "AP_iv": 40.073651490748105,
            "AP_it": 41.39125011484711,
            "AP_ivt": 34.65053350337624
        },
        "AP_EMA": {
            "AP_i": 79.68912365287798,
            "AP_v": 56.073880839379214,
            "AP_t": 42.11474027833593,
            "AP_iv": 35.71891959060298,
            "AP_it": 35.50202901153759,
            "AP_ivt": 30.511889814682835
        }
    }
}