{
    "Test": false,
    "Cholec80": {
        "F1_score": 68.59931816015222,
        "F1_score_EMA": 11.475000597562639,
        "Per_video_f1": {
            "cholec80_video41": 66.38262280290382,
            "cholec80_video43": 68.84627229832493,
            "cholec80_video44": 77.59360472116761,
            "cholec80_video45": 74.94703441609633,
            "cholec80_video46": 64.72738817482441,
            "cholec80_video47": 58.68394448841807,
            "cholec80_video48": 69.01436021933038
        },
        "Per_video_f1_EMA": {
            "cholec80_video41": 11.68964384266991,
            "cholec80_video43": 14.324849585980944,
            "cholec80_video44": 11.24260765963836,
            "cholec80_video45": 11.596900995268252,
            "cholec80_video46": 12.385704818813352,
            "cholec80_video47": 8.384493933872074,
            "cholec80_video48": 10.700803346695585
        }
    },
    "Endoscapes": {
        "mAP": 44.14183783777391,
        "mAP_EMA": 13.635446559098588,
        "mAP_per_class": {
            "C0": 46.54355414302118,
            "C1": 41.24141420892518,
            "C2": 44.64054516137538
        },
        "mAP_per_class_EMA": {
            "C0": 15.24784341707474,
            "C1": 11.058879428946739,
            "C2": 14.599616831274286
        }
    },
    "CholecT50": {
        "AP": {
            "AP_i": 88.40685231543698,
            "AP_v": 61.465021224845074,
            "AP_t": 45.923038675802154,
            "AP_iv": 40.45444416987242,
            "AP_it": 41.14945872407447,
            "AP_ivt": 35.43733276789499
        },
        "AP_EMA": {
            "AP_i": 22.78002513476005,
            "AP_v": 15.501808682787365,
            "AP_t": 13.250882626160518,
            "AP_iv": 8.687797661504824,
            "AP_it": 7.00476623259338,
            "AP_ivt": 5.637309105017265
        }
    }
}