{
    "Test": false,
    "Cholec80": {
        "F1_score": 69.34694565212041,
        "F1_score_EMA": 11.99639047639555,
        "Per_video_f1": {
            "cholec80_video41": 67.90388756041314,
            "cholec80_video43": 68.35621976269117,
            "cholec80_video44": 76.43203952357128,
            "cholec80_video45": 74.26470881218371,
            "cholec80_video46": 66.97327749665385,
            "cholec80_video47": 64.40240480355686,
            "cholec80_video48": 67.0960816057729
        },
        "Per_video_f1_EMA": {
            "cholec80_video41": 12.744123576942581,
            "cholec80_video43": 15.079691586476843,
            "cholec80_video44": 10.624410098369077,
            "cholec80_video45": 11.907871464872944,
            "cholec80_video46": 13.100503961545604,
            "cholec80_video47": 9.592901249273977,
            "cholec80_video48": 10.925231397287826
        }
    },
    "Endoscapes": {
        "mAP": 45.28912933802809,
        "mAP_EMA": 13.650221238470417,
        "mAP_per_class": {
            "C0": 47.719300578526955,
            "C1": 42.51762881135336,
            "C2": 45.630458624203946
        },
        "mAP_per_class_EMA": {
            "C0": 15.212612305421597,
            "C1": 11.05467176487121,
            "C2": 14.68337964511844
        }
    },
    "CholecT50": {
        "AP": {
            "AP_i": 88.24092517891417,
            "AP_v": 60.82636308299518,
            "AP_t": 45.634673111747745,
            "AP_iv": 39.33978500949566,
            "AP_it": 40.152628531282566,
            "AP_ivt": 34.67360999950577
        },
        "AP_EMA": {
            "AP_i": 22.824459416194173,
            "AP_v": 15.54099182358621,
            "AP_t": 13.278530460480027,
            "AP_iv": 8.70955984295558,
            "AP_it": 7.03170036696024,
            "AP_ivt": 5.655494966128869
        }
    }
}