{
    "Test": false,
    "Cholec80": {
        "F1_score": 70.10339563854035,
        "F1_score_EMA": 73.66211865313981,
        "Per_video_f1": {
            "cholec80_video41": 66.62146866867621,
            "cholec80_video43": 71.28823468389547,
            "cholec80_video44": 74.86311112928942,
            "cholec80_video45": 79.62752318171962,
            "cholec80_video46": 66.56036891437883,
            "cholec80_video47": 58.58729107628579,
            "cholec80_video48": 73.17577181553706
        },
        "Per_video_f1_EMA": {
            "cholec80_video41": 72.51950218063989,
            "cholec80_video43": 71.8901854354964,
            "cholec80_video44": 82.4045055325351,
            "cholec80_video45": 80.83208342464566,
            "cholec80_video46": 71.22805315798443,
            "cholec80_video47": 60.96771878908014,
            "cholec80_video48": 75.79278205159706
        }
    },
    "Endoscapes": {
        "mAP": 36.12747983660059,
        "mAP_EMA": 42.730223156250716,
        "mAP_per_class": {
            "C0": 40.54837383500417,
            "C1": 32.1738111071179,
            "C2": 35.660254567679715
        },
        "mAP_per_class_EMA": {
            "C0": 47.003616381727745,
            "C1": 40.73717763651039,
            "C2": 40.449875450514014
        }
    },
    "CholecT50": {
        "AP": {
            "AP_i": 77.3560826977066,
            "AP_v": 53.34728852786982,
            "AP_t": 39.0355896864128,
            "AP_iv": 33.60238220475907,
            "AP_it": 32.46960073020226,
            "AP_ivt": 27.574628103845498
        },
        "AP_EMA": {
            "AP_i": 86.0697016672201,
            "AP_v": 65.20243725557137,
            "AP_t": 44.557063275917656,
            "AP_iv": 40.831315936850416,
            "AP_it": 40.369995378359256,
            "AP_ivt": 34.34679224082879
        }
    }
}