{
    "Test": false,
    "Cholec80": {
        "F1_score": 69.81178741790026,
        "F1_score_EMA": 72.86126882860181,
        "Per_video_f1": {
            "cholec80_video41": 70.85438398947481,
            "cholec80_video43": 71.17828584068482,
            "cholec80_video44": 78.00017402717374,
            "cholec80_video45": 74.57811320696725,
            "cholec80_video46": 65.47920844823582,
            "cholec80_video47": 59.856835405271426,
            "cholec80_video48": 68.73551100749394
        },
        "Per_video_f1_EMA": {
            "cholec80_video41": 72.50226872836674,
            "cholec80_video43": 73.56200785539568,
            "cholec80_video44": 78.8612408814888,
            "cholec80_video45": 80.72075035646745,
            "cholec80_video46": 69.32700501828134,
            "cholec80_video47": 59.714642462932254,
            "cholec80_video48": 75.34096649728042
        }
    },
    "Endoscapes": {
        "mAP": 37.406419179239805,
        "mAP_EMA": 39.95943159509049,
        "mAP_per_class": {
            "C0": 37.52431251914372,
            "C1": 40.1633385334444,
            "C2": 34.5316064851313
        },
        "mAP_per_class_EMA": {
            "C0": 42.251348992320615,
            "C1": 40.360385735610954,
            "C2": 37.2665600573399
        }
    },
    "CholecT50": {
        "AP": {
            "AP_i": 82.70104794332033,
            "AP_v": 56.91242020763131,
            "AP_t": 39.75061599726568,
            "AP_iv": 34.12829894911092,
            "AP_it": 32.59556109610167,
            "AP_ivt": 26.972599648807257
        },
        "AP_EMA": {
            "AP_i": 84.83428385326378,
            "AP_v": 61.64499778136677,
            "AP_t": 42.67479339181383,
            "AP_iv": 38.5213756891265,
            "AP_it": 37.39379106124972,
            "AP_ivt": 31.904942465573946
        }
    }
}