{
    "Test": false,
    "Cholec80": {
        "F1_score": 68.55418604554923,
        "F1_score_EMA": 73.18517244683011,
        "Per_video_f1": {
            "cholec80_video41": 69.76789411137092,
            "cholec80_video43": 70.20885581208184,
            "cholec80_video44": 65.97226728304422,
            "cholec80_video45": 78.06304172208051,
            "cholec80_video46": 62.919026645864065,
            "cholec80_video47": 58.55500504642873,
            "cholec80_video48": 74.39321169797431
        },
        "Per_video_f1_EMA": {
            "cholec80_video41": 72.88507286598251,
            "cholec80_video43": 75.10066074372048,
            "cholec80_video44": 77.97486788409535,
            "cholec80_video45": 81.98188107183644,
            "cholec80_video46": 69.3271210376866,
            "cholec80_video47": 59.574499745271034,
            "cholec80_video48": 75.45210377921833
        }
    },
    "Endoscapes": {
        "mAP": 39.157458472214934,
        "mAP_EMA": 41.81379716064696,
        "mAP_per_class": {
            "C0": 43.98199529313165,
            "C1": 40.14983534080272,
            "C2": 33.34054478271044
        },
        "mAP_per_class_EMA": {
            "C0": 46.32799996784238,
            "C1": 41.40218595257193,
            "C2": 37.711205561526576
        }
    },
    "CholecT50": {
        "AP": {
            "AP_i": 81.42950245127561,
            "AP_v": 56.66775461562611,
            "AP_t": 39.62152541597882,
            "AP_iv": 35.62299356291844,
            "AP_it": 33.39855317795565,
            "AP_ivt": 28.42167608826838
        },
        "AP_EMA": {
            "AP_i": 85.68923662686969,
            "AP_v": 62.045363035419086,
            "AP_t": 43.93594745514875,
            "AP_iv": 39.8949243403743,
            "AP_it": 39.59940388602573,
            "AP_ivt": 33.60843854268372
        }
    }
}