{
    "Test": false,
    "Cholec80": {
        "F1_score": 70.87992392605257,
        "F1_score_EMA": 72.49978291368929,
        "Per_video_f1": {
            "cholec80_video41": 67.00554158638869,
            "cholec80_video43": 68.52707430278703,
            "cholec80_video44": 74.11875574401058,
            "cholec80_video45": 79.8063507778888,
            "cholec80_video46": 70.36163822747471,
            "cholec80_video47": 63.78446833145166,
            "cholec80_video48": 72.5556385123665
        },
        "Per_video_f1_EMA": {
            "cholec80_video41": 70.69227428134707,
            "cholec80_video43": 72.58071598563033,
            "cholec80_video44": 76.73438746712303,
            "cholec80_video45": 80.3279118151573,
            "cholec80_video46": 71.23138403274008,
            "cholec80_video47": 59.89759555537605,
            "cholec80_video48": 76.03421125845112
        }
    },
    "Endoscapes": {
        "mAP": 33.26705331116129,
        "mAP_EMA": 36.285692856093725,
        "mAP_per_class": {
            "C0": 36.67935999921751,
            "C1": 31.412009779189958,
            "C2": 31.709790155076412
        },
        "mAP_per_class_EMA": {
            "C0": 38.469770453757626,
            "C1": 37.20454355994695,
            "C2": 33.18276455457659
        }
    },
    "CholecT50": {
        "AP": {
            "AP_i": 77.65436483785281,
            "AP_v": 51.59991599548547,
            "AP_t": 39.51859679317023,
            "AP_iv": 32.89274480329614,
            "AP_it": 32.63411415259429,
            "AP_ivt": 26.97392126325593
        },
        "AP_EMA": {
            "AP_i": 83.48233934662197,
            "AP_v": 62.933819139292005,
            "AP_t": 42.3034749760631,
            "AP_iv": 40.0036785159122,
            "AP_it": 36.74808796998367,
            "AP_ivt": 32.10085369408862
        }
    }
}