{
    "Test": false,
    "Cholec80": {
        "F1_score": 71.03235340262219,
        "F1_score_EMA": 73.95430566828274,
        "Per_video_f1": {
            "cholec80_video41": 73.73706330244377,
            "cholec80_video43": 64.93128783872274,
            "cholec80_video44": 72.11377179245059,
            "cholec80_video45": 83.09051856460796,
            "cholec80_video46": 66.77393026079729,
            "cholec80_video47": 64.14469385688096,
            "cholec80_video48": 72.43520820245205
        },
        "Per_video_f1_EMA": {
            "cholec80_video41": 72.4172937818915,
            "cholec80_video43": 74.895644467817,
            "cholec80_video44": 79.36665299850269,
            "cholec80_video45": 81.5504350258884,
            "cholec80_video46": 71.5258315939409,
            "cholec80_video47": 62.56281148677185,
            "cholec80_video48": 75.36147032316688
        }
    },
    "Endoscapes": {
        "mAP": 35.12615101845825,
        "mAP_EMA": 40.50350955824361,
        "mAP_per_class": {
            "C0": 34.389015197609815,
            "C1": 36.36038220267609,
            "C2": 34.62905565508885
        },
        "mAP_per_class_EMA": {
            "C0": 41.559364526731635,
            "C1": 42.28364079984181,
            "C2": 37.66752334815738
        }
    },
    "CholecT50": {
        "AP": {
            "AP_i": 79.14827806416424,
            "AP_v": 55.34147569046796,
            "AP_t": 40.35601806345017,
            "AP_iv": 35.87950428740761,
            "AP_it": 34.394918003786245,
            "AP_ivt": 29.809262034507018
        },
        "AP_EMA": {
            "AP_i": 87.00999615431589,
            "AP_v": 65.06433803273464,
            "AP_t": 45.01315689054674,
            "AP_iv": 40.96904141958225,
            "AP_it": 40.58522853940092,
            "AP_ivt": 34.99962188700213
        }
    }
}