{
    "Test": false,
    "Cholec80": {
        "F1_score": 68.32373672146896,
        "F1_score_EMA": 66.74896694253472,
        "Per_video_f1": {
            "cholec80_video41": 69.4753812673886,
            "cholec80_video43": 72.17478167615734,
            "cholec80_video44": 66.34279942144612,
            "cholec80_video45": 76.26384958502162,
            "cholec80_video46": 62.096076663539726,
            "cholec80_video47": 60.26848472890709,
            "cholec80_video48": 71.64478370782227
        },
        "Per_video_f1_EMA": {
            "cholec80_video41": 66.49195125837562,
            "cholec80_video43": 76.63607271749765,
            "cholec80_video44": 60.76752758340108,
            "cholec80_video45": 71.52983132226528,
            "cholec80_video46": 62.52279683626117,
            "cholec80_video47": 58.75905181488027,
            "cholec80_video48": 70.53553706506193
        }
    },
    "Endoscapes": {
        "mAP": 37.000988829302706,
        "mAP_EMA": 45.96302542812941,
        "mAP_per_class": {
            "C0": 49.94222184583968,
            "C1": 34.61388215736619,
            "C2": 26.446862484702244
        },
        "mAP_per_class_EMA": {
            "C0": 49.52157525574156,
            "C1": 42.203231667331885,
            "C2": 46.16426936131479
        }
    },
    "CholecT50": {
        "AP": {
            "AP_i": 84.78989018674942,
            "AP_v": 57.02256584043977,
            "AP_t": 42.415099196748706,
            "AP_iv": 37.392227512262195,
            "AP_it": 39.60059228604672,
            "AP_ivt": 32.33713877081439
        },
        "AP_EMA": {
            "AP_i": 87.51464962742683,
            "AP_v": 61.99920574599663,
            "AP_t": 45.87332371568933,
            "AP_iv": 40.63057875497456,
            "AP_it": 42.57831501594192,
            "AP_ivt": 37.36858219994454
        }
    }
}