{
    "Test": false,
    "Cholec80": {
        "F1_score": 71.54383379382813,
        "F1_score_EMA": 73.59818179914781,
        "Per_video_f1": {
            "cholec80_video41": 72.95116295817324,
            "cholec80_video43": 69.09619389339467,
            "cholec80_video44": 78.18006865580533,
            "cholec80_video45": 80.46287266050525,
            "cholec80_video46": 69.07033589737188,
            "cholec80_video47": 57.38067740310326,
            "cholec80_video48": 73.66552508844325
        },
        "Per_video_f1_EMA": {
            "cholec80_video41": 72.33381601612916,
            "cholec80_video43": 72.40404194641148,
            "cholec80_video44": 82.86025548532501,
            "cholec80_video45": 79.97188122764948,
            "cholec80_video46": 70.34761423124918,
            "cholec80_video47": 61.374469830602784,
            "cholec80_video48": 75.89519385666758
        }
    },
    "Endoscapes": {
        "mAP": 38.322957443341345,
        "mAP_EMA": 43.46542328962641,
        "mAP_per_class": {
            "C0": 41.13200764404929,
            "C1": 38.74908083356487,
            "C2": 35.087783852409885
        },
        "mAP_per_class_EMA": {
            "C0": 47.32735958344104,
            "C1": 41.83046641062245,
            "C2": 41.238443874815744
        }
    },
    "CholecT50": {
        "AP": {
            "AP_i": 80.58262015759664,
            "AP_v": 56.43749119815252,
            "AP_t": 39.97947598482502,
            "AP_iv": 34.52459071855366,
            "AP_it": 36.26184782761469,
            "AP_ivt": 29.692156186194154
        },
        "AP_EMA": {
            "AP_i": 86.88478081060516,
            "AP_v": 66.883530910769,
            "AP_t": 44.942106238921774,
            "AP_iv": 41.82993073785781,
            "AP_it": 41.01837566166963,
            "AP_ivt": 35.17682071347827
        }
    }
}