{
    "Test": false,
    "Cholec80": {
        "F1_score": 69.4155627357918,
        "F1_score_EMA": 62.518222513134475,
        "Per_video_f1": {
            "cholec80_video41": 71.96966461127153,
            "cholec80_video43": 66.89334201714912,
            "cholec80_video44": 74.26159538353832,
            "cholec80_video45": 76.16399619126888,
            "cholec80_video46": 68.58122491645318,
            "cholec80_video47": 56.276736746227776,
            "cholec80_video48": 71.76237928463372
        },
        "Per_video_f1_EMA": {
            "cholec80_video41": 65.38771476742394,
            "cholec80_video43": 67.37355528407714,
            "cholec80_video44": 66.65415853545655,
            "cholec80_video45": 56.27630689975673,
            "cholec80_video46": 55.43316732881799,
            "cholec80_video47": 59.71114663748593,
            "cholec80_video48": 66.79150813892304
        }
    },
    "Endoscapes": {
        "mAP": 44.9362749138125,
        "mAP_EMA": 44.06429015169284,
        "mAP_per_class": {
            "C0": 46.99518420481446,
            "C1": 43.032364693356925,
            "C2": 44.7812758432661
        },
        "mAP_per_class_EMA": {
            "C0": 45.44847261367186,
            "C1": 39.69630020110532,
            "C2": 47.048097640301336
        }
    },
    "CholecT50": {
        "AP": {
            "AP_i": 86.0236381680296,
            "AP_v": 63.06284940437922,
            "AP_t": 44.91262827537744,
            "AP_iv": 40.56999409806092,
            "AP_it": 41.73286750350491,
            "AP_ivt": 35.73134216813261
        },
        "AP_EMA": {
            "AP_i": 86.41922057957869,
            "AP_v": 60.69682130752473,
            "AP_t": 45.16419017316317,
            "AP_iv": 38.40241465660272,
            "AP_it": 39.97185373952886,
            "AP_ivt": 34.3847735127878
        }
    }
}