{
    "Test": false,
    "Cholec80": {
        "F1_score": 68.86399842738753,
        "F1_score_EMA": 73.30938577766426,
        "Per_video_f1": {
            "cholec80_video41": 69.3722397608307,
            "cholec80_video43": 71.6839235049891,
            "cholec80_video44": 69.78612233591505,
            "cholec80_video45": 81.52849257184502,
            "cholec80_video46": 68.26116122264919,
            "cholec80_video47": 52.43790914219153,
            "cholec80_video48": 68.9781404532921
        },
        "Per_video_f1_EMA": {
            "cholec80_video41": 73.0969788346296,
            "cholec80_video43": 73.69571177830929,
            "cholec80_video44": 78.13132531344803,
            "cholec80_video45": 82.03458401474,
            "cholec80_video46": 70.79759385035793,
            "cholec80_video47": 60.429161707506886,
            "cholec80_video48": 74.98034494465804
        }
    },
    "Endoscapes": {
        "mAP": 33.90388589863572,
        "mAP_EMA": 41.449580693851296,
        "mAP_per_class": {
            "C0": 36.50687917113036,
            "C1": 35.02339271721486,
            "C2": 30.181385807561934
        },
        "mAP_per_class_EMA": {
            "C0": 44.33501347900625,
            "C1": 41.38607690567474,
            "C2": 38.62765169687289
        }
    },
    "CholecT50": {
        "AP": {
            "AP_i": 83.61106562706506,
            "AP_v": 60.5295583057265,
            "AP_t": 39.870479114717874,
            "AP_iv": 37.12582028834867,
            "AP_it": 34.2745357073724,
            "AP_ivt": 29.48295609389593
        },
        "AP_EMA": {
            "AP_i": 86.85112316192931,
            "AP_v": 63.39449532779001,
            "AP_t": 44.88810650193264,
            "AP_iv": 41.013172154305664,
            "AP_it": 40.24798410680992,
            "AP_ivt": 35.21301634757813
        }
    }
}