{
    "Test": false,
    "Cholec80": {
        "F1_score": 70.63307679187479,
        "F1_score_EMA": 73.95783365665349,
        "Per_video_f1": {
            "cholec80_video41": 70.82626992476256,
            "cholec80_video43": 72.29761114706766,
            "cholec80_video44": 73.1676635361698,
            "cholec80_video45": 77.92191659614477,
            "cholec80_video46": 69.05437978637597,
            "cholec80_video47": 59.54552901791183,
            "cholec80_video48": 71.61816753469094
        },
        "Per_video_f1_EMA": {
            "cholec80_video41": 72.5343347833639,
            "cholec80_video43": 74.57252720430033,
            "cholec80_video44": 79.06603493917503,
            "cholec80_video45": 81.6348356985662,
            "cholec80_video46": 71.78956168299536,
            "cholec80_video47": 62.72546188832167,
            "cholec80_video48": 75.38207939985199
        }
    },
    "Endoscapes": {
        "mAP": 35.44691751084843,
        "mAP_EMA": 39.94491800979919,
        "mAP_per_class": {
            "C0": 36.799805972254994,
            "C1": 35.78009960302514,
            "C2": 33.760846957265144
        },
        "mAP_per_class_EMA": {
            "C0": 41.454621284094884,
            "C1": 41.748999396625855,
            "C2": 36.63113334867683
        }
    },
    "CholecT50": {
        "AP": {
            "AP_i": 82.59632483869422,
            "AP_v": 57.719052419912245,
            "AP_t": 41.34584803310226,
            "AP_iv": 36.8949055459175,
            "AP_it": 34.927089500992125,
            "AP_ivt": 30.20346142415194
        },
        "AP_EMA": {
            "AP_i": 85.85112130426643,
            "AP_v": 64.02812590859328,
            "AP_t": 44.77173514378986,
            "AP_iv": 40.15575757920239,
            "AP_it": 39.42574553024386,
            "AP_ivt": 33.862066868243026
        }
    }
}