{
    "Test": true,
    "Cholec80": {
        "F1_score": 61.30085508136982,
        "F1_score_EMA": null,
        "Per_video_f1": {
            "cholec80_video51": 62.401341400886345,
            "cholec80_video53": 71.8709143362558,
            "cholec80_video54": 62.145331201844634,
            "cholec80_video55": 62.433993442044866,
            "cholec80_video58": 40.16351611370891,
            "cholec80_video59": 61.79233111905474,
            "cholec80_video61": 64.57324693590235,
            "cholec80_video63": 55.60638162012728,
            "cholec80_video64": 65.02286772719181,
            "cholec80_video69": 65.98808158462974,
            "cholec80_video73": 71.89518668019709,
            "cholec80_video74": 54.10103157745254,
            "cholec80_video76": 65.09040391113311,
            "cholec80_video77": 71.59676368582122,
            "cholec80_video80": 44.831434884296876
        },
        "Per_video_f1_EMA": null
    },
    "Endoscapes": {
        "mAP": 50.285640320679654,
        "mAP_EMA": null,
        "mAP_per_class": {
            "C0": 49.935776670986996,
            "C1": 41.87878673162396,
            "C2": 59.042357559428005
        },
        "mAP_per_class_EMA": null
    },
    "CholecT50": {
        "AP": {
            "AP_i": 84.12335970291612,
            "AP_v": 59.139356625858284,
            "AP_t": 42.14156770994559,
            "AP_iv": 36.682827562663434,
            "AP_it": 33.6632565706705,
            "AP_ivt": 28.294477287445492
        },
        "AP_EMA": null
    }
}