{
    "Test": false,
    "Cholec80": {
        "F1_score": 68.36517374494697,
        "F1_score_EMA": 71.71999824251428,
        "Per_video_f1": {
            "cholec80_video41": 66.06773726127003,
            "cholec80_video43": 70.78868075360243,
            "cholec80_video44": 74.83184015946078,
            "cholec80_video45": 70.40245527909468,
            "cholec80_video46": 68.40023312031046,
            "cholec80_video47": 53.730659565655955,
            "cholec80_video48": 74.33461007523444
        },
        "Per_video_f1_EMA": {
            "cholec80_video41": 71.48908508429929,
            "cholec80_video43": 73.68798911401323,
            "cholec80_video44": 76.55381242270781,
            "cholec80_video45": 78.50526472922887,
            "cholec80_video46": 68.8358136146644,
            "cholec80_video47": 57.97177178418408,
            "cholec80_video48": 74.99625094850225
        }
    },
    "Endoscapes": {
        "mAP": 33.181103641696254,
        "mAP_EMA": 41.87832913661919,
        "mAP_per_class": {
            "C0": 36.45899027891103,
            "C1": 35.58286060088995,
            "C2": 27.501460045287786
        },
        "mAP_per_class_EMA": {
            "C0": 43.05102120843994,
            "C1": 40.14203165652634,
            "C2": 42.44193454489129
        }
    },
    "CholecT50": {
        "AP": {
            "AP_i": 81.41913455088145,
            "AP_v": 58.37487725424247,
            "AP_t": 41.06759581696572,
            "AP_iv": 36.81383468325223,
            "AP_it": 37.729346474700016,
            "AP_ivt": 32.449411935837475
        },
        "AP_EMA": {
            "AP_i": 87.65832088110534,
            "AP_v": 63.29437780521634,
            "AP_t": 44.98344329207794,
            "AP_iv": 41.066315865541405,
            "AP_it": 41.00055433604562,
            "AP_ivt": 35.12500215363418
        }
    }
}