{
    "Test": false,
    "Cholec80": {
        "F1_score": 70.00257472567378,
        "F1_score_EMA": 73.52391152415508,
        "Per_video_f1": {
            "cholec80_video41": 63.40524705292042,
            "cholec80_video43": 68.29047471272372,
            "cholec80_video44": 78.25279978763191,
            "cholec80_video45": 77.67666582463596,
            "cholec80_video46": 67.94303076339386,
            "cholec80_video47": 62.38094626522932,
            "cholec80_video48": 72.06885867318123
        },
        "Per_video_f1_EMA": {
            "cholec80_video41": 71.76694935649263,
            "cholec80_video43": 71.2428711001469,
            "cholec80_video44": 81.69509016129356,
            "cholec80_video45": 81.24314107242807,
            "cholec80_video46": 71.87536551790575,
            "cholec80_video47": 60.480291484079906,
            "cholec80_video48": 76.36367197673877
        }
    },
    "Endoscapes": {
        "mAP": 40.01200458767487,
        "mAP_EMA": 41.868064684024866,
        "mAP_per_class": {
            "C0": 42.55047082125524,
            "C1": 39.417683499526355,
            "C2": 38.067859442243034
        },
        "mAP_per_class_EMA": {
            "C0": 46.17285105210585,
            "C1": 40.15970626517466,
            "C2": 39.27163673479409
        }
    },
    "CholecT50": {
        "AP": {
            "AP_i": 80.15765731468244,
            "AP_v": 56.82017909783584,
            "AP_t": 40.31758760544791,
            "AP_iv": 35.36800791826494,
            "AP_it": 34.172617833468024,
            "AP_ivt": 28.539087960403926
        },
        "AP_EMA": {
            "AP_i": 84.51957714731742,
            "AP_v": 61.487261389460784,
            "AP_t": 43.170959502465614,
            "AP_iv": 38.66108594192223,
            "AP_it": 38.37155810755204,
            "AP_ivt": 32.28564810716397
        }
    }
}