{
    "Test": true,
    "Cholec80": {
        "F1_score": 58.498235688405714,
        "F1_score_EMA": null,
        "Per_video_f1": {
            "cholec80_video51": 56.28532326586674,
            "cholec80_video53": 69.66791055796587,
            "cholec80_video54": 68.94608712251191,
            "cholec80_video55": 72.43365907609677,
            "cholec80_video58": 35.41451821292134,
            "cholec80_video59": 56.3738463948974,
            "cholec80_video61": 51.472627375231916,
            "cholec80_video63": 59.985681044799385,
            "cholec80_video64": 62.912383349649915,
            "cholec80_video69": 68.26784186071787,
            "cholec80_video73": 65.07980446941646,
            "cholec80_video74": 60.63986744015273,
            "cholec80_video76": 48.282274168585694,
            "cholec80_video77": 71.74518927522637,
            "cholec80_video80": 29.966521712045406
        },
        "Per_video_f1_EMA": null
    },
    "Endoscapes": {
        "mAP": 46.19583225090081,
        "mAP_EMA": null,
        "mAP_per_class": {
            "C0": 45.216985154572356,
            "C1": 37.50360756572577,
            "C2": 55.8669040324043
        },
        "mAP_per_class_EMA": null
    },
    "CholecT50": {
        "AP": {
            "AP_i": 76.86696466699014,
            "AP_v": 52.03198092122589,
            "AP_t": 38.66562079482331,
            "AP_iv": 32.678710008486085,
            "AP_it": 34.103281903928455,
            "AP_ivt": 27.542737166074275
        },
        "AP_EMA": null
    }
}