{
    "Test": false,
    "Cholec80": {
        "F1_score": 70.64579775599005,
        "F1_score_EMA": 74.93375740899799,
        "Per_video_f1": {
            "cholec80_video41": 69.16453881735576,
            "cholec80_video43": 61.683785600538855,
            "cholec80_video44": 72.04014101444997,
            "cholec80_video45": 77.23269481658949,
            "cholec80_video46": 69.54031518237126,
            "cholec80_video47": 69.29087117835674,
            "cholec80_video48": 75.56823768226828
        },
        "Per_video_f1_EMA": {
            "cholec80_video41": 73.30330057250525,
            "cholec80_video43": 76.79628467039585,
            "cholec80_video44": 71.21257730712605,
            "cholec80_video45": 77.86321443425061,
            "cholec80_video46": 74.32101044465522,
            "cholec80_video47": 74.43072678587626,
            "cholec80_video48": 76.60918764817669
        }
    },
    "Endoscapes": {
        "mAP": 38.96365521698139,
        "mAP_EMA": 45.30066451011674,
        "mAP_per_class": {
            "C0": 38.175132783425155,
            "C1": 42.02498458700564,
            "C2": 36.69084828051336
        },
        "mAP_per_class_EMA": {
            "C0": 45.599372354904254,
            "C1": 52.69066836915722,
            "C2": 37.61195280628875
        }
    },
    "CholecT50": {
        "AP": {
            "AP_i": 76.76876071335981,
            "AP_v": 52.04021754989159,
            "AP_t": 38.318870192630285,
            "AP_iv": 34.20393742071427,
            "AP_it": 30.899852964015576,
            "AP_ivt": 25.419455537426213
        },
        "AP_EMA": {
            "AP_i": 81.78210331976294,
            "AP_v": 57.88477758221027,
            "AP_t": 44.03113324728565,
            "AP_iv": 39.021430003061795,
            "AP_it": 37.10332084771021,
            "AP_ivt": 30.940336520587586
        }
    }
}