{
    "Test": false,
    "Cholec80": {
        "F1_score": 67.02994491244074,
        "F1_score_EMA": 74.53391149156153,
        "Per_video_f1": {
            "cholec80_video41": 73.74793840271569,
            "cholec80_video43": 60.50299023411749,
            "cholec80_video44": 68.79395543273785,
            "cholec80_video45": 69.86709037622295,
            "cholec80_video46": 67.54826930590887,
            "cholec80_video47": 63.03204811746299,
            "cholec80_video48": 65.71732251791938
        },
        "Per_video_f1_EMA": {
            "cholec80_video41": 72.00710816531017,
            "cholec80_video43": 79.72676606028745,
            "cholec80_video44": 69.34410724329202,
            "cholec80_video45": 74.39155490505841,
            "cholec80_video46": 73.86487866870351,
            "cholec80_video47": 75.32703278020854,
            "cholec80_video48": 77.07593261807057
        }
    },
    "Endoscapes": {
        "mAP": 42.260250540250134,
        "mAP_EMA": 46.55051785428274,
        "mAP_per_class": {
            "C0": 43.81845296154168,
            "C1": 48.12678453024797,
            "C2": 34.83551412896076
        },
        "mAP_per_class_EMA": {
            "C0": 45.070962478731865,
            "C1": 54.566626021443234,
            "C2": 40.013965062673115
        }
    },
    "CholecT50": {
        "AP": {
            "AP_i": 77.6024853433821,
            "AP_v": 54.8607505049783,
            "AP_t": 40.25621582813788,
            "AP_iv": 37.61509622539226,
            "AP_it": 33.08378890675603,
            "AP_ivt": 28.633904056646465
        },
        "AP_EMA": {
            "AP_i": 83.11794030887297,
            "AP_v": 57.791067224347955,
            "AP_t": 44.40772057204599,
            "AP_iv": 38.19766768958088,
            "AP_it": 38.10037110856247,
            "AP_ivt": 32.52534348488139
        }
    }
}