{
    "Test": false,
    "Cholec80": {
        "F1_score": 64.07574223633566,
        "F1_score_EMA": 73.53925125038926,
        "Per_video_f1": {
            "cholec80_video41": 62.25072414784295,
            "cholec80_video43": 58.69924796584165,
            "cholec80_video44": 62.57187945511201,
            "cholec80_video45": 66.32094663885636,
            "cholec80_video46": 63.94035372458783,
            "cholec80_video47": 62.0473937413893,
            "cholec80_video48": 72.6996499807195
        },
        "Per_video_f1_EMA": {
            "cholec80_video41": 72.74051018927955,
            "cholec80_video43": 70.09054634183994,
            "cholec80_video44": 72.59490680790671,
            "cholec80_video45": 78.45928931105868,
            "cholec80_video46": 74.76354707035402,
            "cholec80_video47": 70.68855486003999,
            "cholec80_video48": 75.4374041722459
        }
    },
    "Endoscapes": {
        "mAP": 34.779097443663936,
        "mAP_EMA": 41.09516361115954,
        "mAP_per_class": {
            "C0": 31.197359118559653,
            "C1": 42.45072011784855,
            "C2": 30.6892130945836
        },
        "mAP_per_class_EMA": {
            "C0": 44.83067658247166,
            "C1": 44.47453969698656,
            "C2": 33.980274554020404
        }
    },
    "CholecT50": {
        "AP": {
            "AP_i": 66.9012695497771,
            "AP_v": 46.12917486553973,
            "AP_t": 35.41174115197691,
            "AP_iv": 29.984029077418757,
            "AP_it": 28.058241110710377,
            "AP_ivt": 23.83693030132688
        },
        "AP_EMA": {
            "AP_i": 75.49591272590634,
            "AP_v": 54.00228391089072,
            "AP_t": 40.50202743949558,
            "AP_iv": 34.85162456793316,
            "AP_it": 33.69465421843345,
            "AP_ivt": 27.47375026003574
        }
    }
}