{
    "Test": false,
    "Cholec80": {
        "F1_score": 71.34645119516833,
        "F1_score_EMA": 63.2615806425602,
        "Per_video_f1": {
            "cholec80_video41": 72.04338031322976,
            "cholec80_video43": 65.58703261652907,
            "cholec80_video44": 76.71756607261547,
            "cholec80_video45": 76.13021387952321,
            "cholec80_video46": 73.85371976853851,
            "cholec80_video47": 64.57374544183443,
            "cholec80_video48": 70.51950027390787
        },
        "Per_video_f1_EMA": {
            "cholec80_video41": 68.2555226164392,
            "cholec80_video43": 64.09474285661403,
            "cholec80_video44": 67.91062969633256,
            "cholec80_video45": 61.45249562537807,
            "cholec80_video46": 65.55977850945158,
            "cholec80_video47": 58.83783347876612,
            "cholec80_video48": 56.72006171493983
        }
    },
    "Endoscapes": {
        "mAP": 50.793723132244885,
        "mAP_EMA": 38.93442057892256,
        "mAP_per_class": {
            "C0": 56.43390934132192,
            "C1": 51.295850509024476,
            "C2": 44.651409546388265
        },
        "mAP_per_class_EMA": {
            "C0": 41.54400945366863,
            "C1": 35.9712216974299,
            "C2": 39.28803058566916
        }
    },
    "CholecT50": {
        "AP": {
            "AP_i": 85.27655858764554,
            "AP_v": 57.794606177472666,
            "AP_t": 41.736724941123434,
            "AP_iv": 36.00499291744622,
            "AP_it": 36.97131535773198,
            "AP_ivt": 30.344392930032765
        },
        "AP_EMA": {
            "AP_i": 82.43061071297583,
            "AP_v": 57.81251415173932,
            "AP_t": 41.08548675081243,
            "AP_iv": 34.41234087583549,
            "AP_it": 35.195500864050125,
            "AP_ivt": 29.57039823704689
        }
    }
}