{
    "Test": false,
    "Cholec80": {
        "F1_score": 71.20120484533196,
        "F1_score_EMA": 73.09943509166047,
        "Per_video_f1": {
            "cholec80_video41": 71.71334496106522,
            "cholec80_video43": 63.40626708426084,
            "cholec80_video44": 78.89872038155171,
            "cholec80_video45": 77.10706809463807,
            "cholec80_video46": 71.16495840743929,
            "cholec80_video47": 63.04851824159536,
            "cholec80_video48": 73.06955674677324
        },
        "Per_video_f1_EMA": {
            "cholec80_video41": 70.49612991832305,
            "cholec80_video43": 67.89932001131326,
            "cholec80_video44": 77.47069380545396,
            "cholec80_video45": 80.17749034513882,
            "cholec80_video46": 74.25934114998942,
            "cholec80_video47": 66.65154847394821,
            "cholec80_video48": 74.74152193745653
        }
    },
    "Endoscapes": {
        "mAP": 36.75341110708464,
        "mAP_EMA": 43.74054311397333,
        "mAP_per_class": {
            "C0": 43.291785707068414,
            "C1": 33.85094632415163,
            "C2": 33.11750129003387
        },
        "mAP_per_class_EMA": {
            "C0": 48.60559587962645,
            "C1": 43.52567100014236,
            "C2": 39.090362462151184
        }
    },
    "CholecT50": {
        "AP": {
            "AP_i": 79.56843218597498,
            "AP_v": 53.02916875509125,
            "AP_t": 38.20374098630975,
            "AP_iv": 32.49430969790244,
            "AP_it": 33.451619235223355,
            "AP_ivt": 28.731209889421702
        },
        "AP_EMA": {
            "AP_i": 81.59143661561883,
            "AP_v": 58.70938657745852,
            "AP_t": 40.52498451495838,
            "AP_iv": 37.09430928261009,
            "AP_it": 36.51207855133129,
            "AP_ivt": 30.554634705583382
        }
    }
}