{
    "Test": false,
    "Cholec80": {
        "F1_score": 59.78604666556895,
        "F1_score_EMA": 2.037992204369386,
        "Per_video_f1": {
            "cholec80_video41": 56.920699771004394,
            "cholec80_video43": 67.5769199047454,
            "cholec80_video44": 57.06997783371006,
            "cholec80_video45": 64.62824033719768,
            "cholec80_video46": 58.03627837625911,
            "cholec80_video47": 56.62793456938774,
            "cholec80_video48": 57.642275866678276
        },
        "Per_video_f1_EMA": {
            "cholec80_video41": 1.6699793905731533,
            "cholec80_video43": 2.3857964238326907,
            "cholec80_video44": 2.1318650289425385,
            "cholec80_video45": 0.703845834319174,
            "cholec80_video46": 4.693130862974884,
            "cholec80_video47": 0.7720893376554073,
            "cholec80_video48": 1.9092385522878532
        }
    },
    "Endoscapes": {
        "mAP": 30.975934241058066,
        "mAP_EMA": 13.428108839048933,
        "mAP_per_class": {
            "C0": 32.94728581439154,
            "C1": 28.591667535694075,
            "C2": 31.38884937308858
        },
        "mAP_per_class_EMA": {
            "C0": 15.594734108367609,
            "C1": 10.831067234964847,
            "C2": 13.858525173814346
        }
    },
    "CholecT50": {
        "AP": {
            "AP_i": 70.58064737738758,
            "AP_v": 49.031801467820664,
            "AP_t": 39.00745639649794,
            "AP_iv": 30.09466804654416,
            "AP_it": 34.295931766456185,
            "AP_ivt": 27.241455095650497
        },
        "AP_EMA": {
            "AP_i": 22.455284416585943,
            "AP_v": 14.828079011206217,
            "AP_t": 12.889763136647694,
            "AP_iv": 8.408428481668423,
            "AP_it": 6.894770899871616,
            "AP_ivt": 5.499622709169535
        }
    }
}