{
    "Test": false,
    "Cholec80": {
        "F1_score": 71.51887999198439,
        "F1_score_EMA": 26.191676624353068,
        "Per_video_f1": {
            "cholec80_video41": 67.65830317490018,
            "cholec80_video43": 67.59511402105247,
            "cholec80_video44": 78.23865183010923,
            "cholec80_video45": 80.09125379414407,
            "cholec80_video46": 70.28460811221868,
            "cholec80_video47": 61.34365852116929,
            "cholec80_video48": 75.4205704902968
        },
        "Per_video_f1_EMA": {
            "cholec80_video41": 22.797861645373334,
            "cholec80_video43": 26.56522806598031,
            "cholec80_video44": 18.68855528903768,
            "cholec80_video45": 29.27314526756279,
            "cholec80_video46": 31.631407409940365,
            "cholec80_video47": 24.390499619660098,
            "cholec80_video48": 29.995039072916896
        }
    },
    "Endoscapes": {
        "mAP": 45.04632296325135,
        "mAP_EMA": 15.485780910219548,
        "mAP_per_class": {
            "C0": 45.63610114605313,
            "C1": 42.414645601049465,
            "C2": 47.08822214265146
        },
        "mAP_per_class_EMA": {
            "C0": 17.386656071014556,
            "C1": 12.374613074549112,
            "C2": 16.696073585094975
        }
    },
    "CholecT50": {
        "AP": {
            "AP_i": 87.7763062101529,
            "AP_v": 65.69884258598088,
            "AP_t": 45.02181971045713,
            "AP_iv": 42.22879757867423,
            "AP_it": 40.72577900765195,
            "AP_ivt": 36.16704363070923
        },
        "AP_EMA": {
            "AP_i": 32.9218474111454,
            "AP_v": 22.642227342308896,
            "AP_t": 16.242348360980046,
            "AP_iv": 13.742249502238819,
            "AP_it": 10.337538747164198,
            "AP_ivt": 8.366758743394241
        }
    }
}