{
    "Test": false,
    "Cholec80": {
        "F1_score": 68.35615819506855,
        "F1_score_EMA": 71.75547120650387,
        "Per_video_f1": {
            "cholec80_video41": 68.5529221058413,
            "cholec80_video43": 61.505545148628386,
            "cholec80_video44": 74.23265006207149,
            "cholec80_video45": 72.9760243869985,
            "cholec80_video46": 70.84096523346697,
            "cholec80_video47": 58.85886230150849,
            "cholec80_video48": 71.52613812696471
        },
        "Per_video_f1_EMA": {
            "cholec80_video41": 63.068330127732985,
            "cholec80_video43": 70.75113215815901,
            "cholec80_video44": 79.29682665067863,
            "cholec80_video45": 82.19710719214561,
            "cholec80_video46": 70.78577412500898,
            "cholec80_video47": 62.085108684345194,
            "cholec80_video48": 74.10401950745671
        }
    },
    "Endoscapes": {
        "mAP": 37.12708132138429,
        "mAP_EMA": 40.44883411260011,
        "mAP_per_class": {
            "C0": 40.51269525085973,
            "C1": 35.387851717366324,
            "C2": 35.48069699592681
        },
        "mAP_per_class_EMA": {
            "C0": 40.08218980292523,
            "C1": 38.34320291746545,
            "C2": 42.92110961740965
        }
    },
    "CholecT50": {
        "AP": {
            "AP_i": 81.79906025220997,
            "AP_v": 57.024840728588266,
            "AP_t": 38.84320010159994,
            "AP_iv": 35.63362169141163,
            "AP_it": 35.18743045886966,
            "AP_ivt": 31.074630458359106
        },
        "AP_EMA": {
            "AP_i": 84.71266740569654,
            "AP_v": 62.9538440114826,
            "AP_t": 41.86021357672674,
            "AP_iv": 41.405209633152296,
            "AP_it": 38.66945995421258,
            "AP_ivt": 34.87690224421365
        }
    }
}