{
    "Test": false,
    "Cholec80": {
        "F1_score": 69.3552262205234,
        "F1_score_EMA": 72.46691523624371,
        "Per_video_f1": {
            "cholec80_video41": 66.94556163651094,
            "cholec80_video43": 69.38437717792509,
            "cholec80_video44": 76.02256242899337,
            "cholec80_video45": 76.33874887904656,
            "cholec80_video46": 68.54888902249544,
            "cholec80_video47": 59.92931687339965,
            "cholec80_video48": 68.31712752529278
        },
        "Per_video_f1_EMA": {
            "cholec80_video41": 64.1388047312098,
            "cholec80_video43": 70.18771466015842,
            "cholec80_video44": 81.1034685885648,
            "cholec80_video45": 83.34526725233668,
            "cholec80_video46": 71.74010085133595,
            "cholec80_video47": 61.555369037667575,
            "cholec80_video48": 75.19768153243275
        }
    },
    "Endoscapes": {
        "mAP": 35.133017944032666,
        "mAP_EMA": 39.362262129752494,
        "mAP_per_class": {
            "C0": 38.662747541703254,
            "C1": 29.472819486394812,
            "C2": 37.26348680399994
        },
        "mAP_per_class_EMA": {
            "C0": 43.31065810091789,
            "C1": 35.853439116559954,
            "C2": 38.92268917177964
        }
    },
    "CholecT50": {
        "AP": {
            "AP_i": 80.53292583252828,
            "AP_v": 56.13810398038031,
            "AP_t": 38.06823640902067,
            "AP_iv": 37.112801665325335,
            "AP_it": 37.04117138668633,
            "AP_ivt": 32.48857540655169
        },
        "AP_EMA": {
            "AP_i": 84.16889502152353,
            "AP_v": 61.94600210035499,
            "AP_t": 41.64699583997341,
            "AP_iv": 41.54784020461662,
            "AP_it": 38.293529562492026,
            "AP_ivt": 34.72541874928534
        }
    }
}