{
    "Test": false,
    "Cholec80": {
        "F1_score": 71.7457800911767,
        "F1_score_EMA": 49.580949247102396,
        "Per_video_f1": {
            "cholec80_video41": 68.13806390720892,
            "cholec80_video43": 67.20077594566233,
            "cholec80_video44": 76.84813633840166,
            "cholec80_video45": 80.47775803031222,
            "cholec80_video46": 71.7412093457461,
            "cholec80_video47": 61.723665115770665,
            "cholec80_video48": 76.09085195513502
        },
        "Per_video_f1_EMA": {
            "cholec80_video41": 49.346737904436154,
            "cholec80_video43": 48.471715391834586,
            "cholec80_video44": 50.460924041221034,
            "cholec80_video45": 47.13317679059597,
            "cholec80_video46": 53.414201508865524,
            "cholec80_video47": 53.510316682320294,
            "cholec80_video48": 44.7295724104432
        }
    },
    "Endoscapes": {
        "mAP": 41.70021324102573,
        "mAP_EMA": 15.5977103884916,
        "mAP_per_class": {
            "C0": 44.86901503115399,
            "C1": 38.86147297443582,
            "C2": 41.37015171748738
        },
        "mAP_per_class_EMA": {
            "C0": 15.174995187774638,
            "C1": 12.810064757840836,
            "C2": 18.80807121985933
        }
    },
    "CholecT50": {
        "AP": {
            "AP_i": 86.20239238026004,
            "AP_v": 64.72468554892453,
            "AP_t": 44.311638737505106,
            "AP_iv": 41.68183024545758,
            "AP_it": 40.19086342237691,
            "AP_ivt": 35.702610848597025
        },
        "AP_EMA": {
            "AP_i": 55.507647258268555,
            "AP_v": 39.26592966875224,
            "AP_t": 26.107964479158127,
            "AP_iv": 25.04212845632783,
            "AP_it": 20.357010892773765,
            "AP_ivt": 17.03975216742754
        }
    }
}