{
    "Test": false,
    "Cholec80": {
        "F1_score": 60.97742614445731,
        "F1_score_EMA": 1.6639523528171982,
        "Per_video_f1": {
            "cholec80_video41": 46.70291648958461,
            "cholec80_video43": 66.23243747473998,
            "cholec80_video44": 63.91411221950343,
            "cholec80_video45": 66.33031269409211,
            "cholec80_video46": 60.72284223385304,
            "cholec80_video47": 56.73627128288638,
            "cholec80_video48": 66.20309061654163
        },
        "Per_video_f1_EMA": {
            "cholec80_video41": 1.3241114741027677,
            "cholec80_video43": 1.0582777672302863,
            "cholec80_video44": 1.7720168859747607,
            "cholec80_video45": 0.886954379337248,
            "cholec80_video46": 3.399974542831686,
            "cholec80_video47": 0.9722353702815856,
            "cholec80_video48": 2.2340960499620524
        }
    },
    "Endoscapes": {
        "mAP": 38.77101637935756,
        "mAP_EMA": 11.9447874088415,
        "mAP_per_class": {
            "C0": 32.20465318560582,
            "C1": 38.52518014040988,
            "C2": 45.58321581205698
        },
        "mAP_per_class_EMA": {
            "C0": 13.375513795103537,
            "C1": 10.05675839962721,
            "C2": 12.402090031793753
        }
    },
    "CholecT50": {
        "AP": {
            "AP_i": 75.05262555290976,
            "AP_v": 51.34468881030652,
            "AP_t": 40.40862053029218,
            "AP_iv": 32.276247626575184,
            "AP_it": 33.23937228106233,
            "AP_ivt": 27.928220443603024
        },
        "AP_EMA": {
            "AP_i": 21.56212630402743,
            "AP_v": 13.628239247740657,
            "AP_t": 11.674341973799592,
            "AP_iv": 7.665369832795223,
            "AP_it": 6.129493545659014,
            "AP_ivt": 4.90403032745186
        }
    }
}