{
    "Test": false,
    "Cholec80": {
        "F1_score": 68.65928464047498,
        "F1_score_EMA": 13.189864137313508,
        "Per_video_f1": {
            "cholec80_video41": 59.98614431169405,
            "cholec80_video43": 69.3448941259502,
            "cholec80_video44": 76.05619302128135,
            "cholec80_video45": 78.09518808551245,
            "cholec80_video46": 64.69836345457033,
            "cholec80_video47": 61.309201277765546,
            "cholec80_video48": 71.12500820655096
        },
        "Per_video_f1_EMA": {
            "cholec80_video41": 10.887904482601265,
            "cholec80_video43": 11.941038932861634,
            "cholec80_video44": 14.655327252877198,
            "cholec80_video45": 11.757235225735581,
            "cholec80_video46": 18.553603434083637,
            "cholec80_video47": 9.389667864784249,
            "cholec80_video48": 15.144271768250988
        }
    },
    "Endoscapes": {
        "mAP": 40.70706945421515,
        "mAP_EMA": 13.472069620097859,
        "mAP_per_class": {
            "C0": 40.278954919156824,
            "C1": 39.5430726194135,
            "C2": 42.29918082407513
        },
        "mAP_per_class_EMA": {
            "C0": 15.452185624375092,
            "C1": 10.995248701325824,
            "C2": 13.96877453459266
        }
    },
    "CholecT50": {
        "AP": {
            "AP_i": 86.87785480218601,
            "AP_v": 59.99924639417661,
            "AP_t": 43.41794720420634,
            "AP_iv": 38.03987885389077,
            "AP_it": 38.909343467533766,
            "AP_ivt": 33.07944194326648
        },
        "AP_EMA": {
            "AP_i": 25.220246956045788,
            "AP_v": 15.992468146295156,
            "AP_t": 12.488599354716904,
            "AP_iv": 9.044961883636844,
            "AP_it": 6.873943456531174,
            "AP_ivt": 5.543619909502279
        }
    }
}