{
    "Test": false,
    "Cholec80": {
        "F1_score": 7.57696784622359,
        "F1_score_EMA": 7.57696784622359,
        "Per_video_f1": {
            "cholec80_video41": 8.190476190476192,
            "cholec80_video43": 8.027832137421179,
            "cholec80_video44": 7.579215896885071,
            "cholec80_video45": 5.881761848936526,
            "cholec80_video46": 6.481357744220233,
            "cholec80_video47": 5.7324840764331215,
            "cholec80_video48": 9.58592132505176,
            "cholec80_video49": 5.2822299651567945,
            "cholec80_video50": 11.431431431431431
        },
        "Per_video_f1_EMA": {
            "cholec80_video41": 8.190476190476192,
            "cholec80_video43": 8.027832137421179,
            "cholec80_video44": 7.579215896885071,
            "cholec80_video45": 5.881761848936526,
            "cholec80_video46": 6.481357744220233,
            "cholec80_video47": 5.7324840764331215,
            "cholec80_video48": 9.58592132505176,
            "cholec80_video49": 5.2822299651567945,
            "cholec80_video50": 11.431431431431431
        }
    },
    "Endoscapes": {
        "mAP": 12.41212587429423,
        "mAP_EMA": 12.855827117057904,
        "mAP_per_class": {
            "C0": 14.040304623258185,
            "C1": 9.089055506806739,
            "C2": 14.107017492817764
        },
        "mAP_per_class_EMA": {
            "C0": 14.674529383932573,
            "C1": 9.884333605080062,
            "C2": 14.008618362161076
        }
    },
    "CholecT50": {
        "AP": {
            "AP_i": 24.043359724778522,
            "AP_v": 14.98852476407227,
            "AP_t": 10.652887446868707,
            "AP_iv": 8.282643607293709,
            "AP_it": 5.598737924826972,
            "AP_ivt": 4.547436271919288
        },
        "AP_EMA": {
            "AP_i": 23.644856735025204,
            "AP_v": 14.777862540199152,
            "AP_t": 11.71035945004955,
            "AP_iv": 8.165407787133162,
            "AP_it": 6.0623258960183515,
            "AP_ivt": 4.82399121198113
        }
    }
}