{
    "Test": true,
    "Cholec80": {
        "F1_score": 41.73551821813815,
        "F1_score_EMA": null,
        "Per_video_f1": {
            "cholec80_video51": 39.538518792955806,
            "cholec80_video53": 38.84581774668935,
            "cholec80_video54": 43.08729493222297,
            "cholec80_video55": 38.867665023240036,
            "cholec80_video58": 32.12776772701555,
            "cholec80_video59": 41.82277791722231,
            "cholec80_video61": 39.53078557508608,
            "cholec80_video63": 42.14617470719298,
            "cholec80_video64": 55.48602303562075,
            "cholec80_video69": 58.75302099087266,
            "cholec80_video73": 40.38820578151627,
            "cholec80_video74": 29.6153314139974,
            "cholec80_video76": 37.19138426506349,
            "cholec80_video77": 50.83657296624573,
            "cholec80_video80": 37.795432397130796
        },
        "Per_video_f1_EMA": null
    },
    "Endoscapes": {
        "mAP": 25.380169089775173,
        "mAP_EMA": null,
        "mAP_per_class": {
            "C0": 25.940056930226262,
            "C1": 18.85271752101013,
            "C2": 31.34773281808912
        },
        "mAP_per_class_EMA": null
    },
    "CholecT50": {
        "AP": {
            "AP_i": 40.84268409971892,
            "AP_v": 32.96575616149556,
            "AP_t": 24.446005630631074,
            "AP_iv": 16.628391355471727,
            "AP_it": 11.530048499407181,
            "AP_ivt": 8.96999272641461
        },
        "AP_EMA": null
    }
}