{
    "Test": false,
    "Cholec80": {
        "F1_score": 68.81543641672458,
        "F1_score_EMA": 70.87934558002428,
        "Per_video_f1": {
            "cholec80_video41": 71.69283251175203,
            "cholec80_video43": 59.686041033104175,
            "cholec80_video44": 78.33875848788206,
            "cholec80_video45": 68.054770871495,
            "cholec80_video46": 75.01829522846337,
            "cholec80_video47": 56.31309195474896,
            "cholec80_video48": 72.6042648296265
        },
        "Per_video_f1_EMA": {
            "cholec80_video41": 72.56746507986104,
            "cholec80_video43": 62.458615654344854,
            "cholec80_video44": 79.896837181367,
            "cholec80_video45": 69.47094757465369,
            "cholec80_video46": 77.36195329581726,
            "cholec80_video47": 59.76524247128382,
            "cholec80_video48": 74.63435780284226
        }
    },
    "Endoscapes": {
        "mAP": 40.261774581730144,
        "mAP_EMA": 41.88509645182627,
        "mAP_per_class": {
            "C0": 36.05138057251898,
            "C1": 42.56658797039264,
            "C2": 42.16735520227882
        },
        "mAP_per_class_EMA": {
            "C0": 38.42293572099958,
            "C1": 42.84595105330665,
            "C2": 44.38640258117259
        }
    },
    "CholecT50": {
        "AP": {
            "AP_i": 54.40690054124388,
            "AP_v": 43.69217121634502,
            "AP_t": 35.68264204785376,
            "AP_iv": 26.242438793215022,
            "AP_it": 27.221514679084905,
            "AP_ivt": 23.747911330350096
        },
        "AP_EMA": {
            "AP_i": 56.029795140192995,
            "AP_v": 40.26769070529483,
            "AP_t": 36.6864446424424,
            "AP_iv": 24.686755630860336,
            "AP_it": 28.070231971759107,
            "AP_ivt": 23.983485529178427
        }
    }
}