{
    "Test": false,
    "Cholec80": {
        "F1_score": 71.59110037281647,
        "F1_score_EMA": 67.29149133088482,
        "Per_video_f1": {
            "cholec80_video41": 72.20081240778458,
            "cholec80_video43": 64.94228724232468,
            "cholec80_video44": 80.83620085363322,
            "cholec80_video45": 74.23337989345288,
            "cholec80_video46": 76.9320022357361,
            "cholec80_video47": 57.47812279854336,
            "cholec80_video48": 74.5148971782405
        },
        "Per_video_f1_EMA": {
            "cholec80_video41": 71.8988549336822,
            "cholec80_video43": 65.13866683754311,
            "cholec80_video44": 80.24330870098304,
            "cholec80_video45": 63.596728646797764,
            "cholec80_video46": 72.01903666314428,
            "cholec80_video47": 54.814689542081915,
            "cholec80_video48": 63.329153991961476
        }
    },
    "Endoscapes": {
        "mAP": 40.46956278588843,
        "mAP_EMA": 31.635573105767556,
        "mAP_per_class": {
            "C0": 37.852668129621335,
            "C1": 39.96856354896769,
            "C2": 43.58745667907626
        },
        "mAP_per_class_EMA": {
            "C0": 30.987308733514286,
            "C1": 28.97816364806884,
            "C2": 34.94124693571954
        }
    },
    "CholecT50": {
        "AP": {
            "AP_i": 57.17010398494057,
            "AP_v": 39.39972156780222,
            "AP_t": 34.4058758694782,
            "AP_iv": 23.78425599907883,
            "AP_it": 24.672879349042944,
            "AP_ivt": 21.56853807280956
        },
        "AP_EMA": {
            "AP_i": 36.40621940104414,
            "AP_v": 30.152732754704914,
            "AP_t": 29.890531383676038,
            "AP_iv": 18.231726433467173,
            "AP_it": 19.378612181660188,
            "AP_ivt": 16.562327565843137
        }
    }
}