{
    "Test": false,
    "Cholec80": {
        "F1_score": 69.37286086746084,
        "F1_score_EMA": 70.54576437226332,
        "Per_video_f1": {
            "cholec80_video41": 71.44981349353627,
            "cholec80_video43": 58.7204095428511,
            "cholec80_video44": 78.50788945126838,
            "cholec80_video45": 66.75293465954472,
            "cholec80_video46": 77.26969002528851,
            "cholec80_video47": 61.79125637403876,
            "cholec80_video48": 71.11803252569821
        },
        "Per_video_f1_EMA": {
            "cholec80_video41": 72.1191690435594,
            "cholec80_video43": 60.49067751580858,
            "cholec80_video44": 80.02138026340327,
            "cholec80_video45": 69.76473182034697,
            "cholec80_video46": 77.87067895861348,
            "cholec80_video47": 60.26018060897233,
            "cholec80_video48": 73.29353239513925
        }
    },
    "Endoscapes": {
        "mAP": 38.317644500458414,
        "mAP_EMA": 40.82380045096673,
        "mAP_per_class": {
            "C0": 33.507899524891606,
            "C1": 39.205688986076126,
            "C2": 42.2393449904075
        },
        "mAP_per_class_EMA": {
            "C0": 36.50974427017164,
            "C1": 42.16552031042377,
            "C2": 43.79613677230478
        }
    },
    "CholecT50": {
        "AP": {
            "AP_i": 55.18499644043114,
            "AP_v": 38.54292318756465,
            "AP_t": 33.1226813535162,
            "AP_iv": 22.902686459594737,
            "AP_it": 25.730531123866783,
            "AP_ivt": 21.77308617203362
        },
        "AP_EMA": {
            "AP_i": 56.123532011132305,
            "AP_v": 39.15823122997445,
            "AP_t": 35.7374861059878,
            "AP_iv": 24.012579071812613,
            "AP_it": 27.74297552991118,
            "AP_ivt": 23.3052006956882
        }
    }
}