{
    "Test": false,
    "Cholec80": {
        "F1_score": 62.981852190623755,
        "F1_score_EMA": 25.141125162466338,
        "Per_video_f1": {
            "cholec80_video41": 62.58474252409664,
            "cholec80_video43": 61.45397205460473,
            "cholec80_video44": 70.81091001934023,
            "cholec80_video45": 64.27959969956162,
            "cholec80_video46": 72.72543804224809,
            "cholec80_video47": 51.61320112292568,
            "cholec80_video48": 57.405101871589295
        },
        "Per_video_f1_EMA": {
            "cholec80_video41": 23.08292370025942,
            "cholec80_video43": 22.837483616564384,
            "cholec80_video44": 32.37311227013073,
            "cholec80_video45": 24.12341403829908,
            "cholec80_video46": 30.180279954190954,
            "cholec80_video47": 25.483983074243728,
            "cholec80_video48": 17.906679483576067
        }
    },
    "Endoscapes": {
        "mAP": 29.235737088755034,
        "mAP_EMA": 12.98891948660005,
        "mAP_per_class": {
            "C0": 30.256458104507512,
            "C1": 25.125063795571062,
            "C2": 32.32568936618652
        },
        "mAP_per_class_EMA": {
            "C0": 13.403760716628188,
            "C1": 11.004342263359357,
            "C2": 14.558655479812604
        }
    },
    "CholecT50": {
        "AP": {
            "AP_i": 37.12910252240742,
            "AP_v": 29.66830431170714,
            "AP_t": 27.344371896324283,
            "AP_iv": 18.837844280946104,
            "AP_it": 17.955497900850567,
            "AP_ivt": 15.394765902702272
        },
        "AP_EMA": {
            "AP_i": 26.03147332169323,
            "AP_v": 18.0050085608187,
            "AP_t": 13.948416462541163,
            "AP_iv": 10.286043682108497,
            "AP_it": 8.422736746713507,
            "AP_ivt": 6.838161048190225
        }
    }
}