{
    "Test": false,
    "Cholec80": {
        "F1_score": 69.26962598761392,
        "F1_score_EMA": 70.54203324474526,
        "Per_video_f1": {
            "cholec80_video41": 70.57620019265568,
            "cholec80_video43": 58.861971606470135,
            "cholec80_video44": 80.54069211985222,
            "cholec80_video45": 68.65056870353128,
            "cholec80_video46": 75.26138785918751,
            "cholec80_video47": 60.37178906981051,
            "cholec80_video48": 70.62477236179015
        },
        "Per_video_f1_EMA": {
            "cholec80_video41": 71.80140947909808,
            "cholec80_video43": 59.59434568004012,
            "cholec80_video44": 80.16763828304683,
            "cholec80_video45": 70.07423703385145,
            "cholec80_video46": 77.76563083979539,
            "cholec80_video47": 60.85708569340004,
            "cholec80_video48": 73.53388570398485
        }
    },
    "Endoscapes": {
        "mAP": 38.56070918447782,
        "mAP_EMA": 40.616755686956786,
        "mAP_per_class": {
            "C0": 33.983878189337325,
            "C1": 39.94722238062708,
            "C2": 41.75102698346905
        },
        "mAP_per_class_EMA": {
            "C0": 36.06675960098058,
            "C1": 41.876969856588865,
            "C2": 43.90653760330092
        }
    },
    "CholecT50": {
        "AP": {
            "AP_i": 54.014028068673476,
            "AP_v": 38.194655676557865,
            "AP_t": 33.66129341781638,
            "AP_iv": 23.674527824930625,
            "AP_it": 27.425932730345078,
            "AP_ivt": 22.16940933686784
        },
        "AP_EMA": {
            "AP_i": 55.79785439613439,
            "AP_v": 38.59147275628517,
            "AP_t": 35.17451512863015,
            "AP_iv": 23.682901945695896,
            "AP_it": 27.391478099513503,
            "AP_ivt": 22.807464934146505
        }
    }
}