{
    "Test": false,
    "Cholec80": {
        "F1_score": 69.09240848684509,
        "F1_score_EMA": 70.38167294470112,
        "Per_video_f1": {
            "cholec80_video41": 71.22234074005043,
            "cholec80_video43": 57.36517023085502,
            "cholec80_video44": 78.56864861878285,
            "cholec80_video45": 67.13052033718488,
            "cholec80_video46": 76.02257349631428,
            "cholec80_video47": 60.73214277331467,
            "cholec80_video48": 72.60546321141348
        },
        "Per_video_f1_EMA": {
            "cholec80_video41": 72.30396047800228,
            "cholec80_video43": 59.64143849692386,
            "cholec80_video44": 79.94515018606621,
            "cholec80_video45": 69.54827007663248,
            "cholec80_video46": 77.63541126443947,
            "cholec80_video47": 60.19725747133702,
            "cholec80_video48": 73.40022263950655
        }
    },
    "Endoscapes": {
        "mAP": 37.219158850343966,
        "mAP_EMA": 39.94620193080335,
        "mAP_per_class": {
            "C0": 33.117591179613584,
            "C1": 37.76939596554117,
            "C2": 40.77048940587714
        },
        "mAP_per_class_EMA": {
            "C0": 35.37253545925857,
            "C1": 41.200865482723316,
            "C2": 43.26520485042815
        }
    },
    "CholecT50": {
        "AP": {
            "AP_i": 54.763880559629406,
            "AP_v": 39.124892301678955,
            "AP_t": 33.271981856245596,
            "AP_iv": 23.287724749537905,
            "AP_it": 26.73492593854265,
            "AP_ivt": 21.76487181942984
        },
        "AP_EMA": {
            "AP_i": 55.954499176736284,
            "AP_v": 38.40783538924392,
            "AP_t": 34.773719692400164,
            "AP_iv": 23.64141524531269,
            "AP_it": 27.08507805457998,
            "AP_ivt": 22.445812054181957
        }
    }
}