{
    "Test": false,
    "Cholec80": {
        "F1_score": 58.79790504014895,
        "F1_score_EMA": 61.304377716816816,
        "Per_video_f1": {
            "cholec80_video41": 47.54239467291423,
            "cholec80_video43": 55.972260087656686,
            "cholec80_video44": 53.835884707723494,
            "cholec80_video45": 69.4250905695568,
            "cholec80_video46": 64.70263455271416,
            "cholec80_video47": 58.500044023505005,
            "cholec80_video48": 61.607026666972274
        },
        "Per_video_f1_EMA": {
            "cholec80_video41": 51.41832158227102,
            "cholec80_video43": 59.20037563449346,
            "cholec80_video44": 59.051727018718395,
            "cholec80_video45": 68.99580748987856,
            "cholec80_video46": 64.29971517837207,
            "cholec80_video47": 60.12231061065112,
            "cholec80_video48": 66.0423865033331
        }
    },
    "Endoscapes": {
        "mAP": 31.21253699672695,
        "mAP_EMA": 32.689929478444974,
        "mAP_per_class": {
            "C0": 32.08108360230912,
            "C1": 29.751072926178512,
            "C2": 31.805454461693216
        },
        "mAP_per_class_EMA": {
            "C0": 32.249594873236525,
            "C1": 29.839478943400664,
            "C2": 35.98071461869774
        }
    },
    "CholecT50": {
        "AP": {
            "AP_i": 54.940056151323205,
            "AP_v": 39.37263230946903,
            "AP_t": 27.689568214120122,
            "AP_iv": 24.623191431704488,
            "AP_it": 24.056353954592637,
            "AP_ivt": 21.545395313004974
        },
        "AP_EMA": {
            "AP_i": 60.23598227890076,
            "AP_v": 42.06201751938449,
            "AP_t": 31.86245484149174,
            "AP_iv": 27.630126785937602,
            "AP_it": 27.839160090587246,
            "AP_ivt": 24.665765008876406
        }
    }
}