{
    "Test": false,
    "Cholec80": {
        "F1_score": 59.445143263080006,
        "F1_score_EMA": 61.26477067559904,
        "Per_video_f1": {
            "cholec80_video41": 51.47069361086608,
            "cholec80_video43": 55.47866041102283,
            "cholec80_video44": 56.67206986585212,
            "cholec80_video45": 69.3458143833822,
            "cholec80_video46": 62.51473148775772,
            "cholec80_video47": 58.64337332103447,
            "cholec80_video48": 61.990659761644615
        },
        "Per_video_f1_EMA": {
            "cholec80_video41": 51.855572117278356,
            "cholec80_video43": 59.75090699447695,
            "cholec80_video44": 59.78983317985034,
            "cholec80_video45": 67.65889373491494,
            "cholec80_video46": 64.62225697614635,
            "cholec80_video47": 60.34284176204484,
            "cholec80_video48": 64.83308996448149
        }
    },
    "Endoscapes": {
        "mAP": 31.895901882908383,
        "mAP_EMA": 33.14743403862623,
        "mAP_per_class": {
            "C0": 30.83609067892675,
            "C1": 29.9057809817245,
            "C2": 34.9458339880739
        },
        "mAP_per_class_EMA": {
            "C0": 32.721979676553545,
            "C1": 29.175376767431914,
            "C2": 37.54494567189324
        }
    },
    "CholecT50": {
        "AP": {
            "AP_i": 57.98712511726549,
            "AP_v": 39.58867732594012,
            "AP_t": 28.933288812710938,
            "AP_iv": 25.63573367639881,
            "AP_it": 25.90256466754075,
            "AP_ivt": 22.657733677416292
        },
        "AP_EMA": {
            "AP_i": 59.42433440085262,
            "AP_v": 41.82247516725319,
            "AP_t": 32.98427176772553,
            "AP_iv": 27.00979416961086,
            "AP_it": 28.273771725401847,
            "AP_ivt": 24.374524937849493
        }
    }
}