{
    "Test": true,
    "Cholec80": {
        "F1_score": 55.58456606361739,
        "F1_score_EMA": null,
        "Per_video_f1": {
            "cholec80_video51": 52.80920684468789,
            "cholec80_video53": 60.38336737366573,
            "cholec80_video54": 55.94449911520027,
            "cholec80_video55": 64.52705409152921,
            "cholec80_video58": 38.27353468882351,
            "cholec80_video59": 64.43679673238518,
            "cholec80_video61": 39.04864586088384,
            "cholec80_video63": 47.80260032521252,
            "cholec80_video64": 48.17969415638653,
            "cholec80_video69": 67.32789939136566,
            "cholec80_video73": 68.4812971179151,
            "cholec80_video74": 47.882595233078554,
            "cholec80_video76": 58.810465046981456,
            "cholec80_video77": 70.84424217568811,
            "cholec80_video80": 49.01659280045726
        },
        "Per_video_f1_EMA": null
    },
    "Endoscapes": {
        "mAP": 38.53488916849329,
        "mAP_EMA": null,
        "mAP_per_class": {
            "C0": 40.76755067542418,
            "C1": 30.479460419768508,
            "C2": 44.35765641028716
        },
        "mAP_per_class_EMA": null
    },
    "CholecT50": {
        "AP": {
            "AP_i": 60.299934555249706,
            "AP_v": 43.54236378007472,
            "AP_t": 32.95353658322025,
            "AP_iv": 23.66651739729878,
            "AP_it": 20.035483220862258,
            "AP_ivt": 16.404229657923963
        },
        "AP_EMA": null
    }
}