{
    "Test": false,
    "Cholec80": {
        "F1_score": 60.78520289977739,
        "F1_score_EMA": 61.32506485197033,
        "Per_video_f1": {
            "cholec80_video41": 53.07524160177305,
            "cholec80_video43": 57.22678467776768,
            "cholec80_video44": 57.673466583507334,
            "cholec80_video45": 71.13896418616386,
            "cholec80_video46": 62.90542657900755,
            "cholec80_video47": 60.76254929568138,
            "cholec80_video48": 62.713987374540835
        },
        "Per_video_f1_EMA": {
            "cholec80_video41": 51.239352323859976,
            "cholec80_video43": 58.26363938470356,
            "cholec80_video44": 58.68528108337806,
            "cholec80_video45": 69.67245801926903,
            "cholec80_video46": 65.0710269301918,
            "cholec80_video47": 60.396602066301895,
            "cholec80_video48": 65.947094156088
        }
    },
    "Endoscapes": {
        "mAP": 30.023246137352043,
        "mAP_EMA": 32.660334289099644,
        "mAP_per_class": {
            "C0": 30.13404695413745,
            "C1": 26.955002901910774,
            "C2": 32.980688556007905
        },
        "mAP_per_class_EMA": {
            "C0": 32.01564347681016,
            "C1": 30.123008836385306,
            "C2": 35.84235055410346
        }
    },
    "CholecT50": {
        "AP": {
            "AP_i": 52.69781723444217,
            "AP_v": 37.48648835442923,
            "AP_t": 27.42826807217021,
            "AP_iv": 23.810704067030347,
            "AP_it": 23.14124058744247,
            "AP_ivt": 20.213606199249455
        },
        "AP_EMA": {
            "AP_i": 59.77917902150589,
            "AP_v": 41.97123724147903,
            "AP_t": 31.34168817503612,
            "AP_iv": 27.62951276802262,
            "AP_it": 27.830281556960923,
            "AP_ivt": 24.49954859945822
        }
    }
}