{
    "Test": false,
    "Cholec80": {
        "F1_score": 61.29382517850521,
        "F1_score_EMA": 59.64049044012187,
        "Per_video_f1": {
            "cholec80_video41": 52.49758658520627,
            "cholec80_video43": 57.79177663075438,
            "cholec80_video44": 58.21702606810538,
            "cholec80_video45": 70.36332937826253,
            "cholec80_video46": 63.25419959471558,
            "cholec80_video47": 61.393778296833986,
            "cholec80_video48": 65.53907969565834
        },
        "Per_video_f1_EMA": {
            "cholec80_video41": 53.541163616128095,
            "cholec80_video43": 59.15934061097968,
            "cholec80_video44": 59.07764579041329,
            "cholec80_video45": 64.97365279799571,
            "cholec80_video46": 61.503652299729126,
            "cholec80_video47": 57.84680067277838,
            "cholec80_video48": 61.3811772928288
        }
    },
    "Endoscapes": {
        "mAP": 32.9076682850582,
        "mAP_EMA": 32.4809251584501,
        "mAP_per_class": {
            "C0": 31.769114696011613,
            "C1": 33.19258153768932,
            "C2": 33.76130862147366
        },
        "mAP_per_class_EMA": {
            "C0": 32.30552789971995,
            "C1": 27.51571507876271,
            "C2": 37.62153249686764
        }
    },
    "CholecT50": {
        "AP": {
            "AP_i": 58.293766896788924,
            "AP_v": 40.132147024953895,
            "AP_t": 28.99384352139052,
            "AP_iv": 25.217373295071354,
            "AP_it": 25.625737326469583,
            "AP_ivt": 22.338930427003174
        },
        "AP_EMA": {
            "AP_i": 56.961322892839824,
            "AP_v": 40.0822651827498,
            "AP_t": 32.357527272010245,
            "AP_iv": 25.631549490982014,
            "AP_it": 26.603899468462664,
            "AP_ivt": 22.437118250850347
        }
    }
}