{
    "Test": false,
    "Cholec80": {
        "F1_score": 61.77922417564881,
        "F1_score_EMA": 36.853695294960175,
        "Per_video_f1": {
            "cholec80_video41": 54.0575733840884,
            "cholec80_video43": 58.882356960936924,
            "cholec80_video44": 57.224305101865816,
            "cholec80_video45": 71.32898586764385,
            "cholec80_video46": 65.3575370188139,
            "cholec80_video47": 59.952263385323626,
            "cholec80_video48": 65.65154751086911
        },
        "Per_video_f1_EMA": {
            "cholec80_video41": 39.5729669115514,
            "cholec80_video43": 35.346310852824054,
            "cholec80_video44": 41.320929805009314,
            "cholec80_video45": 43.36513717760493,
            "cholec80_video46": 32.23290150781044,
            "cholec80_video47": 30.681231395507762,
            "cholec80_video48": 35.45638941441332
        }
    },
    "Endoscapes": {
        "mAP": 31.371968771623653,
        "mAP_EMA": 21.1517351236275,
        "mAP_per_class": {
            "C0": 28.261982926576906,
            "C1": 28.911161901010907,
            "C2": 36.94276148728314
        },
        "mAP_per_class_EMA": {
            "C0": 23.188352039445746,
            "C1": 15.721140121160438,
            "C2": 24.54571321027632
        }
    },
    "CholecT50": {
        "AP": {
            "AP_i": 61.412137176613605,
            "AP_v": 42.454523271334715,
            "AP_t": 33.74094615574693,
            "AP_iv": 26.40891371161983,
            "AP_it": 28.065856038708546,
            "AP_ivt": 24.002872395786422
        },
        "AP_EMA": {
            "AP_i": 32.238855127778756,
            "AP_v": 23.752298315071837,
            "AP_t": 21.98201345780857,
            "AP_iv": 13.785468726885139,
            "AP_it": 13.862136108706537,
            "AP_ivt": 11.500410643375206
        }
    }
}