{
    "Test": false,
    "Cholec80": {
        "F1_score": 67.40054069491838,
        "F1_score_EMA": 40.07858618867149,
        "Per_video_f1": {
            "cholec80_video41": 67.98421252445601,
            "cholec80_video43": 60.344434656799336,
            "cholec80_video44": 70.93419473273137,
            "cholec80_video45": 75.00083668670231,
            "cholec80_video46": 66.24959734017271,
            "cholec80_video47": 63.972232453950696,
            "cholec80_video48": 67.31827646961624
        },
        "Per_video_f1_EMA": {
            "cholec80_video41": 45.12085264913261,
            "cholec80_video43": 36.40960920283675,
            "cholec80_video44": 40.34144993835195,
            "cholec80_video45": 37.32891205090753,
            "cholec80_video46": 37.882517739209504,
            "cholec80_video47": 43.47723559092324,
            "cholec80_video48": 39.98952614933882
        }
    },
    "Endoscapes": {
        "mAP": 35.97015695751004,
        "mAP_EMA": 21.443863293738247,
        "mAP_per_class": {
            "C0": 32.80636060641503,
            "C1": 42.4525053629308,
            "C2": 32.651604903184285
        },
        "mAP_per_class_EMA": {
            "C0": 15.126325519498119,
            "C1": 22.49831265538362,
            "C2": 26.706951706332998
        }
    },
    "CholecT50": {
        "AP": {
            "AP_i": 78.09747622332627,
            "AP_v": 52.59733999188288,
            "AP_t": 37.62672117517845,
            "AP_iv": 32.46196489977022,
            "AP_it": 31.65623856672425,
            "AP_ivt": 27.07177499908065
        },
        "AP_EMA": {
            "AP_i": 52.68414282492129,
            "AP_v": 35.87507721387174,
            "AP_t": 27.903749022836152,
            "AP_iv": 22.2366270510274,
            "AP_it": 21.775223753648316,
            "AP_ivt": 18.812980453569722
        }
    }
}