{
    "Test": false,
    "Cholec80": {
        "F1_score": 67.83914014522631,
        "F1_score_EMA": 8.02806432572256,
        "Per_video_f1": {
            "cholec80_video41": 69.03498621867135,
            "cholec80_video43": 65.62414842904879,
            "cholec80_video44": 73.38846834586651,
            "cholec80_video45": 66.9496938350551,
            "cholec80_video46": 66.91882915118023,
            "cholec80_video47": 61.827843898672086,
            "cholec80_video48": 71.13001113809008
        },
        "Per_video_f1_EMA": {
            "cholec80_video41": 6.825439209198822,
            "cholec80_video43": 6.0561668888246265,
            "cholec80_video44": 6.895494989326728,
            "cholec80_video45": 10.527517208319724,
            "cholec80_video46": 10.527881562295015,
            "cholec80_video47": 5.629225696289071,
            "cholec80_video48": 9.734724725803932
        }
    },
    "Endoscapes": {
        "mAP": 36.64254330845832,
        "mAP_EMA": 12.022010128606816,
        "mAP_per_class": {
            "C0": 34.08219589190477,
            "C1": 41.53324503980926,
            "C2": 34.31218899366093
        },
        "mAP_per_class_EMA": {
            "C0": 12.47721907224327,
            "C1": 10.429192081778972,
            "C2": 13.159619231798207
        }
    },
    "CholecT50": {
        "AP": {
            "AP_i": 76.84127427923936,
            "AP_v": 55.60042583469544,
            "AP_t": 40.41514461396916,
            "AP_iv": 34.96189966357908,
            "AP_it": 34.46996512127312,
            "AP_ivt": 30.389277889532767
        },
        "AP_EMA": {
            "AP_i": 25.38193187201112,
            "AP_v": 16.841693340698804,
            "AP_t": 12.378812479171394,
            "AP_iv": 9.446949109781496,
            "AP_it": 6.7705729331403735,
            "AP_ivt": 5.6515578174324625
        }
    }
}