{
    "Test": false,
    "Cholec80": {
        "F1_score": 77.1982938988043,
        "F1_score_EMA": 77.61593655616076,
        "Per_video_f1": {
            "cholec80_video41": 75.8674149839279,
            "cholec80_video43": 69.33087986239703,
            "cholec80_video44": 83.9252644108258,
            "cholec80_video45": 86.24282755249789,
            "cholec80_video46": 80.1354349825603,
            "cholec80_video47": 66.29587966678491,
            "cholec80_video48": 78.59035583263623
        },
        "Per_video_f1_EMA": {
            "cholec80_video41": 76.25873540373559,
            "cholec80_video43": 70.71891800197217,
            "cholec80_video44": 85.29546114100035,
            "cholec80_video45": 83.83217837846404,
            "cholec80_video46": 84.51584715140379,
            "cholec80_video47": 61.92130646352769,
            "cholec80_video48": 80.76910935302169
        }
    },
    "Endoscapes": {
        "mAP": 43.248341001897465,
        "mAP_EMA": 48.94459598963786,
        "mAP_per_class": {
            "C0": 44.72336297029458,
            "C1": 42.86489454359998,
            "C2": 42.156765491797834
        },
        "mAP_per_class_EMA": {
            "C0": 49.503916116933446,
            "C1": 48.03806546333943,
            "C2": 49.2918063886407
        }
    },
    "CholecT50": {
        "AP": {
            "AP_i": 85.33479427220952,
            "AP_v": 59.38949032192362,
            "AP_t": 42.87621677768513,
            "AP_iv": 38.23015827914552,
            "AP_it": 37.26334983267344,
            "AP_ivt": 31.396598698523476
        },
        "AP_EMA": {
            "AP_i": 91.20444210332782,
            "AP_v": 64.89701604802997,
            "AP_t": 48.94756108325938,
            "AP_iv": 43.74992708553554,
            "AP_it": 44.965021101921025,
            "AP_ivt": 38.49386215659735
        }
    }
}