{
    "Test": false,
    "Cholec80": {
        "F1_score": 78.44686188659689,
        "F1_score_EMA": 7.989227324565815,
        "Per_video_f1": {
            "cholec80_video41": 79.88472770717387,
            "cholec80_video43": 68.93708212141364,
            "cholec80_video44": 85.69554049743594,
            "cholec80_video45": 86.07614453263945,
            "cholec80_video46": 80.5032155134716,
            "cholec80_video47": 69.32478462150472,
            "cholec80_video48": 78.70653821253899
        },
        "Per_video_f1_EMA": {
            "cholec80_video41": 9.0340799153949,
            "cholec80_video43": 8.763158947434338,
            "cholec80_video44": 9.009704495627,
            "cholec80_video45": 6.043564983086116,
            "cholec80_video46": 7.043813499755054,
            "cholec80_video47": 5.744680851063831,
            "cholec80_video48": 10.285588579599468
        }
    },
    "Endoscapes": {
        "mAP": 47.32008860135832,
        "mAP_EMA": 13.041299028027778,
        "mAP_per_class": {
            "C0": 48.790702673720006,
            "C1": 46.402162470138165,
            "C2": 46.76740066021679
        },
        "mAP_per_class_EMA": {
            "C0": 14.697987354358045,
            "C1": 10.195168897460137,
            "C2": 14.230740832265152
        }
    },
    "CholecT50": {
        "AP": {
            "AP_i": 92.11692812326453,
            "AP_v": 66.74714380111392,
            "AP_t": 47.195713945350164,
            "AP_iv": 42.59810771472375,
            "AP_it": 43.550118033677755,
            "AP_ivt": 37.957308826344715
        },
        "AP_EMA": {
            "AP_i": 23.833829037662436,
            "AP_v": 16.044690774349665,
            "AP_t": 12.937803682508648,
            "AP_iv": 9.256329492662983,
            "AP_it": 7.139848199709146,
            "AP_ivt": 5.764564099473713
        }
    }
}