{
    "Test": false,
    "Cholec80": {
        "F1_score": 76.26549793465243,
        "F1_score_EMA": 77.5714533458008,
        "Per_video_f1": {
            "cholec80_video41": 76.0945854800383,
            "cholec80_video43": 69.49311450346744,
            "cholec80_video44": 84.51279990045398,
            "cholec80_video45": 81.74775263451998,
            "cholec80_video46": 82.53467145695394,
            "cholec80_video47": 59.91651281075276,
            "cholec80_video48": 79.55904875638062
        },
        "Per_video_f1_EMA": {
            "cholec80_video41": 77.78900479699588,
            "cholec80_video43": 69.98748669531619,
            "cholec80_video44": 83.86376748105717,
            "cholec80_video45": 83.9836955870596,
            "cholec80_video46": 83.68208074128806,
            "cholec80_video47": 63.68316062130438,
            "cholec80_video48": 80.01097749758436
        }
    },
    "Endoscapes": {
        "mAP": 43.87004515686404,
        "mAP_EMA": 46.395823646900034,
        "mAP_per_class": {
            "C0": 39.771624615730836,
            "C1": 47.557604747203726,
            "C2": 44.28090610765755
        },
        "mAP_per_class_EMA": {
            "C0": 46.80913633414039,
            "C1": 45.61464938863805,
            "C2": 46.76368521792166
        }
    },
    "CholecT50": {
        "AP": {
            "AP_i": 78.52156688526895,
            "AP_v": 55.71965853458198,
            "AP_t": 39.33884157462598,
            "AP_iv": 37.112690478916996,
            "AP_it": 33.910305777823375,
            "AP_ivt": 28.41078543003316
        },
        "AP_EMA": {
            "AP_i": 85.53864511118934,
            "AP_v": 61.07814898303354,
            "AP_t": 44.42179000842926,
            "AP_iv": 41.40409747835157,
            "AP_it": 38.84283754383776,
            "AP_ivt": 32.981389430134236
        }
    }
}