{
    "Test": false,
    "Cholec80": {
        "F1_score": 76.68025135482632,
        "F1_score_EMA": 77.88314758705143,
        "Per_video_f1": {
            "cholec80_video41": 76.56854406789148,
            "cholec80_video43": 69.23688240161054,
            "cholec80_video44": 82.93655585934171,
            "cholec80_video45": 80.26535235343859,
            "cholec80_video46": 82.44818669860223,
            "cholec80_video47": 66.92527145258349,
            "cholec80_video48": 78.38096665031622
        },
        "Per_video_f1_EMA": {
            "cholec80_video41": 76.57619695250804,
            "cholec80_video43": 71.04218168085224,
            "cholec80_video44": 85.60544463613795,
            "cholec80_video45": 84.27416025007963,
            "cholec80_video46": 83.8540749957433,
            "cholec80_video47": 62.72461985102111,
            "cholec80_video48": 81.10535474301767
        }
    },
    "Endoscapes": {
        "mAP": 43.302326670491134,
        "mAP_EMA": 46.99774501907172,
        "mAP_per_class": {
            "C0": 47.346275965844775,
            "C1": 39.63942859043318,
            "C2": 42.92127545519544
        },
        "mAP_per_class_EMA": {
            "C0": 47.4911434594108,
            "C1": 46.746378218313986,
            "C2": 46.75571337949039
        }
    },
    "CholecT50": {
        "AP": {
            "AP_i": 85.04785839730025,
            "AP_v": 58.43494315124703,
            "AP_t": 42.3581573062827,
            "AP_iv": 39.62586078392125,
            "AP_it": 38.550940631418705,
            "AP_ivt": 32.5507983702725
        },
        "AP_EMA": {
            "AP_i": 90.22362237930882,
            "AP_v": 64.27076966658686,
            "AP_t": 48.21992611371934,
            "AP_iv": 43.23936571324367,
            "AP_it": 43.6998477670922,
            "AP_ivt": 37.91326700710486
        }
    }
}