{
    "Test": false,
    "Cholec80": {
        "F1_score": 76.72266951533777,
        "F1_score_EMA": 77.93641121088051,
        "Per_video_f1": {
            "cholec80_video41": 77.12676535693589,
            "cholec80_video43": 70.21479891940872,
            "cholec80_video44": 80.54330697353035,
            "cholec80_video45": 80.88181663595388,
            "cholec80_video46": 81.4463448671135,
            "cholec80_video47": 67.48809558996246,
            "cholec80_video48": 79.35755826445957
        },
        "Per_video_f1_EMA": {
            "cholec80_video41": 77.78340277966969,
            "cholec80_video43": 70.50422389452996,
            "cholec80_video44": 85.6939966052658,
            "cholec80_video45": 84.4801391588824,
            "cholec80_video46": 83.43477616366204,
            "cholec80_video47": 63.242963160543475,
            "cholec80_video48": 80.41537671361017
        }
    },
    "Endoscapes": {
        "mAP": 42.76762314595889,
        "mAP_EMA": 46.40329823171274,
        "mAP_per_class": {
            "C0": 46.182539734226566,
            "C1": 37.81048612104907,
            "C2": 44.30984358260105
        },
        "mAP_per_class_EMA": {
            "C0": 47.38658478011097,
            "C1": 46.11323442179581,
            "C2": 45.710075493231436
        }
    },
    "CholecT50": {
        "AP": {
            "AP_i": 81.49354711830222,
            "AP_v": 58.743451970785635,
            "AP_t": 41.04350583637881,
            "AP_iv": 39.240912264459155,
            "AP_it": 36.15387205564024,
            "AP_ivt": 32.02061758656839
        },
        "AP_EMA": {
            "AP_i": 89.38142056521788,
            "AP_v": 63.68427875332192,
            "AP_t": 46.88968799423658,
            "AP_iv": 43.01659614978956,
            "AP_it": 43.30178605028431,
            "AP_ivt": 37.85821335772482
        }
    }
}