{
    "Test": false,
    "Cholec80": {
        "F1_score": 74.15974761871949,
        "F1_score_EMA": 77.73194257585185,
        "Per_video_f1": {
            "cholec80_video41": 74.94570781849292,
            "cholec80_video43": 68.81528024354373,
            "cholec80_video44": 79.76386033272671,
            "cholec80_video45": 80.34685873914947,
            "cholec80_video46": 77.48302570968991,
            "cholec80_video47": 61.992847928755445,
            "cholec80_video48": 75.77065255867824
        },
        "Per_video_f1_EMA": {
            "cholec80_video41": 77.22756258823455,
            "cholec80_video43": 69.98489191940614,
            "cholec80_video44": 85.21867411994305,
            "cholec80_video45": 84.5842152393522,
            "cholec80_video46": 82.46015099458793,
            "cholec80_video47": 63.98606821303602,
            "cholec80_video48": 80.66203495640308
        }
    },
    "Endoscapes": {
        "mAP": 47.153885075029876,
        "mAP_EMA": 46.47909991179088,
        "mAP_per_class": {
            "C0": 44.923657764343936,
            "C1": 50.39666882291788,
            "C2": 46.141328637827804
        },
        "mAP_per_class_EMA": {
            "C0": 48.31923525042423,
            "C1": 46.3582413493501,
            "C2": 44.75982313559832
        }
    },
    "CholecT50": {
        "AP": {
            "AP_i": 86.72627802732842,
            "AP_v": 61.13476373989876,
            "AP_t": 42.95532779085696,
            "AP_iv": 39.00250775660305,
            "AP_it": 37.90940352059917,
            "AP_ivt": 31.525486279503976
        },
        "AP_EMA": {
            "AP_i": 88.36138025489576,
            "AP_v": 62.96317151524677,
            "AP_t": 46.06236789612387,
            "AP_iv": 42.81866977221124,
            "AP_it": 42.472180065915914,
            "AP_ivt": 37.114108168181204
        }
    }
}