{
    "Test": false,
    "Cholec80": {
        "F1_score": 75.33722655664725,
        "F1_score_EMA": 77.36292350252079,
        "Per_video_f1": {
            "cholec80_video41": 71.40372248315049,
            "cholec80_video43": 70.05863598146657,
            "cholec80_video44": 83.5436012085939,
            "cholec80_video45": 78.44677285838499,
            "cholec80_video46": 81.90193184930062,
            "cholec80_video47": 61.56210261203968,
            "cholec80_video48": 80.44381890359456
        },
        "Per_video_f1_EMA": {
            "cholec80_video41": 76.6230434808504,
            "cholec80_video43": 71.21498501519167,
            "cholec80_video44": 84.90311540817237,
            "cholec80_video45": 83.11041811809191,
            "cholec80_video46": 82.87576794191276,
            "cholec80_video47": 62.74133455466141,
            "cholec80_video48": 80.07179999876497
        }
    },
    "Endoscapes": {
        "mAP": 42.945862645706185,
        "mAP_EMA": 51.85870760978864,
        "mAP_per_class": {
            "C0": 41.495508545650516,
            "C1": 44.09369761034768,
            "C2": 43.248381781120365
        },
        "mAP_per_class_EMA": {
            "C0": 52.13568481110479,
            "C1": 49.107168429992434,
            "C2": 54.333269588268685
        }
    },
    "CholecT50": {
        "AP": {
            "AP_i": 90.71030067254021,
            "AP_v": 64.71133015653882,
            "AP_t": 44.29925694083928,
            "AP_iv": 43.619603833432876,
            "AP_it": 42.483779493107214,
            "AP_ivt": 36.72970084478518
        },
        "AP_EMA": {
            "AP_i": 92.63732982495294,
            "AP_v": 67.2697089291297,
            "AP_t": 50.64506477093663,
            "AP_iv": 44.65399585974327,
            "AP_it": 46.22084642645422,
            "AP_ivt": 40.469583980811734
        }
    }
}