{
    "Test": false,
    "Cholec80": {
        "F1_score": 68.0162376972211,
        "F1_score_EMA": 43.423423354143,
        "Per_video_f1": {
            "cholec80_video41": 64.87614222387438,
            "cholec80_video43": 70.75748577413657,
            "cholec80_video44": 65.65404298746324,
            "cholec80_video45": 72.62172818128602,
            "cholec80_video46": 71.27194085052386,
            "cholec80_video47": 57.53823086954599,
            "cholec80_video48": 73.39409299371759
        },
        "Per_video_f1_EMA": {
            "cholec80_video41": 46.88213318756117,
            "cholec80_video43": 45.47998829486689,
            "cholec80_video44": 38.29552243088215,
            "cholec80_video45": 43.699027995824544,
            "cholec80_video46": 42.056230502689154,
            "cholec80_video47": 48.77318165737085,
            "cholec80_video48": 38.77787940980621
        }
    },
    "Endoscapes": {
        "mAP": 47.86743164786487,
        "mAP_EMA": 30.408193122115524,
        "mAP_per_class": {
            "C0": 49.04446905488315,
            "C1": 49.770137345272026,
            "C2": 44.78768854343944
        },
        "mAP_per_class_EMA": {
            "C0": 28.401455877099224,
            "C1": 26.298488237391794,
            "C2": 36.52463525185555
        }
    },
    "CholecT50": {
        "AP": {
            "AP_i": 87.19207163618495,
            "AP_v": 62.342330037379824,
            "AP_t": 43.90965949823226,
            "AP_iv": 40.27553786284809,
            "AP_it": 39.568535199629764,
            "AP_ivt": 33.88336178682377
        },
        "AP_EMA": {
            "AP_i": 59.290464104274584,
            "AP_v": 39.223171717841566,
            "AP_t": 31.50295862416867,
            "AP_iv": 24.588836920306058,
            "AP_it": 23.67686430954851,
            "AP_ivt": 19.173730157330482
        }
    }
}