{
    "Test": false,
    "Cholec80": {
        "F1_score": 69.54337855508875,
        "F1_score_EMA": 74.45177452574535,
        "Per_video_f1": {
            "cholec80_video41": 67.79663698244521,
            "cholec80_video43": 65.41300372300508,
            "cholec80_video44": 72.48925911135292,
            "cholec80_video45": 71.8525845787675,
            "cholec80_video46": 75.29672084496475,
            "cholec80_video47": 60.62812348495973,
            "cholec80_video48": 73.32732116012605
        },
        "Per_video_f1_EMA": {
            "cholec80_video41": 71.47949381666662,
            "cholec80_video43": 72.6954369201365,
            "cholec80_video44": 81.80241183445892,
            "cholec80_video45": 82.04663050818249,
            "cholec80_video46": 73.87847958770932,
            "cholec80_video47": 65.91827030844682,
            "cholec80_video48": 73.34169870461676
        }
    },
    "Endoscapes": {
        "mAP": 33.655479258872695,
        "mAP_EMA": 44.05912317840666,
        "mAP_per_class": {
            "C0": 34.064142542355945,
            "C1": 38.263465879570944,
            "C2": 28.638829354691193
        },
        "mAP_per_class_EMA": {
            "C0": 46.07148544182126,
            "C1": 45.43397577048624,
            "C2": 40.671908322912465
        }
    },
    "CholecT50": {
        "AP": {
            "AP_i": 82.77273731043036,
            "AP_v": 61.588824205112246,
            "AP_t": 41.392884832410054,
            "AP_iv": 38.13153239309396,
            "AP_it": 39.370315202594725,
            "AP_ivt": 32.59070720346861
        },
        "AP_EMA": {
            "AP_i": 85.6906724467978,
            "AP_v": 65.54003774988746,
            "AP_t": 45.71131791675639,
            "AP_iv": 42.82443657622078,
            "AP_it": 40.17825614304644,
            "AP_ivt": 35.072838953712626
        }
    }
}