{
    "Test": false,
    "Cholec80": {
        "F1_score": 70.61986019345565,
        "F1_score_EMA": 74.25667439729901,
        "Per_video_f1": {
            "cholec80_video41": 62.047100027465795,
            "cholec80_video43": 70.64100929429306,
            "cholec80_video44": 77.48692264352215,
            "cholec80_video45": 76.76509790500495,
            "cholec80_video46": 72.9137759650382,
            "cholec80_video47": 57.50982781710013,
            "cholec80_video48": 76.97528770176531
        },
        "Per_video_f1_EMA": {
            "cholec80_video41": 69.44432952967378,
            "cholec80_video43": 74.5071212403386,
            "cholec80_video44": 80.06172407967857,
            "cholec80_video45": 82.23579929102648,
            "cholec80_video46": 74.31982979305994,
            "cholec80_video47": 63.724419761185715,
            "cholec80_video48": 75.50349708613001
        }
    },
    "Endoscapes": {
        "mAP": 37.429382014488404,
        "mAP_EMA": 41.41720622989529,
        "mAP_per_class": {
            "C0": 35.92631098385328,
            "C1": 42.57957530375766,
            "C2": 33.78225975585427
        },
        "mAP_per_class_EMA": {
            "C0": 42.757558009116224,
            "C1": 43.87635400905792,
            "C2": 37.61770667151173
        }
    },
    "CholecT50": {
        "AP": {
            "AP_i": 87.03875335517176,
            "AP_v": 61.49323344877912,
            "AP_t": 42.10115507128704,
            "AP_iv": 38.099687051431076,
            "AP_it": 38.4659183961002,
            "AP_ivt": 32.557879459543734
        },
        "AP_EMA": {
            "AP_i": 89.69089332661817,
            "AP_v": 64.32143703962893,
            "AP_t": 44.819690420779274,
            "AP_iv": 41.86177889753399,
            "AP_it": 44.15064008122842,
            "AP_ivt": 37.60200697893735
        }
    }
}