{
    "Test": false,
    "Cholec80": {
        "F1_score": 68.67701504739179,
        "F1_score_EMA": 74.97689431244689,
        "Per_video_f1": {
            "cholec80_video41": 55.53762026377191,
            "cholec80_video43": 78.37361141321946,
            "cholec80_video44": 76.49748216947187,
            "cholec80_video45": 72.62410379254023,
            "cholec80_video46": 71.91674365689992,
            "cholec80_video47": 55.04488069341722,
            "cholec80_video48": 70.7446633424219
        },
        "Per_video_f1_EMA": {
            "cholec80_video41": 70.09944891113427,
            "cholec80_video43": 73.55952189352098,
            "cholec80_video44": 81.75221931875079,
            "cholec80_video45": 80.91212489901567,
            "cholec80_video46": 74.78099463774208,
            "cholec80_video47": 66.42808252108338,
            "cholec80_video48": 77.30586800588105
        }
    },
    "Endoscapes": {
        "mAP": 45.17813439399798,
        "mAP_EMA": 49.99049386570864,
        "mAP_per_class": {
            "C0": 51.43880447707082,
            "C1": 45.071622256862796,
            "C2": 39.02397644806033
        },
        "mAP_per_class_EMA": {
            "C0": 52.163003078425454,
            "C1": 50.35262877157909,
            "C2": 47.45584974712139
        }
    },
    "CholecT50": {
        "AP": {
            "AP_i": 89.94024465766886,
            "AP_v": 65.60129878838802,
            "AP_t": 44.45746860699406,
            "AP_iv": 41.67282469205804,
            "AP_it": 43.651948843840685,
            "AP_ivt": 37.45222713762983
        },
        "AP_EMA": {
            "AP_i": 90.09130880450897,
            "AP_v": 67.29267330351817,
            "AP_t": 45.73448606692243,
            "AP_iv": 43.38675521337262,
            "AP_it": 45.707272191819314,
            "AP_ivt": 39.77539552859682
        }
    }
}