{
    "Test": false,
    "Cholec80": {
        "F1_score": 64.52536316755607,
        "F1_score_EMA": 71.46558639234422,
        "Per_video_f1": {
            "cholec80_video41": 63.01661401246044,
            "cholec80_video43": 67.21851515701091,
            "cholec80_video44": 67.06035850543145,
            "cholec80_video45": 71.18904051347172,
            "cholec80_video46": 60.56927085711463,
            "cholec80_video47": 57.86485817960637,
            "cholec80_video48": 64.75888494779689
        },
        "Per_video_f1_EMA": {
            "cholec80_video41": 69.85522580378414,
            "cholec80_video43": 69.03121942359398,
            "cholec80_video44": 75.6604533702095,
            "cholec80_video45": 78.4497119850772,
            "cholec80_video46": 73.44512811286219,
            "cholec80_video47": 62.29079059902249,
            "cholec80_video48": 71.52657545186003
        }
    },
    "Endoscapes": {
        "mAP": 41.03719607458016,
        "mAP_EMA": 44.15841886231513,
        "mAP_per_class": {
            "C0": 40.73149150551115,
            "C1": 44.56135138822285,
            "C2": 37.81874533000648
        },
        "mAP_per_class_EMA": {
            "C0": 42.35127475664285,
            "C1": 40.96353205226951,
            "C2": 49.160449778033026
        }
    },
    "CholecT50": {
        "AP": {
            "AP_i": 83.16513928072722,
            "AP_v": 58.61465735079088,
            "AP_t": 40.225699011527404,
            "AP_iv": 37.45463795979033,
            "AP_it": 37.369034204003306,
            "AP_ivt": 31.5983833701575
        },
        "AP_EMA": {
            "AP_i": 83.89445330213051,
            "AP_v": 60.86618101353853,
            "AP_t": 42.66480107405134,
            "AP_iv": 38.527794642914785,
            "AP_it": 39.570271912374444,
            "AP_ivt": 34.12243991526961
        }
    }
}