{
    "Test": false,
    "Cholec80": {
        "F1_score": 67.46204698608699,
        "F1_score_EMA": 73.75020695723425,
        "Per_video_f1": {
            "cholec80_video41": 59.65421073246271,
            "cholec80_video43": 64.05548713906451,
            "cholec80_video44": 73.45669756626967,
            "cholec80_video45": 69.00242841311017,
            "cholec80_video46": 71.09037445142097,
            "cholec80_video47": 63.54303304429554,
            "cholec80_video48": 71.43209755598538
        },
        "Per_video_f1_EMA": {
            "cholec80_video41": 68.59518108994008,
            "cholec80_video43": 70.56837663009905,
            "cholec80_video44": 82.61029673551835,
            "cholec80_video45": 81.30999122757076,
            "cholec80_video46": 73.88776321960285,
            "cholec80_video47": 64.1158464112001,
            "cholec80_video48": 75.16399338670858
        }
    },
    "Endoscapes": {
        "mAP": 37.134072298566025,
        "mAP_EMA": 44.15468756114328,
        "mAP_per_class": {
            "C0": 36.01211811793988,
            "C1": 43.16609177378696,
            "C2": 32.224007003971245
        },
        "mAP_per_class_EMA": {
            "C0": 47.02835826509073,
            "C1": 47.20881251947287,
            "C2": 38.226891898866235
        }
    },
    "CholecT50": {
        "AP": {
            "AP_i": 78.61759142101536,
            "AP_v": 51.10431898102205,
            "AP_t": 37.42433312001433,
            "AP_iv": 32.534268037145374,
            "AP_it": 31.139128498131033,
            "AP_ivt": 25.63780997887326
        },
        "AP_EMA": {
            "AP_i": 86.8891413425908,
            "AP_v": 61.003246424125926,
            "AP_t": 44.29200161040722,
            "AP_iv": 40.280240140604924,
            "AP_it": 42.117860612518335,
            "AP_ivt": 35.22050397218437
        }
    }
}