{
    "Test": false,
    "Cholec80": {
        "F1_score": 70.03564623344057,
        "F1_score_EMA": 73.44608790990425,
        "Per_video_f1": {
            "cholec80_video41": 63.27924387139932,
            "cholec80_video43": 67.67678061768943,
            "cholec80_video44": 71.95073711403694,
            "cholec80_video45": 78.99412663448838,
            "cholec80_video46": 69.36963938271325,
            "cholec80_video47": 64.86542390617126,
            "cholec80_video48": 74.11357210758541
        },
        "Per_video_f1_EMA": {
            "cholec80_video41": 70.38723908120716,
            "cholec80_video43": 69.01479985546972,
            "cholec80_video44": 80.79743883120447,
            "cholec80_video45": 80.45932539524443,
            "cholec80_video46": 73.5113704171921,
            "cholec80_video47": 64.60209133856017,
            "cholec80_video48": 75.35035045045173
        }
    },
    "Endoscapes": {
        "mAP": 35.352077837101234,
        "mAP_EMA": 43.01970760278996,
        "mAP_per_class": {
            "C0": 36.38597977201253,
            "C1": 36.96292089757929,
            "C2": 32.707332841711874
        },
        "mAP_per_class_EMA": {
            "C0": 42.054140060714715,
            "C1": 42.456243379120714,
            "C2": 44.548739368534434
        }
    },
    "CholecT50": {
        "AP": {
            "AP_i": 81.47419589439801,
            "AP_v": 56.000016459231496,
            "AP_t": 39.46695109231162,
            "AP_iv": 37.36691901950846,
            "AP_it": 37.184825417594105,
            "AP_ivt": 30.890674485463613
        },
        "AP_EMA": {
            "AP_i": 85.58270518311015,
            "AP_v": 63.54929121713318,
            "AP_t": 43.05333549453758,
            "AP_iv": 41.09004589875476,
            "AP_it": 39.14909509500281,
            "AP_ivt": 33.37183779490551
        }
    }
}