{
    "Test": false,
    "Cholec80": {
        "F1_score": 71.63563749160674,
        "F1_score_EMA": 74.01323575820453,
        "Per_video_f1": {
            "cholec80_video41": 69.684615284696,
            "cholec80_video43": 63.66135070922262,
            "cholec80_video44": 79.1850922380463,
            "cholec80_video45": 75.99443879282532,
            "cholec80_video46": 74.60176978871333,
            "cholec80_video47": 64.51448244930725,
            "cholec80_video48": 73.80771317843642
        },
        "Per_video_f1_EMA": {
            "cholec80_video41": 70.22056612944644,
            "cholec80_video43": 71.75337882671732,
            "cholec80_video44": 82.02207044803936,
            "cholec80_video45": 82.07219350061507,
            "cholec80_video46": 72.65331257283421,
            "cholec80_video47": 64.82447881726749,
            "cholec80_video48": 74.54665001251179
        }
    },
    "Endoscapes": {
        "mAP": 40.041009092046046,
        "mAP_EMA": 46.0195675449315,
        "mAP_per_class": {
            "C0": 41.23775382941556,
            "C1": 43.049598812108826,
            "C2": 35.835674634613746
        },
        "mAP_per_class_EMA": {
            "C0": 47.882327545275984,
            "C1": 49.848051445170185,
            "C2": 40.328323644348316
        }
    },
    "CholecT50": {
        "AP": {
            "AP_i": 82.62146459995823,
            "AP_v": 56.107766020400526,
            "AP_t": 37.94095658039315,
            "AP_iv": 36.91900956718862,
            "AP_it": 35.7473408402682,
            "AP_ivt": 29.82658341992211
        },
        "AP_EMA": {
            "AP_i": 88.66160022251552,
            "AP_v": 64.70069793344389,
            "AP_t": 45.353295151119,
            "AP_iv": 42.41621144042674,
            "AP_it": 43.50067456313227,
            "AP_ivt": 36.89626012455205
        }
    }
}