{
    "Test": false,
    "Cholec80": {
        "F1_score": 65.07743204908772,
        "F1_score_EMA": 73.23000003304116,
        "Per_video_f1": {
            "cholec80_video41": 67.93678918614015,
            "cholec80_video43": 59.59414735508525,
            "cholec80_video44": 69.30494950128696,
            "cholec80_video45": 71.02451837186523,
            "cholec80_video46": 66.43350472244987,
            "cholec80_video47": 55.03086712458565,
            "cholec80_video48": 66.21724808220097
        },
        "Per_video_f1_EMA": {
            "cholec80_video41": 73.24100313213685,
            "cholec80_video43": 71.64173106001624,
            "cholec80_video44": 80.69506586599398,
            "cholec80_video45": 79.70043585918096,
            "cholec80_video46": 73.90048662972644,
            "cholec80_video47": 58.01367082506515,
            "cholec80_video48": 75.41760685916853
        }
    },
    "Endoscapes": {
        "mAP": 39.759999924154656,
        "mAP_EMA": 44.359812825426395,
        "mAP_per_class": {
            "C0": 37.35493680945653,
            "C1": 47.7747485060762,
            "C2": 34.150314456931234
        },
        "mAP_per_class_EMA": {
            "C0": 47.384613811106384,
            "C1": 49.27356535787876,
            "C2": 36.42125930729405
        }
    },
    "CholecT50": {
        "AP": {
            "AP_i": 84.06877708140593,
            "AP_v": 61.22967853469703,
            "AP_t": 40.33462705057312,
            "AP_iv": 37.34146494501931,
            "AP_it": 35.08978775279093,
            "AP_ivt": 30.970309421617397
        },
        "AP_EMA": {
            "AP_i": 87.92799353157609,
            "AP_v": 64.70703835797596,
            "AP_t": 43.44336881318095,
            "AP_iv": 41.29079025046403,
            "AP_it": 39.562878738505574,
            "AP_ivt": 34.206387358748835
        }
    }
}