{
    "Test": false,
    "Cholec80": {
        "F1_score": 72.33382322731943,
        "F1_score_EMA": 73.86721854683364,
        "Per_video_f1": {
            "cholec80_video41": 74.48702695545862,
            "cholec80_video43": 66.97591703642594,
            "cholec80_video44": 78.14285373198217,
            "cholec80_video45": 81.53210045362808,
            "cholec80_video46": 70.41179736350782,
            "cholec80_video47": 65.51517094326776,
            "cholec80_video48": 69.27189610696566
        },
        "Per_video_f1_EMA": {
            "cholec80_video41": 73.66580756039463,
            "cholec80_video43": 70.84062869494832,
            "cholec80_video44": 79.42706783354153,
            "cholec80_video45": 81.53108635410975,
            "cholec80_video46": 74.49821179170716,
            "cholec80_video47": 65.90842105943307,
            "cholec80_video48": 71.19930653370102
        }
    },
    "Endoscapes": {
        "mAP": 37.4095876065309,
        "mAP_EMA": 46.496559421978226,
        "mAP_per_class": {
            "C0": 39.76038046594014,
            "C1": 37.08582996383739,
            "C2": 35.38255238981517
        },
        "mAP_per_class_EMA": {
            "C0": 46.83655114364278,
            "C1": 45.321528138523675,
            "C2": 47.331598983768224
        }
    },
    "CholecT50": {
        "AP": {
            "AP_i": 84.78483262163024,
            "AP_v": 62.75275490726133,
            "AP_t": 43.84786907322325,
            "AP_iv": 40.608184726312444,
            "AP_it": 38.96922000951938,
            "AP_ivt": 33.39931307424279
        },
        "AP_EMA": {
            "AP_i": 86.60039143052063,
            "AP_v": 63.50599504913531,
            "AP_t": 44.859447439074515,
            "AP_iv": 42.31107085062177,
            "AP_it": 40.38736096932405,
            "AP_ivt": 35.45702665221274
        }
    }
}