{
    "Test": false,
    "Cholec80": {
        "F1_score": 68.24710915766374,
        "F1_score_EMA": 74.55541294428592,
        "Per_video_f1": {
            "cholec80_video41": 57.614423290578465,
            "cholec80_video43": 70.35960985081603,
            "cholec80_video44": 71.87569170580576,
            "cholec80_video45": 72.11898644341616,
            "cholec80_video46": 71.68506182940632,
            "cholec80_video47": 62.26025071989865,
            "cholec80_video48": 71.81574026372479
        },
        "Per_video_f1_EMA": {
            "cholec80_video41": 72.42708443181031,
            "cholec80_video43": 72.8055391649994,
            "cholec80_video44": 81.23474341198228,
            "cholec80_video45": 81.7289785989651,
            "cholec80_video46": 74.95529955272407,
            "cholec80_video47": 65.47579489128121,
            "cholec80_video48": 73.26045055823901
        }
    },
    "Endoscapes": {
        "mAP": 39.628527710335575,
        "mAP_EMA": 45.53431359948448,
        "mAP_per_class": {
            "C0": 41.23449218043023,
            "C1": 45.68401287786153,
            "C2": 31.967078072714962
        },
        "mAP_per_class_EMA": {
            "C0": 46.88626123795127,
            "C1": 45.96948737728529,
            "C2": 43.74719218321688
        }
    },
    "CholecT50": {
        "AP": {
            "AP_i": 85.10033032969393,
            "AP_v": 57.96760832861954,
            "AP_t": 41.94625742567396,
            "AP_iv": 37.393200130461516,
            "AP_it": 37.25663424280086,
            "AP_ivt": 31.662444054907677
        },
        "AP_EMA": {
            "AP_i": 86.31735240882665,
            "AP_v": 65.47182378204555,
            "AP_t": 45.25678631728468,
            "AP_iv": 43.062752033756624,
            "AP_it": 40.04879691059025,
            "AP_ivt": 35.78469672105809
        }
    }
}