{
    "Test": false,
    "Cholec80": {
        "F1_score": 70.61202953667357,
        "F1_score_EMA": 72.97609983645906,
        "Per_video_f1": {
            "cholec80_video41": 70.99181800724197,
            "cholec80_video43": 69.71702139077418,
            "cholec80_video44": 77.48436105568872,
            "cholec80_video45": 79.69407424763962,
            "cholec80_video46": 68.02759444520231,
            "cholec80_video47": 55.109385165253,
            "cholec80_video48": 73.25995244491523
        },
        "Per_video_f1_EMA": {
            "cholec80_video41": 72.85397181819937,
            "cholec80_video43": 72.0571275542742,
            "cholec80_video44": 79.4660206859479,
            "cholec80_video45": 80.49934660931562,
            "cholec80_video46": 72.25742987994803,
            "cholec80_video47": 58.76498456409433,
            "cholec80_video48": 74.93381774343393
        }
    },
    "Endoscapes": {
        "mAP": 37.11187489332943,
        "mAP_EMA": 45.44307072737871,
        "mAP_per_class": {
            "C0": 36.477245559562554,
            "C1": 41.078328800922,
            "C2": 33.78005031950374
        },
        "mAP_per_class_EMA": {
            "C0": 48.640979929899544,
            "C1": 49.41847329592369,
            "C2": 38.2697589563129
        }
    },
    "CholecT50": {
        "AP": {
            "AP_i": 81.6602395067811,
            "AP_v": 56.62035196789573,
            "AP_t": 39.75263300720674,
            "AP_iv": 35.879387644565405,
            "AP_it": 33.73259119630573,
            "AP_ivt": 28.793738821090336
        },
        "AP_EMA": {
            "AP_i": 87.71665201451357,
            "AP_v": 64.57453683050677,
            "AP_t": 44.08301736354792,
            "AP_iv": 42.08033187529601,
            "AP_it": 39.97021505019445,
            "AP_ivt": 34.96755921475981
        }
    }
}