{
    "Test": false,
    "Cholec80": {
        "F1_score": 63.22864727409272,
        "F1_score_EMA": 3.702480624708812,
        "Per_video_f1": {
            "cholec80_video41": 63.984391302590225,
            "cholec80_video43": 56.91075608027697,
            "cholec80_video44": 64.38746383825176,
            "cholec80_video45": 71.09016104496845,
            "cholec80_video46": 60.38272989282844,
            "cholec80_video47": 64.30149085543808,
            "cholec80_video48": 61.54353790429513
        },
        "Per_video_f1_EMA": {
            "cholec80_video41": 3.2852144282962867,
            "cholec80_video43": 3.1801332327022056,
            "cholec80_video44": 2.3066145295761324,
            "cholec80_video45": 5.442791676840014,
            "cholec80_video46": 6.833178346098356,
            "cholec80_video47": 2.2018818081286615,
            "cholec80_video48": 2.6675503513200245
        }
    },
    "Endoscapes": {
        "mAP": 42.88838755911191,
        "mAP_EMA": 11.679788695167888,
        "mAP_per_class": {
            "C0": 41.8169159146941,
            "C1": 41.26338176148601,
            "C2": 45.58486500115562
        },
        "mAP_per_class_EMA": {
            "C0": 14.168245044886998,
            "C1": 9.832052108953086,
            "C2": 11.03906893166358
        }
    },
    "CholecT50": {
        "AP": {
            "AP_i": 79.15430121200437,
            "AP_v": 53.44241208889556,
            "AP_t": 41.10035533236259,
            "AP_iv": 34.00800732056733,
            "AP_it": 34.950107113870956,
            "AP_ivt": 30.09103956334712
        },
        "AP_EMA": {
            "AP_i": 21.865142110144344,
            "AP_v": 13.833389422771713,
            "AP_t": 11.83074964336842,
            "AP_iv": 7.908613218494563,
            "AP_it": 6.209260384356336,
            "AP_ivt": 4.973875010065135
        }
    }
}