{
    "Test": true,
    "Cholec80": {
        "F1_score": 53.26724276838746,
        "F1_score_EMA": null,
        "Per_video_f1": {
            "cholec80_video51": 54.181336865607975,
            "cholec80_video53": 66.71842824693908,
            "cholec80_video54": 71.64605084721306,
            "cholec80_video55": 64.99770890811612,
            "cholec80_video58": 26.95587286671877,
            "cholec80_video59": 43.51811520428671,
            "cholec80_video61": 40.21797988547502,
            "cholec80_video63": 56.03183707809601,
            "cholec80_video64": 37.06222908597113,
            "cholec80_video69": 61.34937289517227,
            "cholec80_video73": 75.52820480261808,
            "cholec80_video74": 57.2474967527063,
            "cholec80_video76": 56.184691175453025,
            "cholec80_video77": 72.4310305121292,
            "cholec80_video80": 14.938286399309206
        },
        "Per_video_f1_EMA": null
    },
    "Endoscapes": {
        "mAP": 52.95862980460174,
        "mAP_EMA": null,
        "mAP_per_class": {
            "C0": 47.24477971535522,
            "C1": 46.865521690061875,
            "C2": 64.76558800838814
        },
        "mAP_per_class_EMA": null
    },
    "CholecT50": {
        "AP": {
            "AP_i": 82.79489152575479,
            "AP_v": 57.60410227238665,
            "AP_t": 40.036158525885064,
            "AP_iv": 33.88354634971761,
            "AP_it": 31.214780321781944,
            "AP_ivt": 24.93882985798944
        },
        "AP_EMA": null
    }
}