{
    "Test": false,
    "Cholec80": {
        "F1_score": 65.98930396422725,
        "F1_score_EMA": 60.37308097330308,
        "Per_video_f1": {
            "cholec80_video41": 56.52010232970588,
            "cholec80_video43": 70.1849711230335,
            "cholec80_video44": 72.16919775149995,
            "cholec80_video45": 64.79749670410858,
            "cholec80_video46": 67.3388083442994,
            "cholec80_video47": 60.78312095813797,
            "cholec80_video48": 70.13143053880545
        },
        "Per_video_f1_EMA": {
            "cholec80_video41": 62.59890144562059,
            "cholec80_video43": 62.58133629370132,
            "cholec80_video44": 56.252045011650985,
            "cholec80_video45": 65.1836234097846,
            "cholec80_video46": 55.5686247560555,
            "cholec80_video47": 56.05021831646425,
            "cholec80_video48": 64.37681757984434
        }
    },
    "Endoscapes": {
        "mAP": 48.16233675866199,
        "mAP_EMA": 37.368797212460045,
        "mAP_per_class": {
            "C0": 46.241905454412645,
            "C1": 48.14472700827397,
            "C2": 50.10037781329937
        },
        "mAP_per_class_EMA": {
            "C0": 35.52143790662248,
            "C1": 34.98487729214036,
            "C2": 41.600076438617286
        }
    },
    "CholecT50": {
        "AP": {
            "AP_i": 85.8881832740917,
            "AP_v": 61.288471020844916,
            "AP_t": 43.79886611898533,
            "AP_iv": 40.797641530513744,
            "AP_it": 39.95573682742746,
            "AP_ivt": 35.66523361571024
        },
        "AP_EMA": {
            "AP_i": 77.743515430729,
            "AP_v": 55.637549583270484,
            "AP_t": 38.97963505535195,
            "AP_iv": 34.918610626132995,
            "AP_it": 33.3316376665104,
            "AP_ivt": 29.19801583862232
        }
    }
}