{
    "Test": false,
    "Cholec80": {
        "F1_score": 69.08748331797369,
        "F1_score_EMA": 73.80689402599363,
        "Per_video_f1": {
            "cholec80_video41": 61.44310593552207,
            "cholec80_video43": 59.53120256466799,
            "cholec80_video44": 76.6339017827885,
            "cholec80_video45": 76.86883197985136,
            "cholec80_video46": 70.04047513157754,
            "cholec80_video47": 66.39410828502193,
            "cholec80_video48": 72.70075754638647
        },
        "Per_video_f1_EMA": {
            "cholec80_video41": 69.67253920493418,
            "cholec80_video43": 71.19579292642211,
            "cholec80_video44": 82.18382000030576,
            "cholec80_video45": 81.24765921901637,
            "cholec80_video46": 72.43086598633877,
            "cholec80_video47": 65.01372912136777,
            "cholec80_video48": 74.90385172357044
        }
    },
    "Endoscapes": {
        "mAP": 39.43947086386828,
        "mAP_EMA": 45.740963705773765,
        "mAP_per_class": {
            "C0": 45.04784739058862,
            "C1": 44.22818486540719,
            "C2": 29.042380335609025
        },
        "mAP_per_class_EMA": {
            "C0": 48.06028098683445,
            "C1": 49.88644187908031,
            "C2": 39.27616825140653
        }
    },
    "CholecT50": {
        "AP": {
            "AP_i": 81.03196270311831,
            "AP_v": 54.05670515320319,
            "AP_t": 40.46335676305877,
            "AP_iv": 35.52601406637383,
            "AP_it": 36.711200225603044,
            "AP_ivt": 30.032877030827937
        },
        "AP_EMA": {
            "AP_i": 87.90925176500991,
            "AP_v": 63.12137336785965,
            "AP_t": 44.862206473987385,
            "AP_iv": 41.68277994430781,
            "AP_it": 42.888721724012875,
            "AP_ivt": 36.22686691782108
        }
    }
}