{
    "Test": false,
    "Cholec80": {
        "F1_score": 56.346875053447064,
        "F1_score_EMA": 74.55201364932817,
        "Per_video_f1": {
            "cholec80_video41": 46.36588046996568,
            "cholec80_video43": 65.5575069052172,
            "cholec80_video44": 56.15118286763467,
            "cholec80_video45": 52.44362275036757,
            "cholec80_video46": 58.448844329529315,
            "cholec80_video47": 56.47391883432687,
            "cholec80_video48": 58.987169217088145
        },
        "Per_video_f1_EMA": {
            "cholec80_video41": 70.37752824379993,
            "cholec80_video43": 74.65603843258289,
            "cholec80_video44": 80.15166182922776,
            "cholec80_video45": 82.41286162508273,
            "cholec80_video46": 74.46967731177902,
            "cholec80_video47": 64.59180656666568,
            "cholec80_video48": 75.20452153615919
        }
    },
    "Endoscapes": {
        "mAP": 43.459538414017004,
        "mAP_EMA": 46.53685959275908,
        "mAP_per_class": {
            "C0": 43.18625740657733,
            "C1": 42.2532568837665,
            "C2": 44.93910095170719
        },
        "mAP_per_class_EMA": {
            "C0": 50.35365666892246,
            "C1": 45.64258910950283,
            "C2": 43.614332999851946
        }
    },
    "CholecT50": {
        "AP": {
            "AP_i": 84.09590379554935,
            "AP_v": 56.75212143146032,
            "AP_t": 39.06100217386735,
            "AP_iv": 35.843984205534895,
            "AP_it": 37.848656457696386,
            "AP_ivt": 31.14716339222157
        },
        "AP_EMA": {
            "AP_i": 90.74808704170074,
            "AP_v": 67.34781793085556,
            "AP_t": 46.643423452398174,
            "AP_iv": 44.0050593837759,
            "AP_it": 46.36521944199974,
            "AP_ivt": 40.28608513480973
        }
    }
}