{
    "Test": false,
    "Cholec80": {
        "F1_score": 71.65842225984474,
        "F1_score_EMA": 71.71145276265393,
        "Per_video_f1": {
            "cholec80_video41": 67.56410878840899,
            "cholec80_video43": 67.91282690535034,
            "cholec80_video44": 78.54823662996904,
            "cholec80_video45": 78.61329921958645,
            "cholec80_video46": 73.91180569852382,
            "cholec80_video47": 66.064801729455,
            "cholec80_video48": 68.9938768476195
        },
        "Per_video_f1_EMA": {
            "cholec80_video41": 71.26781010854924,
            "cholec80_video43": 73.40805678911065,
            "cholec80_video44": 77.78150211190157,
            "cholec80_video45": 81.62188953145024,
            "cholec80_video46": 68.55383589686106,
            "cholec80_video47": 62.63100917344781,
            "cholec80_video48": 66.71606572725696
        }
    },
    "Endoscapes": {
        "mAP": 44.45489795283175,
        "mAP_EMA": 46.00875207271685,
        "mAP_per_class": {
            "C0": 46.49526767812825,
            "C1": 44.76072813103135,
            "C2": 42.10869804933564
        },
        "mAP_per_class_EMA": {
            "C0": 45.71865555882056,
            "C1": 46.13607611485436,
            "C2": 46.17152454447564
        }
    },
    "CholecT50": {
        "AP": {
            "AP_i": 87.90158837617558,
            "AP_v": 60.85611387555963,
            "AP_t": 42.6705422316027,
            "AP_iv": 38.71125280096742,
            "AP_it": 40.325651832844535,
            "AP_ivt": 33.91949556416409
        },
        "AP_EMA": {
            "AP_i": 84.76770813442306,
            "AP_v": 58.636897945753844,
            "AP_t": 43.07820836129179,
            "AP_iv": 36.99819164800061,
            "AP_it": 39.5420346699184,
            "AP_ivt": 33.39809977047578
        }
    }
}