{
    "Test": false,
    "Cholec80": {
        "F1_score": 69.12446167011558,
        "F1_score_EMA": 75.01883386792534,
        "Per_video_f1": {
            "cholec80_video41": 67.7610893967309,
            "cholec80_video43": 67.3144590509943,
            "cholec80_video44": 68.46913444803276,
            "cholec80_video45": 77.11545531003627,
            "cholec80_video46": 67.06548901529848,
            "cholec80_video47": 67.24419350792348,
            "cholec80_video48": 68.90141096179285
        },
        "Per_video_f1_EMA": {
            "cholec80_video41": 70.0497399997807,
            "cholec80_video43": 74.42411288041161,
            "cholec80_video44": 82.02238594894567,
            "cholec80_video45": 82.25439891228706,
            "cholec80_video46": 75.10309925324076,
            "cholec80_video47": 65.50256238785249,
            "cholec80_video48": 75.77553769295903
        }
    },
    "Endoscapes": {
        "mAP": 41.54751040353039,
        "mAP_EMA": 48.92864725785172,
        "mAP_per_class": {
            "C0": 40.78326516309739,
            "C1": 41.75235924659527,
            "C2": 42.106906800898514
        },
        "mAP_per_class_EMA": {
            "C0": 52.84982054025643,
            "C1": 48.70950036924718,
            "C2": 45.22662086405156
        }
    },
    "CholecT50": {
        "AP": {
            "AP_i": 88.71575877257243,
            "AP_v": 64.48514757076919,
            "AP_t": 42.86076266561418,
            "AP_iv": 41.24357712055633,
            "AP_it": 41.95144054129545,
            "AP_ivt": 34.7973233442701
        },
        "AP_EMA": {
            "AP_i": 90.25296119700694,
            "AP_v": 66.97614740100826,
            "AP_t": 46.2612086036243,
            "AP_iv": 43.79082082863213,
            "AP_it": 46.846456714093954,
            "AP_ivt": 40.523335769877896
        }
    }
}