{
    "Test": false,
    "Cholec80": {
        "F1_score": 71.87356934409766,
        "F1_score_EMA": 74.23758979297797,
        "Per_video_f1": {
            "cholec80_video41": 68.5500817244258,
            "cholec80_video43": 69.53447165773238,
            "cholec80_video44": 75.19586537309539,
            "cholec80_video45": 75.82562148269339,
            "cholec80_video46": 71.96518233814027,
            "cholec80_video47": 65.6076731155887,
            "cholec80_video48": 76.43608971700773
        },
        "Per_video_f1_EMA": {
            "cholec80_video41": 69.87282189961832,
            "cholec80_video43": 73.7093419073166,
            "cholec80_video44": 79.92861577901543,
            "cholec80_video45": 82.25061414883645,
            "cholec80_video46": 74.35228906593882,
            "cholec80_video47": 64.39696118355317,
            "cholec80_video48": 75.15248456656701
        }
    },
    "Endoscapes": {
        "mAP": 37.974370192057926,
        "mAP_EMA": 45.344417281967736,
        "mAP_per_class": {
            "C0": 34.679065961244845,
            "C1": 40.52009856193492,
            "C2": 38.723946052994
        },
        "mAP_per_class_EMA": {
            "C0": 48.17391964111975,
            "C1": 45.31994746496201,
            "C2": 42.53938473982144
        }
    },
    "CholecT50": {
        "AP": {
            "AP_i": 86.38210640712232,
            "AP_v": 60.01070122907038,
            "AP_t": 41.82511285243238,
            "AP_iv": 37.42489277610172,
            "AP_it": 39.68779947615175,
            "AP_ivt": 33.374985372812326
        },
        "AP_EMA": {
            "AP_i": 90.72572174160194,
            "AP_v": 66.05041028602622,
            "AP_t": 46.57257855431563,
            "AP_iv": 43.073279854015794,
            "AP_it": 45.98885180792645,
            "AP_ivt": 39.54908650437371
        }
    }
}