{
    "Test": false,
    "Cholec80": {
        "F1_score": 65.45216956707579,
        "F1_score_EMA": 1.979614823066203,
        "Per_video_f1": {
            "cholec80_video41": 69.83895898892143,
            "cholec80_video43": 63.378880431778406,
            "cholec80_video44": 67.11756317596766,
            "cholec80_video45": 72.9121612568514,
            "cholec80_video46": 60.97108792244946,
            "cholec80_video47": 61.02876924631122,
            "cholec80_video48": 62.91776594725091
        },
        "Per_video_f1_EMA": {
            "cholec80_video41": 2.6214236388501484,
            "cholec80_video43": 0.7993701931811301,
            "cholec80_video44": 1.3950217122932327,
            "cholec80_video45": 1.1967528663486484,
            "cholec80_video46": 4.358079949817701,
            "cholec80_video47": 1.1311823128222165,
            "cholec80_video48": 2.3554730881503434
        }
    },
    "Endoscapes": {
        "mAP": 34.118043376168444,
        "mAP_EMA": 13.25300363466678,
        "mAP_per_class": {
            "C0": 34.06099267138417,
            "C1": 34.15137040669064,
            "C2": 34.14176705043052
        },
        "mAP_per_class_EMA": {
            "C0": 15.937028655737983,
            "C1": 11.046904167997036,
            "C2": 12.775078080265317
        }
    },
    "CholecT50": {
        "AP": {
            "AP_i": 78.78361200960974,
            "AP_v": 55.18790715693833,
            "AP_t": 42.10234275435286,
            "AP_iv": 35.71477272119453,
            "AP_it": 37.12491824815644,
            "AP_ivt": 32.15427758616974
        },
        "AP_EMA": {
            "AP_i": 21.282071287129643,
            "AP_v": 13.560837299253484,
            "AP_t": 11.625365930221202,
            "AP_iv": 8.205406071164083,
            "AP_it": 6.39971482976777,
            "AP_ivt": 5.196069946009414
        }
    }
}