{
    "Test": false,
    "Cholec80": {
        "F1_score": 67.98871011069215,
        "F1_score_EMA": 73.50203636261598,
        "Per_video_f1": {
            "cholec80_video41": 68.56127446606669,
            "cholec80_video43": 62.65897217624365,
            "cholec80_video44": 69.66095099250015,
            "cholec80_video45": 77.40967718805827,
            "cholec80_video46": 62.65810084092923,
            "cholec80_video47": 64.16331133596547,
            "cholec80_video48": 70.80868377508163
        },
        "Per_video_f1_EMA": {
            "cholec80_video41": 70.4154861024171,
            "cholec80_video43": 69.83083162751586,
            "cholec80_video44": 79.66661252630011,
            "cholec80_video45": 79.4828872425114,
            "cholec80_video46": 74.43208259856617,
            "cholec80_video47": 65.39217387605191,
            "cholec80_video48": 75.29418056494934
        }
    },
    "Endoscapes": {
        "mAP": 42.97192210474835,
        "mAP_EMA": 44.314693800947815,
        "mAP_per_class": {
            "C0": 38.640696309075764,
            "C1": 43.94942949279164,
            "C2": 46.32564051237766
        },
        "mAP_per_class_EMA": {
            "C0": 44.060474289292365,
            "C1": 43.074115208860796,
            "C2": 45.809491904690276
        }
    },
    "CholecT50": {
        "AP": {
            "AP_i": 80.77177310643665,
            "AP_v": 57.385618429289536,
            "AP_t": 38.8385428997358,
            "AP_iv": 36.46610071800804,
            "AP_it": 35.75896824894381,
            "AP_ivt": 30.327367608043037
        },
        "AP_EMA": {
            "AP_i": 85.31891299281574,
            "AP_v": 63.104509245235036,
            "AP_t": 43.24397264963467,
            "AP_iv": 40.22472029567557,
            "AP_it": 39.59968101704971,
            "AP_ivt": 33.68782588574473
        }
    }
}