{
    "Test": true,
    "Cholec80": {
        "F1_score": 64.17244378838195,
        "F1_score_EMA": null,
        "Per_video_f1": {
            "cholec80_video51": 60.58533155841484,
            "cholec80_video53": 67.81059736360552,
            "cholec80_video54": 70.68510209602013,
            "cholec80_video55": 78.93997090391143,
            "cholec80_video58": 45.006955582926054,
            "cholec80_video59": 75.71723702920744,
            "cholec80_video61": 59.204561983258245,
            "cholec80_video63": 52.91206885598654,
            "cholec80_video64": 70.46141328585863,
            "cholec80_video69": 78.38622042041958,
            "cholec80_video73": 77.18889711928884,
            "cholec80_video74": 61.360474650388696,
            "cholec80_video76": 66.63165316005063,
            "cholec80_video77": 73.56634369039172,
            "cholec80_video80": 24.129829126001084
        },
        "Per_video_f1_EMA": null
    },
    "Endoscapes": {
        "mAP": 48.126619962878706,
        "mAP_EMA": null,
        "mAP_per_class": {
            "C0": 45.509392104566196,
            "C1": 37.77817815687709,
            "C2": 61.092289627192834
        },
        "mAP_per_class_EMA": null
    },
    "CholecT50": {
        "AP": {
            "AP_i": 83.78995442463675,
            "AP_v": 57.85905114264661,
            "AP_t": 39.09587518551098,
            "AP_iv": 34.77998997448386,
            "AP_it": 31.460744426371587,
            "AP_ivt": 24.76825374390452
        },
        "AP_EMA": null
    }
}