{
    "Test": true,
    "Cholec80": {
        "F1_score": 65.02389775465186,
        "F1_score_EMA": null,
        "Per_video_f1": {
            "cholec80_video51": 68.19143635063645,
            "cholec80_video53": 68.49065105310282,
            "cholec80_video54": 72.93836920675952,
            "cholec80_video55": 77.78377301225972,
            "cholec80_video58": 39.723110505411746,
            "cholec80_video59": 70.173994013201,
            "cholec80_video61": 57.85481204218181,
            "cholec80_video63": 58.583668802895815,
            "cholec80_video64": 67.01796840261788,
            "cholec80_video69": 73.62732932040433,
            "cholec80_video73": 79.15719917955379,
            "cholec80_video74": 62.30987864612623,
            "cholec80_video76": 64.32841409411358,
            "cholec80_video77": 73.59408587034972,
            "cholec80_video80": 41.583775820163495
        },
        "Per_video_f1_EMA": null
    },
    "Endoscapes": {
        "mAP": 46.89690981855126,
        "mAP_EMA": null,
        "mAP_per_class": {
            "C0": 47.67568628098102,
            "C1": 37.05364000386637,
            "C2": 55.96140317080638
        },
        "mAP_per_class_EMA": null
    },
    "CholecT50": {
        "AP": {
            "AP_i": 82.28154396006934,
            "AP_v": 57.41091013024685,
            "AP_t": 39.35734569540314,
            "AP_iv": 34.21354580970229,
            "AP_it": 33.23527007899209,
            "AP_ivt": 26.623404470261455
        },
        "AP_EMA": null
    }
}