{
    "Test": false,
    "Cholec80": {
        "F1_score": 66.95571070184359,
        "F1_score_EMA": 22.518758819294735,
        "Per_video_f1": {
            "cholec80_video41": 64.84946383051256,
            "cholec80_video43": 64.97850304504232,
            "cholec80_video44": 74.70596213725626,
            "cholec80_video45": 66.81665573127015,
            "cholec80_video46": 64.05043292437486,
            "cholec80_video47": 59.84046838859681,
            "cholec80_video48": 73.44848885585216
        },
        "Per_video_f1_EMA": {
            "cholec80_video41": 29.794160183757562,
            "cholec80_video43": 19.897583604040634,
            "cholec80_video44": 17.501390470398263,
            "cholec80_video45": 24.931670155588375,
            "cholec80_video46": 18.430952734487562,
            "cholec80_video47": 26.14836083669978,
            "cholec80_video48": 20.92719375009098
        }
    },
    "Endoscapes": {
        "mAP": 49.964949059830715,
        "mAP_EMA": 14.863360346532758,
        "mAP_per_class": {
            "C0": 45.097247408093196,
            "C1": 52.192875040307605,
            "C2": 52.604724731091345
        },
        "mAP_per_class_EMA": {
            "C0": 16.52453185293532,
            "C1": 11.813351351057777,
            "C2": 16.252197835605177
        }
    },
    "CholecT50": {
        "AP": {
            "AP_i": 88.7511187956511,
            "AP_v": 59.2333244882543,
            "AP_t": 43.19927224090191,
            "AP_iv": 38.02578288412855,
            "AP_it": 38.646384419908166,
            "AP_ivt": 32.75281256904057
        },
        "AP_EMA": {
            "AP_i": 35.932012310266295,
            "AP_v": 25.87003104692426,
            "AP_t": 21.38681744868012,
            "AP_iv": 15.037631430634079,
            "AP_it": 12.496196105310341,
            "AP_ivt": 10.202344118492734
        }
    }
}