{
    "Test": false,
    "Cholec80": {
        "F1_score": 70.63423108155374,
        "F1_score_EMA": 73.3784276913187,
        "Per_video_f1": {
            "cholec80_video41": 68.07088442721316,
            "cholec80_video43": 63.71939986935223,
            "cholec80_video44": 72.27499270474291,
            "cholec80_video45": 79.5155434321614,
            "cholec80_video46": 73.2003559446218,
            "cholec80_video47": 65.48257928435433,
            "cholec80_video48": 72.17586190843033
        },
        "Per_video_f1_EMA": {
            "cholec80_video41": 70.66146459700443,
            "cholec80_video43": 69.21268848655674,
            "cholec80_video44": 79.51328260566608,
            "cholec80_video45": 80.18745856830687,
            "cholec80_video46": 73.9606361029929,
            "cholec80_video47": 64.7478440702616,
            "cholec80_video48": 75.36561940844234
        }
    },
    "Endoscapes": {
        "mAP": 36.25736629055161,
        "mAP_EMA": 42.12327453530669,
        "mAP_per_class": {
            "C0": 40.850775636092216,
            "C1": 33.87968615327416,
            "C2": 34.04163708228845
        },
        "mAP_per_class_EMA": {
            "C0": 41.671124451757144,
            "C1": 42.042748880215264,
            "C2": 42.655950273947674
        }
    },
    "CholecT50": {
        "AP": {
            "AP_i": 79.34718723546887,
            "AP_v": 56.13225583441471,
            "AP_t": 36.623212817718674,
            "AP_iv": 36.04731216656918,
            "AP_it": 32.37225098971138,
            "AP_ivt": 26.773525884190033
        },
        "AP_EMA": {
            "AP_i": 85.28876772424631,
            "AP_v": 62.629574409042974,
            "AP_t": 42.61724116113298,
            "AP_iv": 40.87279012869134,
            "AP_it": 38.87552858370682,
            "AP_ivt": 32.84548654841537
        }
    }
}