{
    "Test": false,
    "Cholec80": {
        "F1_score": 66.00953723458183,
        "F1_score_EMA": 41.11501894896317,
        "Per_video_f1": {
            "cholec80_video41": 59.46734935062897,
            "cholec80_video43": 67.99943196746504,
            "cholec80_video44": 69.75944642537772,
            "cholec80_video45": 64.60992426681683,
            "cholec80_video46": 70.30425754739575,
            "cholec80_video47": 60.03850198475461,
            "cholec80_video48": 69.88784909963383
        },
        "Per_video_f1_EMA": {
            "cholec80_video41": 39.99901785886685,
            "cholec80_video43": 42.74713204933956,
            "cholec80_video44": 39.42447862778273,
            "cholec80_video45": 42.15728249944872,
            "cholec80_video46": 38.78417906634946,
            "cholec80_video47": 42.654926090423636,
            "cholec80_video48": 42.03811645053121
        }
    },
    "Endoscapes": {
        "mAP": 45.19025313763307,
        "mAP_EMA": 27.34119299620144,
        "mAP_per_class": {
            "C0": 43.633469215555245,
            "C1": 47.028850325962516,
            "C2": 44.90843987138146
        },
        "mAP_per_class_EMA": {
            "C0": 26.715574886538406,
            "C1": 22.877216953404734,
            "C2": 32.43078714866118
        }
    },
    "CholecT50": {
        "AP": {
            "AP_i": 87.98394531129513,
            "AP_v": 63.897173179595676,
            "AP_t": 43.60822614988434,
            "AP_iv": 41.34942082778268,
            "AP_it": 36.850810182582045,
            "AP_ivt": 32.298604427243994
        },
        "AP_EMA": {
            "AP_i": 60.4259197534898,
            "AP_v": 42.82920799084515,
            "AP_t": 32.05411722500269,
            "AP_iv": 27.01980982131981,
            "AP_it": 24.51445087117467,
            "AP_ivt": 21.050699224882184
        }
    }
}