{
    "Test": false,
    "Cholec80": {
        "F1_score": 71.9949803825003,
        "F1_score_EMA": 73.70410314252284,
        "Per_video_f1": {
            "cholec80_video41": 68.2014386928943,
            "cholec80_video43": 70.18912218933527,
            "cholec80_video44": 81.24893218112169,
            "cholec80_video45": 78.55153367282419,
            "cholec80_video46": 75.41162779172012,
            "cholec80_video47": 59.865684626800984,
            "cholec80_video48": 70.49652352280559
        },
        "Per_video_f1_EMA": {
            "cholec80_video41": 68.94398510959681,
            "cholec80_video43": 70.95764760321637,
            "cholec80_video44": 81.85093712976024,
            "cholec80_video45": 80.934715857725,
            "cholec80_video46": 73.1705027169309,
            "cholec80_video47": 64.81913581362784,
            "cholec80_video48": 75.25179776680275
        }
    },
    "Endoscapes": {
        "mAP": 34.87613222839629,
        "mAP_EMA": 45.04751952654532,
        "mAP_per_class": {
            "C0": 32.9466165711226,
            "C1": 39.70074205495608,
            "C2": 31.981038059110173
        },
        "mAP_per_class_EMA": {
            "C0": 47.80750803880143,
            "C1": 48.414029315699594,
            "C2": 38.92102122513494
        }
    },
    "CholecT50": {
        "AP": {
            "AP_i": 83.15761575028837,
            "AP_v": 52.7625701307759,
            "AP_t": 39.79816500105152,
            "AP_iv": 36.56786229833557,
            "AP_it": 38.59020972139862,
            "AP_ivt": 32.18223298195052
        },
        "AP_EMA": {
            "AP_i": 87.41502288055891,
            "AP_v": 62.22879758963002,
            "AP_t": 44.67037409844459,
            "AP_iv": 41.36333973828429,
            "AP_it": 42.79438812744279,
            "AP_ivt": 36.17827693247153
        }
    }
}