{
    "Test": false,
    "Cholec80": {
        "F1_score": 69.71854936521142,
        "F1_score_EMA": 73.34778555225604,
        "Per_video_f1": {
            "cholec80_video41": 61.48477636016618,
            "cholec80_video43": 63.6907807900892,
            "cholec80_video44": 70.43502231490473,
            "cholec80_video45": 76.54287196425838,
            "cholec80_video46": 76.90389259871813,
            "cholec80_video47": 64.7210374888058,
            "cholec80_video48": 74.25146403953751
        },
        "Per_video_f1_EMA": {
            "cholec80_video41": 70.74290595425146,
            "cholec80_video43": 68.93415513612354,
            "cholec80_video44": 79.34307332727833,
            "cholec80_video45": 79.94046829940301,
            "cholec80_video46": 73.99237793554559,
            "cholec80_video47": 64.81297010109681,
            "cholec80_video48": 75.66854811209357
        }
    },
    "Endoscapes": {
        "mAP": 36.6251003285863,
        "mAP_EMA": 42.094191797489685,
        "mAP_per_class": {
            "C0": 31.285466519642803,
            "C1": 38.2713619857379,
            "C2": 40.31847248037819
        },
        "mAP_per_class_EMA": {
            "C0": 41.63650834067319,
            "C1": 41.95673428471739,
            "C2": 42.68933276707848
        }
    },
    "CholecT50": {
        "AP": {
            "AP_i": 78.85996932662,
            "AP_v": 53.14469043541218,
            "AP_t": 36.39596281976954,
            "AP_iv": 34.850996893124616,
            "AP_it": 33.01720692252595,
            "AP_ivt": 26.934017567199692
        },
        "AP_EMA": {
            "AP_i": 85.14171628071203,
            "AP_v": 62.51520004986095,
            "AP_t": 42.334125805119434,
            "AP_iv": 41.529325570236246,
            "AP_it": 38.811611169271444,
            "AP_ivt": 33.53568496425289
        }
    }
}