{
    "Test": false,
    "Cholec80": {
        "F1_score": 68.03723929667471,
        "F1_score_EMA": 12.047291095079451,
        "Per_video_f1": {
            "cholec80_video41": 65.3484838754081,
            "cholec80_video43": 72.3501520643992,
            "cholec80_video44": 70.8422863822708,
            "cholec80_video45": 76.42622398525789,
            "cholec80_video46": 63.54455378149366,
            "cholec80_video47": 59.32329962012509,
            "cholec80_video48": 68.42567536776828
        },
        "Per_video_f1_EMA": {
            "cholec80_video41": 13.79612116785295,
            "cholec80_video43": 12.321380848111898,
            "cholec80_video44": 13.725852800162212,
            "cholec80_video45": 9.572585810269386,
            "cholec80_video46": 11.50972643066646,
            "cholec80_video47": 7.841811284111788,
            "cholec80_video48": 15.563559324381467
        }
    },
    "Endoscapes": {
        "mAP": 43.55180246389052,
        "mAP_EMA": 11.279797748978694,
        "mAP_per_class": {
            "C0": 45.16024606295586,
            "C1": 40.76221475023608,
            "C2": 44.73294657847961
        },
        "mAP_per_class_EMA": {
            "C0": 12.85901215563046,
            "C1": 9.278315836786879,
            "C2": 11.702065254518743
        }
    },
    "CholecT50": {
        "AP": {
            "AP_i": 88.5491614023764,
            "AP_v": 59.53199635953568,
            "AP_t": 44.47457204549768,
            "AP_iv": 37.8990362579128,
            "AP_it": 39.798794344104174,
            "AP_ivt": 34.347469764279076
        },
        "AP_EMA": {
            "AP_i": 25.235597176455737,
            "AP_v": 16.45463724487591,
            "AP_t": 12.725996425574975,
            "AP_iv": 9.471628264675724,
            "AP_it": 6.812792944761624,
            "AP_ivt": 5.5663784473386055
        }
    }
}