{
    "Test": false,
    "Cholec80": {
        "F1_score": 65.12064285174516,
        "F1_score_EMA": 73.39219948552314,
        "Per_video_f1": {
            "cholec80_video41": 68.90238242943451,
            "cholec80_video43": 52.78012798730606,
            "cholec80_video44": 67.7528737446933,
            "cholec80_video45": 77.9068609579548,
            "cholec80_video46": 63.35105302814175,
            "cholec80_video47": 60.29779968916884,
            "cholec80_video48": 64.85340212551688
        },
        "Per_video_f1_EMA": {
            "cholec80_video41": 71.20539221603653,
            "cholec80_video43": 66.72146283657206,
            "cholec80_video44": 80.08334944229716,
            "cholec80_video45": 81.16189614947316,
            "cholec80_video46": 71.12807198007101,
            "cholec80_video47": 67.9621523440313,
            "cholec80_video48": 75.48307143018077
        }
    },
    "Endoscapes": {
        "mAP": 36.37878373373106,
        "mAP_EMA": 46.740788879437325,
        "mAP_per_class": {
            "C0": 43.77784192230009,
            "C1": 34.804513836062654,
            "C2": 30.55399544283044
        },
        "mAP_per_class_EMA": {
            "C0": 51.17072197049512,
            "C1": 50.20057672133164,
            "C2": 38.851067946485216
        }
    },
    "CholecT50": {
        "AP": {
            "AP_i": 76.59535911328663,
            "AP_v": 50.27757800317952,
            "AP_t": 38.05393116211556,
            "AP_iv": 35.74980358229366,
            "AP_it": 33.74458183217317,
            "AP_ivt": 28.689303456292393
        },
        "AP_EMA": {
            "AP_i": 85.75988493640483,
            "AP_v": 60.73968503374099,
            "AP_t": 42.76797931590315,
            "AP_iv": 41.56711214152046,
            "AP_it": 37.40138799608942,
            "AP_ivt": 33.653652979923926
        }
    }
}