{
    "Test": false,
    "Cholec80": {
        "F1_score": 65.9436987058925,
        "F1_score_EMA": 72.33787519368308,
        "Per_video_f1": {
            "cholec80_video41": 64.48565979511778,
            "cholec80_video43": 59.278021505717035,
            "cholec80_video44": 66.92483665294422,
            "cholec80_video45": 76.62108573662128,
            "cholec80_video46": 64.72445171594727,
            "cholec80_video47": 59.29020098618233,
            "cholec80_video48": 70.28163454871759
        },
        "Per_video_f1_EMA": {
            "cholec80_video41": 71.9708271693203,
            "cholec80_video43": 66.77668132206156,
            "cholec80_video44": 80.56330955817901,
            "cholec80_video45": 78.69849868966571,
            "cholec80_video46": 68.8870850113743,
            "cholec80_video47": 66.69675699718701,
            "cholec80_video48": 72.77196760799359
        }
    },
    "Endoscapes": {
        "mAP": 36.73547251557452,
        "mAP_EMA": 47.06784450209442,
        "mAP_per_class": {
            "C0": 46.789952313592956,
            "C1": 35.502771478550265,
            "C2": 27.91369375458035
        },
        "mAP_per_class_EMA": {
            "C0": 52.751973175870035,
            "C1": 47.530148707213584,
            "C2": 40.921411623199624
        }
    },
    "CholecT50": {
        "AP": {
            "AP_i": 79.08544118430977,
            "AP_v": 55.2383819479405,
            "AP_t": 37.34109235023597,
            "AP_iv": 37.40977956911273,
            "AP_it": 30.809296256005915,
            "AP_ivt": 27.749887198466514
        },
        "AP_EMA": {
            "AP_i": 86.6358602007585,
            "AP_v": 60.57162175991132,
            "AP_t": 44.565378826212836,
            "AP_iv": 44.23419795232885,
            "AP_it": 40.80622074110428,
            "AP_ivt": 35.65785165913895
        }
    }
}