{
    "Test": false,
    "Cholec80": {
        "F1_score": 62.475897743767604,
        "F1_score_EMA": 71.98433237161149,
        "Per_video_f1": {
            "cholec80_video41": 61.461882689643865,
            "cholec80_video43": 52.441262433063706,
            "cholec80_video44": 63.508289008088155,
            "cholec80_video45": 75.9677392446454,
            "cholec80_video46": 67.69785350157908,
            "cholec80_video47": 57.850121252231915,
            "cholec80_video48": 58.404136077121116
        },
        "Per_video_f1_EMA": {
            "cholec80_video41": 68.67971347068512,
            "cholec80_video43": 66.74288399461248,
            "cholec80_video44": 78.7552623794497,
            "cholec80_video45": 80.46467123627956,
            "cholec80_video46": 69.85944259293552,
            "cholec80_video47": 67.6828800987276,
            "cholec80_video48": 71.70547282859047
        }
    },
    "Endoscapes": {
        "mAP": 39.50329064190346,
        "mAP_EMA": 43.871821369014896,
        "mAP_per_class": {
            "C0": 41.67140673724214,
            "C1": 39.13780066269595,
            "C2": 37.7006645257723
        },
        "mAP_per_class_EMA": {
            "C0": 46.68651089070036,
            "C1": 47.57176412868984,
            "C2": 37.357189087654476
        }
    },
    "CholecT50": {
        "AP": {
            "AP_i": 77.87749473982186,
            "AP_v": 52.29414480289374,
            "AP_t": 37.29390058701196,
            "AP_iv": 37.21428266471312,
            "AP_it": 32.43267035423255,
            "AP_ivt": 27.438830285748153
        },
        "AP_EMA": {
            "AP_i": 85.14117855809533,
            "AP_v": 61.25387586795996,
            "AP_t": 41.89198124382903,
            "AP_iv": 41.356677155180385,
            "AP_it": 37.648852103536925,
            "AP_ivt": 32.839369704622094
        }
    }
}