{
    "Test": false,
    "Cholec80": {
        "F1_score": 64.47446367611253,
        "F1_score_EMA": 73.5235138867246,
        "Per_video_f1": {
            "cholec80_video41": 67.50265659392349,
            "cholec80_video43": 51.139741407823,
            "cholec80_video44": 72.70412795254722,
            "cholec80_video45": 68.5054885481293,
            "cholec80_video46": 62.593111996919696,
            "cholec80_video47": 65.54504015759038,
            "cholec80_video48": 63.33107907585466
        },
        "Per_video_f1_EMA": {
            "cholec80_video41": 72.3605427102841,
            "cholec80_video43": 66.65903907560724,
            "cholec80_video44": 80.38886586822598,
            "cholec80_video45": 81.16677590000457,
            "cholec80_video46": 70.79915553962027,
            "cholec80_video47": 68.2454828633736,
            "cholec80_video48": 75.04473524995649
        }
    },
    "Endoscapes": {
        "mAP": 41.73019061408845,
        "mAP_EMA": 47.38817651559764,
        "mAP_per_class": {
            "C0": 40.32714620377228,
            "C1": 47.330623797050706,
            "C2": 37.53280184144237
        },
        "mAP_per_class_EMA": {
            "C0": 52.018284020618054,
            "C1": 50.48385953685316,
            "C2": 39.66238598932172
        }
    },
    "CholecT50": {
        "AP": {
            "AP_i": 69.87345717182563,
            "AP_v": 51.389938387823314,
            "AP_t": 37.980886880241634,
            "AP_iv": 33.06481954442196,
            "AP_it": 30.992708467494754,
            "AP_ivt": 26.334664241069298
        },
        "AP_EMA": {
            "AP_i": 85.43907843156917,
            "AP_v": 61.35110354920387,
            "AP_t": 43.09534663054585,
            "AP_iv": 42.45556539036674,
            "AP_it": 37.573922962611206,
            "AP_ivt": 34.4152461660504
        }
    }
}