{
    "Test": false,
    "Cholec80": {
        "F1_score": 62.80293863527533,
        "F1_score_EMA": 72.39454980513207,
        "Per_video_f1": {
            "cholec80_video41": 64.48698722840949,
            "cholec80_video43": 56.925712767378535,
            "cholec80_video44": 68.9054983552945,
            "cholec80_video45": 63.700166562600536,
            "cholec80_video46": 63.67932804406365,
            "cholec80_video47": 62.65317901056095,
            "cholec80_video48": 59.26969847861968
        },
        "Per_video_f1_EMA": {
            "cholec80_video41": 69.2299476019371,
            "cholec80_video43": 65.88532666262392,
            "cholec80_video44": 79.16664350952647,
            "cholec80_video45": 81.06652199874263,
            "cholec80_video46": 70.41218819282365,
            "cholec80_video47": 67.43388080740266,
            "cholec80_video48": 73.56733986286807
        }
    },
    "Endoscapes": {
        "mAP": 39.8001278192339,
        "mAP_EMA": 44.799918072170065,
        "mAP_per_class": {
            "C0": 42.65868927367833,
            "C1": 42.05157945635718,
            "C2": 34.690114727666185
        },
        "mAP_per_class_EMA": {
            "C0": 47.88887851259286,
            "C1": 48.71794993824473,
            "C2": 37.7929257656726
        }
    },
    "CholecT50": {
        "AP": {
            "AP_i": 75.93287235643534,
            "AP_v": 52.25359648472032,
            "AP_t": 36.30271325999985,
            "AP_iv": 34.50221215858544,
            "AP_it": 28.982946960380264,
            "AP_ivt": 25.101329118726156
        },
        "AP_EMA": {
            "AP_i": 85.09034615642207,
            "AP_v": 60.80058302555792,
            "AP_t": 42.58454302068398,
            "AP_iv": 40.94414215709467,
            "AP_it": 37.09350931251509,
            "AP_ivt": 32.89652751616632
        }
    }
}