{
    "Test": false,
    "Cholec80": {
        "F1_score": 61.909527945476434,
        "F1_score_EMA": 73.04277765046655,
        "Per_video_f1": {
            "cholec80_video41": 65.28945290687538,
            "cholec80_video43": 52.68441540343647,
            "cholec80_video44": 59.47169188261755,
            "cholec80_video45": 69.81210422507161,
            "cholec80_video46": 67.42937893383244,
            "cholec80_video47": 58.87654932765266,
            "cholec80_video48": 59.80310293884895
        },
        "Per_video_f1_EMA": {
            "cholec80_video41": 72.68902415905067,
            "cholec80_video43": 66.55465970466035,
            "cholec80_video44": 79.65023710430728,
            "cholec80_video45": 80.90908197978894,
            "cholec80_video46": 69.94827576314904,
            "cholec80_video47": 68.00900224964118,
            "cholec80_video48": 73.53916259266833
        }
    },
    "Endoscapes": {
        "mAP": 42.742782918423444,
        "mAP_EMA": 47.41286885082059,
        "mAP_per_class": {
            "C0": 45.285277159102854,
            "C1": 44.01849283999456,
            "C2": 38.92457875617292
        },
        "mAP_per_class_EMA": {
            "C0": 52.79057189619084,
            "C1": 48.534453520889834,
            "C2": 40.91358113538108
        }
    },
    "CholecT50": {
        "AP": {
            "AP_i": 75.687945563528,
            "AP_v": 53.13230368168697,
            "AP_t": 37.49278539026737,
            "AP_iv": 34.87702175625312,
            "AP_it": 32.344160261987014,
            "AP_ivt": 28.285696810574567
        },
        "AP_EMA": {
            "AP_i": 86.8500575359201,
            "AP_v": 61.09112778127818,
            "AP_t": 44.55943352016584,
            "AP_iv": 43.89964538205294,
            "AP_it": 40.02677221060465,
            "AP_ivt": 35.78985263770459
        }
    }
}