{
    "Test": false,
    "Cholec80": {
        "F1_score": 68.17411826846053,
        "F1_score_EMA": 8.957933461471812,
        "Per_video_f1": {
            "cholec80_video41": 68.4968069455318,
            "cholec80_video43": 60.61545154545718,
            "cholec80_video44": 73.2653887875883,
            "cholec80_video45": 76.07157008637006,
            "cholec80_video46": 66.30691454667331,
            "cholec80_video47": 65.67176559205691,
            "cholec80_video48": 66.79093037554618
        },
        "Per_video_f1_EMA": {
            "cholec80_video41": 10.387944082634617,
            "cholec80_video43": 8.416893842490904,
            "cholec80_video44": 10.81716092007833,
            "cholec80_video45": 6.488829350863269,
            "cholec80_video46": 10.880420933775177,
            "cholec80_video47": 5.962054521868631,
            "cholec80_video48": 9.752230578591757
        }
    },
    "Endoscapes": {
        "mAP": 32.8486252432167,
        "mAP_EMA": 12.786919261633868,
        "mAP_per_class": {
            "C0": 32.276252126114436,
            "C1": 29.47127961351533,
            "C2": 36.798343990020335
        },
        "mAP_per_class_EMA": {
            "C0": 13.074382768941861,
            "C1": 10.61052853888779,
            "C2": 14.675846477071952
        }
    },
    "CholecT50": {
        "AP": {
            "AP_i": 81.45825808414953,
            "AP_v": 53.17834006180541,
            "AP_t": 42.99336849474142,
            "AP_iv": 35.71285163347895,
            "AP_it": 36.86668590751162,
            "AP_ivt": 30.513320266365337
        },
        "AP_EMA": {
            "AP_i": 26.246176820435014,
            "AP_v": 16.189753688150255,
            "AP_t": 11.826370425161741,
            "AP_iv": 9.02136169784284,
            "AP_it": 6.4130476654522015,
            "AP_ivt": 5.196291656001119
        }
    }
}