{
    "Test": false,
    "Cholec80": {
        "F1_score": 73.84416945358271,
        "F1_score_EMA": 76.79959238312952,
        "Per_video_f1": {
            "cholec80_video41": 74.3035895525216,
            "cholec80_video43": 68.19315183652486,
            "cholec80_video44": 75.03501886485559,
            "cholec80_video45": 81.35205059498709,
            "cholec80_video46": 77.34094429650197,
            "cholec80_video47": 61.30658941909728,
            "cholec80_video48": 79.37784161059056
        },
        "Per_video_f1_EMA": {
            "cholec80_video41": 80.61662708689425,
            "cholec80_video43": 71.25187570547916,
            "cholec80_video44": 81.49474472005713,
            "cholec80_video45": 83.46584013422384,
            "cholec80_video46": 79.80179764508533,
            "cholec80_video47": 63.33287468518084,
            "cholec80_video48": 77.63338670498605
        }
    },
    "Endoscapes": {
        "mAP": 49.78018449057147,
        "mAP_EMA": 42.13986472754342,
        "mAP_per_class": {
            "C0": 54.64726960971781,
            "C1": 46.59398079993246,
            "C2": 48.09930306206415
        },
        "mAP_per_class_EMA": {
            "C0": 43.39217424749195,
            "C1": 39.59889338673761,
            "C2": 43.42852654840069
        }
    },
    "CholecT50": {
        "AP": {
            "AP_i": 90.32790478149356,
            "AP_v": 64.42884775148703,
            "AP_t": 47.01550813739738,
            "AP_iv": 42.71658139304966,
            "AP_it": 42.685227100811886,
            "AP_ivt": 37.0183507343634
        },
        "AP_EMA": {
            "AP_i": 87.67063340657774,
            "AP_v": 60.835910950914375,
            "AP_t": 49.215622391261,
            "AP_iv": 38.92564130494777,
            "AP_it": 41.32373721811952,
            "AP_ivt": 35.753643786749635
        }
    }
}