{
    "Test": false,
    "Cholec80": {
        "F1_score": 75.84487613089586,
        "F1_score_EMA": 78.47966176212776,
        "Per_video_f1": {
            "cholec80_video41": 78.07332050120573,
            "cholec80_video43": 68.253319753639,
            "cholec80_video44": 82.94484027269264,
            "cholec80_video45": 75.43245062446883,
            "cholec80_video46": 83.61793904077987,
            "cholec80_video47": 65.49160366835281,
            "cholec80_video48": 77.1006590551321
        },
        "Per_video_f1_EMA": {
            "cholec80_video41": 80.02728121774211,
            "cholec80_video43": 69.16817559451627,
            "cholec80_video44": 84.74760415839431,
            "cholec80_video45": 86.01303209183259,
            "cholec80_video46": 84.65481191214393,
            "cholec80_video47": 63.77264530965084,
            "cholec80_video48": 80.9740820506143
        }
    },
    "Endoscapes": {
        "mAP": 42.021110292500396,
        "mAP_EMA": 47.78692960494093,
        "mAP_per_class": {
            "C0": 49.650641315612276,
            "C1": 37.43310295530707,
            "C2": 38.97958660658185
        },
        "mAP_per_class_EMA": {
            "C0": 54.349572433919015,
            "C1": 48.22888849171412,
            "C2": 40.78232788918965
        }
    },
    "CholecT50": {
        "AP": {
            "AP_i": 90.97576594547861,
            "AP_v": 63.92364914772814,
            "AP_t": 44.44764446278469,
            "AP_iv": 40.76709342435434,
            "AP_it": 40.89303195837652,
            "AP_ivt": 35.63193276543326
        },
        "AP_EMA": {
            "AP_i": 93.24005613577162,
            "AP_v": 66.8955079483885,
            "AP_t": 46.443377279902926,
            "AP_iv": 45.15670865933307,
            "AP_it": 46.31381185357708,
            "AP_ivt": 39.57032514866898
        }
    }
}