{
    "Test": false,
    "Cholec80": {
        "F1_score": 72.67020847671651,
        "F1_score_EMA": 78.90734386757786,
        "Per_video_f1": {
            "cholec80_video41": 72.20437108825311,
            "cholec80_video43": 73.8597599871596,
            "cholec80_video44": 77.60817592467262,
            "cholec80_video45": 74.34294658202299,
            "cholec80_video46": 77.80983930152274,
            "cholec80_video47": 59.42649242625409,
            "cholec80_video48": 73.43987402713044
        },
        "Per_video_f1_EMA": {
            "cholec80_video41": 79.98270207830649,
            "cholec80_video43": 73.04282344270906,
            "cholec80_video44": 83.67897535550922,
            "cholec80_video45": 82.87006698676706,
            "cholec80_video46": 86.20360929412652,
            "cholec80_video47": 65.34910982878512,
            "cholec80_video48": 81.22412008684157
        }
    },
    "Endoscapes": {
        "mAP": 45.95535820278447,
        "mAP_EMA": 49.28504453785105,
        "mAP_per_class": {
            "C0": 42.604635955989814,
            "C1": 53.368922314596915,
            "C2": 41.89251633776667
        },
        "mAP_per_class_EMA": {
            "C0": 49.5129935565575,
            "C1": 51.22685835831378,
            "C2": 47.115281698681876
        }
    },
    "CholecT50": {
        "AP": {
            "AP_i": 89.56047244164824,
            "AP_v": 60.863789604370844,
            "AP_t": 43.05732338173971,
            "AP_iv": 38.812927336889594,
            "AP_it": 38.62863667449106,
            "AP_ivt": 31.773330215997422
        },
        "AP_EMA": {
            "AP_i": 93.38501872306524,
            "AP_v": 64.65190860262196,
            "AP_t": 48.061569779952,
            "AP_iv": 43.86017646184336,
            "AP_it": 45.36261164227561,
            "AP_ivt": 37.28147381765911
        }
    }
}