{
    "Test": false,
    "Cholec80": {
        "F1_score": 76.27998209562044,
        "F1_score_EMA": 78.95277404051834,
        "Per_video_f1": {
            "cholec80_video41": 78.25254038800448,
            "cholec80_video43": 69.43345376349971,
            "cholec80_video44": 77.49830139588161,
            "cholec80_video45": 80.78002479677392,
            "cholec80_video46": 81.96309815267682,
            "cholec80_video47": 64.9112607857807,
            "cholec80_video48": 81.1211953867258
        },
        "Per_video_f1_EMA": {
            "cholec80_video41": 79.87543252850956,
            "cholec80_video43": 73.34725259144292,
            "cholec80_video44": 82.98602158133883,
            "cholec80_video45": 82.90550821349197,
            "cholec80_video46": 86.61720887415358,
            "cholec80_video47": 65.58089722737655,
            "cholec80_video48": 81.35709726731496
        }
    },
    "Endoscapes": {
        "mAP": 44.41419270612878,
        "mAP_EMA": 48.38323177062116,
        "mAP_per_class": {
            "C0": 44.92744855960556,
            "C1": 49.76909983828055,
            "C2": 38.54602972050022
        },
        "mAP_per_class_EMA": {
            "C0": 48.60053215852764,
            "C1": 51.712239515991456,
            "C2": 44.83692363734438
        }
    },
    "CholecT50": {
        "AP": {
            "AP_i": 91.04389927295698,
            "AP_v": 59.87720991896464,
            "AP_t": 44.30560784504457,
            "AP_iv": 39.69799685875889,
            "AP_it": 39.89381515552581,
            "AP_ivt": 32.87365438375645
        },
        "AP_EMA": {
            "AP_i": 93.09347286431228,
            "AP_v": 64.42753999130048,
            "AP_t": 47.377591614909726,
            "AP_iv": 43.297524272156785,
            "AP_it": 44.62160153766221,
            "AP_ivt": 36.606848298265554
        }
    }
}