{
    "Test": false,
    "Cholec80": {
        "F1_score": 75.07372365895837,
        "F1_score_EMA": 78.08260203632085,
        "Per_video_f1": {
            "cholec80_video41": 78.94710227106209,
            "cholec80_video43": 67.73614619116886,
            "cholec80_video44": 81.40608960780432,
            "cholec80_video45": 79.9513586661595,
            "cholec80_video46": 80.82144533665672,
            "cholec80_video47": 60.536886474962536,
            "cholec80_video48": 76.11703706489459
        },
        "Per_video_f1_EMA": {
            "cholec80_video41": 77.1923744631661,
            "cholec80_video43": 73.93949716258274,
            "cholec80_video44": 85.37557194218962,
            "cholec80_video45": 84.1204233390366,
            "cholec80_video46": 83.42389383725622,
            "cholec80_video47": 62.16931937939532,
            "cholec80_video48": 80.35713413061939
        }
    },
    "Endoscapes": {
        "mAP": 43.65614344813912,
        "mAP_EMA": 49.94430935394402,
        "mAP_per_class": {
            "C0": 43.07813016777633,
            "C1": 48.39363929962743,
            "C2": 39.496660877013596
        },
        "mAP_per_class_EMA": {
            "C0": 52.04140120002742,
            "C1": 53.61328404820534,
            "C2": 44.1782428135993
        }
    },
    "CholecT50": {
        "AP": {
            "AP_i": 90.44760741336721,
            "AP_v": 62.431642909858816,
            "AP_t": 43.7395060590674,
            "AP_iv": 42.60812258765689,
            "AP_it": 45.09016597780362,
            "AP_ivt": 37.98020509516649
        },
        "AP_EMA": {
            "AP_i": 92.36183348523144,
            "AP_v": 67.5554485507946,
            "AP_t": 46.47851152679477,
            "AP_iv": 46.34651430176506,
            "AP_it": 45.13177851774651,
            "AP_ivt": 39.362368016695
        }
    }
}