{
    "Test": false,
    "Cholec80": {
        "F1_score": 70.48117788286427,
        "F1_score_EMA": 77.66911144616222,
        "Per_video_f1": {
            "cholec80_video41": 68.57249289032413,
            "cholec80_video43": 70.70198142101638,
            "cholec80_video44": 81.72823404131844,
            "cholec80_video45": 65.23336347601376,
            "cholec80_video46": 74.12864023021761,
            "cholec80_video47": 62.34940507568366,
            "cholec80_video48": 70.6541280454759
        },
        "Per_video_f1_EMA": {
            "cholec80_video41": 77.16894057831001,
            "cholec80_video43": 72.52117734561293,
            "cholec80_video44": 83.78095636781852,
            "cholec80_video45": 81.73186625828353,
            "cholec80_video46": 84.60864865977368,
            "cholec80_video47": 64.43322242908859,
            "cholec80_video48": 79.43896848424828
        }
    },
    "Endoscapes": {
        "mAP": 47.30534816067787,
        "mAP_EMA": 51.314515438853576,
        "mAP_per_class": {
            "C0": 49.11449136074957,
            "C1": 48.311715337831856,
            "C2": 44.4898377834522
        },
        "mAP_per_class_EMA": {
            "C0": 56.928946123375766,
            "C1": 51.966066992061755,
            "C2": 45.04853320112321
        }
    },
    "CholecT50": {
        "AP": {
            "AP_i": 88.67725050466902,
            "AP_v": 60.309005738370516,
            "AP_t": 44.29845925631959,
            "AP_iv": 40.75315606682421,
            "AP_it": 44.49599208465575,
            "AP_ivt": 36.50032307008572
        },
        "AP_EMA": {
            "AP_i": 90.63447933358431,
            "AP_v": 66.29392325238754,
            "AP_t": 48.47003487677533,
            "AP_iv": 45.9007331386368,
            "AP_it": 47.521955597724244,
            "AP_ivt": 41.6966477556918
        }
    }
}