{
    "Test": false,
    "Cholec80": {
        "F1_score": 76.6564618590119,
        "F1_score_EMA": 78.58974298676655,
        "Per_video_f1": {
            "cholec80_video41": 79.1214556106395,
            "cholec80_video43": 68.04021320254641,
            "cholec80_video44": 83.80061044687197,
            "cholec80_video45": 83.9426778599811,
            "cholec80_video46": 79.16684138433544,
            "cholec80_video47": 63.75396320365654,
            "cholec80_video48": 78.76947130505229
        },
        "Per_video_f1_EMA": {
            "cholec80_video41": 80.2791408702394,
            "cholec80_video43": 69.43881130742881,
            "cholec80_video44": 85.2481265858528,
            "cholec80_video45": 86.4742427149234,
            "cholec80_video46": 84.28675627377017,
            "cholec80_video47": 63.83848140372549,
            "cholec80_video48": 80.56264175142577
        }
    },
    "Endoscapes": {
        "mAP": 39.25017574798437,
        "mAP_EMA": 47.34519690359133,
        "mAP_per_class": {
            "C0": 51.97342591611235,
            "C1": 34.247618064399255,
            "C2": 31.52948326344152
        },
        "mAP_per_class_EMA": {
            "C0": 54.174119251695295,
            "C1": 47.42127201398608,
            "C2": 40.4401994450926
        }
    },
    "CholecT50": {
        "AP": {
            "AP_i": 87.65256678056663,
            "AP_v": 63.420206521283625,
            "AP_t": 44.18779725107224,
            "AP_iv": 40.23090147504918,
            "AP_it": 40.48544805899259,
            "AP_ivt": 36.38563263809587
        },
        "AP_EMA": {
            "AP_i": 92.97731146354404,
            "AP_v": 66.97199036418002,
            "AP_t": 46.425779285344255,
            "AP_iv": 45.256355264664535,
            "AP_it": 45.21151182886969,
            "AP_ivt": 38.86199850130744
        }
    }
}