{
    "Test": false,
    "Cholec80": {
        "F1_score": 75.69229381990795,
        "F1_score_EMA": 79.06536095540734,
        "Per_video_f1": {
            "cholec80_video41": 74.47308632836192,
            "cholec80_video43": 67.5152204856209,
            "cholec80_video44": 82.4160548389548,
            "cholec80_video45": 79.50518422595917,
            "cholec80_video46": 81.79013866831808,
            "cholec80_video47": 65.56769753881868,
            "cholec80_video48": 78.5786746533221
        },
        "Per_video_f1_EMA": {
            "cholec80_video41": 79.04632091842628,
            "cholec80_video43": 72.29716193524246,
            "cholec80_video44": 84.09365944351113,
            "cholec80_video45": 83.54697894910136,
            "cholec80_video46": 86.35904881238964,
            "cholec80_video47": 67.0019570816602,
            "cholec80_video48": 81.11239954752035
        }
    },
    "Endoscapes": {
        "mAP": 42.23598353006289,
        "mAP_EMA": 46.75278822298829,
        "mAP_per_class": {
            "C0": 42.698386682066456,
            "C1": 44.959000398962914,
            "C2": 39.05056350915929
        },
        "mAP_per_class_EMA": {
            "C0": 47.10468651537185,
            "C1": 51.50071015940003,
            "C2": 41.652967994193006
        }
    },
    "CholecT50": {
        "AP": {
            "AP_i": 88.98454302402548,
            "AP_v": 58.24204734141334,
            "AP_t": 42.411868495403375,
            "AP_iv": 36.114393439229055,
            "AP_it": 36.17116320940523,
            "AP_ivt": 29.784606426004032
        },
        "AP_EMA": {
            "AP_i": 92.51789959036437,
            "AP_v": 61.639362011169304,
            "AP_t": 45.78131046486389,
            "AP_iv": 39.74875217307034,
            "AP_it": 42.29116051008863,
            "AP_ivt": 34.323283974860594
        }
    }
}