{
    "Test": false,
    "Cholec80": {
        "F1_score": 76.14306025897194,
        "F1_score_EMA": 39.979335606551686,
        "Per_video_f1": {
            "cholec80_video41": 78.15062622979374,
            "cholec80_video43": 69.86515279981545,
            "cholec80_video44": 86.11384912971546,
            "cholec80_video45": 80.42888533154773,
            "cholec80_video46": 80.30739812315001,
            "cholec80_video47": 62.32417786178023,
            "cholec80_video48": 75.81133233700099
        },
        "Per_video_f1_EMA": {
            "cholec80_video41": 34.63780512631236,
            "cholec80_video43": 42.08982341426227,
            "cholec80_video44": 40.89078670670399,
            "cholec80_video45": 39.34299079292935,
            "cholec80_video46": 41.30099547867193,
            "cholec80_video47": 43.92389689631191,
            "cholec80_video48": 37.66905083067002
        }
    },
    "Endoscapes": {
        "mAP": 41.283095931546356,
        "mAP_EMA": 14.832198294900417,
        "mAP_per_class": {
            "C0": 40.15196854932443,
            "C1": 40.015518032129116,
            "C2": 43.68180121318553
        },
        "mAP_per_class_EMA": {
            "C0": 15.569912343356346,
            "C1": 13.155319244586087,
            "C2": 15.771363296758818
        }
    },
    "CholecT50": {
        "AP": {
            "AP_i": 91.29130111010586,
            "AP_v": 62.972165310546146,
            "AP_t": 47.82025809079012,
            "AP_iv": 43.980553939677854,
            "AP_it": 44.70960311557114,
            "AP_ivt": 38.89055785728795
        },
        "AP_EMA": {
            "AP_i": 39.031158030976925,
            "AP_v": 27.315876019025204,
            "AP_t": 19.0588539018885,
            "AP_iv": 16.085354196601337,
            "AP_it": 12.321598925858552,
            "AP_ivt": 10.01107075875682
        }
    }
}