{
    "Test": false,
    "Cholec80": {
        "F1_score": 72.82487090241855,
        "F1_score_EMA": 77.60441779636363,
        "Per_video_f1": {
            "cholec80_video41": 78.85911457075304,
            "cholec80_video43": 65.58981792427232,
            "cholec80_video44": 80.40797944368175,
            "cholec80_video45": 76.62503457594653,
            "cholec80_video46": 75.22725527629973,
            "cholec80_video47": 54.997345382828364,
            "cholec80_video48": 78.06754914314818
        },
        "Per_video_f1_EMA": {
            "cholec80_video41": 78.2604383835223,
            "cholec80_video43": 71.23759705028762,
            "cholec80_video44": 85.47414886861154,
            "cholec80_video45": 83.51627341541791,
            "cholec80_video46": 81.90915840589064,
            "cholec80_video47": 63.495698280606874,
            "cholec80_video48": 79.33761017020854
        }
    },
    "Endoscapes": {
        "mAP": 38.879230878361255,
        "mAP_EMA": 45.54835839072695,
        "mAP_per_class": {
            "C0": 42.02336653908413,
            "C1": 37.700675573043384,
            "C2": 36.913650522956246
        },
        "mAP_per_class_EMA": {
            "C0": 45.043826046276735,
            "C1": 48.753379820867764,
            "C2": 42.847869305036355
        }
    },
    "CholecT50": {
        "AP": {
            "AP_i": 88.49339814749868,
            "AP_v": 57.88159394089244,
            "AP_t": 41.909954117187645,
            "AP_iv": 37.4063803589505,
            "AP_it": 36.91977404807255,
            "AP_ivt": 30.66301820326182
        },
        "AP_EMA": {
            "AP_i": 89.62449868443679,
            "AP_v": 63.4542659954747,
            "AP_t": 44.87832578138719,
            "AP_iv": 41.399388421817925,
            "AP_it": 42.22212407085251,
            "AP_ivt": 36.32790680084435
        }
    }
}