{
    "Test": false,
    "Cholec80": {
        "F1_score": 74.12362642538676,
        "F1_score_EMA": 44.29959691990485,
        "Per_video_f1": {
            "cholec80_video41": 74.74597916347155,
            "cholec80_video43": 76.76541847008592,
            "cholec80_video44": 78.50963156543092,
            "cholec80_video45": 69.95519511122339,
            "cholec80_video46": 79.4355073069675,
            "cholec80_video47": 63.58089024771256,
            "cholec80_video48": 75.87276311281548
        },
        "Per_video_f1_EMA": {
            "cholec80_video41": 47.77182730568653,
            "cholec80_video43": 44.376402777591196,
            "cholec80_video44": 37.798036080388655,
            "cholec80_video45": 47.571723951043204,
            "cholec80_video46": 44.16113529980259,
            "cholec80_video47": 45.57403163341724,
            "cholec80_video48": 42.84402139140454
        }
    },
    "Endoscapes": {
        "mAP": 48.17113734768904,
        "mAP_EMA": 25.12050782816826,
        "mAP_per_class": {
            "C0": 47.404158731114734,
            "C1": 47.35250358691424,
            "C2": 49.756749725038155
        },
        "mAP_per_class_EMA": {
            "C0": 27.463394210660862,
            "C1": 20.750953371378227,
            "C2": 27.14717590246569
        }
    },
    "CholecT50": {
        "AP": {
            "AP_i": 92.75462926036839,
            "AP_v": 64.82093002018348,
            "AP_t": 47.812454613334836,
            "AP_iv": 41.97179448200277,
            "AP_it": 43.16003556840643,
            "AP_ivt": 36.959323201309424
        },
        "AP_EMA": {
            "AP_i": 47.9972106553059,
            "AP_v": 33.31267339059611,
            "AP_t": 24.536695187919243,
            "AP_iv": 21.422790619599102,
            "AP_it": 18.15068459445012,
            "AP_ivt": 15.07498167547971
        }
    }
}