{
    "Test": true,
    "Cholec80": {
        "F1_score": 72.64903905003915,
        "F1_score_EMA": null,
        "Per_video_f1": {
            "cholec80_video51": 74.29268532331118,
            "cholec80_video53": 72.88437214130603,
            "cholec80_video54": 73.87736710724243,
            "cholec80_video55": 83.59281750911522,
            "cholec80_video58": 59.33946194405978,
            "cholec80_video59": 88.6836470295232,
            "cholec80_video61": 71.45232605092565,
            "cholec80_video63": 66.8119863890847,
            "cholec80_video64": 82.41917158353118,
            "cholec80_video69": 81.8698481797445,
            "cholec80_video73": 85.89265986547605,
            "cholec80_video74": 61.39108612990187,
            "cholec80_video76": 75.81833753228737,
            "cholec80_video77": 77.75794293151182,
            "cholec80_video80": 33.6518760335663
        },
        "Per_video_f1_EMA": null
    },
    "Endoscapes": {
        "mAP": 52.564210299209314,
        "mAP_EMA": null,
        "mAP_per_class": {
            "C0": 52.45465309078623,
            "C1": 43.11138331296197,
            "C2": 62.12659449387975
        },
        "mAP_per_class_EMA": null
    },
    "CholecT50": {
        "AP": {
            "AP_i": 88.64282581351837,
            "AP_v": 63.33342277620225,
            "AP_t": 42.64521762543304,
            "AP_iv": 38.78679136257234,
            "AP_it": 35.751395491303605,
            "AP_ivt": 28.883636940442297
        },
        "AP_EMA": null
    }
}