{
    "Test": false,
    "Cholec80": {
        "F1_score": 74.4472970236309,
        "F1_score_EMA": 77.2756259353855,
        "Per_video_f1": {
            "cholec80_video41": 75.02649347290206,
            "cholec80_video43": 69.0400966337468,
            "cholec80_video44": 82.55522309471014,
            "cholec80_video45": 77.09480790458815,
            "cholec80_video46": 76.34761320126294,
            "cholec80_video47": 61.75335486073183,
            "cholec80_video48": 79.3134899974743
        },
        "Per_video_f1_EMA": {
            "cholec80_video41": 76.82679567095042,
            "cholec80_video43": 69.98581241195564,
            "cholec80_video44": 86.19185336868068,
            "cholec80_video45": 81.44569210144755,
            "cholec80_video46": 82.66169000258706,
            "cholec80_video47": 64.594952876635,
            "cholec80_video48": 79.22258511544217
        }
    },
    "Endoscapes": {
        "mAP": 41.63871832978265,
        "mAP_EMA": 44.658831236117344,
        "mAP_per_class": {
            "C0": 44.42535038602469,
            "C1": 42.105403799062685,
            "C2": 38.38540080426056
        },
        "mAP_per_class_EMA": {
            "C0": 43.145676468611164,
            "C1": 45.78768492804033,
            "C2": 45.04313231170053
        }
    },
    "CholecT50": {
        "AP": {
            "AP_i": 86.26574998516395,
            "AP_v": 65.37604898860064,
            "AP_t": 45.658722347756154,
            "AP_iv": 41.40922046927659,
            "AP_it": 41.707129823210884,
            "AP_ivt": 36.34346033712483
        },
        "AP_EMA": {
            "AP_i": 92.05057240745721,
            "AP_v": 67.8548040768911,
            "AP_t": 49.15893226778205,
            "AP_iv": 43.965694087413965,
            "AP_it": 46.27522387887981,
            "AP_ivt": 38.91271623025935
        }
    }
}