{
    "Test": false,
    "Cholec80": {
        "F1_score": 72.78565679978104,
        "F1_score_EMA": 78.49658125747801,
        "Per_video_f1": {
            "cholec80_video41": 71.42220216445912,
            "cholec80_video43": 73.61099054776494,
            "cholec80_video44": 78.04292274585917,
            "cholec80_video45": 69.68554260586215,
            "cholec80_video46": 79.70779377532111,
            "cholec80_video47": 63.26487001903251,
            "cholec80_video48": 73.76527574016826
        },
        "Per_video_f1_EMA": {
            "cholec80_video41": 79.99129282514126,
            "cholec80_video43": 72.83114875573155,
            "cholec80_video44": 84.05062618556822,
            "cholec80_video45": 82.05464867641439,
            "cholec80_video46": 85.55629089965755,
            "cholec80_video47": 63.38924043915536,
            "cholec80_video48": 81.60282102067772
        }
    },
    "Endoscapes": {
        "mAP": 46.29141571663244,
        "mAP_EMA": 50.48810150541175,
        "mAP_per_class": {
            "C0": 46.94810394819447,
            "C1": 47.177528478876255,
            "C2": 44.7486147228266
        },
        "mAP_per_class_EMA": {
            "C0": 50.31294156264212,
            "C1": 51.44381633037953,
            "C2": 49.70754662321358
        }
    },
    "CholecT50": {
        "AP": {
            "AP_i": 91.7236758000704,
            "AP_v": 62.34974501586415,
            "AP_t": 43.751204180087825,
            "AP_iv": 40.80692190859192,
            "AP_it": 41.04380251278001,
            "AP_ivt": 33.164436712568744
        },
        "AP_EMA": {
            "AP_i": 93.03037322579725,
            "AP_v": 64.68853195070554,
            "AP_t": 48.05632988460742,
            "AP_iv": 43.59305762597506,
            "AP_it": 45.720235221502655,
            "AP_ivt": 38.39878369476119
        }
    }
}