{
    "Test": false,
    "Cholec80": {
        "F1_score": 76.72416820102022,
        "F1_score_EMA": 77.72523881541596,
        "Per_video_f1": {
            "cholec80_video41": 75.57282626367228,
            "cholec80_video43": 71.25516543939906,
            "cholec80_video44": 84.78286254284421,
            "cholec80_video45": 80.49336836708012,
            "cholec80_video46": 81.95792883115838,
            "cholec80_video47": 63.92307788017192,
            "cholec80_video48": 79.08394808281552
        },
        "Per_video_f1_EMA": {
            "cholec80_video41": 78.30412248783813,
            "cholec80_video43": 71.10586034649586,
            "cholec80_video44": 84.66087693753988,
            "cholec80_video45": 81.13862769346731,
            "cholec80_video46": 82.5379276045483,
            "cholec80_video47": 65.83160268701145,
            "cholec80_video48": 80.49765395101083
        }
    },
    "Endoscapes": {
        "mAP": 39.5470620945945,
        "mAP_EMA": 44.199855657227005,
        "mAP_per_class": {
            "C0": 46.75894091082377,
            "C1": 37.7315812803637,
            "C2": 34.15066409259603
        },
        "mAP_per_class_EMA": {
            "C0": 50.25236267428747,
            "C1": 45.45378434149331,
            "C2": 36.89341995590023
        }
    },
    "CholecT50": {
        "AP": {
            "AP_i": 85.61755606417489,
            "AP_v": 62.19761023057612,
            "AP_t": 43.91749222599234,
            "AP_iv": 38.382618242937006,
            "AP_it": 36.94646667936989,
            "AP_ivt": 32.01904779695065
        },
        "AP_EMA": {
            "AP_i": 88.75070595162187,
            "AP_v": 63.81501968549695,
            "AP_t": 47.13056548868656,
            "AP_iv": 40.731083225201836,
            "AP_it": 41.26602505379768,
            "AP_ivt": 34.792784162087706
        }
    }
}