{
    "Test": false,
    "Cholec80": {
        "F1_score": 76.33777974443633,
        "F1_score_EMA": 78.28988336495985,
        "Per_video_f1": {
            "cholec80_video41": 78.27445703445409,
            "cholec80_video43": 67.57019605185317,
            "cholec80_video44": 84.38126242284602,
            "cholec80_video45": 78.78124325629568,
            "cholec80_video46": 79.1649449155673,
            "cholec80_video47": 69.95477117453287,
            "cholec80_video48": 76.2375833555052
        },
        "Per_video_f1_EMA": {
            "cholec80_video41": 80.9761250212949,
            "cholec80_video43": 68.20983065024073,
            "cholec80_video44": 85.90082670479407,
            "cholec80_video45": 85.29610271620915,
            "cholec80_video46": 82.5791561304493,
            "cholec80_video47": 64.27254699338535,
            "cholec80_video48": 80.79459533834547
        }
    },
    "Endoscapes": {
        "mAP": 36.44004198575536,
        "mAP_EMA": 44.689099282247156,
        "mAP_per_class": {
            "C0": 51.31537287365695,
            "C1": 29.309679671787357,
            "C2": 28.69507341182177
        },
        "mAP_per_class_EMA": {
            "C0": 50.98667225230519,
            "C1": 46.32270114215554,
            "C2": 36.75792445228073
        }
    },
    "CholecT50": {
        "AP": {
            "AP_i": 88.81939335043158,
            "AP_v": 60.68685454979732,
            "AP_t": 44.27350482143158,
            "AP_iv": 36.867291195363094,
            "AP_it": 39.89764213507826,
            "AP_ivt": 33.47697255400638
        },
        "AP_EMA": {
            "AP_i": 92.45372802195931,
            "AP_v": 65.40237228784301,
            "AP_t": 45.632002942143906,
            "AP_iv": 42.22866052190387,
            "AP_it": 45.620005962387765,
            "AP_ivt": 38.36308719868385
        }
    }
}