{
    "Test": false,
    "Cholec80": {
        "F1_score": 75.50792652674431,
        "F1_score_EMA": 77.68542065923054,
        "Per_video_f1": {
            "cholec80_video41": 78.28685446021578,
            "cholec80_video43": 63.972802590999066,
            "cholec80_video44": 79.23203093486336,
            "cholec80_video45": 77.28038394315175,
            "cholec80_video46": 83.0265997962337,
            "cholec80_video47": 67.02952024898615,
            "cholec80_video48": 79.72729371276041
        },
        "Per_video_f1_EMA": {
            "cholec80_video41": 78.04889229840029,
            "cholec80_video43": 71.74681522549804,
            "cholec80_video44": 85.96956144284839,
            "cholec80_video45": 80.9713206826511,
            "cholec80_video46": 83.40668296700458,
            "cholec80_video47": 63.972375579946586,
            "cholec80_video48": 79.68229641826484
        }
    },
    "Endoscapes": {
        "mAP": 43.47579595486201,
        "mAP_EMA": 47.541773296999395,
        "mAP_per_class": {
            "C0": 41.706593957811876,
            "C1": 41.558682465437926,
            "C2": 47.16211144133622
        },
        "mAP_per_class_EMA": {
            "C0": 46.7980035858771,
            "C1": 47.81701905198478,
            "C2": 48.0102972531363
        }
    },
    "CholecT50": {
        "AP": {
            "AP_i": 89.08623500584504,
            "AP_v": 64.68699447384452,
            "AP_t": 47.01462619150014,
            "AP_iv": 41.81005625292954,
            "AP_it": 42.83786302679897,
            "AP_ivt": 36.0400285744454
        },
        "AP_EMA": {
            "AP_i": 92.79959359765694,
            "AP_v": 67.77409421118445,
            "AP_t": 51.16278258872483,
            "AP_iv": 45.90847918015192,
            "AP_it": 50.83639387785065,
            "AP_ivt": 41.96907336648958
        }
    }
}