{
    "Test": false,
    "Cholec80": {
        "F1_score": 75.60128153769342,
        "F1_score_EMA": 78.30760222648935,
        "Per_video_f1": {
            "cholec80_video41": 75.99513382570345,
            "cholec80_video43": 72.3398988007192,
            "cholec80_video44": 85.65845036713363,
            "cholec80_video45": 73.28326265237797,
            "cholec80_video46": 81.28328363591261,
            "cholec80_video47": 62.82766742704495,
            "cholec80_video48": 77.82127405496216
        },
        "Per_video_f1_EMA": {
            "cholec80_video41": 78.60417413183221,
            "cholec80_video43": 72.32423368519774,
            "cholec80_video44": 84.44951758744148,
            "cholec80_video45": 82.77984929904748,
            "cholec80_video46": 85.11241265322556,
            "cholec80_video47": 64.79188772896721,
            "cholec80_video48": 80.09114049971375
        }
    },
    "Endoscapes": {
        "mAP": 47.78397106785908,
        "mAP_EMA": 50.23567539982912,
        "mAP_per_class": {
            "C0": 51.28953578162626,
            "C1": 47.08142283047566,
            "C2": 44.98095459147532
        },
        "mAP_per_class_EMA": {
            "C0": 54.982256799968134,
            "C1": 50.88515828358451,
            "C2": 44.839611115934716
        }
    },
    "CholecT50": {
        "AP": {
            "AP_i": 89.66861167952247,
            "AP_v": 62.826530711672774,
            "AP_t": 45.70546464199146,
            "AP_iv": 41.569808420233755,
            "AP_it": 43.38810725395222,
            "AP_ivt": 35.35381869523389
        },
        "AP_EMA": {
            "AP_i": 90.80265635157775,
            "AP_v": 66.70742163030607,
            "AP_t": 48.550183837747326,
            "AP_iv": 44.55775990442207,
            "AP_it": 47.116660856292846,
            "AP_ivt": 40.66566890392193
        }
    }
}