{
    "Test": false,
    "Cholec80": {
        "F1_score": 75.55820092184555,
        "F1_score_EMA": 76.6370599002943,
        "Per_video_f1": {
            "cholec80_video41": 74.46180769003745,
            "cholec80_video43": 71.43477959270416,
            "cholec80_video44": 86.09371913847494,
            "cholec80_video45": 79.1339938888226,
            "cholec80_video46": 81.31608280200321,
            "cholec80_video47": 63.017041262585174,
            "cholec80_video48": 73.44998207829133
        },
        "Per_video_f1_EMA": {
            "cholec80_video41": 79.57383480139245,
            "cholec80_video43": 72.02172488267722,
            "cholec80_video44": 82.71967983782406,
            "cholec80_video45": 79.37569471763304,
            "cholec80_video46": 79.56061340634413,
            "cholec80_video47": 64.17107559717596,
            "cholec80_video48": 79.03679605901331
        }
    },
    "Endoscapes": {
        "mAP": 48.07825598934961,
        "mAP_EMA": 50.94350835716263,
        "mAP_per_class": {
            "C0": 46.70252503054048,
            "C1": 50.573571323998515,
            "C2": 46.958671613509836
        },
        "mAP_per_class_EMA": {
            "C0": 51.727352067833145,
            "C1": 49.815174807444166,
            "C2": 51.28799819621057
        }
    },
    "CholecT50": {
        "AP": {
            "AP_i": 92.21632699614135,
            "AP_v": 68.2463398913734,
            "AP_t": 48.26286943835821,
            "AP_iv": 45.44796387558021,
            "AP_it": 45.36981571800097,
            "AP_ivt": 38.89113332920164
        },
        "AP_EMA": {
            "AP_i": 93.15762426649341,
            "AP_v": 68.11483927861715,
            "AP_t": 50.00651759279196,
            "AP_iv": 45.137893568218225,
            "AP_it": 45.818577551413966,
            "AP_ivt": 40.30975550116443
        }
    }
}