{
    "Test": false,
    "Cholec80": {
        "F1_score": 74.32312595399463,
        "F1_score_EMA": 77.80153601674903,
        "Per_video_f1": {
            "cholec80_video41": 78.61133363465693,
            "cholec80_video43": 66.74042639518058,
            "cholec80_video44": 75.4371350469542,
            "cholec80_video45": 79.85167428809285,
            "cholec80_video46": 77.20520347125886,
            "cholec80_video47": 64.17704674718213,
            "cholec80_video48": 78.23906209463688
        },
        "Per_video_f1_EMA": {
            "cholec80_video41": 78.89008202424709,
            "cholec80_video43": 73.00622788366543,
            "cholec80_video44": 82.82075748752197,
            "cholec80_video45": 80.86813411004022,
            "cholec80_video46": 85.00224399591086,
            "cholec80_video47": 63.58396087281536,
            "cholec80_video48": 80.43934574304224
        }
    },
    "Endoscapes": {
        "mAP": 43.77530720635059,
        "mAP_EMA": 50.08476069046847,
        "mAP_per_class": {
            "C0": 45.880345399861554,
            "C1": 52.02115687742065,
            "C2": 33.42441934176956
        },
        "mAP_per_class_EMA": {
            "C0": 49.42767212615535,
            "C1": 50.536248250129056,
            "C2": 50.290361695121
        }
    },
    "CholecT50": {
        "AP": {
            "AP_i": 91.76237101526345,
            "AP_v": 68.34036620275525,
            "AP_t": 45.74829167339352,
            "AP_iv": 45.89956565258824,
            "AP_it": 43.940898426461395,
            "AP_ivt": 37.811117089320334
        },
        "AP_EMA": {
            "AP_i": 92.14378837899399,
            "AP_v": 63.95854322518952,
            "AP_t": 47.54875844187638,
            "AP_iv": 42.43029173109972,
            "AP_it": 44.45048958639767,
            "AP_ivt": 38.34951867096779
        }
    }
}