{
    "Test": false,
    "Cholec80": {
        "F1_score": 74.42849550889594,
        "F1_score_EMA": 78.29802423435942,
        "Per_video_f1": {
            "cholec80_video41": 73.11386950451573,
            "cholec80_video43": 65.289950638319,
            "cholec80_video44": 85.2095242009001,
            "cholec80_video45": 79.55944866811305,
            "cholec80_video46": 82.136124851117,
            "cholec80_video47": 62.605384917986164,
            "cholec80_video48": 73.08516578132046
        },
        "Per_video_f1_EMA": {
            "cholec80_video41": 79.7172487255273,
            "cholec80_video43": 72.23718051067246,
            "cholec80_video44": 85.88856644572903,
            "cholec80_video45": 82.87425795188405,
            "cholec80_video46": 84.61780535670499,
            "cholec80_video47": 62.143666204930405,
            "cholec80_video48": 80.60744444506766
        }
    },
    "Endoscapes": {
        "mAP": 45.7664396700517,
        "mAP_EMA": 53.097922097759664,
        "mAP_per_class": {
            "C0": 46.42784621746362,
            "C1": 48.00365229477103,
            "C2": 42.86782049792047
        },
        "mAP_per_class_EMA": {
            "C0": 55.558349065978874,
            "C1": 55.19186320453586,
            "C2": 48.543554022764255
        }
    },
    "CholecT50": {
        "AP": {
            "AP_i": 89.69555205194497,
            "AP_v": 63.08181724559976,
            "AP_t": 45.49864964177172,
            "AP_iv": 39.769338096121324,
            "AP_it": 41.42685923734691,
            "AP_ivt": 34.76773324783989
        },
        "AP_EMA": {
            "AP_i": 92.48260346652508,
            "AP_v": 67.589037065285,
            "AP_t": 47.28418058604671,
            "AP_iv": 43.58211462923782,
            "AP_it": 44.145834853879926,
            "AP_ivt": 36.800753636786546
        }
    }
}