{
    "Test": false,
    "Cholec80": {
        "F1_score": 76.18295655135931,
        "F1_score_EMA": 78.63222638764141,
        "Per_video_f1": {
            "cholec80_video41": 77.64400347625123,
            "cholec80_video43": 74.26015823812018,
            "cholec80_video44": 82.55673516864881,
            "cholec80_video45": 83.31243146266834,
            "cholec80_video46": 77.95244916032058,
            "cholec80_video47": 60.348215468576974,
            "cholec80_video48": 77.20670288492907
        },
        "Per_video_f1_EMA": {
            "cholec80_video41": 79.7405977096396,
            "cholec80_video43": 72.37207535570518,
            "cholec80_video44": 86.48013528276772,
            "cholec80_video45": 83.77740271490288,
            "cholec80_video46": 85.04702224740993,
            "cholec80_video47": 61.40818442627216,
            "cholec80_video48": 81.60016697679241
        }
    },
    "Endoscapes": {
        "mAP": 40.82242592902748,
        "mAP_EMA": 53.73358501406184,
        "mAP_per_class": {
            "C0": 34.592604420157635,
            "C1": 47.13337893180525,
            "C2": 40.74129443511957
        },
        "mAP_per_class_EMA": {
            "C0": 53.8456925541023,
            "C1": 56.48861136487896,
            "C2": 50.86645112320425
        }
    },
    "CholecT50": {
        "AP": {
            "AP_i": 89.59586934451245,
            "AP_v": 65.07445654430123,
            "AP_t": 46.09751007217775,
            "AP_iv": 40.79120351968668,
            "AP_it": 40.51699833449593,
            "AP_ivt": 33.64870287059485
        },
        "AP_EMA": {
            "AP_i": 93.10313496955064,
            "AP_v": 67.65399829068826,
            "AP_t": 48.028436152485064,
            "AP_iv": 44.307300431872534,
            "AP_it": 45.110618186808736,
            "AP_ivt": 37.433296615308706
        }
    }
}