{
    "Test": false,
    "Cholec80": {
        "F1_score": 75.84019871713045,
        "F1_score_EMA": 79.35461592203097,
        "Per_video_f1": {
            "cholec80_video41": 81.05326533952406,
            "cholec80_video43": 69.49671315184739,
            "cholec80_video44": 78.08777911126413,
            "cholec80_video45": 84.38697393359814,
            "cholec80_video46": 75.28731589458394,
            "cholec80_video47": 61.897853253211565,
            "cholec80_video48": 80.6714903358839
        },
        "Per_video_f1_EMA": {
            "cholec80_video41": 79.62631806182259,
            "cholec80_video43": 74.06142831564446,
            "cholec80_video44": 87.98244600314655,
            "cholec80_video45": 83.5068349971572,
            "cholec80_video46": 83.73976355666022,
            "cholec80_video47": 64.199312266063,
            "cholec80_video48": 82.3662082537228
        }
    },
    "Endoscapes": {
        "mAP": 47.72525226514985,
        "mAP_EMA": 52.295550066078974,
        "mAP_per_class": {
            "C0": 51.61405671859105,
            "C1": 46.87539999690113,
            "C2": 44.68630007995737
        },
        "mAP_per_class_EMA": {
            "C0": 53.000802546990954,
            "C1": 54.16400512308734,
            "C2": 49.721842528158625
        }
    },
    "CholecT50": {
        "AP": {
            "AP_i": 90.76037882037713,
            "AP_v": 67.43320221158413,
            "AP_t": 46.37361722691266,
            "AP_iv": 45.58685292927486,
            "AP_it": 43.73533665086239,
            "AP_ivt": 37.565308516851864
        },
        "AP_EMA": {
            "AP_i": 93.73391130036758,
            "AP_v": 73.40572867592954,
            "AP_t": 48.50164135817427,
            "AP_iv": 49.03168929211201,
            "AP_it": 46.06661982274075,
            "AP_ivt": 39.6433247993623
        }
    }
}