{
    "Test": false,
    "Cholec80": {
        "F1_score": 75.01655077717085,
        "F1_score_EMA": 77.83431802429004,
        "Per_video_f1": {
            "cholec80_video41": 77.98555995888466,
            "cholec80_video43": 67.66625909144278,
            "cholec80_video44": 79.5728769128359,
            "cholec80_video45": 81.01614616487633,
            "cholec80_video46": 73.89326798377456,
            "cholec80_video47": 65.28680891343546,
            "cholec80_video48": 79.69493641494624
        },
        "Per_video_f1_EMA": {
            "cholec80_video41": 78.99843465004288,
            "cholec80_video43": 73.71776894927696,
            "cholec80_video44": 84.49042219048366,
            "cholec80_video45": 83.88573023037831,
            "cholec80_video46": 82.00764871144239,
            "cholec80_video47": 63.16943569728038,
            "cholec80_video48": 78.57078574112568
        }
    },
    "Endoscapes": {
        "mAP": 46.417004648909284,
        "mAP_EMA": 50.831291363416646,
        "mAP_per_class": {
            "C0": 46.72710762310696,
            "C1": 46.385000877172914,
            "C2": 46.13890544644797
        },
        "mAP_per_class_EMA": {
            "C0": 52.141621711862626,
            "C1": 49.38493393824556,
            "C2": 50.96731844014175
        }
    },
    "CholecT50": {
        "AP": {
            "AP_i": 89.2274452840346,
            "AP_v": 62.99716181858022,
            "AP_t": 45.062010307969636,
            "AP_iv": 43.276482103392475,
            "AP_it": 41.368575490807785,
            "AP_ivt": 34.89500579629307
        },
        "AP_EMA": {
            "AP_i": 92.12943676381929,
            "AP_v": 66.14273852919848,
            "AP_t": 47.122700528768526,
            "AP_iv": 44.67904888692058,
            "AP_it": 44.008789872241394,
            "AP_ivt": 38.23842377184743
        }
    }
}