{
    "Test": true,
    "Cholec80": {
        "F1_score": 70.71698919598624,
        "F1_score_EMA": null,
        "Per_video_f1": {
            "cholec80_video51": 74.5618530946706,
            "cholec80_video53": 72.49093163982697,
            "cholec80_video54": 73.50284140980267,
            "cholec80_video55": 84.91493769566641,
            "cholec80_video58": 54.01243630270187,
            "cholec80_video59": 82.27298856865295,
            "cholec80_video61": 65.70332250215375,
            "cholec80_video63": 59.026330705865234,
            "cholec80_video64": 79.22252191118498,
            "cholec80_video69": 82.16087997482134,
            "cholec80_video73": 85.4423349545082,
            "cholec80_video74": 66.14348979092597,
            "cholec80_video76": 73.14516208407944,
            "cholec80_video77": 79.39999049482199,
            "cholec80_video80": 28.754816810111265
        },
        "Per_video_f1_EMA": null
    },
    "Endoscapes": {
        "mAP": 49.50137402564159,
        "mAP_EMA": null,
        "mAP_per_class": {
            "C0": 44.38385814517833,
            "C1": 41.57085385026903,
            "C2": 62.549410081477404
        },
        "mAP_per_class_EMA": null
    },
    "CholecT50": {
        "AP": {
            "AP_i": 86.99671971852793,
            "AP_v": 62.78265506715435,
            "AP_t": 42.92175730308998,
            "AP_iv": 37.918677633547475,
            "AP_it": 36.65995681676709,
            "AP_ivt": 29.881475428617694
        },
        "AP_EMA": null
    }
}