{
    "Test": false,
    "Cholec80": {
        "F1_score": 76.30980464881965,
        "F1_score_EMA": 75.47663286416635,
        "Per_video_f1": {
            "cholec80_video41": 77.13355316807062,
            "cholec80_video43": 71.12043082387765,
            "cholec80_video44": 84.50708451805122,
            "cholec80_video45": 81.83628266078072,
            "cholec80_video46": 82.03868525086013,
            "cholec80_video47": 61.35359479440741,
            "cholec80_video48": 76.17900132568984
        },
        "Per_video_f1_EMA": {
            "cholec80_video41": 75.16305888177958,
            "cholec80_video43": 77.5669614165976,
            "cholec80_video44": 83.58341465007139,
            "cholec80_video45": 79.22374933555587,
            "cholec80_video46": 80.07672472947577,
            "cholec80_video47": 60.007135242370545,
            "cholec80_video48": 72.71538579331371
        }
    },
    "Endoscapes": {
        "mAP": 46.57328590904479,
        "mAP_EMA": 47.78134793282429,
        "mAP_per_class": {
            "C0": 45.64971998905726,
            "C1": 45.3983329283562,
            "C2": 48.67180480972092
        },
        "mAP_per_class_EMA": {
            "C0": 48.896867196595224,
            "C1": 45.48765581292499,
            "C2": 48.95952078895266
        }
    },
    "CholecT50": {
        "AP": {
            "AP_i": 90.35520692785379,
            "AP_v": 67.62844468118888,
            "AP_t": 45.304157492638474,
            "AP_iv": 44.638352439864505,
            "AP_it": 43.888520560174015,
            "AP_ivt": 37.57221869675688
        },
        "AP_EMA": {
            "AP_i": 90.6876818193262,
            "AP_v": 65.98445337927237,
            "AP_t": 46.10554883849478,
            "AP_iv": 42.003951339401894,
            "AP_it": 43.718799458415795,
            "AP_ivt": 37.93564795048831
        }
    }
}