{
    "Test": false,
    "Cholec80": {
        "F1_score": 75.0503373612829,
        "F1_score_EMA": 78.25554616379924,
        "Per_video_f1": {
            "cholec80_video41": 76.70524496173424,
            "cholec80_video43": 68.68792134167433,
            "cholec80_video44": 81.27904282378991,
            "cholec80_video45": 78.03634598762747,
            "cholec80_video46": 78.74426372653393,
            "cholec80_video47": 60.925409461688126,
            "cholec80_video48": 80.9741332259323
        },
        "Per_video_f1_EMA": {
            "cholec80_video41": 78.35577151553188,
            "cholec80_video43": 70.89149472185606,
            "cholec80_video44": 87.10597397036618,
            "cholec80_video45": 81.59414872214701,
            "cholec80_video46": 84.34040203350457,
            "cholec80_video47": 63.711373505485305,
            "cholec80_video48": 81.7896586777037
        }
    },
    "Endoscapes": {
        "mAP": 51.93723436660296,
        "mAP_EMA": 51.78705171464417,
        "mAP_per_class": {
            "C0": 51.179054084017814,
            "C1": 52.520644976642004,
            "C2": 52.11200403914905
        },
        "mAP_per_class_EMA": {
            "C0": 53.54318646420288,
            "C1": 53.27882059080139,
            "C2": 48.53914808892824
        }
    },
    "CholecT50": {
        "AP": {
            "AP_i": 87.89204421681175,
            "AP_v": 58.409800963354485,
            "AP_t": 45.50984077053999,
            "AP_iv": 39.453390970928815,
            "AP_it": 42.240880194437025,
            "AP_ivt": 33.63506848925513
        },
        "AP_EMA": {
            "AP_i": 90.62912505836879,
            "AP_v": 62.97064078154398,
            "AP_t": 48.24739602569589,
            "AP_iv": 42.86366702538828,
            "AP_it": 44.491067983006985,
            "AP_ivt": 36.396045674410836
        }
    }
}