{
    "Test": false,
    "Cholec80": {
        "F1_score": 76.10878758059197,
        "F1_score_EMA": 78.88316267028638,
        "Per_video_f1": {
            "cholec80_video41": 79.98902479397458,
            "cholec80_video43": 68.04001733764086,
            "cholec80_video44": 83.64828498509527,
            "cholec80_video45": 81.06566934484476,
            "cholec80_video46": 80.09353935034775,
            "cholec80_video47": 59.97190692303419,
            "cholec80_video48": 79.9530703292063
        },
        "Per_video_f1_EMA": {
            "cholec80_video41": 79.95489231773755,
            "cholec80_video43": 73.5725567746337,
            "cholec80_video44": 87.20237862197155,
            "cholec80_video45": 82.55836631146998,
            "cholec80_video46": 82.94217954406935,
            "cholec80_video47": 64.40442331750995,
            "cholec80_video48": 81.54734180461257
        }
    },
    "Endoscapes": {
        "mAP": 50.23633992439713,
        "mAP_EMA": 52.6498403348365,
        "mAP_per_class": {
            "C0": 49.96405543073927,
            "C1": 51.55851997862244,
            "C2": 49.186444363829665
        },
        "mAP_per_class_EMA": {
            "C0": 53.442668408093574,
            "C1": 53.28663717367446,
            "C2": 51.220215422741454
        }
    },
    "CholecT50": {
        "AP": {
            "AP_i": 91.15713544914809,
            "AP_v": 68.87693981410202,
            "AP_t": 47.22737426632047,
            "AP_iv": 46.713948792389154,
            "AP_it": 44.67462020794082,
            "AP_ivt": 37.39525976116017
        },
        "AP_EMA": {
            "AP_i": 93.71472039138331,
            "AP_v": 72.70642727600091,
            "AP_t": 49.309818041367016,
            "AP_iv": 49.28555190271665,
            "AP_it": 46.612997188287295,
            "AP_ivt": 40.04223205766079
        }
    }
}