{
    "Test": false,
    "Cholec80": {
        "F1_score": 76.44549800236032,
        "F1_score_EMA": 79.16260419071065,
        "Per_video_f1": {
            "cholec80_video41": 80.97423881113298,
            "cholec80_video43": 70.41545512857905,
            "cholec80_video44": 85.42442775298254,
            "cholec80_video45": 80.51900162084722,
            "cholec80_video46": 80.26279834722963,
            "cholec80_video47": 58.29708044195302,
            "cholec80_video48": 79.22548391379783
        },
        "Per_video_f1_EMA": {
            "cholec80_video41": 79.59503838811666,
            "cholec80_video43": 73.96281877745469,
            "cholec80_video44": 88.02464109319982,
            "cholec80_video45": 83.179101743876,
            "cholec80_video46": 83.67301131654955,
            "cholec80_video47": 63.93416251553814,
            "cholec80_video48": 81.76945550023967
        }
    },
    "Endoscapes": {
        "mAP": 47.95303843578404,
        "mAP_EMA": 52.65180690580624,
        "mAP_per_class": {
            "C0": 47.903555833997586,
            "C1": 49.36490079904517,
            "C2": 46.59065867430937
        },
        "mAP_per_class_EMA": {
            "C0": 52.96827737563705,
            "C1": 53.99343370136541,
            "C2": 50.99370964041625
        }
    },
    "CholecT50": {
        "AP": {
            "AP_i": 90.4776757904303,
            "AP_v": 70.66903694410323,
            "AP_t": 46.5155898593852,
            "AP_iv": 44.43700131665747,
            "AP_it": 41.99056632832651,
            "AP_ivt": 35.64386224687838
        },
        "AP_EMA": {
            "AP_i": 93.52615603439347,
            "AP_v": 73.04296554517342,
            "AP_t": 48.87713532208699,
            "AP_iv": 49.1596040023966,
            "AP_it": 46.500283004586095,
            "AP_ivt": 39.9575519455396
        }
    }
}