{
    "Test": false,
    "Cholec80": {
        "F1_score": 77.08420201999608,
        "F1_score_EMA": 77.7335962074471,
        "Per_video_f1": {
            "cholec80_video41": 77.48612473939129,
            "cholec80_video43": 71.52777162725627,
            "cholec80_video44": 88.19438314991125,
            "cholec80_video45": 78.81835413480314,
            "cholec80_video46": 84.3513567332295,
            "cholec80_video47": 60.18673481260793,
            "cholec80_video48": 79.02468894277322
        },
        "Per_video_f1_EMA": {
            "cholec80_video41": 80.68893717469433,
            "cholec80_video43": 75.35835865732588,
            "cholec80_video44": 82.45576645816469,
            "cholec80_video45": 82.08882479488437,
            "cholec80_video46": 81.39286660940918,
            "cholec80_video47": 63.01900483997815,
            "cholec80_video48": 79.13141491767315
        }
    },
    "Endoscapes": {
        "mAP": 51.92355395794471,
        "mAP_EMA": 50.02646825222259,
        "mAP_per_class": {
            "C0": 52.444541276627355,
            "C1": 52.42519257513302,
            "C2": 50.900928022073764
        },
        "mAP_per_class_EMA": {
            "C0": 51.26385435638813,
            "C1": 50.33017690897731,
            "C2": 48.48537349130235
        }
    },
    "CholecT50": {
        "AP": {
            "AP_i": 93.07263511777904,
            "AP_v": 67.58534126330163,
            "AP_t": 47.55956692866409,
            "AP_iv": 44.837222316141805,
            "AP_it": 44.93189425588339,
            "AP_ivt": 37.135980600474994
        },
        "AP_EMA": {
            "AP_i": 92.15436792479977,
            "AP_v": 70.84396510307377,
            "AP_t": 48.82672570165286,
            "AP_iv": 47.0148419463265,
            "AP_it": 45.508787555834786,
            "AP_ivt": 39.714949071274184
        }
    }
}