{
    "Test": true,
    "Cholec80": {
        "F1_score": 72.45182503128565,
        "F1_score_EMA": null,
        "Per_video_f1": {
            "cholec80_video51": 77.3086447602354,
            "cholec80_video53": 72.20746900888678,
            "cholec80_video54": 70.08130162223924,
            "cholec80_video55": 84.21252703145302,
            "cholec80_video58": 57.76603746260071,
            "cholec80_video59": 90.59412287485941,
            "cholec80_video61": 64.65108933173876,
            "cholec80_video63": 67.47587925385761,
            "cholec80_video64": 84.65862898736964,
            "cholec80_video69": 82.07846124411812,
            "cholec80_video73": 83.2238764942976,
            "cholec80_video74": 62.96820818287,
            "cholec80_video76": 69.95623723640315,
            "cholec80_video77": 76.67078103891332,
            "cholec80_video80": 42.924110939441995
        },
        "Per_video_f1_EMA": null
    },
    "Endoscapes": {
        "mAP": 49.33087616110824,
        "mAP_EMA": null,
        "mAP_per_class": {
            "C0": 45.85279837874208,
            "C1": 38.18994375643918,
            "C2": 63.94988634814348
        },
        "mAP_per_class_EMA": null
    },
    "CholecT50": {
        "AP": {
            "AP_i": 88.14465461825347,
            "AP_v": 62.3655237610188,
            "AP_t": 43.62609024805608,
            "AP_iv": 39.12535253024077,
            "AP_it": 37.77973337977635,
            "AP_ivt": 30.048201945679722
        },
        "AP_EMA": null
    }
}