{
    "Test": false,
    "Cholec80": {
        "F1_score": 74.61487901015153,
        "F1_score_EMA": 78.26288004653289,
        "Per_video_f1": {
            "cholec80_video41": 72.31473231719924,
            "cholec80_video43": 71.06614584392338,
            "cholec80_video44": 78.93198932224372,
            "cholec80_video45": 78.27517204799554,
            "cholec80_video46": 81.80091715660927,
            "cholec80_video47": 60.34514820371085,
            "cholec80_video48": 79.57004817937866
        },
        "Per_video_f1_EMA": {
            "cholec80_video41": 77.57371112858601,
            "cholec80_video43": 70.67376581649192,
            "cholec80_video44": 85.82054508142417,
            "cholec80_video45": 83.65229570918105,
            "cholec80_video46": 83.66604681040755,
            "cholec80_video47": 63.91918009865625,
            "cholec80_video48": 82.53461568098321
        }
    },
    "Endoscapes": {
        "mAP": 47.126925856048004,
        "mAP_EMA": 54.28012116901018,
        "mAP_per_class": {
            "C0": 56.08771529264281,
            "C1": 48.78124204528627,
            "C2": 36.51182023021492
        },
        "mAP_per_class_EMA": {
            "C0": 58.47643147691526,
            "C1": 53.28225335858194,
            "C2": 51.081678671533346
        }
    },
    "CholecT50": {
        "AP": {
            "AP_i": 89.33777504079593,
            "AP_v": 64.51838285930106,
            "AP_t": 47.37696951429389,
            "AP_iv": 40.083578543365654,
            "AP_it": 41.01744183081026,
            "AP_ivt": 33.886734432424284
        },
        "AP_EMA": {
            "AP_i": 91.18582853146005,
            "AP_v": 65.3330061289636,
            "AP_t": 48.09336546507765,
            "AP_iv": 44.24586149116705,
            "AP_it": 45.61089609680113,
            "AP_ivt": 37.970333360795095
        }
    }
}