{
    "Test": false,
    "Cholec80": {
        "F1_score": 75.86286308306497,
        "F1_score_EMA": 77.01141984362516,
        "Per_video_f1": {
            "cholec80_video41": 73.93073661558837,
            "cholec80_video43": 73.14822360319052,
            "cholec80_video44": 82.76437181673387,
            "cholec80_video45": 79.4641608203271,
            "cholec80_video46": 79.16792257392964,
            "cholec80_video47": 64.67097919129144,
            "cholec80_video48": 77.89364696039381
        },
        "Per_video_f1_EMA": {
            "cholec80_video41": 76.93863102752339,
            "cholec80_video43": 75.24936641083657,
            "cholec80_video44": 84.28490936628877,
            "cholec80_video45": 82.85778017797098,
            "cholec80_video46": 82.89229459024848,
            "cholec80_video47": 60.01832552066971,
            "cholec80_video48": 76.83863181183818
        }
    },
    "Endoscapes": {
        "mAP": 50.2888330162609,
        "mAP_EMA": 51.44684227144743,
        "mAP_per_class": {
            "C0": 47.05941014023388,
            "C1": 53.33785960038375,
            "C2": 50.469229308165076
        },
        "mAP_per_class_EMA": {
            "C0": 53.09080680366145,
            "C1": 49.83074816362063,
            "C2": 51.41897184706021
        }
    },
    "CholecT50": {
        "AP": {
            "AP_i": 90.54148843783692,
            "AP_v": 65.92351144212435,
            "AP_t": 47.17047143491263,
            "AP_iv": 42.325933754405526,
            "AP_it": 43.63800354327437,
            "AP_ivt": 37.17451350058696
        },
        "AP_EMA": {
            "AP_i": 92.1505718578527,
            "AP_v": 69.17719045997548,
            "AP_t": 48.44403269625148,
            "AP_iv": 46.082873795267304,
            "AP_it": 45.96319294771058,
            "AP_ivt": 39.7997922762095
        }
    }
}