{
    "Test": false,
    "Cholec80": {
        "F1_score": 75.65875229244317,
        "F1_score_EMA": 77.84946365771847,
        "Per_video_f1": {
            "cholec80_video41": 72.94843034104161,
            "cholec80_video43": 73.1064931966478,
            "cholec80_video44": 85.0970619050818,
            "cholec80_video45": 75.61588959455689,
            "cholec80_video46": 82.79204949411269,
            "cholec80_video47": 61.23489535619965,
            "cholec80_video48": 78.81644615946175
        },
        "Per_video_f1_EMA": {
            "cholec80_video41": 76.87797892043241,
            "cholec80_video43": 70.27002702938815,
            "cholec80_video44": 85.68093405381771,
            "cholec80_video45": 83.74720476165695,
            "cholec80_video46": 83.67665386810951,
            "cholec80_video47": 63.566226639745885,
            "cholec80_video48": 81.12722033087874
        }
    },
    "Endoscapes": {
        "mAP": 47.675613539568396,
        "mAP_EMA": 54.441180023673205,
        "mAP_per_class": {
            "C0": 51.601325414873656,
            "C1": 46.83044221799349,
            "C2": 44.59507298583803
        },
        "mAP_per_class_EMA": {
            "C0": 59.35084864874449,
            "C1": 53.646516004148296,
            "C2": 50.32617541812684
        }
    },
    "CholecT50": {
        "AP": {
            "AP_i": 90.24190666926796,
            "AP_v": 62.74284225023992,
            "AP_t": 46.27185452167872,
            "AP_iv": 41.00967457855795,
            "AP_it": 40.94620173309624,
            "AP_ivt": 34.049856620208054
        },
        "AP_EMA": {
            "AP_i": 91.1900523912666,
            "AP_v": 64.68058548846508,
            "AP_t": 47.74219282412653,
            "AP_iv": 43.7187092117721,
            "AP_it": 45.39074697447996,
            "AP_ivt": 37.740752679095245
        }
    }
}