{
    "Test": false,
    "Cholec80": {
        "F1_score": 75.38506569262003,
        "F1_score_EMA": 78.84381125125252,
        "Per_video_f1": {
            "cholec80_video41": 73.84841464428644,
            "cholec80_video43": 65.2872731517671,
            "cholec80_video44": 85.28074481109095,
            "cholec80_video45": 74.7581776165005,
            "cholec80_video46": 80.5212452334958,
            "cholec80_video47": 69.72866826938144,
            "cholec80_video48": 78.27093612181795
        },
        "Per_video_f1_EMA": {
            "cholec80_video41": 76.11023941162132,
            "cholec80_video43": 72.40397608887811,
            "cholec80_video44": 85.86987446443737,
            "cholec80_video45": 83.06151361243005,
            "cholec80_video46": 85.83295819947608,
            "cholec80_video47": 67.79548735040889,
            "cholec80_video48": 80.83262963151584
        }
    },
    "Endoscapes": {
        "mAP": 49.110982672137965,
        "mAP_EMA": 49.35785728285984,
        "mAP_per_class": {
            "C0": 49.641696539279835,
            "C1": 53.854480852784725,
            "C2": 43.836770624349334
        },
        "mAP_per_class_EMA": {
            "C0": 48.443481406073474,
            "C1": 53.76653245709249,
            "C2": 45.863557985413564
        }
    },
    "CholecT50": {
        "AP": {
            "AP_i": 88.35406018567483,
            "AP_v": 63.0531105529556,
            "AP_t": 43.747347877884906,
            "AP_iv": 39.9656350503015,
            "AP_it": 37.95335483526544,
            "AP_ivt": 32.68565767909767
        },
        "AP_EMA": {
            "AP_i": 92.0013708207141,
            "AP_v": 66.62529564921905,
            "AP_t": 47.164206787789105,
            "AP_iv": 43.301079802445514,
            "AP_it": 42.77895414748807,
            "AP_ivt": 36.38386045333757
        }
    }
}