{
    "Test": true,
    "Cholec80": {
        "F1_score": 73.27534817209781,
        "F1_score_EMA": null,
        "Per_video_f1": {
            "cholec80_video51": 77.8342898952831,
            "cholec80_video53": 71.5820957620813,
            "cholec80_video54": 76.71453573563237,
            "cholec80_video55": 85.37468435873879,
            "cholec80_video58": 52.735677737444654,
            "cholec80_video59": 86.06134280883145,
            "cholec80_video61": 69.05883545237462,
            "cholec80_video63": 66.25469043665987,
            "cholec80_video64": 83.75038509633225,
            "cholec80_video69": 82.76873243535906,
            "cholec80_video73": 86.14875371422119,
            "cholec80_video74": 61.13935173486175,
            "cholec80_video76": 71.58479733797796,
            "cholec80_video77": 77.2645149692374,
            "cholec80_video80": 50.85753510643129
        },
        "Per_video_f1_EMA": null
    },
    "Endoscapes": {
        "mAP": 52.11317075337258,
        "mAP_EMA": null,
        "mAP_per_class": {
            "C0": 50.01684118807106,
            "C1": 43.53233308934251,
            "C2": 62.79033798270417
        },
        "mAP_per_class_EMA": null
    },
    "CholecT50": {
        "AP": {
            "AP_i": 87.74425023112816,
            "AP_v": 63.622295600929064,
            "AP_t": 42.10971151568277,
            "AP_iv": 39.64040592171098,
            "AP_it": 32.683143549396455,
            "AP_ivt": 28.143068036647364
        },
        "AP_EMA": null
    }
}