{
    "Test": false,
    "Cholec80": {
        "F1_score": 76.07840951001843,
        "F1_score_EMA": 62.8759648543025,
        "Per_video_f1": {
            "cholec80_video41": 78.39509940297484,
            "cholec80_video43": 72.20485158777424,
            "cholec80_video44": 83.65280161089211,
            "cholec80_video45": 76.32450551946569,
            "cholec80_video46": 77.91665469076075,
            "cholec80_video47": 65.79905791274764,
            "cholec80_video48": 78.25589584551379
        },
        "Per_video_f1_EMA": {
            "cholec80_video41": 73.75082890954523,
            "cholec80_video43": 62.46232997527138,
            "cholec80_video44": 62.78355937077892,
            "cholec80_video45": 62.686696135588704,
            "cholec80_video46": 61.61907582251821,
            "cholec80_video47": 57.89069677378291,
            "cholec80_video48": 58.93856699263215
        }
    },
    "Endoscapes": {
        "mAP": 48.22126067835203,
        "mAP_EMA": 39.11779371951122,
        "mAP_per_class": {
            "C0": 48.61676627240569,
            "C1": 49.58714409501741,
            "C2": 46.45987166763299
        },
        "mAP_per_class_EMA": {
            "C0": 37.75138722152443,
            "C1": 38.96289161804955,
            "C2": 40.63910231895967
        }
    },
    "CholecT50": {
        "AP": {
            "AP_i": 93.4194871844519,
            "AP_v": 67.5182676999982,
            "AP_t": 47.97815258031502,
            "AP_iv": 44.88601344662571,
            "AP_it": 48.182222743292044,
            "AP_ivt": 40.87520221755431
        },
        "AP_EMA": {
            "AP_i": 76.3560645805849,
            "AP_v": 54.595655269146185,
            "AP_t": 40.611309345299944,
            "AP_iv": 34.521551149959244,
            "AP_it": 33.369244161690936,
            "AP_ivt": 30.316573270725165
        }
    }
}