{
    "Test": false,
    "Cholec80": {
        "F1_score": 75.44083613147671,
        "F1_score_EMA": 78.57853687669538,
        "Per_video_f1": {
            "cholec80_video41": 72.73933823476439,
            "cholec80_video43": 68.53904457980532,
            "cholec80_video44": 83.75368390032511,
            "cholec80_video45": 75.49485034896213,
            "cholec80_video46": 83.56058717205626,
            "cholec80_video47": 65.62152933920423,
            "cholec80_video48": 78.3768193452196
        },
        "Per_video_f1_EMA": {
            "cholec80_video41": 78.36904329142378,
            "cholec80_video43": 72.0403875738934,
            "cholec80_video44": 85.15467593443005,
            "cholec80_video45": 83.14276593878904,
            "cholec80_video46": 84.48815777430487,
            "cholec80_video47": 65.51120599420061,
            "cholec80_video48": 81.34352162982596
        }
    },
    "Endoscapes": {
        "mAP": 45.76807889574613,
        "mAP_EMA": 49.00044633267093,
        "mAP_per_class": {
            "C0": 49.601143755026264,
            "C1": 47.25498130426685,
            "C2": 40.44811162794528
        },
        "mAP_per_class_EMA": {
            "C0": 49.68607275160948,
            "C1": 50.31512797335509,
            "C2": 47.00013827304822
        }
    },
    "CholecT50": {
        "AP": {
            "AP_i": 90.3645634484058,
            "AP_v": 60.93977512734326,
            "AP_t": 42.214692908793566,
            "AP_iv": 41.21584884026463,
            "AP_it": 40.31974723308364,
            "AP_ivt": 34.1017856248412
        },
        "AP_EMA": {
            "AP_i": 93.26559985175714,
            "AP_v": 68.55483267344566,
            "AP_t": 47.89268831671591,
            "AP_iv": 48.33219448260836,
            "AP_it": 45.57351930484052,
            "AP_ivt": 39.26237579395954
        }
    }
}