{
    "Test": false,
    "Cholec80": {
        "F1_score": 75.91106288263676,
        "F1_score_EMA": 78.53415808110101,
        "Per_video_f1": {
            "cholec80_video41": 76.63117526785943,
            "cholec80_video43": 69.53359793810871,
            "cholec80_video44": 82.71942423084855,
            "cholec80_video45": 84.02191302742857,
            "cholec80_video46": 78.43106186086234,
            "cholec80_video47": 60.885510542326074,
            "cholec80_video48": 79.15475731102363
        },
        "Per_video_f1_EMA": {
            "cholec80_video41": 77.8837578841574,
            "cholec80_video43": 74.09917083737993,
            "cholec80_video44": 86.77968393635004,
            "cholec80_video45": 84.3331708005756,
            "cholec80_video46": 83.13176848819604,
            "cholec80_video47": 63.60997596763237,
            "cholec80_video48": 79.90157865341573
        }
    },
    "Endoscapes": {
        "mAP": 48.9766583668552,
        "mAP_EMA": 51.99212174250793,
        "mAP_per_class": {
            "C0": 48.99966082982513,
            "C1": 47.807071367314954,
            "C2": 50.12324290342551
        },
        "mAP_per_class_EMA": {
            "C0": 51.824652324698164,
            "C1": 51.42313121961315,
            "C2": 52.7285816832125
        }
    },
    "CholecT50": {
        "AP": {
            "AP_i": 90.01107059368361,
            "AP_v": 61.607919917020254,
            "AP_t": 42.96258887013438,
            "AP_iv": 42.47858269526032,
            "AP_it": 42.157720860478356,
            "AP_ivt": 36.353510976624825
        },
        "AP_EMA": {
            "AP_i": 93.44540162099388,
            "AP_v": 66.01234813126047,
            "AP_t": 47.80786713565138,
            "AP_iv": 45.428199400597215,
            "AP_it": 46.29485808519151,
            "AP_ivt": 38.9807086571373
        }
    }
}