{
    "Test": false,
    "Cholec80": {
        "F1_score": 76.86603303397877,
        "F1_score_EMA": 79.4989152848011,
        "Per_video_f1": {
            "cholec80_video41": 81.34675265068394,
            "cholec80_video43": 69.40048824392224,
            "cholec80_video44": 82.4254204098757,
            "cholec80_video45": 79.08670517538378,
            "cholec80_video46": 79.73084435952161,
            "cholec80_video47": 68.83644689528491,
            "cholec80_video48": 77.23557350317914
        },
        "Per_video_f1_EMA": {
            "cholec80_video41": 77.38673258613835,
            "cholec80_video43": 73.30835993268857,
            "cholec80_video44": 87.6123726259439,
            "cholec80_video45": 83.76248545203995,
            "cholec80_video46": 85.7846785520466,
            "cholec80_video47": 67.145388743769,
            "cholec80_video48": 81.49238910098136
        }
    },
    "Endoscapes": {
        "mAP": 49.76834893797297,
        "mAP_EMA": 48.32297729962388,
        "mAP_per_class": {
            "C0": 50.43852417916429,
            "C1": 50.305997692617574,
            "C2": 48.56052494213705
        },
        "mAP_per_class_EMA": {
            "C0": 49.38744847225724,
            "C1": 51.25905229538329,
            "C2": 44.32243113123111
        }
    },
    "CholecT50": {
        "AP": {
            "AP_i": 91.11347663505437,
            "AP_v": 64.01946555146961,
            "AP_t": 43.702916667419196,
            "AP_iv": 42.644996081366585,
            "AP_it": 39.74245507673453,
            "AP_ivt": 33.556410765846955
        },
        "AP_EMA": {
            "AP_i": 92.66968640842366,
            "AP_v": 66.47161137223938,
            "AP_t": 47.51166029424364,
            "AP_iv": 43.87934892964716,
            "AP_it": 42.4130764300014,
            "AP_ivt": 35.884356353236186
        }
    }
}