{
    "Test": false,
    "Cholec80": {
        "F1_score": 76.99121745868233,
        "F1_score_EMA": 78.20174682770852,
        "Per_video_f1": {
            "cholec80_video41": 77.25079068270382,
            "cholec80_video43": 69.34875191552784,
            "cholec80_video44": 84.34742938351631,
            "cholec80_video45": 81.13357538000766,
            "cholec80_video46": 83.3661279300644,
            "cholec80_video47": 63.39152952695183,
            "cholec80_video48": 80.10031739200444
        },
        "Per_video_f1_EMA": {
            "cholec80_video41": 79.83073562902945,
            "cholec80_video43": 71.8316182845393,
            "cholec80_video44": 86.13728314729912,
            "cholec80_video45": 82.91818722242458,
            "cholec80_video46": 84.09889478316451,
            "cholec80_video47": 62.43483932562415,
            "cholec80_video48": 80.16066940187851
        }
    },
    "Endoscapes": {
        "mAP": 44.483230623988476,
        "mAP_EMA": 53.029765177772774,
        "mAP_per_class": {
            "C0": 45.63680233766544,
            "C1": 44.54153920143709,
            "C2": 43.27135033286289
        },
        "mAP_per_class_EMA": {
            "C0": 56.04031915143545,
            "C1": 54.47216006891843,
            "C2": 48.576816312964446
        }
    },
    "CholecT50": {
        "AP": {
            "AP_i": 87.83416804378707,
            "AP_v": 63.61853244799643,
            "AP_t": 44.92519603656387,
            "AP_iv": 38.52302871288796,
            "AP_it": 39.221161761065645,
            "AP_ivt": 32.57011724225103
        },
        "AP_EMA": {
            "AP_i": 92.28813590433305,
            "AP_v": 66.87527107506872,
            "AP_t": 46.99825004116907,
            "AP_iv": 43.01707072187122,
            "AP_it": 43.86554334309472,
            "AP_ivt": 36.326615541420715
        }
    }
}