{
    "Test": false,
    "Cholec80": {
        "F1_score": 75.5260273434362,
        "F1_score_EMA": 74.93204023962967,
        "Per_video_f1": {
            "cholec80_video41": 75.99173966280078,
            "cholec80_video43": 70.65758705140239,
            "cholec80_video44": 84.95128036931997,
            "cholec80_video45": 74.4045993273297,
            "cholec80_video46": 83.30934217295561,
            "cholec80_video47": 63.13681727993258,
            "cholec80_video48": 76.23082554031238
        },
        "Per_video_f1_EMA": {
            "cholec80_video41": 75.89056108642724,
            "cholec80_video43": 74.80052954787524,
            "cholec80_video44": 77.34812856924756,
            "cholec80_video45": 76.74492498347767,
            "cholec80_video46": 81.71689805576888,
            "cholec80_video47": 63.59204979729341,
            "cholec80_video48": 74.43118963731766
        }
    },
    "Endoscapes": {
        "mAP": 41.160705688243944,
        "mAP_EMA": 47.38197831308292,
        "mAP_per_class": {
            "C0": 41.683331704288626,
            "C1": 38.98293203532888,
            "C2": 42.815853325114325
        },
        "mAP_per_class_EMA": {
            "C0": 45.50099896294329,
            "C1": 47.7281729294079,
            "C2": 48.91676304689756
        }
    },
    "CholecT50": {
        "AP": {
            "AP_i": 91.77581877362411,
            "AP_v": 62.87876853344064,
            "AP_t": 45.55987826657933,
            "AP_iv": 43.8088085835538,
            "AP_it": 43.14305705796274,
            "AP_ivt": 36.70118070017426
        },
        "AP_EMA": {
            "AP_i": 88.09420026920195,
            "AP_v": 62.79999287046125,
            "AP_t": 45.83720094074343,
            "AP_iv": 40.24648220291638,
            "AP_it": 41.10202363781733,
            "AP_ivt": 35.25477834523736
        }
    }
}