{
    "Test": false,
    "Cholec80": {
        "F1_score": 75.24858310012107,
        "F1_score_EMA": 78.3591126889615,
        "Per_video_f1": {
            "cholec80_video41": 72.06382618031336,
            "cholec80_video43": 69.11819692523531,
            "cholec80_video44": 87.12455300389244,
            "cholec80_video45": 75.68049473953089,
            "cholec80_video46": 83.22344337168231,
            "cholec80_video47": 63.251890328535154,
            "cholec80_video48": 76.27767715165804
        },
        "Per_video_f1_EMA": {
            "cholec80_video41": 75.49618835245333,
            "cholec80_video43": 72.71997096621182,
            "cholec80_video44": 89.41904266773876,
            "cholec80_video45": 84.23510723702698,
            "cholec80_video46": 83.7499584076135,
            "cholec80_video47": 63.519390172180856,
            "cholec80_video48": 79.37413101950528
        }
    },
    "Endoscapes": {
        "mAP": 52.85205598367117,
        "mAP_EMA": 53.5751998696428,
        "mAP_per_class": {
            "C0": 52.4251406610854,
            "C1": 49.365506354443504,
            "C2": 56.7655209354846
        },
        "mAP_per_class_EMA": {
            "C0": 52.22684640807581,
            "C1": 54.433604936427585,
            "C2": 54.06514826442502
        }
    },
    "CholecT50": {
        "AP": {
            "AP_i": 88.17583511971019,
            "AP_v": 63.64880085471691,
            "AP_t": 44.921530003512785,
            "AP_iv": 40.346324413215235,
            "AP_it": 40.7826176166427,
            "AP_ivt": 33.58502268742446
        },
        "AP_EMA": {
            "AP_i": 92.27182552326938,
            "AP_v": 66.64623109794283,
            "AP_t": 45.78071917467557,
            "AP_iv": 44.56276421546256,
            "AP_it": 43.76202334395152,
            "AP_ivt": 36.258072513147724
        }
    }
}