{
    "Test": false,
    "Cholec80": {
        "F1_score": 76.3524541133963,
        "F1_score_EMA": 75.05332313632299,
        "Per_video_f1": {
            "cholec80_video41": 78.2420142029997,
            "cholec80_video43": 67.94642098910566,
            "cholec80_video44": 85.17189887599945,
            "cholec80_video45": 81.11598934836796,
            "cholec80_video46": 81.55507458279672,
            "cholec80_video47": 62.100596821251344,
            "cholec80_video48": 78.33518397325328
        },
        "Per_video_f1_EMA": {
            "cholec80_video41": 78.42046944864099,
            "cholec80_video43": 68.12512702586841,
            "cholec80_video44": 82.15362590199427,
            "cholec80_video45": 81.24333675736139,
            "cholec80_video46": 76.2390253522009,
            "cholec80_video47": 62.875379541214215,
            "cholec80_video48": 76.31629792698078
        }
    },
    "Endoscapes": {
        "mAP": 54.22462394029319,
        "mAP_EMA": 51.158299903725144,
        "mAP_per_class": {
            "C0": 57.19632963714746,
            "C1": 54.446720560533215,
            "C2": 51.0308216231989
        },
        "mAP_per_class_EMA": {
            "C0": 52.16779019065241,
            "C1": 48.45670238035591,
            "C2": 52.85040714016711
        }
    },
    "CholecT50": {
        "AP": {
            "AP_i": 92.18113844695381,
            "AP_v": 66.42132726843666,
            "AP_t": 48.03978510934558,
            "AP_iv": 44.62054041195978,
            "AP_it": 44.01168140139415,
            "AP_ivt": 37.4666035234166
        },
        "AP_EMA": {
            "AP_i": 87.32616478267637,
            "AP_v": 61.69633701664338,
            "AP_t": 46.453113293024394,
            "AP_iv": 41.361367276319946,
            "AP_it": 41.53827628848718,
            "AP_ivt": 37.144896775998944
        }
    }
}