{
    "Test": false,
    "Cholec80": {
        "F1_score": 48.71404842286049,
        "F1_score_EMA": 60.59304761224914,
        "Per_video_f1": {
            "cholec80_video41": 74.7498687328978,
            "cholec80_video43": 22.63913323587048,
            "cholec80_video44": 80.03989209575421,
            "cholec80_video45": 61.08588760946736,
            "cholec80_video46": 79.01198905960584,
            "cholec80_video47": 25.36467618690064,
            "cholec80_video48": 27.942438157560183,
            "cholec80_video49": 18.657023937609658,
            "cholec80_video50": 48.93552679007829
        },
        "Per_video_f1_EMA": {
            "cholec80_video41": 78.44142888110756,
            "cholec80_video43": 35.21303229781489,
            "cholec80_video44": 83.72385607602345,
            "cholec80_video45": 73.00134232855936,
            "cholec80_video46": 83.24951714673912,
            "cholec80_video47": 34.948390911401376,
            "cholec80_video48": 46.610638592716896,
            "cholec80_video49": 39.2329958233103,
            "cholec80_video50": 70.91622645256926
        }
    },
    "Endoscapes": {
        "mAP": 44.81408044831435,
        "mAP_EMA": 47.82950205908013,
        "mAP_per_class": {
            "C0": 49.83468769608366,
            "C1": 46.227200991616726,
            "C2": 38.38035265724266
        },
        "mAP_per_class_EMA": {
            "C0": 50.456062394044906,
            "C1": 50.572785105856845,
            "C2": 42.45965867733864
        }
    },
    "CholecT50": {
        "AP": {
            "AP_i": 49.61472889472654,
            "AP_v": 33.21456140308459,
            "AP_t": 24.546220179292156,
            "AP_iv": 20.473134590553776,
            "AP_it": 22.80446013104341,
            "AP_ivt": 18.97993066594027
        },
        "AP_EMA": {
            "AP_i": 57.39318809126774,
            "AP_v": 40.40063493409531,
            "AP_t": 28.08699603222994,
            "AP_iv": 24.468385201198966,
            "AP_it": 27.38923846141928,
            "AP_ivt": 22.037841211075115
        }
    }
}