{
    "Test": false,
    "Cholec80": {
        "F1_score": 58.09311472942429,
        "F1_score_EMA": 74.75130977079571,
        "Per_video_f1": {
            "cholec80_video41": 78.70547099909464,
            "cholec80_video43": 33.56715332058408,
            "cholec80_video44": 81.32976792002837,
            "cholec80_video45": 78.83616593248351,
            "cholec80_video46": 82.42436933190753,
            "cholec80_video47": 30.18434882586038,
            "cholec80_video48": 40.05052045291011,
            "cholec80_video49": 31.221750459760106,
            "cholec80_video50": 66.5184853221899
        },
        "Per_video_f1_EMA": {
            "cholec80_video41": 78.75256832746632,
            "cholec80_video43": 62.3334491036483,
            "cholec80_video44": 81.4360648813787,
            "cholec80_video45": 85.52415891790478,
            "cholec80_video46": 82.04625948624968,
            "cholec80_video47": 54.437124624500235,
            "cholec80_video48": 71.0436030575681,
            "cholec80_video49": 72.91787387697799,
            "cholec80_video50": 84.2706856614673
        }
    },
    "Endoscapes": {
        "mAP": 49.213838310455756,
        "mAP_EMA": 50.40206548617795,
        "mAP_per_class": {
            "C0": 53.00895572262654,
            "C1": 52.09534324899374,
            "C2": 42.53721595974699
        },
        "mAP_per_class_EMA": {
            "C0": 51.04169014972205,
            "C1": 51.92114891879878,
            "C2": 48.24335739001304
        }
    },
    "CholecT50": {
        "AP": {
            "AP_i": 58.26677274412236,
            "AP_v": 42.748655538684176,
            "AP_t": 28.05662860513937,
            "AP_iv": 25.915844753121153,
            "AP_it": 26.63257960836478,
            "AP_ivt": 22.10016943641723
        },
        "AP_EMA": {
            "AP_i": 72.56658531836446,
            "AP_v": 51.3966036708519,
            "AP_t": 36.336469195678426,
            "AP_iv": 31.79461543071596,
            "AP_it": 34.135313690561894,
            "AP_ivt": 27.902532282935816
        }
    }
}