{
    "Test": false,
    "Cholec80": {
        "F1_score": 72.03476499077956,
        "F1_score_EMA": 68.7392754163641,
        "Per_video_f1": {
            "cholec80_video41": 76.46611241106929,
            "cholec80_video43": 52.54012057383146,
            "cholec80_video44": 80.26183978081876,
            "cholec80_video45": 85.39894335218366,
            "cholec80_video46": 79.69009323368657,
            "cholec80_video47": 55.167239695487915,
            "cholec80_video48": 69.50533461438911,
            "cholec80_video49": 68.86377966799044,
            "cholec80_video50": 80.41942158755883
        },
        "Per_video_f1_EMA": {
            "cholec80_video41": 75.79321846233624,
            "cholec80_video43": 71.57932534587064,
            "cholec80_video44": 65.9791758283442,
            "cholec80_video45": 77.09547264830715,
            "cholec80_video46": 67.26338414027569,
            "cholec80_video47": 58.63443066117756,
            "cholec80_video48": 65.07747400752434,
            "cholec80_video49": 74.42057042634707,
            "cholec80_video50": 62.8104272270939
        }
    },
    "Endoscapes": {
        "mAP": 46.41597606178435,
        "mAP_EMA": 46.59059992152155,
        "mAP_per_class": {
            "C0": 44.289981449731016,
            "C1": 48.361374485669955,
            "C2": 46.596572249952075
        },
        "mAP_per_class_EMA": {
            "C0": 44.83682539586363,
            "C1": 47.71987068482356,
            "C2": 47.21510368387746
        }
    },
    "CholecT50": {
        "AP": {
            "AP_i": 71.43686784125944,
            "AP_v": 51.37881458970511,
            "AP_t": 35.55106694198864,
            "AP_iv": 31.239618710555238,
            "AP_it": 31.623459314032157,
            "AP_ivt": 25.6280958709246
        },
        "AP_EMA": {
            "AP_i": 78.39133918688869,
            "AP_v": 56.84993464165929,
            "AP_t": 41.815594426963955,
            "AP_iv": 35.44637649919895,
            "AP_it": 36.2898184710337,
            "AP_ivt": 31.26352177398456
        }
    }
}