{
    "Test": false,
    "Cholec80": {
        "F1_score": 66.8906116772965,
        "F1_score_EMA": 69.25625960990723,
        "Per_video_f1": {
            "cholec80_video41": 81.36722081226971,
            "cholec80_video43": 47.93626826025527,
            "cholec80_video44": 82.72680288920809,
            "cholec80_video45": 75.3098247631379,
            "cholec80_video46": 81.83162979786161,
            "cholec80_video47": 49.64318865874749,
            "cholec80_video48": 55.05690711623051,
            "cholec80_video49": 53.1807186050248,
            "cholec80_video50": 74.96294419293324
        },
        "Per_video_f1_EMA": {
            "cholec80_video41": 78.82142498783979,
            "cholec80_video43": 50.903943875383504,
            "cholec80_video44": 84.00310703875951,
            "cholec80_video45": 81.53047580415146,
            "cholec80_video46": 82.54722659882793,
            "cholec80_video47": 48.640289872916426,
            "cholec80_video48": 61.38534108906205,
            "cholec80_video49": 57.60648122797243,
            "cholec80_video50": 77.86804599425197
        }
    },
    "Endoscapes": {
        "mAP": 46.00502588568663,
        "mAP_EMA": 49.844787897007,
        "mAP_per_class": {
            "C0": 50.18777736104229,
            "C1": 49.5177358390691,
            "C2": 38.3095644569485
        },
        "mAP_per_class_EMA": {
            "C0": 50.98012548379863,
            "C1": 52.27400682660053,
            "C2": 46.28023138062184
        }
    },
    "CholecT50": {
        "AP": {
            "AP_i": 59.59635341135726,
            "AP_v": 42.076683337531335,
            "AP_t": 29.14733287304929,
            "AP_iv": 27.354622641938747,
            "AP_it": 27.974118195755278,
            "AP_ivt": 22.951338982095983
        },
        "AP_EMA": {
            "AP_i": 65.83786302034606,
            "AP_v": 46.0463056519783,
            "AP_t": 31.94619058279296,
            "AP_iv": 29.157429936092452,
            "AP_it": 31.18187890359647,
            "AP_ivt": 24.927512610745158
        }
    }
}