{
    "Test": false,
    "Cholec80": {
        "F1_score": 56.7500243372487,
        "F1_score_EMA": 65.05101235436751,
        "Per_video_f1": {
            "cholec80_video41": 77.26164654790985,
            "cholec80_video43": 28.25606785438784,
            "cholec80_video44": 82.45659797381845,
            "cholec80_video45": 67.42552143983708,
            "cholec80_video46": 82.36046858214216,
            "cholec80_video47": 35.348351102907976,
            "cholec80_video48": 36.3410110035871,
            "cholec80_video49": 33.58607221318022,
            "cholec80_video50": 67.71448231746766
        },
        "Per_video_f1_EMA": {
            "cholec80_video41": 78.38271388346632,
            "cholec80_video43": 42.372685948780656,
            "cholec80_video44": 83.59128518783466,
            "cholec80_video45": 76.66423637863166,
            "cholec80_video46": 82.93978964039212,
            "cholec80_video47": 43.617041825575726,
            "cholec80_video48": 56.35757227259642,
            "cholec80_video49": 49.156282190338615,
            "cholec80_video50": 72.37750386169141
        }
    },
    "Endoscapes": {
        "mAP": 44.081411943509536,
        "mAP_EMA": 49.051703794219016,
        "mAP_per_class": {
            "C0": 50.210556261679514,
            "C1": 46.545688476375844,
            "C2": 35.487991092473244
        },
        "mAP_per_class_EMA": {
            "C0": 50.99437147504863,
            "C1": 51.5445057495053,
            "C2": 44.616234158103126
        }
    },
    "CholecT50": {
        "AP": {
            "AP_i": 50.15314478833981,
            "AP_v": 35.55106841169517,
            "AP_t": 25.15385264604422,
            "AP_iv": 21.81438658997966,
            "AP_it": 22.44886772420121,
            "AP_ivt": 18.240792283988224
        },
        "AP_EMA": {
            "AP_i": 62.19024067528335,
            "AP_v": 43.67952525620816,
            "AP_t": 30.093733853167368,
            "AP_iv": 27.131072050348383,
            "AP_it": 29.465472330883216,
            "AP_ivt": 23.471272579487508
        }
    }
}