{
    "Test": false,
    "Cholec80": {
        "F1_score": 43.55389803205958,
        "F1_score_EMA": 47.469571465532304,
        "Per_video_f1": {
            "cholec80_video41": 73.14628012030887,
            "cholec80_video43": 19.39008703234957,
            "cholec80_video44": 80.36536179146391,
            "cholec80_video45": 53.26075589870886,
            "cholec80_video46": 81.06070689982973,
            "cholec80_video47": 13.044085936327669,
            "cholec80_video48": 11.727737092711244,
            "cholec80_video49": 12.897253283352933,
            "cholec80_video50": 47.09281423348343
        },
        "Per_video_f1_EMA": {
            "cholec80_video41": 76.59793002583042,
            "cholec80_video43": 20.29745042423617,
            "cholec80_video44": 82.20294438614224,
            "cholec80_video45": 61.57173151173172,
            "cholec80_video46": 82.5162083347745,
            "cholec80_video47": 18.39912029757258,
            "cholec80_video48": 17.275663415043095,
            "cholec80_video49": 15.93562243361824,
            "cholec80_video50": 52.42947236084178
        }
    },
    "Endoscapes": {
        "mAP": 43.14593331852743,
        "mAP_EMA": 44.960856800544306,
        "mAP_per_class": {
            "C0": 47.88178632493755,
            "C1": 46.03119219276668,
            "C2": 35.52482143787806
        },
        "mAP_per_class_EMA": {
            "C0": 49.79427424750097,
            "C1": 47.81994756336147,
            "C2": 37.268348590770486
        }
    },
    "CholecT50": {
        "AP": {
            "AP_i": 39.82497795856906,
            "AP_v": 28.10934453634792,
            "AP_t": 21.162499125961265,
            "AP_iv": 16.862274027374703,
            "AP_it": 18.36148226873061,
            "AP_ivt": 15.183903294077167
        },
        "AP_EMA": {
            "AP_i": 44.387218682338776,
            "AP_v": 30.93801997310311,
            "AP_t": 23.607765348573096,
            "AP_iv": 18.445228891384414,
            "AP_it": 21.232845927752045,
            "AP_ivt": 17.608163106152205
        }
    }
}