{
    "Test": false,
    "Cholec80": {
        "F1_score": 45.738101884893204,
        "F1_score_EMA": 50.86656808450456,
        "Per_video_f1": {
            "cholec80_video41": 75.03190965728336,
            "cholec80_video43": 19.72161740375799,
            "cholec80_video44": 80.94374134105031,
            "cholec80_video45": 56.350119375692955,
            "cholec80_video46": 82.98780180318212,
            "cholec80_video47": 19.066871312419448,
            "cholec80_video48": 16.247311380121005,
            "cholec80_video49": 15.951485661086142,
            "cholec80_video50": 45.34205902944551
        },
        "Per_video_f1_EMA": {
            "cholec80_video41": 77.53840555969677,
            "cholec80_video43": 22.263427479425157,
            "cholec80_video44": 82.70745854834713,
            "cholec80_video45": 66.14052968852653,
            "cholec80_video46": 82.6401016007672,
            "cholec80_video47": 24.295979952477893,
            "cholec80_video48": 25.04745782742524,
            "cholec80_video49": 19.917630552067592,
            "cholec80_video50": 57.248121551807486
        }
    },
    "Endoscapes": {
        "mAP": 44.14149165351169,
        "mAP_EMA": 45.74285082905608,
        "mAP_per_class": {
            "C0": 49.192168774514364,
            "C1": 47.86551768096855,
            "C2": 35.36678850505216
        },
        "mAP_per_class_EMA": {
            "C0": 49.90626067612782,
            "C1": 48.48303934832527,
            "C2": 38.839252462715145
        }
    },
    "CholecT50": {
        "AP": {
            "AP_i": 41.469353932871506,
            "AP_v": 29.253038393312416,
            "AP_t": 22.652538357635006,
            "AP_iv": 17.338111854554924,
            "AP_it": 19.761408802594786,
            "AP_ivt": 16.740546948851843
        },
        "AP_EMA": {
            "AP_i": 48.79759568349052,
            "AP_v": 33.6387690596638,
            "AP_t": 24.861769157575566,
            "AP_iv": 19.944030388196932,
            "AP_it": 22.40189041744958,
            "AP_ivt": 18.238901941648876
        }
    }
}