{
    "Test": false,
    "Cholec80": {
        "F1_score": 68.8938544928373,
        "F1_score_EMA": 74.44985223364186,
        "Per_video_f1": {
            "cholec80_video41": 78.91737273825463,
            "cholec80_video43": 48.20411278527701,
            "cholec80_video44": 83.1840838978147,
            "cholec80_video45": 82.52503140783328,
            "cholec80_video46": 81.86993104714257,
            "cholec80_video47": 50.90270082762615,
            "cholec80_video48": 58.85189299641295,
            "cholec80_video49": 56.907176378197356,
            "cholec80_video50": 78.68238835697707
        },
        "Per_video_f1_EMA": {
            "cholec80_video41": 78.2317227201059,
            "cholec80_video43": 70.12846997697373,
            "cholec80_video44": 77.82063870837098,
            "cholec80_video45": 85.69518725871264,
            "cholec80_video46": 75.13957205732017,
            "cholec80_video47": 59.47388297960441,
            "cholec80_video48": 70.53463278500546,
            "cholec80_video49": 77.41748962119057,
            "cholec80_video50": 75.60707399549287
        }
    },
    "Endoscapes": {
        "mAP": 49.34657057129336,
        "mAP_EMA": 50.13480763458624,
        "mAP_per_class": {
            "C0": 47.516725509113265,
            "C1": 49.99783576493754,
            "C2": 50.52515043982928
        },
        "mAP_per_class_EMA": {
            "C0": 50.180475321861664,
            "C1": 51.32301815681789,
            "C2": 48.900929425079156
        }
    },
    "CholecT50": {
        "AP": {
            "AP_i": 65.26945548688313,
            "AP_v": 46.78714451261301,
            "AP_t": 29.9667651645194,
            "AP_iv": 27.64248744345031,
            "AP_it": 28.72657140223852,
            "AP_ivt": 23.613498667413307
        },
        "AP_EMA": {
            "AP_i": 81.96594346592725,
            "AP_v": 61.97343161590494,
            "AP_t": 42.768902577748875,
            "AP_iv": 38.03024091033471,
            "AP_it": 36.97317861520755,
            "AP_ivt": 31.73601409293391
        }
    }
}