{
    "Test": false,
    "Cholec80": {
        "F1_score": 59.10628242099284,
        "F1_score_EMA": 60.02601942642853,
        "Per_video_f1": {
            "cholec80_video41": 64.85686269990892,
            "cholec80_video43": 51.14137028929932,
            "cholec80_video44": 64.21109080213489,
            "cholec80_video45": 66.45358248509953,
            "cholec80_video46": 64.18335849542022,
            "cholec80_video47": 50.14593299679183,
            "cholec80_video48": 52.75177917829518
        },
        "Per_video_f1_EMA": {
            "cholec80_video41": 57.76121018714875,
            "cholec80_video43": 65.62135192065364,
            "cholec80_video44": 59.32073442048862,
            "cholec80_video45": 57.54770228879346,
            "cholec80_video46": 60.63317069784387,
            "cholec80_video47": 57.80049774145296,
            "cholec80_video48": 61.49746872861842
        }
    },
    "Endoscapes": {
        "mAP": 39.940881403404696,
        "mAP_EMA": 38.455175812927365,
        "mAP_per_class": {
            "C0": 41.616960589949166,
            "C1": 39.803542642470894,
            "C2": 38.40214097779403
        },
        "mAP_per_class_EMA": {
            "C0": 37.61018572154905,
            "C1": 38.56426144508948,
            "C2": 39.19108027214356
        }
    },
    "CholecT50": {
        "AP": {
            "AP_i": 85.85151406251764,
            "AP_v": 64.59918671263955,
            "AP_t": 42.01967449047839,
            "AP_iv": 40.159451216916544,
            "AP_it": 35.287117048597715,
            "AP_ivt": 31.002741766293184
        },
        "AP_EMA": {
            "AP_i": 73.30067688423378,
            "AP_v": 49.22338451982258,
            "AP_t": 38.90507543295254,
            "AP_iv": 32.47209095213761,
            "AP_it": 34.316549890474,
            "AP_ivt": 29.828776908895613
        }
    }
}