{
    "Test": false,
    "Cholec80": {
        "F1_score": 62.17713681293906,
        "F1_score_EMA": 71.1902665747609,
        "Per_video_f1": {
            "cholec80_video41": 63.78508466178145,
            "cholec80_video43": 52.59475113198112,
            "cholec80_video44": 69.00363985915722,
            "cholec80_video45": 70.88784606375461,
            "cholec80_video46": 66.25903145680284,
            "cholec80_video47": 56.26088784928092,
            "cholec80_video48": 56.44871666781529
        },
        "Per_video_f1_EMA": {
            "cholec80_video41": 70.04170301281938,
            "cholec80_video43": 68.24014810914889,
            "cholec80_video44": 72.71381910056782,
            "cholec80_video45": 77.77902830393256,
            "cholec80_video46": 73.82561868844813,
            "cholec80_video47": 63.95332131682634,
            "cholec80_video48": 71.77822749158321
        }
    },
    "Endoscapes": {
        "mAP": 42.147051470599145,
        "mAP_EMA": 45.142236263116985,
        "mAP_per_class": {
            "C0": 41.96139410009309,
            "C1": 45.98113292392624,
            "C2": 38.49862738777811
        },
        "mAP_per_class_EMA": {
            "C0": 45.05180366851047,
            "C1": 45.74355975843325,
            "C2": 44.63134536240724
        }
    },
    "CholecT50": {
        "AP": {
            "AP_i": 80.52543473988054,
            "AP_v": 56.237294842845834,
            "AP_t": 38.085982165271325,
            "AP_iv": 36.157027640545145,
            "AP_it": 32.08134184372991,
            "AP_ivt": 28.775880905275162
        },
        "AP_EMA": {
            "AP_i": 86.86436668645509,
            "AP_v": 66.08503841824786,
            "AP_t": 43.400747163446304,
            "AP_iv": 43.77605395977634,
            "AP_it": 38.89058960480566,
            "AP_ivt": 34.76333790227173
        }
    }
}