{
    "Test": false,
    "Cholec80": {
        "F1_score": 62.5562184755976,
        "F1_score_EMA": 72.34219648657685,
        "Per_video_f1": {
            "cholec80_video41": 67.88176426750657,
            "cholec80_video43": 54.77507323713059,
            "cholec80_video44": 62.761149646932836,
            "cholec80_video45": 73.4567103329967,
            "cholec80_video46": 67.20424025663979,
            "cholec80_video47": 51.34801534672074,
            "cholec80_video48": 60.466576241255986
        },
        "Per_video_f1_EMA": {
            "cholec80_video41": 72.16217998712699,
            "cholec80_video43": 68.65698415898073,
            "cholec80_video44": 73.81158735885306,
            "cholec80_video45": 79.12334151787418,
            "cholec80_video46": 74.80546724152246,
            "cholec80_video47": 64.59105227036723,
            "cholec80_video48": 73.24476287131327
        }
    },
    "Endoscapes": {
        "mAP": 37.9342618083728,
        "mAP_EMA": 43.44411961368498,
        "mAP_per_class": {
            "C0": 36.30398794722811,
            "C1": 39.9773353905559,
            "C2": 37.521462087334406
        },
        "mAP_per_class_EMA": {
            "C0": 44.27560891266885,
            "C1": 45.52206494652143,
            "C2": 40.53468498186466
        }
    },
    "CholecT50": {
        "AP": {
            "AP_i": 77.84619427060797,
            "AP_v": 52.9406063814612,
            "AP_t": 37.84092262279979,
            "AP_iv": 35.283090504242374,
            "AP_it": 34.31439974379494,
            "AP_ivt": 28.830877079496144
        },
        "AP_EMA": {
            "AP_i": 86.27662431667534,
            "AP_v": 64.30873671134702,
            "AP_t": 42.86277745279065,
            "AP_iv": 42.52407875900328,
            "AP_it": 38.330713935405534,
            "AP_ivt": 33.336281884733715
        }
    }
}