{
    "Test": false,
    "Cholec80": {
        "F1_score": 58.100635001262134,
        "F1_score_EMA": 72.02114484041238,
        "Per_video_f1": {
            "cholec80_video41": 66.46023346401707,
            "cholec80_video43": 52.50507638229224,
            "cholec80_video44": 66.7985655224575,
            "cholec80_video45": 60.825565384063175,
            "cholec80_video46": 59.42173244451163,
            "cholec80_video47": 49.09934365871212,
            "cholec80_video48": 51.59392815278121
        },
        "Per_video_f1_EMA": {
            "cholec80_video41": 71.4108255931546,
            "cholec80_video43": 67.76038714101851,
            "cholec80_video44": 74.49177207526506,
            "cholec80_video45": 78.49897943037291,
            "cholec80_video46": 74.83233670144965,
            "cholec80_video47": 64.11122414019704,
            "cholec80_video48": 73.04248880142882
        }
    },
    "Endoscapes": {
        "mAP": 34.56921663163158,
        "mAP_EMA": 44.53433174494236,
        "mAP_per_class": {
            "C0": 38.96531476611471,
            "C1": 32.18844178694875,
            "C2": 32.553893341831284
        },
        "mAP_per_class_EMA": {
            "C0": 45.03432993581331,
            "C1": 46.146455535179044,
            "C2": 42.42220976383471
        }
    },
    "CholecT50": {
        "AP": {
            "AP_i": 81.24807819703553,
            "AP_v": 57.9817293920146,
            "AP_t": 37.854291048369376,
            "AP_iv": 36.55287160509039,
            "AP_it": 34.85459138863841,
            "AP_ivt": 29.38129689885891
        },
        "AP_EMA": {
            "AP_i": 86.65563176990504,
            "AP_v": 64.93441130577948,
            "AP_t": 43.1088153629829,
            "AP_iv": 43.22497612564536,
            "AP_it": 38.79306175375546,
            "AP_ivt": 34.099358451035656
        }
    }
}