{
    "Test": false,
    "Cholec80": {
        "F1_score": 65.19589580466953,
        "F1_score_EMA": 71.61951134876287,
        "Per_video_f1": {
            "cholec80_video41": 62.936393196379306,
            "cholec80_video43": 60.90690205088487,
            "cholec80_video44": 64.08433529462316,
            "cholec80_video45": 78.85643091078315,
            "cholec80_video46": 68.58559330825041,
            "cholec80_video47": 54.84080275434008,
            "cholec80_video48": 66.16081311742576
        },
        "Per_video_f1_EMA": {
            "cholec80_video41": 71.35499867250009,
            "cholec80_video43": 66.11616825115215,
            "cholec80_video44": 72.6207755841256,
            "cholec80_video45": 78.72302827090198,
            "cholec80_video46": 75.60079068340129,
            "cholec80_video47": 64.37691287394259,
            "cholec80_video48": 72.54390510531637
        }
    },
    "Endoscapes": {
        "mAP": 36.68398161000159,
        "mAP_EMA": 40.58392004829774,
        "mAP_per_class": {
            "C0": 35.52842731591411,
            "C1": 40.52124116744507,
            "C2": 34.002276346645594
        },
        "mAP_per_class_EMA": {
            "C0": 42.33089826993409,
            "C1": 43.06583764408589,
            "C2": 36.35502423087325
        }
    },
    "CholecT50": {
        "AP": {
            "AP_i": 79.11329657846252,
            "AP_v": 54.57147278121757,
            "AP_t": 37.53402343055912,
            "AP_iv": 34.93357322973883,
            "AP_it": 33.91042143762083,
            "AP_ivt": 27.911293176710217
        },
        "AP_EMA": {
            "AP_i": 85.516826341759,
            "AP_v": 63.279174281892054,
            "AP_t": 41.71377522867115,
            "AP_iv": 41.39489905567962,
            "AP_it": 37.48625271916166,
            "AP_ivt": 32.86636882734154
        }
    }
}