{
    "Test": false,
    "Cholec80": {
        "F1_score": 64.51877857872896,
        "F1_score_EMA": 2.603895006317517,
        "Per_video_f1": {
            "cholec80_video41": 61.209750324821165,
            "cholec80_video43": 66.20732730810131,
            "cholec80_video44": 59.32123805672093,
            "cholec80_video45": 68.18165389350577,
            "cholec80_video46": 62.78962906795912,
            "cholec80_video47": 68.20755280652378,
            "cholec80_video48": 65.71429859347064
        },
        "Per_video_f1_EMA": {
            "cholec80_video41": 3.007618187805771,
            "cholec80_video43": 0.8368694012258369,
            "cholec80_video44": 1.0687963484050487,
            "cholec80_video45": 1.2770461574879688,
            "cholec80_video46": 8.034689829335859,
            "cholec80_video47": 1.765592883309896,
            "cholec80_video48": 2.236652236652237
        }
    },
    "Endoscapes": {
        "mAP": 32.80080508568292,
        "mAP_EMA": 11.724216089341928,
        "mAP_per_class": {
            "C0": 34.95232617099593,
            "C1": 27.768616598121554,
            "C2": 35.68147248793127
        },
        "mAP_per_class_EMA": {
            "C0": 12.235542344397695,
            "C1": 9.622503819155108,
            "C2": 13.314602104472979
        }
    },
    "CholecT50": {
        "AP": {
            "AP_i": 68.49947504298935,
            "AP_v": 46.464326576748086,
            "AP_t": 38.44208810223403,
            "AP_iv": 29.931044185381097,
            "AP_it": 33.259115444090504,
            "AP_ivt": 28.35428071262322
        },
        "AP_EMA": {
            "AP_i": 23.117662016124815,
            "AP_v": 14.970050491462064,
            "AP_t": 11.285923853193204,
            "AP_iv": 8.46949092826337,
            "AP_it": 6.0283131916904615,
            "AP_ivt": 4.957619965810276
        }
    }
}