{
    "Test": false,
    "Cholec80": {
        "F1_score": 71.67220608045022,
        "F1_score_EMA": 77.21555072089306,
        "Per_video_f1": {
            "cholec80_video41": 68.33069012177637,
            "cholec80_video43": 67.57330974558717,
            "cholec80_video44": 77.42892842687723,
            "cholec80_video45": 74.5626649793338,
            "cholec80_video46": 73.07267075649105,
            "cholec80_video47": 67.8535380983732,
            "cholec80_video48": 72.88364043471277
        },
        "Per_video_f1_EMA": {
            "cholec80_video41": 72.59637325146089,
            "cholec80_video43": 75.35936810551033,
            "cholec80_video44": 81.20067912811075,
            "cholec80_video45": 81.33144313912197,
            "cholec80_video46": 78.01864709011231,
            "cholec80_video47": 74.12492843754892,
            "cholec80_video48": 77.87741589438626
        }
    },
    "Endoscapes": {
        "mAP": 39.78021631199123,
        "mAP_EMA": 45.77827168323842,
        "mAP_per_class": {
            "C0": 37.12020035406012,
            "C1": 44.33791603974919,
            "C2": 37.88253254216439
        },
        "mAP_per_class_EMA": {
            "C0": 44.31714269434804,
            "C1": 47.99796026386446,
            "C2": 45.019712091502775
        }
    },
    "CholecT50": {
        "AP": {
            "AP_i": 75.3911229436261,
            "AP_v": 53.45029715107033,
            "AP_t": 39.46234580169862,
            "AP_iv": 33.754451354109534,
            "AP_it": 32.813789540873195,
            "AP_ivt": 27.51802711892866
        },
        "AP_EMA": {
            "AP_i": 81.4287022137727,
            "AP_v": 61.57662410211257,
            "AP_t": 44.415925704355736,
            "AP_iv": 40.583137808111864,
            "AP_it": 38.425072757228385,
            "AP_ivt": 33.789182985784606
        }
    }
}