{
    "Test": false,
    "Cholec80": {
        "F1_score": 67.82114027235704,
        "F1_score_EMA": 76.35612160824076,
        "Per_video_f1": {
            "cholec80_video41": 68.5052066676471,
            "cholec80_video43": 58.29990271378953,
            "cholec80_video44": 75.13389461345791,
            "cholec80_video45": 77.1129641859318,
            "cholec80_video46": 67.2246958827488,
            "cholec80_video47": 63.627835262534575,
            "cholec80_video48": 64.84348258038952
        },
        "Per_video_f1_EMA": {
            "cholec80_video41": 72.05709529784482,
            "cholec80_video43": 73.83892685252825,
            "cholec80_video44": 81.44766545988074,
            "cholec80_video45": 80.78201372518453,
            "cholec80_video46": 76.94718379866671,
            "cholec80_video47": 72.49830079419975,
            "cholec80_video48": 76.92166532938052
        }
    },
    "Endoscapes": {
        "mAP": 40.4183135580924,
        "mAP_EMA": 43.26582590936183,
        "mAP_per_class": {
            "C0": 37.74720397848875,
            "C1": 42.29605096271418,
            "C2": 41.21168573307427
        },
        "mAP_per_class_EMA": {
            "C0": 42.889164100025354,
            "C1": 44.74671824414197,
            "C2": 42.161595383918176
        }
    },
    "CholecT50": {
        "AP": {
            "AP_i": 71.69579300797442,
            "AP_v": 48.21231015077753,
            "AP_t": 36.151793259162304,
            "AP_iv": 29.686744717727937,
            "AP_it": 28.619298111808305,
            "AP_ivt": 23.631134385718614
        },
        "AP_EMA": {
            "AP_i": 79.89521846343014,
            "AP_v": 58.65630205708844,
            "AP_t": 42.8923170893982,
            "AP_iv": 38.672812562541964,
            "AP_it": 36.838639841311014,
            "AP_ivt": 31.641138859148512
        }
    }
}