{
    "Test": false,
    "Cholec80": {
        "F1_score": 70.20125487973064,
        "F1_score_EMA": 76.59433535158841,
        "Per_video_f1": {
            "cholec80_video41": 68.57831227499695,
            "cholec80_video43": 62.71370960666533,
            "cholec80_video44": 76.85226049953815,
            "cholec80_video45": 71.08171751930362,
            "cholec80_video46": 69.62338102748201,
            "cholec80_video47": 69.98504947095317,
            "cholec80_video48": 72.57435375917521
        },
        "Per_video_f1_EMA": {
            "cholec80_video41": 72.04597245794461,
            "cholec80_video43": 74.00022383862618,
            "cholec80_video44": 81.60692930330225,
            "cholec80_video45": 80.94182656990718,
            "cholec80_video46": 77.47375842323183,
            "cholec80_video47": 72.83594406408234,
            "cholec80_video48": 77.25569280402446
        }
    },
    "Endoscapes": {
        "mAP": 38.734342852029506,
        "mAP_EMA": 44.35092624855691,
        "mAP_per_class": {
            "C0": 42.427329534080336,
            "C1": 38.68660308516844,
            "C2": 35.08909593683974
        },
        "mAP_per_class_EMA": {
            "C0": 43.549954905721286,
            "C1": 46.339929589313215,
            "C2": 43.162894250636235
        }
    },
    "CholecT50": {
        "AP": {
            "AP_i": 74.18487958053363,
            "AP_v": 49.227559042036894,
            "AP_t": 37.58293157893156,
            "AP_iv": 32.56329795853012,
            "AP_it": 30.078382960085545,
            "AP_ivt": 26.05252213128355
        },
        "AP_EMA": {
            "AP_i": 80.44660467525883,
            "AP_v": 59.87839275284127,
            "AP_t": 43.5067795442089,
            "AP_iv": 39.392658499963744,
            "AP_it": 37.588080200525745,
            "AP_ivt": 32.5866890900545
        }
    }
}