{
    "Test": false,
    "Cholec80": {
        "F1_score": 69.3323594371165,
        "F1_score_EMA": 75.30483734435714,
        "Per_video_f1": {
            "cholec80_video41": 66.84150482093635,
            "cholec80_video43": 70.05028777727028,
            "cholec80_video44": 72.69008925147007,
            "cholec80_video45": 75.75248817858397,
            "cholec80_video46": 69.81572347520911,
            "cholec80_video47": 63.32582154006117,
            "cholec80_video48": 66.85060101628451
        },
        "Per_video_f1_EMA": {
            "cholec80_video41": 71.60799663740488,
            "cholec80_video43": 72.315652705837,
            "cholec80_video44": 79.3888174542528,
            "cholec80_video45": 80.89389224980675,
            "cholec80_video46": 75.92859515758457,
            "cholec80_video47": 71.21406590011921,
            "cholec80_video48": 75.78484130549474
        }
    },
    "Endoscapes": {
        "mAP": 35.87333581252678,
        "mAP_EMA": 39.62938022518153,
        "mAP_per_class": {
            "C0": 35.27149287696975,
            "C1": 37.939332257716465,
            "C2": 34.40918230289413
        },
        "mAP_per_class_EMA": {
            "C0": 41.59124376306962,
            "C1": 40.66099685100228,
            "C2": 36.63590006147269
        }
    },
    "CholecT50": {
        "AP": {
            "AP_i": 71.51655672531841,
            "AP_v": 48.57624205889522,
            "AP_t": 35.08303881331816,
            "AP_iv": 30.349257994352048,
            "AP_it": 28.53071887876767,
            "AP_ivt": 23.3726950707678
        },
        "AP_EMA": {
            "AP_i": 77.33362893274857,
            "AP_v": 55.05909308621425,
            "AP_t": 40.11179831312169,
            "AP_iv": 35.024213108578344,
            "AP_it": 33.15143093858192,
            "AP_ivt": 27.802125603287887
        }
    }
}