{
    "Test": true,
    "Cholec80": {
        "F1_score": 65.52527475223255,
        "F1_score_EMA": null,
        "Per_video_f1": {
            "cholec80_video51": 70.67418404337626,
            "cholec80_video53": 62.755376874907284,
            "cholec80_video54": 66.35710689897026,
            "cholec80_video55": 76.01472004565242,
            "cholec80_video58": 52.372607094059276,
            "cholec80_video59": 73.47406079668333,
            "cholec80_video61": 51.55230251106154,
            "cholec80_video63": 52.70174192736723,
            "cholec80_video64": 69.9213378160615,
            "cholec80_video69": 86.71506581824362,
            "cholec80_video73": 76.92197073725553,
            "cholec80_video74": 60.33973560617093,
            "cholec80_video76": 61.93309734477229,
            "cholec80_video77": 76.12167784679464,
            "cholec80_video80": 45.024135922112016
        },
        "Per_video_f1_EMA": null
    },
    "Endoscapes": {
        "mAP": 48.80062490317911,
        "mAP_EMA": null,
        "mAP_per_class": {
            "C0": 40.92775995150368,
            "C1": 38.75192766566289,
            "C2": 66.72218709237076
        },
        "mAP_per_class_EMA": null
    },
    "CholecT50": {
        "AP": {
            "AP_i": 76.83033876807994,
            "AP_v": 53.78715224536027,
            "AP_t": 36.93535236415405,
            "AP_iv": 33.100202155372514,
            "AP_it": 32.19187424301302,
            "AP_ivt": 25.613649317664986
        },
        "AP_EMA": null
    }
}