{
    "Test": false,
    "Cholec80": {
        "F1_score": 71.08959439430416,
        "F1_score_EMA": 76.04338349047502,
        "Per_video_f1": {
            "cholec80_video41": 71.14772035127757,
            "cholec80_video43": 60.76194077128113,
            "cholec80_video44": 74.98472881290034,
            "cholec80_video45": 78.87970663879035,
            "cholec80_video46": 72.61794733453539,
            "cholec80_video47": 68.70525375147402,
            "cholec80_video48": 70.52986309987028
        },
        "Per_video_f1_EMA": {
            "cholec80_video41": 72.32918496147957,
            "cholec80_video43": 73.19046159772753,
            "cholec80_video44": 80.27843356760982,
            "cholec80_video45": 80.90045271994148,
            "cholec80_video46": 76.64831771462731,
            "cholec80_video47": 72.2540058441133,
            "cholec80_video48": 76.70282802782616
        }
    },
    "Endoscapes": {
        "mAP": 37.222493481347925,
        "mAP_EMA": 41.73055725973824,
        "mAP_per_class": {
            "C0": 32.112530742266514,
            "C1": 38.564506596838996,
            "C2": 40.99044310493826
        },
        "mAP_per_class_EMA": {
            "C0": 41.45705635457554,
            "C1": 42.82808774847139,
            "C2": 40.906527676167784
        }
    },
    "CholecT50": {
        "AP": {
            "AP_i": 78.15403134733329,
            "AP_v": 51.08768252200457,
            "AP_t": 40.030939832787844,
            "AP_iv": 32.41687318608443,
            "AP_it": 31.57748581667051,
            "AP_ivt": 25.273298354944576
        },
        "AP_EMA": {
            "AP_i": 78.6713868041392,
            "AP_v": 56.88011426530164,
            "AP_t": 41.59364509933717,
            "AP_iv": 36.96273816551608,
            "AP_it": 34.947142315875276,
            "AP_ivt": 29.849580722927396
        }
    }
}