{
    "Test": false,
    "Cholec80": {
        "F1_score": 71.91384634782685,
        "F1_score_EMA": 73.88777208791296,
        "Per_video_f1": {
            "cholec80_video41": 75.1418227937241,
            "cholec80_video43": 69.52282563508024,
            "cholec80_video44": 81.22628024711214,
            "cholec80_video45": 76.33445633544937,
            "cholec80_video46": 71.6596848577411,
            "cholec80_video47": 61.88079522995228,
            "cholec80_video48": 67.63105933572875
        },
        "Per_video_f1_EMA": {
            "cholec80_video41": 73.76094447381301,
            "cholec80_video43": 76.40106785937819,
            "cholec80_video44": 82.73232338702311,
            "cholec80_video45": 73.02410568582741,
            "cholec80_video46": 73.1543763334888,
            "cholec80_video47": 62.47349303477614,
            "cholec80_video48": 75.66809384108409
        }
    },
    "Endoscapes": {
        "mAP": 38.684334177865146,
        "mAP_EMA": 45.44562166720988,
        "mAP_per_class": {
            "C0": 44.42582484042245,
            "C1": 39.969395554649125,
            "C2": 31.65778213852386
        },
        "mAP_per_class_EMA": {
            "C0": 49.70383053748842,
            "C1": 41.92839810511073,
            "C2": 44.70463635903048
        }
    },
    "CholecT50": {
        "AP": {
            "AP_i": 82.97416708295584,
            "AP_v": 57.817380992469964,
            "AP_t": 43.1305401381677,
            "AP_iv": 36.55755453901287,
            "AP_it": 35.084878579535996,
            "AP_ivt": 31.07314040929057
        },
        "AP_EMA": {
            "AP_i": 87.81336697707877,
            "AP_v": 62.7737190747809,
            "AP_t": 46.967209084730584,
            "AP_iv": 41.28471801880621,
            "AP_it": 42.05859241504383,
            "AP_ivt": 37.087733744239536
        }
    }
}