{
    "Test": true,
    "Cholec80": {
        "F1_score": 61.304898925754564,
        "F1_score_EMA": null,
        "Per_video_f1": {
            "cholec80_video51": 60.85899323000874,
            "cholec80_video53": 69.6521658601415,
            "cholec80_video54": 69.82659385994613,
            "cholec80_video55": 73.9201901679311,
            "cholec80_video58": 44.37783428322121,
            "cholec80_video59": 65.8956390946242,
            "cholec80_video61": 53.61806712405242,
            "cholec80_video63": 61.09427113753616,
            "cholec80_video64": 60.51576793950861,
            "cholec80_video69": 64.35786190240475,
            "cholec80_video73": 80.8188404175941,
            "cholec80_video74": 58.5418951983109,
            "cholec80_video76": 55.640933196813236,
            "cholec80_video77": 69.60521821014113,
            "cholec80_video80": 30.849212264084265
        },
        "Per_video_f1_EMA": null
    },
    "Endoscapes": {
        "mAP": 50.58870711893116,
        "mAP_EMA": null,
        "mAP_per_class": {
            "C0": 44.29320649147005,
            "C1": 42.33005107274798,
            "C2": 65.14286379257545
        },
        "mAP_per_class_EMA": null
    },
    "CholecT50": {
        "AP": {
            "AP_i": 82.92587951937645,
            "AP_v": 57.01844367711154,
            "AP_t": 39.18999533275341,
            "AP_iv": 34.46937840300623,
            "AP_it": 32.23519407936301,
            "AP_ivt": 27.286322040233063
        },
        "AP_EMA": null
    }
}