{
    "Test": false,
    "Cholec80": {
        "F1_score": 73.39173693324044,
        "F1_score_EMA": 75.66703868172105,
        "Per_video_f1": {
            "cholec80_video41": 76.11493021295253,
            "cholec80_video43": 68.92736725219464,
            "cholec80_video44": 83.37215916277196,
            "cholec80_video45": 76.36297407337915,
            "cholec80_video46": 70.7964794749901,
            "cholec80_video47": 62.01921921680814,
            "cholec80_video48": 76.14902913958656
        },
        "Per_video_f1_EMA": {
            "cholec80_video41": 75.70681978327958,
            "cholec80_video43": 72.43885905757375,
            "cholec80_video44": 85.0203971395507,
            "cholec80_video45": 79.45574288019726,
            "cholec80_video46": 75.7100755248367,
            "cholec80_video47": 64.86660180060134,
            "cholec80_video48": 76.47077458600803
        }
    },
    "Endoscapes": {
        "mAP": 40.746032906991296,
        "mAP_EMA": 41.80934596483931,
        "mAP_per_class": {
            "C0": 41.08884982796822,
            "C1": 37.715656193986824,
            "C2": 43.43359269901885
        },
        "mAP_per_class_EMA": {
            "C0": 47.473674340795306,
            "C1": 39.69983494072562,
            "C2": 38.25452861299701
        }
    },
    "CholecT50": {
        "AP": {
            "AP_i": 80.29359481970222,
            "AP_v": 54.48890496591516,
            "AP_t": 40.054423235097474,
            "AP_iv": 33.08804709745072,
            "AP_it": 33.77860812072712,
            "AP_ivt": 27.582630685167775
        },
        "AP_EMA": {
            "AP_i": 84.02644152862042,
            "AP_v": 57.398453660905304,
            "AP_t": 43.22659088667141,
            "AP_iv": 36.10076087835266,
            "AP_it": 37.38941905699656,
            "AP_ivt": 31.50780950411739
        }
    }
}