{
    "Test": false,
    "Cholec80": {
        "F1_score": 74.9012779895186,
        "F1_score_EMA": 69.27914377350098,
        "Per_video_f1": {
            "cholec80_video41": 76.91803126626168,
            "cholec80_video43": 71.29065448712495,
            "cholec80_video44": 81.79478713203319,
            "cholec80_video45": 79.09720153820305,
            "cholec80_video46": 75.2195547066334,
            "cholec80_video47": 67.71811827867418,
            "cholec80_video48": 72.2705985176998
        },
        "Per_video_f1_EMA": {
            "cholec80_video41": 68.28149215068863,
            "cholec80_video43": 73.84812935878567,
            "cholec80_video44": 76.87344367644315,
            "cholec80_video45": 64.5838257314195,
            "cholec80_video46": 66.19828376303903,
            "cholec80_video47": 63.34395474159882,
            "cholec80_video48": 71.82487699253201
        }
    },
    "Endoscapes": {
        "mAP": 41.2448126227065,
        "mAP_EMA": 46.17518331629469,
        "mAP_per_class": {
            "C0": 50.89284253995145,
            "C1": 40.97630155233441,
            "C2": 31.865293775833624
        },
        "mAP_per_class_EMA": {
            "C0": 49.034823670558694,
            "C1": 41.41037051133545,
            "C2": 48.08035576698993
        }
    },
    "CholecT50": {
        "AP": {
            "AP_i": 84.37189444898146,
            "AP_v": 57.50926187014967,
            "AP_t": 41.04616802500968,
            "AP_iv": 37.75003234455011,
            "AP_it": 38.191510796051816,
            "AP_ivt": 32.29532750038402
        },
        "AP_EMA": {
            "AP_i": 88.2146662466749,
            "AP_v": 61.7508565445289,
            "AP_t": 46.48577245919951,
            "AP_iv": 40.533606223276706,
            "AP_it": 41.210312186877765,
            "AP_ivt": 37.00160410800177
        }
    }
}