{
    "Test": false,
    "Cholec80": {
        "F1_score": 67.51061491801985,
        "F1_score_EMA": 13.064312276916864,
        "Per_video_f1": {
            "cholec80_video41": 70.38481868575724,
            "cholec80_video43": 66.67659208662545,
            "cholec80_video44": 70.46959397324292,
            "cholec80_video45": 75.42778558303344,
            "cholec80_video46": 66.00139395047447,
            "cholec80_video47": 56.53883391010518,
            "cholec80_video48": 67.07528623690024
        },
        "Per_video_f1_EMA": {
            "cholec80_video41": 11.493312264419096,
            "cholec80_video43": 16.791554764417956,
            "cholec80_video44": 11.888033053136237,
            "cholec80_video45": 11.725262413884389,
            "cholec80_video46": 16.688967969739892,
            "cholec80_video47": 13.651267822918525,
            "cholec80_video48": 9.211787649901948
        }
    },
    "Endoscapes": {
        "mAP": 41.830194164176824,
        "mAP_EMA": 13.876149946019959,
        "mAP_per_class": {
            "C0": 41.99673091608795,
            "C1": 41.036257081559505,
            "C2": 42.45759449488302
        },
        "mAP_per_class_EMA": {
            "C0": 15.860807899096274,
            "C1": 11.46966653466257,
            "C2": 14.297975404301031
        }
    },
    "CholecT50": {
        "AP": {
            "AP_i": 89.01779133050677,
            "AP_v": 63.549839584736766,
            "AP_t": 46.73306581487114,
            "AP_iv": 41.23825332113766,
            "AP_it": 42.29722004717953,
            "AP_ivt": 37.76581734389469
        },
        "AP_EMA": {
            "AP_i": 23.19568127272323,
            "AP_v": 15.330181970818227,
            "AP_t": 12.896331618809041,
            "AP_iv": 8.602771389190398,
            "AP_it": 6.859348790895447,
            "AP_ivt": 5.479385680749439
        }
    }
}