{
    "Test": false,
    "Cholec80": {
        "F1_score": 73.99396598018907,
        "F1_score_EMA": 75.61483335342479,
        "Per_video_f1": {
            "cholec80_video41": 72.15407312038471,
            "cholec80_video43": 68.73168662850723,
            "cholec80_video44": 83.34074050917668,
            "cholec80_video45": 77.01515572784695,
            "cholec80_video46": 75.52634058059962,
            "cholec80_video47": 64.13874784245515,
            "cholec80_video48": 77.0510174523532
        },
        "Per_video_f1_EMA": {
            "cholec80_video41": 75.10326906354,
            "cholec80_video43": 73.12811015946444,
            "cholec80_video44": 84.61653632345202,
            "cholec80_video45": 78.87254429367428,
            "cholec80_video46": 75.97926368174824,
            "cholec80_video47": 65.25917865639587,
            "cholec80_video48": 76.34493129569861
        }
    },
    "Endoscapes": {
        "mAP": 38.59374436868679,
        "mAP_EMA": 42.65141716296706,
        "mAP_per_class": {
            "C0": 34.734420204144016,
            "C1": 44.306133005304524,
            "C2": 36.740679896611844
        },
        "mAP_per_class_EMA": {
            "C0": 49.30642659044108,
            "C1": 39.656370581590586,
            "C2": 38.9914543168695
        }
    },
    "CholecT50": {
        "AP": {
            "AP_i": 80.2572943357397,
            "AP_v": 51.540977243396625,
            "AP_t": 40.1185512310659,
            "AP_iv": 31.866816377559573,
            "AP_it": 33.44939913699408,
            "AP_ivt": 27.835783803856472
        },
        "AP_EMA": {
            "AP_i": 85.04342131328502,
            "AP_v": 58.02451359616266,
            "AP_t": 44.1803652742354,
            "AP_iv": 37.10362143962885,
            "AP_it": 38.683393828891,
            "AP_ivt": 32.68254343062841
        }
    }
}