{
    "Test": false,
    "Dataset": "Endoscapes",
    "Results": [
        46.687360672145296,
        15.172315172315171,
        {
            "C0": 44.35962224110869,
            "C1": 46.83066000182732,
            "C2": 48.87179977349987
        },
        {
            "C0": 16.344916344916342,
            "C1": 12.483912483912484,
            "C2": 16.68811668811669
        }
    ]
}