{
    "Test": false,
    "Dataset": "Endoscapes",
    "Results": [
        42.73005536125813,
        15.172315172315171,
        {
            "C0": 40.843415828602524,
            "C1": 41.320961153440024,
            "C2": 46.02578910173185
        },
        {
            "C0": 16.344916344916342,
            "C1": 12.483912483912484,
            "C2": 16.68811668811669
        }
    ]
}