{
    "Test": false,
    "Dataset": "Endoscapes",
    "Results": [
        39.3116810881069,
        16.632424986184684,
        {
            "C0": 40.69502467446205,
            "C1": 45.03063975274143,
            "C2": 32.20937883711722
        },
        {
            "C0": 18.311136751883556,
            "C1": 15.630431454945501,
            "C2": 15.955706751725
        }
    ]
}