{
    "Test": false,
    "Dataset": "Endoscapes",
    "Results": [
        34.85077210069518,
        15.172315172315171,
        {
            "C0": 34.60909048332746,
            "C1": 32.68123940761119,
            "C2": 37.2619864111469
        },
        {
            "C0": 16.344916344916342,
            "C1": 12.483912483912484,
            "C2": 16.68811668811669
        }
    ]
}