{
    "Test": true,
    "Cholec80": {
        "F1_score": 54.10928816582777,
        "F1_score_EMA": null,
        "Per_video_f1": {
            "cholec80_video51": 56.20556537716704,
            "cholec80_video53": 52.31985517116694,
            "cholec80_video54": 49.72235339330739,
            "cholec80_video55": 64.58903421864342,
            "cholec80_video58": 40.5781403115214,
            "cholec80_video59": 65.019548173914,
            "cholec80_video61": 32.22688852757054,
            "cholec80_video63": 37.05996799392554,
            "cholec80_video64": 50.66527415976494,
            "cholec80_video69": 73.51631140927643,
            "cholec80_video73": 64.3674719116893,
            "cholec80_video74": 49.79763230591834,
            "cholec80_video76": 48.0563612946597,
            "cholec80_video77": 65.49891581256625,
            "cholec80_video80": 62.01600242632538
        },
        "Per_video_f1_EMA": null
    },
    "Endoscapes": {
        "mAP": 39.440709064721844,
        "mAP_EMA": null,
        "mAP_per_class": {
            "C0": 42.281452590412805,
            "C1": 30.36932253107671,
            "C2": 45.67135207267601
        },
        "mAP_per_class_EMA": null
    },
    "CholecT50": {
        "AP": {
            "AP_i": 55.15962637939688,
            "AP_v": 41.04419481099173,
            "AP_t": 31.970351238645808,
            "AP_iv": 21.440098019440207,
            "AP_it": 16.59523961833484,
            "AP_ivt": 12.593342770597687
        },
        "AP_EMA": null
    }
}