{
    "Test": false,
    "Cholec80": {
        "F1_score": 61.45755836518684,
        "F1_score_EMA": 48.12711444130438,
        "Per_video_f1": {
            "cholec80_video41": 66.50212543933904,
            "cholec80_video43": 52.17221333974413,
            "cholec80_video44": 54.077568175179934,
            "cholec80_video45": 71.38583504233867,
            "cholec80_video46": 64.61964849521816,
            "cholec80_video47": 64.79414178484268,
            "cholec80_video48": 56.65137627964526
        },
        "Per_video_f1_EMA": {
            "cholec80_video41": 59.52804184571858,
            "cholec80_video43": 50.94954713118296,
            "cholec80_video44": 52.829355566280334,
            "cholec80_video45": 40.83158573170715,
            "cholec80_video46": 38.57751274183244,
            "cholec80_video47": 46.38514566713327,
            "cholec80_video48": 47.78861240527593
        }
    },
    "Endoscapes": {
        "mAP": 34.489686007097625,
        "mAP_EMA": 30.833013655765154,
        "mAP_per_class": {
            "C0": 32.394817889440425,
            "C1": 35.86394561136023,
            "C2": 35.21029452049221
        },
        "mAP_per_class_EMA": {
            "C0": 28.171550074321512,
            "C1": 32.26109108213653,
            "C2": 32.06639981083742
        }
    },
    "CholecT50": {
        "AP": {
            "AP_i": 63.76441043422877,
            "AP_v": 45.04499533490974,
            "AP_t": 32.588822411077146,
            "AP_iv": 28.093683573083993,
            "AP_it": 25.02486132841265,
            "AP_ivt": 21.506285248420955
        },
        "AP_EMA": {
            "AP_i": 48.72542546214649,
            "AP_v": 35.329716857011704,
            "AP_t": 30.254351615373558,
            "AP_iv": 20.40143106629729,
            "AP_it": 18.59898587988033,
            "AP_ivt": 15.775579362791932
        }
    }
}