{
    "Test": false,
    "Cholec80": {
        "F1_score": 56.02242995521866,
        "F1_score_EMA": 58.999955273719976,
        "Per_video_f1": {
            "cholec80_video41": 63.72458180264279,
            "cholec80_video43": 44.08685771699235,
            "cholec80_video44": 49.107417824306026,
            "cholec80_video45": 66.11726015276432,
            "cholec80_video46": 57.82784586355941,
            "cholec80_video47": 57.087279694941074,
            "cholec80_video48": 54.20576663132466
        },
        "Per_video_f1_EMA": {
            "cholec80_video41": 65.48763036970922,
            "cholec80_video43": 55.82005666843488,
            "cholec80_video44": 53.079097497054185,
            "cholec80_video45": 59.494620614442695,
            "cholec80_video46": 55.77365906119108,
            "cholec80_video47": 62.09527283848312,
            "cholec80_video48": 61.24934986672466
        }
    },
    "Endoscapes": {
        "mAP": 32.18482008567132,
        "mAP_EMA": 37.18058737338238,
        "mAP_per_class": {
            "C0": 29.16298577160179,
            "C1": 36.97195699305397,
            "C2": 30.4195174923582
        },
        "mAP_per_class_EMA": {
            "C0": 34.20791840269442,
            "C1": 41.55915402774989,
            "C2": 35.77468968970283
        }
    },
    "CholecT50": {
        "AP": {
            "AP_i": 60.45040959519934,
            "AP_v": 41.42559922154621,
            "AP_t": 29.0154567774985,
            "AP_iv": 25.589936821782818,
            "AP_it": 22.8972766444685,
            "AP_ivt": 20.471068670069375
        },
        "AP_EMA": {
            "AP_i": 60.66637192852206,
            "AP_v": 43.3734854102314,
            "AP_t": 32.913317969938014,
            "AP_iv": 27.27718984831402,
            "AP_it": 25.55341362070874,
            "AP_ivt": 22.24169503254731
        }
    }
}