{
    "Test": false,
    "Cholec80": {
        "F1_score": 62.75725556553193,
        "F1_score_EMA": 41.191696732681834,
        "Per_video_f1": {
            "cholec80_video41": 67.0322379646881,
            "cholec80_video43": 56.68280312382096,
            "cholec80_video44": 58.96693909124483,
            "cholec80_video45": 67.55288491660892,
            "cholec80_video46": 64.24161108853505,
            "cholec80_video47": 64.65331965980681,
            "cholec80_video48": 60.170993114018835
        },
        "Per_video_f1_EMA": {
            "cholec80_video41": 54.350283565234704,
            "cholec80_video43": 45.67001388441385,
            "cholec80_video44": 44.54690030549387,
            "cholec80_video45": 32.83232993819012,
            "cholec80_video46": 32.41273963683436,
            "cholec80_video47": 38.8074028695344,
            "cholec80_video48": 39.72220692907154
        }
    },
    "Endoscapes": {
        "mAP": 35.23210458718996,
        "mAP_EMA": 25.35146640149475,
        "mAP_per_class": {
            "C0": 33.068565790442136,
            "C1": 36.71231579817396,
            "C2": 35.91543217295377
        },
        "mAP_per_class_EMA": {
            "C0": 22.762461492954028,
            "C1": 25.602802507836564,
            "C2": 27.68913520369366
        }
    },
    "CholecT50": {
        "AP": {
            "AP_i": 65.28419047720878,
            "AP_v": 46.663489823522625,
            "AP_t": 32.8507998524794,
            "AP_iv": 30.286548300767112,
            "AP_it": 26.134112787162717,
            "AP_ivt": 22.297057307296527
        },
        "AP_EMA": {
            "AP_i": 44.8331524429934,
            "AP_v": 32.38256596138701,
            "AP_t": 27.703211457627784,
            "AP_iv": 18.3144283807753,
            "AP_it": 15.760658447518113,
            "AP_ivt": 13.423020037720859
        }
    }
}