{
    "Test": false,
    "Cholec80": {
        "F1_score": 70.14029573870738,
        "F1_score_EMA": 74.93573523831985,
        "Per_video_f1": {
            "cholec80_video41": 74.90801571641421,
            "cholec80_video43": 58.30338573721768,
            "cholec80_video44": 69.3289202075929,
            "cholec80_video45": 75.39256229868214,
            "cholec80_video46": 73.21982952672393,
            "cholec80_video47": 71.76794653533746,
            "cholec80_video48": 68.0614101489833
        },
        "Per_video_f1_EMA": {
            "cholec80_video41": 72.96296475136607,
            "cholec80_video43": 71.00323924362398,
            "cholec80_video44": 73.83231737356553,
            "cholec80_video45": 81.59854259387717,
            "cholec80_video46": 78.43574970168538,
            "cholec80_video47": 73.51274161384286,
            "cholec80_video48": 73.20459139027798
        }
    },
    "Endoscapes": {
        "mAP": 43.832711120673586,
        "mAP_EMA": 51.69316958208911,
        "mAP_per_class": {
            "C0": 45.85361231883998,
            "C1": 50.45270524042981,
            "C2": 35.191815802750966
        },
        "mAP_per_class_EMA": {
            "C0": 51.821118667933305,
            "C1": 60.02245296064351,
            "C2": 43.235937117690526
        }
    },
    "CholecT50": {
        "AP": {
            "AP_i": 87.92275670871044,
            "AP_v": 62.86990425021897,
            "AP_t": 43.206785307341256,
            "AP_iv": 41.376462754101254,
            "AP_it": 37.529798781885084,
            "AP_ivt": 33.408059778840126
        },
        "AP_EMA": {
            "AP_i": 89.20885076842289,
            "AP_v": 65.51567414730518,
            "AP_t": 44.70573635098823,
            "AP_iv": 43.54467538710316,
            "AP_it": 39.87221246000862,
            "AP_ivt": 36.02807249285567
        }
    }
}