{
    "Test": false,
    "Cholec80": {
        "F1_score": 71.69928576119699,
        "F1_score_EMA": 77.03219613438881,
        "Per_video_f1": {
            "cholec80_video41": 73.25168935873565,
            "cholec80_video43": 66.64488054816354,
            "cholec80_video44": 70.50581795934441,
            "cholec80_video45": 80.60873342668647,
            "cholec80_video46": 77.12490673721122,
            "cholec80_video47": 68.04340760611821,
            "cholec80_video48": 65.71556469211941
        },
        "Per_video_f1_EMA": {
            "cholec80_video41": 70.77827970973239,
            "cholec80_video43": 75.96484483276068,
            "cholec80_video44": 74.47464257634834,
            "cholec80_video45": 82.8975277624248,
            "cholec80_video46": 77.52304353186534,
            "cholec80_video47": 76.19683019478704,
            "cholec80_video48": 81.3902043328031
        }
    },
    "Endoscapes": {
        "mAP": 48.599529992305236,
        "mAP_EMA": 53.805375400391014,
        "mAP_per_class": {
            "C0": 48.97197574900368,
            "C1": 55.84875393263928,
            "C2": 40.97786029527274
        },
        "mAP_per_class_EMA": {
            "C0": 51.688752568283235,
            "C1": 60.30134671903659,
            "C2": 49.42602691385322
        }
    },
    "CholecT50": {
        "AP": {
            "AP_i": 83.9877438435934,
            "AP_v": 60.22619360270098,
            "AP_t": 41.11627368396223,
            "AP_iv": 38.87649972024515,
            "AP_it": 36.214408396590166,
            "AP_ivt": 31.116432213934843
        },
        "AP_EMA": {
            "AP_i": 87.94750340527013,
            "AP_v": 65.79986126330803,
            "AP_t": 46.54486741442875,
            "AP_iv": 42.20594179968338,
            "AP_it": 42.395402311256916,
            "AP_ivt": 37.1805451364651
        }
    }
}