{
    "Test": false,
    "Cholec80": {
        "F1_score": 67.21652836285395,
        "F1_score_EMA": 74.62422758758778,
        "Per_video_f1": {
            "cholec80_video41": 73.68755490733835,
            "cholec80_video43": 51.462906272573235,
            "cholec80_video44": 69.43763944024306,
            "cholec80_video45": 78.96802527171586,
            "cholec80_video46": 76.05837940552445,
            "cholec80_video47": 61.26719005269329,
            "cholec80_video48": 59.634003189889384
        },
        "Per_video_f1_EMA": {
            "cholec80_video41": 73.09656202381117,
            "cholec80_video43": 70.14806277743199,
            "cholec80_video44": 73.55447819334451,
            "cholec80_video45": 81.16155407941967,
            "cholec80_video46": 78.69397684960498,
            "cholec80_video47": 72.82268577303593,
            "cholec80_video48": 72.8922734164662
        }
    },
    "Endoscapes": {
        "mAP": 47.50161573130624,
        "mAP_EMA": 50.714284297801896,
        "mAP_per_class": {
            "C0": 52.60986647072481,
            "C1": 54.98110277152978,
            "C2": 34.91387795166412
        },
        "mAP_per_class_EMA": {
            "C0": 52.147737724983045,
            "C1": 59.042724515761655,
            "C2": 40.95239065266099
        }
    },
    "CholecT50": {
        "AP": {
            "AP_i": 85.10777733663815,
            "AP_v": 62.36247769292944,
            "AP_t": 42.56687405392605,
            "AP_iv": 42.46082707369983,
            "AP_it": 35.27402559725097,
            "AP_ivt": 32.48786414796305
        },
        "AP_EMA": {
            "AP_i": 89.11250296759498,
            "AP_v": 65.99875868984779,
            "AP_t": 45.12429490602211,
            "AP_iv": 44.29654032892254,
            "AP_it": 39.775952116304445,
            "AP_ivt": 36.232430761745775
        }
    }
}