{
    "Test": false,
    "Cholec80": {
        "F1_score": 71.01558502592209,
        "F1_score_EMA": 77.63875192291694,
        "Per_video_f1": {
            "cholec80_video41": 68.33053301002074,
            "cholec80_video43": 65.46281346557376,
            "cholec80_video44": 69.08426755753851,
            "cholec80_video45": 75.98034918604074,
            "cholec80_video46": 77.71249064860807,
            "cholec80_video47": 69.30183561718604,
            "cholec80_video48": 71.23680569648677
        },
        "Per_video_f1_EMA": {
            "cholec80_video41": 69.61153892200862,
            "cholec80_video43": 78.51518159162501,
            "cholec80_video44": 75.38089013748333,
            "cholec80_video45": 83.92946603262753,
            "cholec80_video46": 77.37430999714212,
            "cholec80_video47": 76.79644399618351,
            "cholec80_video48": 81.86343278334846
        }
    },
    "Endoscapes": {
        "mAP": 50.47304021195165,
        "mAP_EMA": 50.740998252681216,
        "mAP_per_class": {
            "C0": 46.8050269823244,
            "C1": 57.57305447315143,
            "C2": 47.041039180379116
        },
        "mAP_per_class_EMA": {
            "C0": 47.828404208747614,
            "C1": 54.40789572317478,
            "C2": 49.98669482612126
        }
    },
    "CholecT50": {
        "AP": {
            "AP_i": 86.68032165255505,
            "AP_v": 64.94180968532048,
            "AP_t": 44.80808084527465,
            "AP_iv": 39.40856224411726,
            "AP_it": 38.13850836747679,
            "AP_ivt": 32.84071354734667
        },
        "AP_EMA": {
            "AP_i": 85.6594942720932,
            "AP_v": 62.56027580368247,
            "AP_t": 46.103490728909506,
            "AP_iv": 40.06168831193937,
            "AP_it": 41.741046224491875,
            "AP_ivt": 36.36076318272665
        }
    }
}