{
    "Test": false,
    "Cholec80": {
        "F1_score": 66.30656397624811,
        "F1_score_EMA": 75.12245896771321,
        "Per_video_f1": {
            "cholec80_video41": 67.84649327181151,
            "cholec80_video43": 60.50080261938194,
            "cholec80_video44": 68.4101654655468,
            "cholec80_video45": 75.49296475705573,
            "cholec80_video46": 77.25790920908166,
            "cholec80_video47": 59.52986756855431,
            "cholec80_video48": 55.10774494230481
        },
        "Per_video_f1_EMA": {
            "cholec80_video41": 72.56153667937541,
            "cholec80_video43": 71.83151257418939,
            "cholec80_video44": 73.76971730745338,
            "cholec80_video45": 82.19900374325186,
            "cholec80_video46": 78.13773577931927,
            "cholec80_video47": 73.57971538690998,
            "cholec80_video48": 73.77799130349317
        }
    },
    "Endoscapes": {
        "mAP": 44.4547140360651,
        "mAP_EMA": 52.26995990411631,
        "mAP_per_class": {
            "C0": 42.02364797264644,
            "C1": 46.31972694718994,
            "C2": 45.02076718835891
        },
        "mAP_per_class_EMA": {
            "C0": 52.31635097176361,
            "C1": 60.34434174463779,
            "C2": 44.14918699594753
        }
    },
    "CholecT50": {
        "AP": {
            "AP_i": 83.45874571858204,
            "AP_v": 61.42166835681951,
            "AP_t": 40.45393869503153,
            "AP_iv": 39.591843983310035,
            "AP_it": 34.92136259566818,
            "AP_ivt": 30.945508740431443
        },
        "AP_EMA": {
            "AP_i": 89.28637191049198,
            "AP_v": 65.97541486703778,
            "AP_t": 45.03901711952314,
            "AP_iv": 43.28495627554775,
            "AP_it": 40.18485361070073,
            "AP_ivt": 36.07014440987244
        }
    }
}