{
    "Test": false,
    "Cholec80": {
        "F1_score": 69.49585576409082,
        "F1_score_EMA": 69.7242126483227,
        "Per_video_f1": {
            "cholec80_video41": 70.47488408268751,
            "cholec80_video43": 62.678050606140786,
            "cholec80_video44": 73.51055462202731,
            "cholec80_video45": 75.77345378780717,
            "cholec80_video46": 68.85025023318163,
            "cholec80_video47": 61.58344184195925,
            "cholec80_video48": 73.60035517483206
        },
        "Per_video_f1_EMA": {
            "cholec80_video41": 70.46936575737499,
            "cholec80_video43": 65.0411032747708,
            "cholec80_video44": 71.27685484530652,
            "cholec80_video45": 76.65185274899032,
            "cholec80_video46": 67.87886024476612,
            "cholec80_video47": 66.95972482623903,
            "cholec80_video48": 69.79172684081114
        }
    },
    "Endoscapes": {
        "mAP": 39.50199947322945,
        "mAP_EMA": 42.24231765473857,
        "mAP_per_class": {
            "C0": 41.53782641549711,
            "C1": 43.04224649213273,
            "C2": 33.92592551205851
        },
        "mAP_per_class_EMA": {
            "C0": 40.50552142465874,
            "C1": 44.30434583149581,
            "C2": 41.91708570806117
        }
    },
    "CholecT50": {
        "AP": {
            "AP_i": 81.6931161011367,
            "AP_v": 57.196441775485766,
            "AP_t": 39.85598740655635,
            "AP_iv": 36.85173915739884,
            "AP_it": 34.347435786499446,
            "AP_ivt": 29.476516723330654
        },
        "AP_EMA": {
            "AP_i": 83.43291748961212,
            "AP_v": 56.50458853879301,
            "AP_t": 40.979650134864826,
            "AP_iv": 36.20063591923185,
            "AP_it": 36.07170068449947,
            "AP_ivt": 31.474012105871417
        }
    }
}