{
    "Test": false,
    "Cholec80": {
        "F1_score": 66.10780165017532,
        "F1_score_EMA": 60.79634531122957,
        "Per_video_f1": {
            "cholec80_video41": 67.49118556069186,
            "cholec80_video43": 57.317686795744216,
            "cholec80_video44": 72.9251280709273,
            "cholec80_video45": 71.08909727687468,
            "cholec80_video46": 64.52027415442573,
            "cholec80_video47": 64.91982873957512,
            "cholec80_video48": 64.49141095298832
        },
        "Per_video_f1_EMA": {
            "cholec80_video41": 61.98835295849463,
            "cholec80_video43": 66.21061180192223,
            "cholec80_video44": 56.311115096393415,
            "cholec80_video45": 64.14620767533147,
            "cholec80_video46": 55.07222665757811,
            "cholec80_video47": 59.94370482365886,
            "cholec80_video48": 61.90219816522827
        }
    },
    "Endoscapes": {
        "mAP": 43.36504025525671,
        "mAP_EMA": 36.15492246554589,
        "mAP_per_class": {
            "C0": 42.711714469265345,
            "C1": 48.98340364605106,
            "C2": 38.40000265045372
        },
        "mAP_per_class_EMA": {
            "C0": 32.66007726993662,
            "C1": 32.932175150655354,
            "C2": 42.872514976045686
        }
    },
    "CholecT50": {
        "AP": {
            "AP_i": 83.10362266675543,
            "AP_v": 57.4680643795934,
            "AP_t": 40.0013411428309,
            "AP_iv": 38.788087950174734,
            "AP_it": 35.503281635945015,
            "AP_ivt": 32.222863121937536
        },
        "AP_EMA": {
            "AP_i": 72.42263519654928,
            "AP_v": 49.62755449678409,
            "AP_t": 36.65733713255225,
            "AP_iv": 30.350752608254854,
            "AP_it": 30.944860150644047,
            "AP_ivt": 26.810811556461054
        }
    }
}