{
    "Test": false,
    "Cholec80": {
        "F1_score": 58.34470990613518,
        "F1_score_EMA": 1.3023071287947787,
        "Per_video_f1": {
            "cholec80_video41": 58.75556841062319,
            "cholec80_video43": 61.26350251057815,
            "cholec80_video44": 61.18760462965612,
            "cholec80_video45": 56.44532530516816,
            "cholec80_video46": 48.682225603682554,
            "cholec80_video47": 58.43382096359399,
            "cholec80_video48": 63.64492191964407
        },
        "Per_video_f1_EMA": {
            "cholec80_video41": 1.578098434979729,
            "cholec80_video43": 0.8562045507858317,
            "cholec80_video44": 0.8163265306122448,
            "cholec80_video45": 1.2499495988065,
            "cholec80_video46": 1.539091281211625,
            "cholec80_video47": 0.8114089009097615,
            "cholec80_video48": 2.2650706042577595
        }
    },
    "Endoscapes": {
        "mAP": 33.63822700167836,
        "mAP_EMA": 14.684981115740719,
        "mAP_per_class": {
            "C0": 34.8175696767564,
            "C1": 29.507673888529407,
            "C2": 36.589437439749275
        },
        "mAP_per_class_EMA": {
            "C0": 14.739523032841321,
            "C1": 12.846940863123926,
            "C2": 16.468479451256908
        }
    },
    "CholecT50": {
        "AP": {
            "AP_i": 68.89364334287698,
            "AP_v": 44.03402625518907,
            "AP_t": 35.70820495030935,
            "AP_iv": 27.583219505178317,
            "AP_it": 29.57582314815602,
            "AP_ivt": 25.17295058973389
        },
        "AP_EMA": {
            "AP_i": 21.997614287946316,
            "AP_v": 14.494053039042504,
            "AP_t": 11.39021335604929,
            "AP_iv": 8.012433839860803,
            "AP_it": 5.933123660758083,
            "AP_ivt": 4.854182653474504
        }
    }
}