{
    "Test": false,
    "Cholec80": {
        "F1_score": 70.39327020928557,
        "F1_score_EMA": 72.34431933471397,
        "Per_video_f1": {
            "cholec80_video41": 69.18826179338747,
            "cholec80_video43": 64.40430542889538,
            "cholec80_video44": 75.26633590417075,
            "cholec80_video45": 72.3275482925685,
            "cholec80_video46": 72.51626075246442,
            "cholec80_video47": 67.33977478900294,
            "cholec80_video48": 71.7104045045096
        },
        "Per_video_f1_EMA": {
            "cholec80_video41": 71.30010644066041,
            "cholec80_video43": 65.26857087424733,
            "cholec80_video44": 76.26447960912884,
            "cholec80_video45": 78.29059619276183,
            "cholec80_video46": 71.75014637348323,
            "cholec80_video47": 70.12741450789925,
            "cholec80_video48": 73.4089213448169
        }
    },
    "Endoscapes": {
        "mAP": 35.91233112415087,
        "mAP_EMA": 43.72782821534217,
        "mAP_per_class": {
            "C0": 39.60834685310424,
            "C1": 32.307137904886446,
            "C2": 35.82150861446191
        },
        "mAP_per_class_EMA": {
            "C0": 45.0558819833305,
            "C1": 48.68522503116118,
            "C2": 37.44237763153483
        }
    },
    "CholecT50": {
        "AP": {
            "AP_i": 78.82510158732487,
            "AP_v": 57.72180458944174,
            "AP_t": 37.81169342509154,
            "AP_iv": 37.337023971866834,
            "AP_it": 32.71995311223095,
            "AP_ivt": 29.675237316308593
        },
        "AP_EMA": {
            "AP_i": 83.6671064762464,
            "AP_v": 59.92550765506919,
            "AP_t": 41.17823675910006,
            "AP_iv": 38.954189382757676,
            "AP_it": 36.25569714251367,
            "AP_ivt": 31.8008109981354
        }
    }
}