{
    "Test": false,
    "Cholec80": {
        "F1_score": 67.4806807715135,
        "F1_score_EMA": 70.92226281031479,
        "Per_video_f1": {
            "cholec80_video41": 66.13027112607821,
            "cholec80_video43": 63.34617576199734,
            "cholec80_video44": 70.12348213023782,
            "cholec80_video45": 72.28319316174188,
            "cholec80_video46": 64.19050048897536,
            "cholec80_video47": 67.01876466323212,
            "cholec80_video48": 69.27237806833186
        },
        "Per_video_f1_EMA": {
            "cholec80_video41": 71.60710417384689,
            "cholec80_video43": 64.88536706521903,
            "cholec80_video44": 74.4227147391517,
            "cholec80_video45": 77.83026373013232,
            "cholec80_video46": 68.82809232268026,
            "cholec80_video47": 68.08146781767005,
            "cholec80_video48": 70.80082982350325
        }
    },
    "Endoscapes": {
        "mAP": 40.68626229819983,
        "mAP_EMA": 43.164151078258875,
        "mAP_per_class": {
            "C0": 42.54760552875588,
            "C1": 42.19050525143179,
            "C2": 37.32067611441182
        },
        "mAP_per_class_EMA": {
            "C0": 42.54022983880704,
            "C1": 46.94825412797421,
            "C2": 40.00396926799537
        }
    },
    "CholecT50": {
        "AP": {
            "AP_i": 75.48942629743046,
            "AP_v": 53.1453701652696,
            "AP_t": 34.01537746211781,
            "AP_iv": 33.500413650410586,
            "AP_it": 29.458792922539345,
            "AP_ivt": 25.610336962482982
        },
        "AP_EMA": {
            "AP_i": 84.30364357070131,
            "AP_v": 58.37215463260988,
            "AP_t": 41.4168098911104,
            "AP_iv": 37.44233144788639,
            "AP_it": 36.26106984000766,
            "AP_ivt": 31.572546102299068
        }
    }
}