{
    "Test": false,
    "Cholec80": {
        "F1_score": 62.11664101535819,
        "F1_score_EMA": 11.096897446780282,
        "Per_video_f1": {
            "cholec80_video41": 61.66601808171192,
            "cholec80_video43": 57.43397577593036,
            "cholec80_video44": 67.6192335725337,
            "cholec80_video45": 69.88968226311523,
            "cholec80_video46": 58.49515440549632,
            "cholec80_video47": 64.85881448423001,
            "cholec80_video48": 54.85360852448981
        },
        "Per_video_f1_EMA": {
            "cholec80_video41": 11.362233770508926,
            "cholec80_video43": 13.738048535418043,
            "cholec80_video44": 6.0425366855305285,
            "cholec80_video45": 15.173285438089676,
            "cholec80_video46": 10.661810969210027,
            "cholec80_video47": 11.103846493054427,
            "cholec80_video48": 9.596520235650354
        }
    },
    "Endoscapes": {
        "mAP": 38.83626864356648,
        "mAP_EMA": 14.27530445159807,
        "mAP_per_class": {
            "C0": 35.03206461322957,
            "C1": 38.274172937824545,
            "C2": 43.202568379645314
        },
        "mAP_per_class_EMA": {
            "C0": 11.845106174216365,
            "C1": 10.181468885775466,
            "C2": 20.799338294802375
        }
    },
    "CholecT50": {
        "AP": {
            "AP_i": 84.26239167575154,
            "AP_v": 54.80284668823377,
            "AP_t": 40.93942978014533,
            "AP_iv": 36.3367176842333,
            "AP_it": 36.81583425407726,
            "AP_ivt": 31.302806086709158
        },
        "AP_EMA": {
            "AP_i": 26.692540167923756,
            "AP_v": 20.469245499796465,
            "AP_t": 16.314729060305375,
            "AP_iv": 11.259100321679753,
            "AP_it": 9.149839450545551,
            "AP_ivt": 7.489634473528645
        }
    }
}