{
    "Test": false,
    "Cholec80": {
        "F1_score": 62.62361628882348,
        "F1_score_EMA": 71.72985755546335,
        "Per_video_f1": {
            "cholec80_video41": 62.151846205115916,
            "cholec80_video43": 60.055973355245214,
            "cholec80_video44": 69.4804458201686,
            "cholec80_video45": 67.6240506054559,
            "cholec80_video46": 60.14815704440642,
            "cholec80_video47": 57.63569361710304,
            "cholec80_video48": 61.269147374269274
        },
        "Per_video_f1_EMA": {
            "cholec80_video41": 72.12228591722277,
            "cholec80_video43": 64.72982775901409,
            "cholec80_video44": 76.09860039445087,
            "cholec80_video45": 77.96745388356828,
            "cholec80_video46": 69.34647322845031,
            "cholec80_video47": 69.00180736676141,
            "cholec80_video48": 72.84255433877577
        }
    },
    "Endoscapes": {
        "mAP": 37.887501136273556,
        "mAP_EMA": 43.80315036919952,
        "mAP_per_class": {
            "C0": 43.49484317152721,
            "C1": 37.08226912448598,
            "C2": 33.085391112807486
        },
        "mAP_per_class_EMA": {
            "C0": 43.9644511891036,
            "C1": 48.5162241763331,
            "C2": 38.92877574216187
        }
    },
    "CholecT50": {
        "AP": {
            "AP_i": 79.35281195367118,
            "AP_v": 55.82931116303954,
            "AP_t": 37.753420952287584,
            "AP_iv": 35.62395656604616,
            "AP_it": 32.51118263240957,
            "AP_ivt": 28.333222625487466
        },
        "AP_EMA": {
            "AP_i": 84.39483419455145,
            "AP_v": 59.466187134224924,
            "AP_t": 41.37954076994853,
            "AP_iv": 38.71917867128918,
            "AP_it": 36.21058815256898,
            "AP_ivt": 31.632159371102954
        }
    }
}