{
    "Test": false,
    "Cholec80": {
        "F1_score": 67.9843388387298,
        "F1_score_EMA": 72.87497054604397,
        "Per_video_f1": {
            "cholec80_video41": 66.96322241983663,
            "cholec80_video43": 66.69463669950771,
            "cholec80_video44": 68.29442415927421,
            "cholec80_video45": 68.44122306979065,
            "cholec80_video46": 68.69874912236475,
            "cholec80_video47": 67.37540481800244,
            "cholec80_video48": 69.4227115823322
        },
        "Per_video_f1_EMA": {
            "cholec80_video41": 74.40276378854787,
            "cholec80_video43": 70.03504510978227,
            "cholec80_video44": 77.27157359295501,
            "cholec80_video45": 75.4104140168975,
            "cholec80_video46": 71.06096986260975,
            "cholec80_video47": 69.28352671835721,
            "cholec80_video48": 72.66050073315817
        }
    },
    "Endoscapes": {
        "mAP": 45.58774558516192,
        "mAP_EMA": 48.39550233373166,
        "mAP_per_class": {
            "C0": 43.83753836759014,
            "C1": 48.39353037703978,
            "C2": 44.53216801085584
        },
        "mAP_per_class_EMA": {
            "C0": 43.63444635530491,
            "C1": 51.30866052932613,
            "C2": 50.24340011656394
        }
    },
    "CholecT50": {
        "AP": {
            "AP_i": 85.39506931431697,
            "AP_v": 60.437020769568015,
            "AP_t": 41.65897256180775,
            "AP_iv": 38.794574698031944,
            "AP_it": 35.14425459184206,
            "AP_ivt": 31.367165012904934
        },
        "AP_EMA": {
            "AP_i": 88.74682625466589,
            "AP_v": 64.20653908437139,
            "AP_t": 45.23656581299926,
            "AP_iv": 41.95287037729311,
            "AP_it": 41.6113082334842,
            "AP_ivt": 36.576334855529325
        }
    }
}