{
    "Test": false,
    "Cholec80": {
        "F1_score": 71.87884017007515,
        "F1_score_EMA": 72.72341009002716,
        "Per_video_f1": {
            "cholec80_video41": 77.45530583380081,
            "cholec80_video43": 63.10151404594595,
            "cholec80_video44": 75.17850761920577,
            "cholec80_video45": 78.05953748370239,
            "cholec80_video46": 71.87133765246061,
            "cholec80_video47": 66.11941303686476,
            "cholec80_video48": 71.36626551854575
        },
        "Per_video_f1_EMA": {
            "cholec80_video41": 74.63969873997178,
            "cholec80_video43": 68.06195755493194,
            "cholec80_video44": 75.99631107486644,
            "cholec80_video45": 75.21363003639188,
            "cholec80_video46": 73.48742695209077,
            "cholec80_video47": 69.19709047097085,
            "cholec80_video48": 72.46775580096643
        }
    },
    "Endoscapes": {
        "mAP": 47.1666366889846,
        "mAP_EMA": 49.65542327638484,
        "mAP_per_class": {
            "C0": 43.68804816915296,
            "C1": 50.7976337135506,
            "C2": 47.01422818425024
        },
        "mAP_per_class_EMA": {
            "C0": 44.25036141580513,
            "C1": 53.18346003488787,
            "C2": 51.53244837846152
        }
    },
    "CholecT50": {
        "AP": {
            "AP_i": 85.2827266636175,
            "AP_v": 56.256022808532535,
            "AP_t": 39.34751087012033,
            "AP_iv": 35.87834605550395,
            "AP_it": 34.6543867063594,
            "AP_ivt": 29.622372662175845
        },
        "AP_EMA": {
            "AP_i": 89.33543862269387,
            "AP_v": 64.09716888885765,
            "AP_t": 45.24114166546008,
            "AP_iv": 42.10935901807036,
            "AP_it": 41.69918386784704,
            "AP_ivt": 36.204789330122814
        }
    }
}