{
    "Test": false,
    "Cholec80": {
        "F1_score": 69.78594731584802,
        "F1_score_EMA": 71.22642114433692,
        "Per_video_f1": {
            "cholec80_video41": 63.54277643778755,
            "cholec80_video43": 69.24388826309708,
            "cholec80_video44": 73.98143206327836,
            "cholec80_video45": 69.750631124994,
            "cholec80_video46": 72.17360425183446,
            "cholec80_video47": 62.9619477071805,
            "cholec80_video48": 76.84735136276423
        },
        "Per_video_f1_EMA": {
            "cholec80_video41": 70.4071024635782,
            "cholec80_video43": 66.93744139768876,
            "cholec80_video44": 74.02131897393434,
            "cholec80_video45": 75.36710145051934,
            "cholec80_video46": 70.98709241402503,
            "cholec80_video47": 64.96641732737255,
            "cholec80_video48": 75.89847398324021
        }
    },
    "Endoscapes": {
        "mAP": 42.86064209946543,
        "mAP_EMA": 41.27927547279977,
        "mAP_per_class": {
            "C0": 42.02394752803976,
            "C1": 41.753554156702705,
            "C2": 44.80442461365382
        },
        "mAP_per_class_EMA": {
            "C0": 38.84679305218145,
            "C1": 39.69390510357195,
            "C2": 45.297128262645906
        }
    },
    "CholecT50": {
        "AP": {
            "AP_i": 84.83711267701915,
            "AP_v": 62.13818223606883,
            "AP_t": 41.82790889511975,
            "AP_iv": 42.0293854020023,
            "AP_it": 36.4387239499265,
            "AP_ivt": 32.96698716317238
        },
        "AP_EMA": {
            "AP_i": 88.41287145086032,
            "AP_v": 65.44134021755514,
            "AP_t": 44.485173576506526,
            "AP_iv": 45.575603281536225,
            "AP_it": 39.81403192136243,
            "AP_ivt": 37.001858406267594
        }
    }
}