{
    "Test": false,
    "Cholec80": {
        "F1_score": 70.46387849067327,
        "F1_score_EMA": 66.93865433427827,
        "Per_video_f1": {
            "cholec80_video41": 71.40183728423769,
            "cholec80_video43": 63.566181939007684,
            "cholec80_video44": 77.91285883316232,
            "cholec80_video45": 72.60858935808389,
            "cholec80_video46": 72.91294883247282,
            "cholec80_video47": 65.104057106414,
            "cholec80_video48": 69.74067608133444
        },
        "Per_video_f1_EMA": {
            "cholec80_video41": 68.92136114075308,
            "cholec80_video43": 67.44206539075901,
            "cholec80_video44": 72.09391043317613,
            "cholec80_video45": 68.25427328615135,
            "cholec80_video46": 62.673352065617735,
            "cholec80_video47": 67.09269662592652,
            "cholec80_video48": 62.09292139756408
        }
    },
    "Endoscapes": {
        "mAP": 45.56022610284486,
        "mAP_EMA": 40.7601510023948,
        "mAP_per_class": {
            "C0": 43.960050847544586,
            "C1": 49.13356354967783,
            "C2": 43.58706391131215
        },
        "mAP_per_class_EMA": {
            "C0": 36.62711878395872,
            "C1": 43.44226799749178,
            "C2": 42.2110662257339
        }
    },
    "CholecT50": {
        "AP": {
            "AP_i": 85.78726318403517,
            "AP_v": 59.28377956790255,
            "AP_t": 42.741093827004775,
            "AP_iv": 40.72194213898425,
            "AP_it": 39.9177593915924,
            "AP_ivt": 34.17903951478304
        },
        "AP_EMA": {
            "AP_i": 82.08333515325707,
            "AP_v": 57.388719393839644,
            "AP_t": 41.20971171238421,
            "AP_iv": 36.64620172382868,
            "AP_it": 36.277773219278636,
            "AP_ivt": 31.859077910062684
        }
    }
}