{
    "Test": false,
    "Cholec80": {
        "F1_score": 67.35477935716466,
        "F1_score_EMA": 71.85428192042008,
        "Per_video_f1": {
            "cholec80_video41": 65.8989848493255,
            "cholec80_video43": 63.88937508462212,
            "cholec80_video44": 76.1135022036253,
            "cholec80_video45": 74.28376492179379,
            "cholec80_video46": 62.085505545330754,
            "cholec80_video47": 58.154388071554166,
            "cholec80_video48": 71.057934823901
        },
        "Per_video_f1_EMA": {
            "cholec80_video41": 67.96429933504034,
            "cholec80_video43": 66.40740787069156,
            "cholec80_video44": 76.7297358751295,
            "cholec80_video45": 78.41436680190287,
            "cholec80_video46": 72.76462542038632,
            "cholec80_video47": 64.62666306599321,
            "cholec80_video48": 76.07287507379678
        }
    },
    "Endoscapes": {
        "mAP": 36.765337030104526,
        "mAP_EMA": 42.66645829387738,
        "mAP_per_class": {
            "C0": 33.67381181171839,
            "C1": 32.89776026820122,
            "C2": 43.724439010393965
        },
        "mAP_per_class_EMA": {
            "C0": 42.84785085635619,
            "C1": 41.593786980506216,
            "C2": 43.55773704476975
        }
    },
    "CholecT50": {
        "AP": {
            "AP_i": 85.83735523073132,
            "AP_v": 60.06769324120385,
            "AP_t": 40.239699157243805,
            "AP_iv": 39.81256068325531,
            "AP_it": 35.867709707229785,
            "AP_ivt": 31.448734331923756
        },
        "AP_EMA": {
            "AP_i": 87.6085538301622,
            "AP_v": 64.35456185020429,
            "AP_t": 43.25715796512301,
            "AP_iv": 44.60036164222466,
            "AP_it": 38.70236214664086,
            "AP_ivt": 34.618210791365
        }
    }
}