{
    "Test": false,
    "Cholec80": {
        "F1_score": 67.83503150464601,
        "F1_score_EMA": 12.03921851135213,
        "Per_video_f1": {
            "cholec80_video41": 72.22348527610247,
            "cholec80_video43": 67.72061095360777,
            "cholec80_video44": 68.03603862071759,
            "cholec80_video45": 69.22755423495283,
            "cholec80_video46": 62.69890969314164,
            "cholec80_video47": 64.15275715070149,
            "cholec80_video48": 70.78586460329832
        },
        "Per_video_f1_EMA": {
            "cholec80_video41": 8.573771273671664,
            "cholec80_video43": 16.38320838261015,
            "cholec80_video44": 8.309625938303917,
            "cholec80_video45": 8.413281290492822,
            "cholec80_video46": 16.27100555475918,
            "cholec80_video47": 12.054638952069654,
            "cholec80_video48": 14.26899818755753
        }
    },
    "Endoscapes": {
        "mAP": 38.69101171888862,
        "mAP_EMA": 11.626097842568097,
        "mAP_per_class": {
            "C0": 39.61771768436775,
            "C1": 35.85648236123058,
            "C2": 40.59883511106753
        },
        "mAP_per_class_EMA": {
            "C0": 12.814707628546735,
            "C1": 9.938157882566623,
            "C2": 12.125428016590934
        }
    },
    "CholecT50": {
        "AP": {
            "AP_i": 76.56446365272296,
            "AP_v": 50.68230389318043,
            "AP_t": 38.37774226986907,
            "AP_iv": 33.45858971799535,
            "AP_it": 33.2918782855409,
            "AP_ivt": 29.047417878630334
        },
        "AP_EMA": {
            "AP_i": 23.680023119046467,
            "AP_v": 16.020415079135365,
            "AP_t": 12.588220390521824,
            "AP_iv": 8.940128231936292,
            "AP_it": 6.582633682736395,
            "AP_ivt": 5.353512226215688
        }
    }
}