{
    "Test": false,
    "Cholec80": {
        "F1_score": 66.88957156185668,
        "F1_score_EMA": 71.3216141857561,
        "Per_video_f1": {
            "cholec80_video41": 74.5431403159188,
            "cholec80_video43": 56.80726736312677,
            "cholec80_video44": 75.66370847992238,
            "cholec80_video45": 70.77298223595224,
            "cholec80_video46": 61.29456567767103,
            "cholec80_video47": 59.38202545600139,
            "cholec80_video48": 69.76331140440418
        },
        "Per_video_f1_EMA": {
            "cholec80_video41": 69.17746193600836,
            "cholec80_video43": 67.30484695439443,
            "cholec80_video44": 74.64625219588818,
            "cholec80_video45": 74.6304255456925,
            "cholec80_video46": 71.62594919564992,
            "cholec80_video47": 65.38021672575968,
            "cholec80_video48": 76.48614674689969
        }
    },
    "Endoscapes": {
        "mAP": 45.13170042740879,
        "mAP_EMA": 41.7716145277742,
        "mAP_per_class": {
            "C0": 42.9422820816982,
            "C1": 47.60253720231541,
            "C2": 44.85028199821275
        },
        "mAP_per_class_EMA": {
            "C0": 39.50723300448703,
            "C1": 40.52466238552511,
            "C2": 45.28294819331045
        }
    },
    "CholecT50": {
        "AP": {
            "AP_i": 85.17799078962231,
            "AP_v": 59.85365897313337,
            "AP_t": 41.557203452399264,
            "AP_iv": 41.67877063591794,
            "AP_it": 35.62255715097418,
            "AP_ivt": 31.71861339441564
        },
        "AP_EMA": {
            "AP_i": 88.3923421015442,
            "AP_v": 65.44317851281025,
            "AP_t": 44.501725979099234,
            "AP_iv": 45.39383731366506,
            "AP_it": 39.73713443953578,
            "AP_ivt": 35.98746008787621
        }
    }
}