{
    "Test": false,
    "Cholec80": {
        "F1_score": 69.09745637992664,
        "F1_score_EMA": 58.58039443906802,
        "Per_video_f1": {
            "cholec80_video41": 71.07288677882147,
            "cholec80_video43": 62.95134728103464,
            "cholec80_video44": 72.72649585029917,
            "cholec80_video45": 75.21633929781052,
            "cholec80_video46": 67.14934931706246,
            "cholec80_video47": 63.23908704384602,
            "cholec80_video48": 71.32668909061223
        },
        "Per_video_f1_EMA": {
            "cholec80_video41": 59.87900944332443,
            "cholec80_video43": 62.691151656356716,
            "cholec80_video44": 61.10408323650116,
            "cholec80_video45": 59.33365163967545,
            "cholec80_video46": 55.0518405571395,
            "cholec80_video47": 60.077452738520456,
            "cholec80_video48": 51.925571801958434
        }
    },
    "Endoscapes": {
        "mAP": 45.22474854639121,
        "mAP_EMA": 33.294576815799,
        "mAP_per_class": {
            "C0": 43.00893662996405,
            "C1": 45.548794993480115,
            "C2": 47.116514015729464
        },
        "mAP_per_class_EMA": {
            "C0": 31.19651524910056,
            "C1": 32.22311639230606,
            "C2": 36.46409880599037
        }
    },
    "CholecT50": {
        "AP": {
            "AP_i": 84.68217722930801,
            "AP_v": 56.80595108231305,
            "AP_t": 42.46378724869123,
            "AP_iv": 38.62534940521777,
            "AP_it": 39.12613070755612,
            "AP_ivt": 34.036846438997046
        },
        "AP_EMA": {
            "AP_i": 73.48290654991905,
            "AP_v": 51.76218603888128,
            "AP_t": 36.70794075775972,
            "AP_iv": 32.21269342684051,
            "AP_it": 31.629456335451806,
            "AP_ivt": 28.171412102613726
        }
    }
}