{
    "Test": false,
    "Cholec80": {
        "F1_score": 64.5931656675201,
        "F1_score_EMA": 72.67866905466256,
        "Per_video_f1": {
            "cholec80_video41": 66.99967109196727,
            "cholec80_video43": 56.51548091271902,
            "cholec80_video44": 70.01336143062066,
            "cholec80_video45": 65.17781534848875,
            "cholec80_video46": 65.88771018634212,
            "cholec80_video47": 63.87885132055009,
            "cholec80_video48": 63.67926938195275
        },
        "Per_video_f1_EMA": {
            "cholec80_video41": 74.36402288986183,
            "cholec80_video43": 67.75569984430584,
            "cholec80_video44": 75.91419170078126,
            "cholec80_video45": 75.4582732411782,
            "cholec80_video46": 74.09122900784396,
            "cholec80_video47": 68.34270486322674,
            "cholec80_video48": 72.82456183544011
        }
    },
    "Endoscapes": {
        "mAP": 45.760608798404526,
        "mAP_EMA": 49.138723953892374,
        "mAP_per_class": {
            "C0": 46.17175947237186,
            "C1": 43.92757834986375,
            "C2": 47.18248857297797
        },
        "mAP_per_class_EMA": {
            "C0": 44.58376296786747,
            "C1": 52.88841553811461,
            "C2": 49.94399335569505
        }
    },
    "CholecT50": {
        "AP": {
            "AP_i": 85.39340527238876,
            "AP_v": 58.72652161895864,
            "AP_t": 43.77812142796056,
            "AP_iv": 36.751338024858676,
            "AP_it": 36.608607580578365,
            "AP_ivt": 30.75704024181387
        },
        "AP_EMA": {
            "AP_i": 89.39258872655667,
            "AP_v": 65.34037130516654,
            "AP_t": 45.33670789187373,
            "AP_iv": 43.15408830962692,
            "AP_it": 41.67432219885935,
            "AP_ivt": 36.2353017615867
        }
    }
}