{
    "Test": false,
    "Cholec80": {
        "F1_score": 76.07489933739004,
        "F1_score_EMA": 78.69606765309494,
        "Per_video_f1": {
            "cholec80_video41": 72.67754774300353,
            "cholec80_video43": 72.01318188022722,
            "cholec80_video44": 84.8121679050782,
            "cholec80_video45": 78.69141231583747,
            "cholec80_video46": 82.99460272022881,
            "cholec80_video47": 65.26925678965864,
            "cholec80_video48": 76.06612600769638
        },
        "Per_video_f1_EMA": {
            "cholec80_video41": 78.98406161192469,
            "cholec80_video43": 70.61111938394346,
            "cholec80_video44": 85.52178903699337,
            "cholec80_video45": 83.57893732153215,
            "cholec80_video46": 85.44659854896925,
            "cholec80_video47": 65.42121877750093,
            "cholec80_video48": 81.30874889080076
        }
    },
    "Endoscapes": {
        "mAP": 55.57531221182307,
        "mAP_EMA": 55.47367796664543,
        "mAP_per_class": {
            "C0": 59.58583648590856,
            "C1": 55.786714660331384,
            "C2": 51.353385489229254
        },
        "mAP_per_class_EMA": {
            "C0": 57.12116262636585,
            "C1": 54.31967873512361,
            "C2": 54.980192538446836
        }
    },
    "CholecT50": {
        "AP": {
            "AP_i": 92.44296656975722,
            "AP_v": 69.59099167116378,
            "AP_t": 46.88934148332753,
            "AP_iv": 46.35212100149189,
            "AP_it": 46.56164504108531,
            "AP_ivt": 39.851104436063686
        },
        "AP_EMA": {
            "AP_i": 93.54639601999027,
            "AP_v": 71.3325427946096,
            "AP_t": 49.92094268340554,
            "AP_iv": 46.33386120403391,
            "AP_it": 50.49796945656527,
            "AP_ivt": 42.54103599173322
        }
    }
}