{
    "Test": false,
    "Cholec80": {
        "F1_score": 75.73881979972343,
        "F1_score_EMA": 78.3406571343538,
        "Per_video_f1": {
            "cholec80_video41": 77.69280048510252,
            "cholec80_video43": 64.44591628995099,
            "cholec80_video44": 85.25731434245493,
            "cholec80_video45": 77.68569099267125,
            "cholec80_video46": 81.13978388114722,
            "cholec80_video47": 63.48214251033543,
            "cholec80_video48": 80.46809009640164
        },
        "Per_video_f1_EMA": {
            "cholec80_video41": 77.71595703094992,
            "cholec80_video43": 68.23029806492514,
            "cholec80_video44": 89.4597888564036,
            "cholec80_video45": 83.05959367119111,
            "cholec80_video46": 84.0496945224885,
            "cholec80_video47": 63.165034676876985,
            "cholec80_video48": 82.70423311764141
        }
    },
    "Endoscapes": {
        "mAP": 50.0275545558351,
        "mAP_EMA": 55.33861914439317,
        "mAP_per_class": {
            "C0": 52.957306247705546,
            "C1": 48.97881536799561,
            "C2": 48.14654205180416
        },
        "mAP_per_class_EMA": {
            "C0": 56.34068628452267,
            "C1": 57.896416980801405,
            "C2": 51.77875416785543
        }
    },
    "CholecT50": {
        "AP": {
            "AP_i": 91.85818262631544,
            "AP_v": 65.231097436483,
            "AP_t": 46.206223268198706,
            "AP_iv": 40.666594477489674,
            "AP_it": 41.04459920848056,
            "AP_ivt": 34.15410920912617
        },
        "AP_EMA": {
            "AP_i": 92.0815192399222,
            "AP_v": 68.72813672460867,
            "AP_t": 48.84229888516521,
            "AP_iv": 46.59856674965682,
            "AP_it": 45.40159539213462,
            "AP_ivt": 39.09236676745639
        }
    }
}