{
    "Test": false,
    "Cholec80": {
        "F1_score": 76.89578108767734,
        "F1_score_EMA": 78.46277848157771,
        "Per_video_f1": {
            "cholec80_video41": 70.66074014678576,
            "cholec80_video43": 69.58529585785904,
            "cholec80_video44": 87.01973761405209,
            "cholec80_video45": 77.58151050808294,
            "cholec80_video46": 81.69769999222426,
            "cholec80_video47": 72.83454023702708,
            "cholec80_video48": 78.89094325771015
        },
        "Per_video_f1_EMA": {
            "cholec80_video41": 77.23617903499844,
            "cholec80_video43": 76.59784700200801,
            "cholec80_video44": 83.28113977188268,
            "cholec80_video45": 83.70238511661049,
            "cholec80_video46": 84.50695650797729,
            "cholec80_video47": 65.96132883685468,
            "cholec80_video48": 77.95361310071242
        }
    },
    "Endoscapes": {
        "mAP": 48.4668591839111,
        "mAP_EMA": 56.376213541516314,
        "mAP_per_class": {
            "C0": 51.39573553481416,
            "C1": 49.03573237821469,
            "C2": 44.969109638704445
        },
        "mAP_per_class_EMA": {
            "C0": 58.032132782050226,
            "C1": 55.715183094959784,
            "C2": 55.381324747538926
        }
    },
    "CholecT50": {
        "AP": {
            "AP_i": 92.83394113185061,
            "AP_v": 70.339297888619,
            "AP_t": 47.97998232052747,
            "AP_iv": 46.53427760103464,
            "AP_it": 46.09752721260622,
            "AP_ivt": 39.62624070036159
        },
        "AP_EMA": {
            "AP_i": 93.19756924039717,
            "AP_v": 72.70111311443083,
            "AP_t": 49.07505424402397,
            "AP_iv": 47.36226821318314,
            "AP_it": 46.75294063735411,
            "AP_ivt": 40.76973632531679
        }
    }
}