{
    "Test": false,
    "Cholec80": {
        "F1_score": 77.04159026263149,
        "F1_score_EMA": 77.96011863636733,
        "Per_video_f1": {
            "cholec80_video41": 76.73582136376031,
            "cholec80_video43": 69.09702715888093,
            "cholec80_video44": 84.49429741652182,
            "cholec80_video45": 78.94681090501592,
            "cholec80_video46": 85.66523122377944,
            "cholec80_video47": 64.80992530674862,
            "cholec80_video48": 79.54201846371338
        },
        "Per_video_f1_EMA": {
            "cholec80_video41": 79.3630277643574,
            "cholec80_video43": 71.73346110173534,
            "cholec80_video44": 82.49145180336004,
            "cholec80_video45": 84.90478019785704,
            "cholec80_video46": 82.86593440504056,
            "cholec80_video47": 64.41392264140217,
            "cholec80_video48": 79.94825254081877
        }
    },
    "Endoscapes": {
        "mAP": 52.78798236696293,
        "mAP_EMA": 53.10232360898615,
        "mAP_per_class": {
            "C0": 53.52118389810821,
            "C1": 50.87352408875857,
            "C2": 53.969239114022
        },
        "mAP_per_class_EMA": {
            "C0": 53.99521991793986,
            "C1": 51.24327417085147,
            "C2": 54.068476738167114
        }
    },
    "CholecT50": {
        "AP": {
            "AP_i": 92.07842260095079,
            "AP_v": 68.27975358542137,
            "AP_t": 48.748977901819934,
            "AP_iv": 45.828801877703036,
            "AP_it": 49.32682684854915,
            "AP_ivt": 41.78132071891514
        },
        "AP_EMA": {
            "AP_i": 92.59134033904532,
            "AP_v": 71.13685880117033,
            "AP_t": 50.33312358376362,
            "AP_iv": 45.425805234526926,
            "AP_it": 49.065880127945974,
            "AP_ivt": 42.70782134642664
        }
    }
}