{
    "Test": false,
    "Cholec80": {
        "F1_score": 76.68048497646211,
        "F1_score_EMA": 76.90669535886143,
        "Per_video_f1": {
            "cholec80_video41": 77.41357557106753,
            "cholec80_video43": 68.19149375571466,
            "cholec80_video44": 87.34492904125709,
            "cholec80_video45": 81.32513549416228,
            "cholec80_video46": 84.21689911970545,
            "cholec80_video47": 60.98831263345216,
            "cholec80_video48": 77.28304921987561
        },
        "Per_video_f1_EMA": {
            "cholec80_video41": 78.11597739493062,
            "cholec80_video43": 72.33003229284577,
            "cholec80_video44": 84.45667879518429,
            "cholec80_video45": 77.09577517718573,
            "cholec80_video46": 83.16321640011661,
            "cholec80_video47": 64.61719229054769,
            "cholec80_video48": 78.56799516121926
        }
    },
    "Endoscapes": {
        "mAP": 51.151471533400056,
        "mAP_EMA": 52.57430425038246,
        "mAP_per_class": {
            "C0": 52.32572208832589,
            "C1": 53.789635982767884,
            "C2": 47.339056529106394
        },
        "mAP_per_class_EMA": {
            "C0": 54.20623702595315,
            "C1": 51.351798229656545,
            "C2": 52.16487749553769
        }
    },
    "CholecT50": {
        "AP": {
            "AP_i": 94.44355997795621,
            "AP_v": 71.35344776289134,
            "AP_t": 48.18250833032163,
            "AP_iv": 47.32739505754827,
            "AP_it": 47.22173027301424,
            "AP_ivt": 40.957442652934645
        },
        "AP_EMA": {
            "AP_i": 92.39438038605995,
            "AP_v": 70.03468145095962,
            "AP_t": 49.75323987294954,
            "AP_iv": 46.01249180358209,
            "AP_it": 46.645605438346614,
            "AP_ivt": 41.32237721799603
        }
    }
}