{
    "Test": false,
    "Cholec80": {
        "F1_score": 77.98306531780636,
        "F1_score_EMA": 78.34289079280998,
        "Per_video_f1": {
            "cholec80_video41": 77.68662542220731,
            "cholec80_video43": 70.5665911042612,
            "cholec80_video44": 89.21272556459708,
            "cholec80_video45": 81.09565895650691,
            "cholec80_video46": 83.40679644765375,
            "cholec80_video47": 63.19412521439397,
            "cholec80_video48": 80.71893451502436
        },
        "Per_video_f1_EMA": {
            "cholec80_video41": 79.00274963557479,
            "cholec80_video43": 72.39276668031238,
            "cholec80_video44": 86.63330141974008,
            "cholec80_video45": 80.36420053302237,
            "cholec80_video46": 84.81406513436502,
            "cholec80_video47": 63.96818842814095,
            "cholec80_video48": 81.22496371851432
        }
    },
    "Endoscapes": {
        "mAP": 53.02802765831037,
        "mAP_EMA": 54.01660588554576,
        "mAP_per_class": {
            "C0": 57.633611867706556,
            "C1": 51.35456751365317,
            "C2": 50.09590359357139
        },
        "mAP_per_class_EMA": {
            "C0": 55.99339483962087,
            "C1": 52.799939405551775,
            "C2": 53.25648341146463
        }
    },
    "CholecT50": {
        "AP": {
            "AP_i": 93.04389959834857,
            "AP_v": 69.50004631660408,
            "AP_t": 49.004176959481136,
            "AP_iv": 46.17030205944468,
            "AP_it": 48.7105622747111,
            "AP_ivt": 41.12910910131759
        },
        "AP_EMA": {
            "AP_i": 94.05755403609673,
            "AP_v": 71.57297131747853,
            "AP_t": 49.84938332791003,
            "AP_iv": 47.29951860323167,
            "AP_it": 48.11698449005038,
            "AP_ivt": 41.83188651339993
        }
    }
}