{
    "Test": false,
    "Cholec80": {
        "F1_score": 75.78725408240292,
        "F1_score_EMA": 78.75643491576382,
        "Per_video_f1": {
            "cholec80_video41": 80.39286178584247,
            "cholec80_video43": 67.02526567683161,
            "cholec80_video44": 81.00274770143571,
            "cholec80_video45": 73.66408979579587,
            "cholec80_video46": 80.34222243689129,
            "cholec80_video47": 67.90553957505323,
            "cholec80_video48": 80.17805160497026
        },
        "Per_video_f1_EMA": {
            "cholec80_video41": 78.63463088303718,
            "cholec80_video43": 69.92372616096722,
            "cholec80_video44": 85.81491690838854,
            "cholec80_video45": 82.35840128192427,
            "cholec80_video46": 84.60462162529285,
            "cholec80_video47": 67.6583998047268,
            "cholec80_video48": 82.3003477460099
        }
    },
    "Endoscapes": {
        "mAP": 50.971214672835735,
        "mAP_EMA": 54.150089968685506,
        "mAP_per_class": {
            "C0": 54.16097847024921,
            "C1": 52.789337596288824,
            "C2": 45.96332795196916
        },
        "mAP_per_class_EMA": {
            "C0": 55.584882735685106,
            "C1": 55.063388065037245,
            "C2": 51.801999105334176
        }
    },
    "CholecT50": {
        "AP": {
            "AP_i": 89.71578815704838,
            "AP_v": 62.83198798735314,
            "AP_t": 45.99419493405172,
            "AP_iv": 40.30167538833925,
            "AP_it": 44.78037234474314,
            "AP_ivt": 36.49216648760242
        },
        "AP_EMA": {
            "AP_i": 93.33054556220885,
            "AP_v": 71.07432934680493,
            "AP_t": 49.06301660850658,
            "AP_iv": 46.04695220690533,
            "AP_it": 49.2322851504177,
            "AP_ivt": 41.64170769147182
        }
    }
}