{
    "Test": false,
    "Cholec80": {
        "F1_score": 77.07451774273584,
        "F1_score_EMA": 70.98089050418079,
        "Per_video_f1": {
            "cholec80_video41": 78.06654501927343,
            "cholec80_video43": 69.28088634759459,
            "cholec80_video44": 86.76768130905616,
            "cholec80_video45": 79.07420017011104,
            "cholec80_video46": 83.28735580862585,
            "cholec80_video47": 64.02296008966421,
            "cholec80_video48": 79.0219954548256
        },
        "Per_video_f1_EMA": {
            "cholec80_video41": 70.09327985958464,
            "cholec80_video43": 69.184388565329,
            "cholec80_video44": 76.03547716850002,
            "cholec80_video45": 68.09980055744512,
            "cholec80_video46": 75.18861252023842,
            "cholec80_video47": 67.46146171964966,
            "cholec80_video48": 70.80321313851866
        }
    },
    "Endoscapes": {
        "mAP": 52.27856880572715,
        "mAP_EMA": 46.825085079757855,
        "mAP_per_class": {
            "C0": 52.7057997223343,
            "C1": 51.302023756574435,
            "C2": 52.82788293827271
        },
        "mAP_per_class_EMA": {
            "C0": 46.13561418073233,
            "C1": 47.137873669829446,
            "C2": 47.201767388711794
        }
    },
    "CholecT50": {
        "AP": {
            "AP_i": 91.92098819174491,
            "AP_v": 64.19090220480288,
            "AP_t": 47.51511888603722,
            "AP_iv": 42.82226968383416,
            "AP_it": 45.84835399478007,
            "AP_ivt": 40.16609109168734
        },
        "AP_EMA": {
            "AP_i": 85.07736622190123,
            "AP_v": 60.31021937268237,
            "AP_t": 48.14202194693246,
            "AP_iv": 39.27425721744648,
            "AP_it": 41.561923303130044,
            "AP_ivt": 35.82544123787715
        }
    }
}