{
    "Test": false,
    "Cholec80": {
        "F1_score": 75.44654610654982,
        "F1_score_EMA": 23.033169701700917,
        "Per_video_f1": {
            "cholec80_video41": 76.160546886656,
            "cholec80_video43": 70.92312074359758,
            "cholec80_video44": 81.94157508942943,
            "cholec80_video45": 80.28892753666955,
            "cholec80_video46": 78.81242119243402,
            "cholec80_video47": 62.581606645876484,
            "cholec80_video48": 77.41762465118572
        },
        "Per_video_f1_EMA": {
            "cholec80_video41": 20.806856800911625,
            "cholec80_video43": 20.278309070618786,
            "cholec80_video44": 34.581740438802115,
            "cholec80_video45": 22.898868729374346,
            "cholec80_video46": 15.355535971427864,
            "cholec80_video47": 15.90663086206508,
            "cholec80_video48": 31.404246038706614
        }
    },
    "Endoscapes": {
        "mAP": 47.195000438439266,
        "mAP_EMA": 21.72622178149754,
        "mAP_per_class": {
            "C0": 48.641749773303665,
            "C1": 47.994533442341705,
            "C2": 44.94871809967242
        },
        "mAP_per_class_EMA": {
            "C0": 23.899479993438995,
            "C1": 18.61463049843699,
            "C2": 22.664554852616636
        }
    },
    "CholecT50": {
        "AP": {
            "AP_i": 93.66026643854651,
            "AP_v": 70.84776388209924,
            "AP_t": 49.324296471815245,
            "AP_iv": 44.96892750337589,
            "AP_it": 45.44240402039049,
            "AP_ivt": 39.15156435541232
        },
        "AP_EMA": {
            "AP_i": 48.5056890342212,
            "AP_v": 32.64805082376873,
            "AP_t": 28.574406362318346,
            "AP_iv": 20.07485856798296,
            "AP_it": 18.97582964085906,
            "AP_ivt": 15.455215040733378
        }
    }
}