{
    "Test": false,
    "Cholec80": {
        "F1_score": 77.43791278032296,
        "F1_score_EMA": 78.63297556108671,
        "Per_video_f1": {
            "cholec80_video41": 80.36041156481589,
            "cholec80_video43": 62.91525960980625,
            "cholec80_video44": 88.89855087956116,
            "cholec80_video45": 84.19657134737682,
            "cholec80_video46": 82.54098185314935,
            "cholec80_video47": 63.99589585717899,
            "cholec80_video48": 79.15771835037228
        },
        "Per_video_f1_EMA": {
            "cholec80_video41": 78.37497143557582,
            "cholec80_video43": 70.56969096326443,
            "cholec80_video44": 88.83060070918853,
            "cholec80_video45": 82.24005832106054,
            "cholec80_video46": 84.93966189776323,
            "cholec80_video47": 63.05405656951749,
            "cholec80_video48": 82.4217890312369
        }
    },
    "Endoscapes": {
        "mAP": 50.636022422358,
        "mAP_EMA": 55.49786877800602,
        "mAP_per_class": {
            "C0": 55.22898686803255,
            "C1": 51.008206430040445,
            "C2": 45.67087396900102
        },
        "mAP_per_class_EMA": {
            "C0": 57.036421513545385,
            "C1": 55.899994220035445,
            "C2": 53.55719060043723
        }
    },
    "CholecT50": {
        "AP": {
            "AP_i": 90.85052246860317,
            "AP_v": 66.8612571705714,
            "AP_t": 45.24363477630969,
            "AP_iv": 43.872151208856394,
            "AP_it": 45.160879059198194,
            "AP_ivt": 38.65355287227937
        },
        "AP_EMA": {
            "AP_i": 93.58023540900994,
            "AP_v": 71.70627165670422,
            "AP_t": 49.620331240730806,
            "AP_iv": 47.92505016472114,
            "AP_it": 47.44374811327249,
            "AP_ivt": 40.95253329955145
        }
    }
}