{
    "Test": true,
    "Cholec80": {
        "F1_score": 74.48549584737786,
        "F1_score_EMA": null,
        "Per_video_f1": {
            "cholec80_video51": 81.39134302486785,
            "cholec80_video53": 78.04863795675196,
            "cholec80_video54": 77.74405250498208,
            "cholec80_video55": 84.73320664989691,
            "cholec80_video58": 61.049620712678475,
            "cholec80_video59": 86.78978679570359,
            "cholec80_video61": 70.43249321640069,
            "cholec80_video63": 68.64031059091424,
            "cholec80_video64": 79.9357339698817,
            "cholec80_video69": 83.9175019831718,
            "cholec80_video73": 87.50838585042197,
            "cholec80_video74": 65.60194013701842,
            "cholec80_video76": 74.84496513759528,
            "cholec80_video77": 79.25011355073826,
            "cholec80_video80": 37.394345629644604
        },
        "Per_video_f1_EMA": null
    },
    "Endoscapes": {
        "mAP": 57.79848136887573,
        "mAP_EMA": null,
        "mAP_per_class": {
            "C0": 54.6088937048963,
            "C1": 48.19965877992952,
            "C2": 70.58689162180136
        },
        "mAP_per_class_EMA": null
    },
    "CholecT50": {
        "AP": {
            "AP_i": 88.25912116512872,
            "AP_v": 63.50224302423825,
            "AP_t": 45.23883211250636,
            "AP_iv": 40.35205568390997,
            "AP_it": 36.13475689710278,
            "AP_ivt": 30.077261071767698
        },
        "AP_EMA": null
    }
}