{
    "Test": false,
    "Cholec80": {
        "F1_score": 77.71810424928019,
        "F1_score_EMA": 78.77943197778657,
        "Per_video_f1": {
            "cholec80_video41": 75.64143747832098,
            "cholec80_video43": 73.02000022450405,
            "cholec80_video44": 85.11372768527272,
            "cholec80_video45": 78.89675817631453,
            "cholec80_video46": 82.24010782077312,
            "cholec80_video47": 67.28142209461492,
            "cholec80_video48": 81.83327626516102
        },
        "Per_video_f1_EMA": {
            "cholec80_video41": 77.76346222472111,
            "cholec80_video43": 70.32558686661913,
            "cholec80_video44": 86.37826268642264,
            "cholec80_video45": 81.22121005405853,
            "cholec80_video46": 85.11218885707649,
            "cholec80_video47": 67.67426688710617,
            "cholec80_video48": 82.98104626850193
        }
    },
    "Endoscapes": {
        "mAP": 50.19552845570599,
        "mAP_EMA": 53.29727208071621,
        "mAP_per_class": {
            "C0": 50.839456089139546,
            "C1": 48.4337871759997,
            "C2": 51.31334210197873
        },
        "mAP_per_class_EMA": {
            "C0": 53.57235920168285,
            "C1": 54.20283228429078,
            "C2": 52.116624756175
        }
    },
    "CholecT50": {
        "AP": {
            "AP_i": 89.74510940677719,
            "AP_v": 68.3970554344367,
            "AP_t": 45.575031245651886,
            "AP_iv": 42.93648174589416,
            "AP_it": 39.161919395569335,
            "AP_ivt": 33.07482552122991
        },
        "AP_EMA": {
            "AP_i": 91.96550059464607,
            "AP_v": 68.42222947336369,
            "AP_t": 47.038698118636866,
            "AP_iv": 43.58794107094893,
            "AP_it": 42.994699856481226,
            "AP_ivt": 35.925176970467355
        }
    }
}