{
    "Test": false,
    "Cholec80": {
        "F1_score": 77.56899935143876,
        "F1_score_EMA": 78.48856313137014,
        "Per_video_f1": {
            "cholec80_video41": 77.4678992788469,
            "cholec80_video43": 66.91913985205184,
            "cholec80_video44": 85.34823489274615,
            "cholec80_video45": 85.17746309771246,
            "cholec80_video46": 79.0963677626294,
            "cholec80_video47": 67.82750259806336,
            "cholec80_video48": 81.14638797802127
        },
        "Per_video_f1_EMA": {
            "cholec80_video41": 75.22737703997296,
            "cholec80_video43": 72.4289194701255,
            "cholec80_video44": 86.01754466075184,
            "cholec80_video45": 83.84667917902766,
            "cholec80_video46": 83.50072836171185,
            "cholec80_video47": 66.9448285380116,
            "cholec80_video48": 81.45386466998957
        }
    },
    "Endoscapes": {
        "mAP": 49.92748583123909,
        "mAP_EMA": 52.62381515748368,
        "mAP_per_class": {
            "C0": 54.40159545665162,
            "C1": 48.51412398623522,
            "C2": 46.86673805083042
        },
        "mAP_per_class_EMA": {
            "C0": 54.457977638972764,
            "C1": 53.209383300111746,
            "C2": 50.20408453336655
        }
    },
    "CholecT50": {
        "AP": {
            "AP_i": 91.26798717525469,
            "AP_v": 64.28000495924063,
            "AP_t": 45.64168704658877,
            "AP_iv": 43.82675877983598,
            "AP_it": 41.06091922143344,
            "AP_ivt": 34.01676415897696
        },
        "AP_EMA": {
            "AP_i": 92.87886491806523,
            "AP_v": 70.18551111217269,
            "AP_t": 49.12234514259547,
            "AP_iv": 47.2127977290426,
            "AP_it": 46.51054377741813,
            "AP_ivt": 38.88855993425332
        }
    }
}