{
    "Test": false,
    "Cholec80": {
        "F1_score": 77.38725202800025,
        "F1_score_EMA": 79.00005545000353,
        "Per_video_f1": {
            "cholec80_video41": 72.92473443632107,
            "cholec80_video43": 67.67720143417958,
            "cholec80_video44": 86.04073121638825,
            "cholec80_video45": 83.29107632672354,
            "cholec80_video46": 82.69134096019964,
            "cholec80_video47": 68.15429403668408,
            "cholec80_video48": 80.93138578550558
        },
        "Per_video_f1_EMA": {
            "cholec80_video41": 76.32364172768416,
            "cholec80_video43": 74.92862828465644,
            "cholec80_video44": 86.37204580278582,
            "cholec80_video45": 85.01373132296308,
            "cholec80_video46": 84.86835337924228,
            "cholec80_video47": 65.6812868791031,
            "cholec80_video48": 79.81270075358981
        }
    },
    "Endoscapes": {
        "mAP": 51.866835576672436,
        "mAP_EMA": 56.46920254323168,
        "mAP_per_class": {
            "C0": 54.625011627978935,
            "C1": 55.063196514902515,
            "C2": 45.91229858713585
        },
        "mAP_per_class_EMA": {
            "C0": 58.653055343060714,
            "C1": 56.16365406405356,
            "C2": 54.590898222580776
        }
    },
    "CholecT50": {
        "AP": {
            "AP_i": 92.54473989527253,
            "AP_v": 70.6583193455537,
            "AP_t": 48.182289026391786,
            "AP_iv": 47.61747692089835,
            "AP_it": 45.64596009368518,
            "AP_ivt": 38.814056954791525
        },
        "AP_EMA": {
            "AP_i": 93.76918692028711,
            "AP_v": 72.92715125751394,
            "AP_t": 49.63761248206072,
            "AP_iv": 48.25520584077707,
            "AP_it": 48.465804735494984,
            "AP_ivt": 41.76497202133019
        }
    }
}