{
    "Test": false,
    "Cholec80": {
        "F1_score": 75.12725788535504,
        "F1_score_EMA": 78.35839741877649,
        "Per_video_f1": {
            "cholec80_video41": 69.14046111831198,
            "cholec80_video43": 73.94559641995528,
            "cholec80_video44": 84.30245277265593,
            "cholec80_video45": 77.97354072715892,
            "cholec80_video46": 81.60593211513077,
            "cholec80_video47": 60.81990220378025,
            "cholec80_video48": 78.10291984049213
        },
        "Per_video_f1_EMA": {
            "cholec80_video41": 75.10532860095867,
            "cholec80_video43": 71.59623438297514,
            "cholec80_video44": 86.65335215147077,
            "cholec80_video45": 83.35217169620249,
            "cholec80_video46": 84.58304692642868,
            "cholec80_video47": 66.50764389532762,
            "cholec80_video48": 80.71100427807204
        }
    },
    "Endoscapes": {
        "mAP": 52.77831994409707,
        "mAP_EMA": 55.13744287576071,
        "mAP_per_class": {
            "C0": 56.333102747820796,
            "C1": 51.61725544071475,
            "C2": 50.384601643755666
        },
        "mAP_per_class_EMA": {
            "C0": 58.132285855645016,
            "C1": 55.292380090844325,
            "C2": 51.9876626807928
        }
    },
    "CholecT50": {
        "AP": {
            "AP_i": 91.36025943208159,
            "AP_v": 64.85113413054006,
            "AP_t": 47.536548666741695,
            "AP_iv": 46.17682269741563,
            "AP_it": 45.62164287616439,
            "AP_ivt": 38.26836702081732
        },
        "AP_EMA": {
            "AP_i": 93.63541846825318,
            "AP_v": 69.58217588398597,
            "AP_t": 49.77914373871269,
            "AP_iv": 47.525849788007555,
            "AP_it": 48.19875314545668,
            "AP_ivt": 40.20519064652669
        }
    }
}