{
    "Test": false,
    "Cholec80": {
        "F1_score": 77.19260165436883,
        "F1_score_EMA": 34.30162788091803,
        "Per_video_f1": {
            "cholec80_video41": 76.80097750064424,
            "cholec80_video43": 73.63899916274652,
            "cholec80_video44": 86.08429517728113,
            "cholec80_video45": 81.63658659620387,
            "cholec80_video46": 79.88514401468414,
            "cholec80_video47": 62.39297984174199,
            "cholec80_video48": 79.90922928727994
        },
        "Per_video_f1_EMA": {
            "cholec80_video41": 45.34691548704753,
            "cholec80_video43": 30.424935739509323,
            "cholec80_video44": 39.9158758832696,
            "cholec80_video45": 36.73247826724751,
            "cholec80_video46": 24.53216141979592,
            "cholec80_video47": 30.523819947059465,
            "cholec80_video48": 32.63520842249687
        }
    },
    "Endoscapes": {
        "mAP": 51.774814034591955,
        "mAP_EMA": 37.08772941299275,
        "mAP_per_class": {
            "C0": 52.46747700922955,
            "C1": 50.758345032350405,
            "C2": 52.09862006219592
        },
        "mAP_per_class_EMA": {
            "C0": 34.63030008263948,
            "C1": 39.14776948805036,
            "C2": 37.48511866828841
        }
    },
    "CholecT50": {
        "AP": {
            "AP_i": 93.82416395631658,
            "AP_v": 68.06115667345448,
            "AP_t": 48.010711296401794,
            "AP_iv": 44.97772266406234,
            "AP_it": 46.08802576501159,
            "AP_ivt": 38.911730469419695
        },
        "AP_EMA": {
            "AP_i": 62.022662131978194,
            "AP_v": 47.29223556133605,
            "AP_t": 37.126116385564075,
            "AP_iv": 28.80462420208519,
            "AP_it": 27.95521783112998,
            "AP_ivt": 24.00750668646764
        }
    }
}