{
    "Test": false,
    "Cholec80": {
        "F1_score": 76.2115330182946,
        "F1_score_EMA": 78.56002916175693,
        "Per_video_f1": {
            "cholec80_video41": 76.14692004592055,
            "cholec80_video43": 64.9809882687868,
            "cholec80_video44": 84.61038157296713,
            "cholec80_video45": 81.21693700247506,
            "cholec80_video46": 80.67394041772947,
            "cholec80_video47": 66.59900327325843,
            "cholec80_video48": 79.25256054692478
        },
        "Per_video_f1_EMA": {
            "cholec80_video41": 78.04733188853082,
            "cholec80_video43": 67.878800023584,
            "cholec80_video44": 89.84760641750302,
            "cholec80_video45": 83.07075975960232,
            "cholec80_video46": 83.79100867977941,
            "cholec80_video47": 64.0321602954781,
            "cholec80_video48": 83.25253706782082
        }
    },
    "Endoscapes": {
        "mAP": 47.89335741933595,
        "mAP_EMA": 54.6717522339294,
        "mAP_per_class": {
            "C0": 52.33235325061385,
            "C1": 49.6203729008333,
            "C2": 41.727346106560695
        },
        "mAP_per_class_EMA": {
            "C0": 55.830008183161404,
            "C1": 56.82133913600336,
            "C2": 51.363909382623454
        }
    },
    "CholecT50": {
        "AP": {
            "AP_i": 89.70419241803715,
            "AP_v": 64.69368001781052,
            "AP_t": 45.9365420919402,
            "AP_iv": 42.375410653696825,
            "AP_it": 41.892095069708546,
            "AP_ivt": 34.799982934439235
        },
        "AP_EMA": {
            "AP_i": 92.20417730620659,
            "AP_v": 68.02256967967115,
            "AP_t": 48.569865060053225,
            "AP_iv": 46.26630970002325,
            "AP_it": 45.61372460125918,
            "AP_ivt": 39.05517579221637
        }
    }
}