{
    "Test": false,
    "Cholec80": {
        "F1_score": 75.60759378599775,
        "F1_score_EMA": 78.1584944424597,
        "Per_video_f1": {
            "cholec80_video41": 77.38264703544954,
            "cholec80_video43": 65.6750159046825,
            "cholec80_video44": 86.45397697011302,
            "cholec80_video45": 79.98507064710262,
            "cholec80_video46": 76.78635814781593,
            "cholec80_video47": 63.44356519462613,
            "cholec80_video48": 79.52652260219453
        },
        "Per_video_f1_EMA": {
            "cholec80_video41": 77.59839053290848,
            "cholec80_video43": 67.44027157755734,
            "cholec80_video44": 89.24679440399085,
            "cholec80_video45": 83.32316957530948,
            "cholec80_video46": 82.64091727906957,
            "cholec80_video47": 64.07220590716103,
            "cholec80_video48": 82.78771182122115
        }
    },
    "Endoscapes": {
        "mAP": 47.83826453875712,
        "mAP_EMA": 52.49033596585495,
        "mAP_per_class": {
            "C0": 50.17530830568735,
            "C1": 50.16994952449119,
            "C2": 43.16953578609282
        },
        "mAP_per_class_EMA": {
            "C0": 53.70694888045422,
            "C1": 54.855187959983034,
            "C2": 48.90887105712761
        }
    },
    "CholecT50": {
        "AP": {
            "AP_i": 88.73887819150332,
            "AP_v": 61.4475705587054,
            "AP_t": 46.13022944265037,
            "AP_iv": 39.432843743337074,
            "AP_it": 41.71550398334771,
            "AP_ivt": 34.00295290403179
        },
        "AP_EMA": {
            "AP_i": 91.52513461687913,
            "AP_v": 67.9910402511334,
            "AP_t": 48.231707217951914,
            "AP_iv": 44.36775598856398,
            "AP_it": 44.29516339087985,
            "AP_ivt": 37.40001125574585
        }
    }
}