{
    "Test": false,
    "Cholec80": {
        "F1_score": 76.0525022374546,
        "F1_score_EMA": 78.80399378223233,
        "Per_video_f1": {
            "cholec80_video41": 79.64804562501652,
            "cholec80_video43": 69.49953712078492,
            "cholec80_video44": 81.52595557234983,
            "cholec80_video45": 79.81870884389535,
            "cholec80_video46": 78.23304451464094,
            "cholec80_video47": 62.634834583540275,
            "cholec80_video48": 81.00738940195443
        },
        "Per_video_f1_EMA": {
            "cholec80_video41": 80.52004975987317,
            "cholec80_video43": 72.16043633964075,
            "cholec80_video44": 86.95102812626499,
            "cholec80_video45": 85.06151629324891,
            "cholec80_video46": 83.99073482871843,
            "cholec80_video47": 63.010474152326466,
            "cholec80_video48": 79.93371697555351
        }
    },
    "Endoscapes": {
        "mAP": 48.57615281833938,
        "mAP_EMA": 50.63690517726289,
        "mAP_per_class": {
            "C0": 47.88918376031981,
            "C1": 50.60678531939053,
            "C2": 47.23248937530781
        },
        "mAP_per_class_EMA": {
            "C0": 52.044605473308636,
            "C1": 49.681706818602386,
            "C2": 50.18440323987764
        }
    },
    "CholecT50": {
        "AP": {
            "AP_i": 91.22078605940476,
            "AP_v": 64.40672029657506,
            "AP_t": 46.766698876610846,
            "AP_iv": 40.87317860911283,
            "AP_it": 42.31919984093924,
            "AP_ivt": 35.61592631380767
        },
        "AP_EMA": {
            "AP_i": 93.18222927023858,
            "AP_v": 66.09285776073017,
            "AP_t": 49.63439593020023,
            "AP_iv": 43.72996426879922,
            "AP_it": 47.48275904344606,
            "AP_ivt": 40.35545812849047
        }
    }
}