{
    "Test": false,
    "Cholec80": {
        "F1_score": 74.89550358787098,
        "F1_score_EMA": 72.85998870420298,
        "Per_video_f1": {
            "cholec80_video41": 76.33979271930824,
            "cholec80_video43": 68.74549191130137,
            "cholec80_video44": 83.19999721771941,
            "cholec80_video45": 79.71655974847465,
            "cholec80_video46": 79.95715001245514,
            "cholec80_video47": 62.340685887560156,
            "cholec80_video48": 73.96884761827785
        },
        "Per_video_f1_EMA": {
            "cholec80_video41": 71.48926488023947,
            "cholec80_video43": 71.53822670804114,
            "cholec80_video44": 75.42164714641925,
            "cholec80_video45": 77.78722995183047,
            "cholec80_video46": 76.59972211302012,
            "cholec80_video47": 65.80826140745091,
            "cholec80_video48": 71.37556872241952
        }
    },
    "Endoscapes": {
        "mAP": 49.91211114527787,
        "mAP_EMA": 42.04256826096104,
        "mAP_per_class": {
            "C0": 51.47595313994089,
            "C1": 51.61490166974892,
            "C2": 46.6454786261438
        },
        "mAP_per_class_EMA": {
            "C0": 40.90529819138419,
            "C1": 40.04294038978906,
            "C2": 45.17946620170988
        }
    },
    "CholecT50": {
        "AP": {
            "AP_i": 92.59809013600562,
            "AP_v": 65.11878282549758,
            "AP_t": 49.16957185697557,
            "AP_iv": 42.61407702037034,
            "AP_it": 49.03372832879218,
            "AP_ivt": 40.26861652305493
        },
        "AP_EMA": {
            "AP_i": 89.73657334564625,
            "AP_v": 63.30693636384539,
            "AP_t": 48.01877033515856,
            "AP_iv": 40.487666331514276,
            "AP_it": 41.51478374389925,
            "AP_ivt": 37.13112623538995
        }
    }
}