{
    "Test": false,
    "Cholec80": {
        "F1_score": 76.45898145897056,
        "F1_score_EMA": 77.66623663834287,
        "Per_video_f1": {
            "cholec80_video41": 77.65674754111245,
            "cholec80_video43": 69.6603936025152,
            "cholec80_video44": 83.06804761477711,
            "cholec80_video45": 78.7530972275876,
            "cholec80_video46": 82.84898585471187,
            "cholec80_video47": 62.514187010331476,
            "cholec80_video48": 80.71141136175822
        },
        "Per_video_f1_EMA": {
            "cholec80_video41": 78.02856686284495,
            "cholec80_video43": 67.94884102858848,
            "cholec80_video44": 86.43085239827448,
            "cholec80_video45": 82.05518337053095,
            "cholec80_video46": 84.06085692606679,
            "cholec80_video47": 64.23835378676618,
            "cholec80_video48": 80.90100209532827
        }
    },
    "Endoscapes": {
        "mAP": 47.49185729262095,
        "mAP_EMA": 52.01225329131383,
        "mAP_per_class": {
            "C0": 47.832128719122316,
            "C1": 49.16321945345285,
            "C2": 45.480223705287685
        },
        "mAP_per_class_EMA": {
            "C0": 52.64155338031776,
            "C1": 52.209844342860755,
            "C2": 51.18536215076299
        }
    },
    "CholecT50": {
        "AP": {
            "AP_i": 88.88859431789813,
            "AP_v": 64.5239213238115,
            "AP_t": 47.32562253248575,
            "AP_iv": 39.202066485917946,
            "AP_it": 40.71452900513644,
            "AP_ivt": 33.88155024976643
        },
        "AP_EMA": {
            "AP_i": 92.87465619701781,
            "AP_v": 70.19766516578078,
            "AP_t": 48.93231545733159,
            "AP_iv": 45.5590326240763,
            "AP_it": 45.656261647966836,
            "AP_ivt": 37.91149643269567
        }
    }
}