{
    "Test": false,
    "Cholec80": {
        "F1_score": 75.51133799743057,
        "F1_score_EMA": 78.71285006642997,
        "Per_video_f1": {
            "cholec80_video41": 75.96237137320566,
            "cholec80_video43": 69.16867552384726,
            "cholec80_video44": 84.24682131420927,
            "cholec80_video45": 77.75997409544176,
            "cholec80_video46": 82.94534304627192,
            "cholec80_video47": 62.81221345675954,
            "cholec80_video48": 75.68396717227861
        },
        "Per_video_f1_EMA": {
            "cholec80_video41": 76.03576676881642,
            "cholec80_video43": 71.73602947322823,
            "cholec80_video44": 86.13856590109215,
            "cholec80_video45": 83.30370935850631,
            "cholec80_video46": 84.625344309676,
            "cholec80_video47": 67.27924474297413,
            "cholec80_video48": 81.87128991071654
        }
    },
    "Endoscapes": {
        "mAP": 48.73344462681936,
        "mAP_EMA": 54.60052126520245,
        "mAP_per_class": {
            "C0": 51.92196498977301,
            "C1": 49.4337761342592,
            "C2": 44.844592756425875
        },
        "mAP_per_class_EMA": {
            "C0": 57.31505794867006,
            "C1": 54.59797193821895,
            "C2": 51.88853390871835
        }
    },
    "CholecT50": {
        "AP": {
            "AP_i": 91.75783272589227,
            "AP_v": 67.97982023163307,
            "AP_t": 47.20990322051177,
            "AP_iv": 44.81846798952576,
            "AP_it": 44.56036185375026,
            "AP_ivt": 37.343554417713584
        },
        "AP_EMA": {
            "AP_i": 93.21557398917902,
            "AP_v": 71.42855104836839,
            "AP_t": 49.196272956943275,
            "AP_iv": 48.131157183392574,
            "AP_it": 47.00056630070903,
            "AP_ivt": 39.75727654516574
        }
    }
}