{
    "Test": false,
    "Cholec80": {
        "F1_score": 74.7652136626303,
        "F1_score_EMA": 77.70575714153402,
        "Per_video_f1": {
            "cholec80_video41": 75.03564283598442,
            "cholec80_video43": 65.9185949250855,
            "cholec80_video44": 83.28044858582211,
            "cholec80_video45": 76.62779606857796,
            "cholec80_video46": 82.0694377820539,
            "cholec80_video47": 62.52038505629896,
            "cholec80_video48": 77.9041903845893
        },
        "Per_video_f1_EMA": {
            "cholec80_video41": 77.94307282381105,
            "cholec80_video43": 68.05891999615069,
            "cholec80_video44": 86.46319176551062,
            "cholec80_video45": 82.30442622024155,
            "cholec80_video46": 84.42573317203423,
            "cholec80_video47": 63.801443076553596,
            "cholec80_video48": 80.94351293643646
        }
    },
    "Endoscapes": {
        "mAP": 49.936546890645,
        "mAP_EMA": 52.299967756872626,
        "mAP_per_class": {
            "C0": 52.583092252294385,
            "C1": 51.55053330034792,
            "C2": 45.67601511929269
        },
        "mAP_per_class_EMA": {
            "C0": 52.97596537597188,
            "C1": 51.84707052851066,
            "C2": 52.076867366135325
        }
    },
    "CholecT50": {
        "AP": {
            "AP_i": 89.65053188577134,
            "AP_v": 65.08851495215377,
            "AP_t": 45.780221206100606,
            "AP_iv": 42.579908616756356,
            "AP_it": 46.02547353799646,
            "AP_ivt": 37.85249456392098
        },
        "AP_EMA": {
            "AP_i": 93.15424845084142,
            "AP_v": 70.3703785360576,
            "AP_t": 48.86822131918488,
            "AP_iv": 46.10947429658398,
            "AP_it": 47.09798881043323,
            "AP_ivt": 38.965213918789196
        }
    }
}