{
    "Test": true,
    "Cholec80": {
        "F1_score": 71.39245821926495,
        "F1_score_EMA": null,
        "Per_video_f1": {
            "cholec80_video51": 74.56485739809399,
            "cholec80_video53": 73.14110293206598,
            "cholec80_video54": 71.58408694302511,
            "cholec80_video55": 83.20996531311422,
            "cholec80_video58": 51.05506412952737,
            "cholec80_video59": 84.72802468334916,
            "cholec80_video61": 68.34026171747584,
            "cholec80_video63": 70.85578377133089,
            "cholec80_video64": 80.54334312600078,
            "cholec80_video69": 78.21002153736755,
            "cholec80_video73": 82.03655235373051,
            "cholec80_video74": 60.89061072541986,
            "cholec80_video76": 72.29925824488258,
            "cholec80_video77": 78.2684248119425,
            "cholec80_video80": 41.15951560164791
        },
        "Per_video_f1_EMA": null
    },
    "Endoscapes": {
        "mAP": 51.81599628472693,
        "mAP_EMA": null,
        "mAP_per_class": {
            "C0": 50.65703434625151,
            "C1": 41.23778873317942,
            "C2": 63.55316577474986
        },
        "mAP_per_class_EMA": null
    },
    "CholecT50": {
        "AP": {
            "AP_i": 88.03972451774598,
            "AP_v": 63.67695164215928,
            "AP_t": 43.6522830303811,
            "AP_iv": 39.99776306023106,
            "AP_it": 37.21791263364287,
            "AP_ivt": 31.1173276747984
        },
        "AP_EMA": null
    }
}