{
    "Test": true,
    "Cholec80": {
        "F1_score": 69.66182940252408,
        "F1_score_EMA": null,
        "Per_video_f1": {
            "cholec80_video51": 78.76228790408808,
            "cholec80_video53": 72.39157582164117,
            "cholec80_video54": 67.04304924138623,
            "cholec80_video55": 82.11067192806158,
            "cholec80_video58": 54.78852950133975,
            "cholec80_video59": 79.14502170941542,
            "cholec80_video61": 61.660538433261095,
            "cholec80_video63": 66.82865608614375,
            "cholec80_video64": 77.19609801915321,
            "cholec80_video69": 79.09804366824963,
            "cholec80_video73": 78.88971326990645,
            "cholec80_video74": 67.09161972747722,
            "cholec80_video76": 70.86411056091147,
            "cholec80_video77": 77.61649513376048,
            "cholec80_video80": 31.441030033065655
        },
        "Per_video_f1_EMA": null
    },
    "Endoscapes": {
        "mAP": 51.044921620074625,
        "mAP_EMA": null,
        "mAP_per_class": {
            "C0": 50.968315677992884,
            "C1": 38.65907124743799,
            "C2": 63.507377934793006
        },
        "mAP_per_class_EMA": null
    },
    "CholecT50": {
        "AP": {
            "AP_i": 89.9808400772663,
            "AP_v": 63.59883593817987,
            "AP_t": 43.803206400974425,
            "AP_iv": 40.488435960882775,
            "AP_it": 38.63415452422771,
            "AP_ivt": 31.706471493569328
        },
        "AP_EMA": null
    }
}