{
    "Test": false,
    "Cholec80": {
        "F1_score": 77.20790716144818,
        "F1_score_EMA": 78.69993618556204,
        "Per_video_f1": {
            "cholec80_video41": 75.95664134375573,
            "cholec80_video43": 70.7049320650048,
            "cholec80_video44": 84.2868017840256,
            "cholec80_video45": 77.21859675197858,
            "cholec80_video46": 81.85853332469024,
            "cholec80_video47": 68.03439498979392,
            "cholec80_video48": 82.39544987088837
        },
        "Per_video_f1_EMA": {
            "cholec80_video41": 78.32336306519434,
            "cholec80_video43": 69.51696030594002,
            "cholec80_video44": 86.89387518553536,
            "cholec80_video45": 80.74531397910707,
            "cholec80_video46": 84.36132826519656,
            "cholec80_video47": 68.1985960916624,
            "cholec80_video48": 82.8601164062985
        }
    },
    "Endoscapes": {
        "mAP": 50.237456012478674,
        "mAP_EMA": 53.36675232187449,
        "mAP_per_class": {
            "C0": 53.39253246142316,
            "C1": 47.36973373276094,
            "C2": 49.950101843251915
        },
        "mAP_per_class_EMA": {
            "C0": 53.96075660786135,
            "C1": 54.62270297402235,
            "C2": 51.516797383739785
        }
    },
    "CholecT50": {
        "AP": {
            "AP_i": 90.76078434240289,
            "AP_v": 64.2947022756128,
            "AP_t": 44.07190709131085,
            "AP_iv": 40.435295579346516,
            "AP_it": 37.87030470675779,
            "AP_ivt": 31.61157678643648
        },
        "AP_EMA": {
            "AP_i": 91.96426034639825,
            "AP_v": 68.10618269709663,
            "AP_t": 47.16832091524146,
            "AP_iv": 43.57922494465944,
            "AP_it": 43.59892503946888,
            "AP_ivt": 36.39034928516765
        }
    }
}