{
    "Test": false,
    "Cholec80": {
        "F1_score": 77.35527056798608,
        "F1_score_EMA": 78.38014489821575,
        "Per_video_f1": {
            "cholec80_video41": 75.00704290907613,
            "cholec80_video43": 66.7682122776623,
            "cholec80_video44": 82.73849467556657,
            "cholec80_video45": 82.21856956444657,
            "cholec80_video46": 86.41793776731654,
            "cholec80_video47": 68.97534917865867,
            "cholec80_video48": 79.3612876031758
        },
        "Per_video_f1_EMA": {
            "cholec80_video41": 74.57762077060943,
            "cholec80_video43": 70.40937688046172,
            "cholec80_video44": 87.13752867402145,
            "cholec80_video45": 84.05147782262007,
            "cholec80_video46": 84.47796075839088,
            "cholec80_video47": 67.03018918996997,
            "cholec80_video48": 80.9768601914367
        }
    },
    "Endoscapes": {
        "mAP": 48.41642179503164,
        "mAP_EMA": 52.39130236802801,
        "mAP_per_class": {
            "C0": 48.00708452789599,
            "C1": 50.3153784543521,
            "C2": 46.92680240284683
        },
        "mAP_per_class_EMA": {
            "C0": 53.123864683904685,
            "C1": 53.65421562693321,
            "C2": 50.39582679324614
        }
    },
    "CholecT50": {
        "AP": {
            "AP_i": 90.91046060574244,
            "AP_v": 67.17838550639927,
            "AP_t": 47.53192308085762,
            "AP_iv": 43.86394499838699,
            "AP_it": 42.900729493598675,
            "AP_ivt": 35.39775916523597
        },
        "AP_EMA": {
            "AP_i": 92.48770650022736,
            "AP_v": 68.42716829630817,
            "AP_t": 48.43722618101587,
            "AP_iv": 45.48904259083321,
            "AP_it": 45.344342767148305,
            "AP_ivt": 37.23313609637308
        }
    }
}