{
    "Test": false,
    "Cholec80": {
        "F1_score": 76.27798026311852,
        "F1_score_EMA": 78.58311164628444,
        "Per_video_f1": {
            "cholec80_video41": 72.07196834130959,
            "cholec80_video43": 70.31464845559412,
            "cholec80_video44": 86.72016900347738,
            "cholec80_video45": 80.1851258050364,
            "cholec80_video46": 82.22853919564288,
            "cholec80_video47": 61.29773533554636,
            "cholec80_video48": 81.12767570522296
        },
        "Per_video_f1_EMA": {
            "cholec80_video41": 79.49066659711652,
            "cholec80_video43": 70.64983436941178,
            "cholec80_video44": 87.80182562867392,
            "cholec80_video45": 81.47625461707445,
            "cholec80_video46": 85.65158448093412,
            "cholec80_video47": 63.20278719603186,
            "cholec80_video48": 81.80882863474844
        }
    },
    "Endoscapes": {
        "mAP": 53.79611298166785,
        "mAP_EMA": 54.790522895461834,
        "mAP_per_class": {
            "C0": 56.31258851427883,
            "C1": 55.71257953733405,
            "C2": 49.36317089339066
        },
        "mAP_per_class_EMA": {
            "C0": 56.86467703994622,
            "C1": 54.45782777192567,
            "C2": 53.049063874513614
        }
    },
    "CholecT50": {
        "AP": {
            "AP_i": 92.84950900284377,
            "AP_v": 68.37976101179865,
            "AP_t": 48.15937773171016,
            "AP_iv": 43.84722380720372,
            "AP_it": 44.39158302534884,
            "AP_ivt": 36.846439219863356
        },
        "AP_EMA": {
            "AP_i": 94.12908684857682,
            "AP_v": 72.09157131667266,
            "AP_t": 49.60981176622935,
            "AP_iv": 47.64024685885119,
            "AP_it": 47.79030750727001,
            "AP_ivt": 41.338439653965786
        }
    }
}