{
    "Test": false,
    "Cholec80": {
        "F1_score": 76.98133219950296,
        "F1_score_EMA": 78.71368296401093,
        "Per_video_f1": {
            "cholec80_video41": 78.48426713985491,
            "cholec80_video43": 67.6210950020612,
            "cholec80_video44": 85.71768821685336,
            "cholec80_video45": 84.39951442105384,
            "cholec80_video46": 82.44830241713706,
            "cholec80_video47": 62.26109129931918,
            "cholec80_video48": 77.93736690024114
        },
        "Per_video_f1_EMA": {
            "cholec80_video41": 78.48080145111396,
            "cholec80_video43": 70.17157446327218,
            "cholec80_video44": 89.21044833957342,
            "cholec80_video45": 82.66962677791744,
            "cholec80_video46": 85.02013769196913,
            "cholec80_video47": 62.829413690325154,
            "cholec80_video48": 82.61377833390524
        }
    },
    "Endoscapes": {
        "mAP": 52.4291143374518,
        "mAP_EMA": 55.70740583839532,
        "mAP_per_class": {
            "C0": 53.39001805003431,
            "C1": 54.23271754070078,
            "C2": 49.6646074216203
        },
        "mAP_per_class_EMA": {
            "C0": 57.10070598048653,
            "C1": 56.55846574800118,
            "C2": 53.46304578669824
        }
    },
    "CholecT50": {
        "AP": {
            "AP_i": 89.73617775611866,
            "AP_v": 64.97700069942843,
            "AP_t": 47.171706429055874,
            "AP_iv": 42.67903112503141,
            "AP_it": 46.826863343109885,
            "AP_ivt": 38.80752353506713
        },
        "AP_EMA": {
            "AP_i": 93.03592109685377,
            "AP_v": 70.7455568825737,
            "AP_t": 49.43775890708625,
            "AP_iv": 46.92275640571714,
            "AP_it": 46.856467414486254,
            "AP_ivt": 40.14129672873626
        }
    }
}