{
    "Test": false,
    "Cholec80": {
        "F1_score": 74.61351790190989,
        "F1_score_EMA": 77.683225154789,
        "Per_video_f1": {
            "cholec80_video41": 81.65530878141072,
            "cholec80_video43": 63.6085502462701,
            "cholec80_video44": 81.72394925328904,
            "cholec80_video45": 74.00927709917865,
            "cholec80_video46": 83.14285458934518,
            "cholec80_video47": 61.58829797960795,
            "cholec80_video48": 76.56638736426754
        },
        "Per_video_f1_EMA": {
            "cholec80_video41": 77.01682824609168,
            "cholec80_video43": 69.52990410323068,
            "cholec80_video44": 85.86730332036751,
            "cholec80_video45": 82.51228150837105,
            "cholec80_video46": 84.44299853770374,
            "cholec80_video47": 64.03123109378512,
            "cholec80_video48": 80.38202927397322
        }
    },
    "Endoscapes": {
        "mAP": 47.161345044957166,
        "mAP_EMA": 51.889070254448825,
        "mAP_per_class": {
            "C0": 47.76256122165235,
            "C1": 45.62272966355893,
            "C2": 48.09874424966022
        },
        "mAP_per_class_EMA": {
            "C0": 53.56490666371768,
            "C1": 50.71591427877527,
            "C2": 51.386389820853516
        }
    },
    "CholecT50": {
        "AP": {
            "AP_i": 90.68229537442342,
            "AP_v": 68.86961221507798,
            "AP_t": 47.66150366008906,
            "AP_iv": 44.74192220098075,
            "AP_it": 47.453492861813274,
            "AP_ivt": 40.26375002570975
        },
        "AP_EMA": {
            "AP_i": 93.25929419821766,
            "AP_v": 70.9330922627266,
            "AP_t": 49.96171733585694,
            "AP_iv": 46.317278625595485,
            "AP_it": 48.501565773607965,
            "AP_ivt": 40.79163937391932
        }
    }
}