{
    "Test": false,
    "Cholec80": {
        "F1_score": 64.2477950721477,
        "F1_score_EMA": 70.85727100517083,
        "Per_video_f1": {
            "cholec80_video41": 59.43356069994529,
            "cholec80_video43": 64.0922698098619,
            "cholec80_video44": 64.06264960996506,
            "cholec80_video45": 64.55458242412487,
            "cholec80_video46": 73.08139775858328,
            "cholec80_video47": 58.64348915685623,
            "cholec80_video48": 65.86661604569721
        },
        "Per_video_f1_EMA": {
            "cholec80_video41": 67.23923695229328,
            "cholec80_video43": 63.623899566296494,
            "cholec80_video44": 74.95249002008644,
            "cholec80_video45": 80.08845452268612,
            "cholec80_video46": 76.37726211696283,
            "cholec80_video47": 63.68542338289779,
            "cholec80_video48": 70.03413047497287
        }
    },
    "Endoscapes": {
        "mAP": 35.24554769266611,
        "mAP_EMA": 38.057946621438994,
        "mAP_per_class": {
            "C0": 32.84522490349977,
            "C1": 33.771938521482845,
            "C2": 39.1194796530157
        },
        "mAP_per_class_EMA": {
            "C0": 35.58423552899884,
            "C1": 43.540949892890865,
            "C2": 35.04865444242727
        }
    },
    "CholecT50": {
        "AP": {
            "AP_i": 73.66730436294476,
            "AP_v": 55.18687825513865,
            "AP_t": 37.85345351899237,
            "AP_iv": 33.96935850057978,
            "AP_it": 29.549007731850622,
            "AP_ivt": 25.489135660326905
        },
        "AP_EMA": {
            "AP_i": 82.6750075550641,
            "AP_v": 62.24297179894281,
            "AP_t": 42.535056464258474,
            "AP_iv": 38.092466508182554,
            "AP_it": 35.38091065939014,
            "AP_ivt": 30.16640975385658
        }
    }
}