{
    "Test": true,
    "Cholec80": {
        "F1_score": 50.37125626766369,
        "F1_score_EMA": null,
        "Per_video_f1": {
            "cholec80_video51": 50.89250285505463,
            "cholec80_video53": 54.79523128404872,
            "cholec80_video54": 48.43038165498178,
            "cholec80_video55": 66.62769443042642,
            "cholec80_video58": 33.54594935998119,
            "cholec80_video59": 56.26605344968137,
            "cholec80_video61": 41.06907059753899,
            "cholec80_video63": 41.826519979784536,
            "cholec80_video64": 48.97744880278503,
            "cholec80_video69": 70.69390148678654,
            "cholec80_video73": 60.433766291642385,
            "cholec80_video74": 54.16381107640314,
            "cholec80_video76": 56.62089427337016,
            "cholec80_video77": 50.750808758813335,
            "cholec80_video80": 20.4748097136571
        },
        "Per_video_f1_EMA": null
    },
    "Endoscapes": {
        "mAP": 48.280640841859245,
        "mAP_EMA": null,
        "mAP_per_class": {
            "C0": 43.452625156045286,
            "C1": 35.22895723600584,
            "C2": 66.16034013352662
        },
        "mAP_per_class_EMA": null
    },
    "CholecT50": {
        "AP": {
            "AP_i": 77.50006568275758,
            "AP_v": 52.08688524384117,
            "AP_t": 35.096889520398435,
            "AP_iv": 30.13896054025248,
            "AP_it": 30.078021673153447,
            "AP_ivt": 23.823345244280254
        },
        "AP_EMA": null
    }
}