{
    "Test": false,
    "Cholec80": {
        "F1_score": 57.41809612583725,
        "F1_score_EMA": 67.4644823530001,
        "Per_video_f1": {
            "cholec80_video41": 69.4234816234313,
            "cholec80_video43": 47.17874164828722,
            "cholec80_video44": 59.33275256488201,
            "cholec80_video45": 62.1158190811788,
            "cholec80_video46": 62.00047720605259,
            "cholec80_video47": 47.899152319657034,
            "cholec80_video48": 53.9762484373718
        },
        "Per_video_f1_EMA": {
            "cholec80_video41": 67.86488890030114,
            "cholec80_video43": 59.36497169902043,
            "cholec80_video44": 65.75480896526378,
            "cholec80_video45": 76.72219165782037,
            "cholec80_video46": 70.08421080357657,
            "cholec80_video47": 65.08070817670352,
            "cholec80_video48": 67.37959626831483
        }
    },
    "Endoscapes": {
        "mAP": 28.915573208235227,
        "mAP_EMA": 38.221666755550956,
        "mAP_per_class": {
            "C0": 30.392565582412967,
            "C1": 24.953100695403734,
            "C2": 31.40105334688898
        },
        "mAP_per_class_EMA": {
            "C0": 36.402620363783626,
            "C1": 34.05789941734575,
            "C2": 44.20448048552349
        }
    },
    "CholecT50": {
        "AP": {
            "AP_i": 73.02879029562585,
            "AP_v": 49.75317956355474,
            "AP_t": 32.766604899596736,
            "AP_iv": 31.597880730767383,
            "AP_it": 26.398465543079517,
            "AP_ivt": 21.88410086293096
        },
        "AP_EMA": {
            "AP_i": 80.79891085475917,
            "AP_v": 56.78679188079976,
            "AP_t": 38.76824323529408,
            "AP_iv": 40.59973825672678,
            "AP_it": 35.65442143484459,
            "AP_ivt": 32.32815768728958
        }
    }
}