{
    "Test": false,
    "Cholec80": {
        "F1_score": 56.517695089348244,
        "F1_score_EMA": 68.14278081310228,
        "Per_video_f1": {
            "cholec80_video41": 59.991370992794494,
            "cholec80_video43": 49.46922485821606,
            "cholec80_video44": 48.0631545983467,
            "cholec80_video45": 69.50661755190849,
            "cholec80_video46": 68.27791301247211,
            "cholec80_video47": 49.46502004823969,
            "cholec80_video48": 50.85056456346015
        },
        "Per_video_f1_EMA": {
            "cholec80_video41": 66.28828733920221,
            "cholec80_video43": 61.50536759598957,
            "cholec80_video44": 67.57939214840543,
            "cholec80_video45": 79.67964189887962,
            "cholec80_video46": 70.032677733915,
            "cholec80_video47": 63.45697203766177,
            "cholec80_video48": 68.45712693766231
        }
    },
    "Endoscapes": {
        "mAP": 32.98222630105504,
        "mAP_EMA": 38.01028554647999,
        "mAP_per_class": {
            "C0": 29.41489802408066,
            "C1": 27.061961725488022,
            "C2": 42.469819153596454
        },
        "mAP_per_class_EMA": {
            "C0": 38.80875903344835,
            "C1": 34.526860988162454,
            "C2": 40.695236617829174
        }
    },
    "CholecT50": {
        "AP": {
            "AP_i": 68.31677960153873,
            "AP_v": 50.85533283409165,
            "AP_t": 33.749388894810906,
            "AP_iv": 32.40093407109214,
            "AP_it": 30.7628001802701,
            "AP_ivt": 27.237744437511672
        },
        "AP_EMA": {
            "AP_i": 80.07794596327996,
            "AP_v": 57.78506998867893,
            "AP_t": 37.53334126514215,
            "AP_iv": 41.116280133830706,
            "AP_it": 33.30552889014518,
            "AP_ivt": 32.50136599237838
        }
    }
}