{
    "Test": false,
    "Cholec80": {
        "F1_score": 67.88665984107001,
        "F1_score_EMA": 56.337101323554016,
        "Per_video_f1": {
            "cholec80_video41": 72.1988722849053,
            "cholec80_video43": 59.77115880942089,
            "cholec80_video44": 68.31835976574877,
            "cholec80_video45": 76.8821760979117,
            "cholec80_video46": 71.09920716594192,
            "cholec80_video47": 60.35627791941819,
            "cholec80_video48": 66.58056684414329
        },
        "Per_video_f1_EMA": {
            "cholec80_video41": 55.621553019552174,
            "cholec80_video43": 50.98106735785254,
            "cholec80_video44": 55.052665959385294,
            "cholec80_video45": 62.89651901912404,
            "cholec80_video46": 63.61550594676567,
            "cholec80_video47": 57.43426742423784,
            "cholec80_video48": 48.758130537960575
        }
    },
    "Endoscapes": {
        "mAP": 38.469008131840525,
        "mAP_EMA": 36.324160497308,
        "mAP_per_class": {
            "C0": 40.05653353886458,
            "C1": 39.168429320861286,
            "C2": 36.182061535795704
        },
        "mAP_per_class_EMA": {
            "C0": 34.25718404033708,
            "C1": 33.624279763034416,
            "C2": 41.0910176885525
        }
    },
    "CholecT50": {
        "AP": {
            "AP_i": 83.01880822926033,
            "AP_v": 61.598646416208815,
            "AP_t": 43.21480987836341,
            "AP_iv": 38.9612832415871,
            "AP_it": 38.11645644641517,
            "AP_ivt": 32.325790210168364
        },
        "AP_EMA": {
            "AP_i": 69.11380328364102,
            "AP_v": 46.946962509629664,
            "AP_t": 33.82758674299547,
            "AP_iv": 29.354806863531937,
            "AP_it": 28.4965414028204,
            "AP_ivt": 24.687585210187386
        }
    }
}