{
    "Test": true,
    "Cholec80": {
        "F1_score": 7.81115396861506,
        "F1_score_EMA": null,
        "Per_video_f1": {
            "cholec80_video51": 7.914678641594162,
            "cholec80_video53": 7.149380300065232,
            "cholec80_video54": 7.90911513859275,
            "cholec80_video55": 8.78681025445535,
            "cholec80_video58": 10.315683676732606,
            "cholec80_video59": 8.64185780907966,
            "cholec80_video61": 5.129568106312292,
            "cholec80_video63": 4.185170710910576,
            "cholec80_video64": 8.732685548893942,
            "cholec80_video69": 8.994202436040636,
            "cholec80_video73": 9.058882737795672,
            "cholec80_video74": 5.772850868019243,
            "cholec80_video76": 7.386681589255736,
            "cholec80_video77": 6.195244055068836,
            "cholec80_video80": 10.99449765640921
        },
        "Per_video_f1_EMA": null
    },
    "Endoscapes": {
        "mAP": 21.936986396134124,
        "mAP_EMA": null,
        "mAP_per_class": {
            "C0": 19.5263240153942,
            "C1": 14.279663709781792,
            "C2": 32.004971463226376
        },
        "mAP_per_class_EMA": null
    },
    "CholecT50": {
        "AP": {
            "AP_i": 27.081579417197357,
            "AP_v": 17.48717164713327,
            "AP_t": 11.74144095570563,
            "AP_iv": 8.999382582604428,
            "AP_it": 5.088654236036402,
            "AP_ivt": 4.092838731760908
        },
        "AP_EMA": null
    }
}