{
    "Test": false,
    "Cholec80": {
        "F1_score": 6.049496031360812,
        "F1_score_EMA": 2.9500947690751316,
        "Per_video_f1": {
            "cholec80_video41": 8.675736420263869,
            "cholec80_video43": 6.474414477340987,
            "cholec80_video44": 9.261326551369082,
            "cholec80_video45": 2.7017082910297607,
            "cholec80_video46": 4.914911008286576,
            "cholec80_video47": 4.387008123425497,
            "cholec80_video48": 5.931367347809914
        },
        "Per_video_f1_EMA": {
            "cholec80_video41": 4.805636650528383,
            "cholec80_video43": 2.6683048412538435,
            "cholec80_video44": 1.4748133417638807,
            "cholec80_video45": 0.6450282719224394,
            "cholec80_video46": 1.712190994090392,
            "cholec80_video47": 6.8838355931308355,
            "cholec80_video48": 2.4608536908361462
        }
    },
    "Endoscapes": {
        "mAP": 15.312618610382946,
        "mAP_EMA": 16.09126908907709,
        "mAP_per_class": {
            "C0": 15.07384744628093,
            "C1": 12.46896776978328,
            "C2": 18.395040615084632
        },
        "mAP_per_class_EMA": {
            "C0": 18.033058114389704,
            "C1": 13.437341325583837,
            "C2": 16.803407827257733
        }
    },
    "CholecT50": {
        "AP": {
            "AP_i": 24.93201901995344,
            "AP_v": 15.475760564138904,
            "AP_t": 12.084223750422028,
            "AP_iv": 8.466761505657667,
            "AP_it": 5.672384868891665,
            "AP_ivt": 4.568070229069888
        },
        "AP_EMA": {
            "AP_i": 24.7533506858352,
            "AP_v": 15.48164100924311,
            "AP_t": 11.317858612535105,
            "AP_iv": 8.425385906711806,
            "AP_it": 6.355693883136774,
            "AP_ivt": 5.075492607956225
        }
    }
}