{
    "Test": false,
    "Cholec80": {
        "F1_score": 1.616565107406798,
        "F1_score_EMA": 7.8073941038307915,
        "Per_video_f1": {
            "cholec80_video41": 2.6110971629425057,
            "cholec80_video43": 0.9442704056287193,
            "cholec80_video44": 1.340645947592931,
            "cholec80_video45": 0.6715861039714783,
            "cholec80_video46": 1.6045845272206305,
            "cholec80_video47": 2.1164021164021163,
            "cholec80_video48": 2.0273694880892044
        },
        "Per_video_f1_EMA": {
            "cholec80_video41": 9.23980015021897,
            "cholec80_video43": 7.872178088954715,
            "cholec80_video44": 7.819314800520923,
            "cholec80_video45": 5.846635063671534,
            "cholec80_video46": 7.277545436779363,
            "cholec80_video47": 6.391721388885899,
            "cholec80_video48": 10.204563797784138
        }
    },
    "Endoscapes": {
        "mAP": 15.981282903061773,
        "mAP_EMA": 14.852480419441202,
        "mAP_per_class": {
            "C0": 18.08048134061871,
            "C1": 13.932172987247688,
            "C2": 15.93119438131892
        },
        "mAP_per_class_EMA": {
            "C0": 16.736494109965,
            "C1": 11.64044043218083,
            "C2": 16.180506716177774
        }
    },
    "CholecT50": {
        "AP": {
            "AP_i": 25.09365817798275,
            "AP_v": 15.586370087900708,
            "AP_t": 11.043630469458462,
            "AP_iv": 8.575522991540192,
            "AP_it": 5.770429281895979,
            "AP_ivt": 4.686719152500976
        },
        "AP_EMA": {
            "AP_i": 25.41457021346621,
            "AP_v": 15.664597600200395,
            "AP_t": 12.357552660242495,
            "AP_iv": 8.719849393710268,
            "AP_it": 6.871415391174943,
            "AP_ivt": 5.487628566558839
        }
    }
}