{
    "Test": false,
    "Cholec80": {
        "F1_score": 1.6213079003355233,
        "F1_score_EMA": 8.903076319824859,
        "Per_video_f1": {
            "cholec80_video41": 2.6626601560869747,
            "cholec80_video43": 0.9129747761456077,
            "cholec80_video44": 1.3489404290500848,
            "cholec80_video45": 0.667133385496026,
            "cholec80_video46": 1.6135604270230623,
            "cholec80_video47": 2.1185696728507053,
            "cholec80_video48": 2.0253164556962027
        },
        "Per_video_f1_EMA": {
            "cholec80_video41": 11.952098471453727,
            "cholec80_video43": 9.234529114557679,
            "cholec80_video44": 2.0244389434238523,
            "cholec80_video45": 8.688043932315754,
            "cholec80_video46": 9.866827203292997,
            "cholec80_video47": 8.280035467000056,
            "cholec80_video48": 12.275561106729938
        }
    },
    "Endoscapes": {
        "mAP": 15.172315172315171,
        "mAP_EMA": 16.545635320248,
        "mAP_per_class": {
            "C0": 16.344916344916342,
            "C1": 12.483912483912484,
            "C2": 16.68811668811669
        },
        "mAP_per_class_EMA": {
            "C0": 18.15253035725477,
            "C1": 13.322726853611899,
            "C2": 18.16164874987733
        }
    },
    "CholecT50": {
        "AP": {
            "AP_i": 24.261838101281146,
            "AP_v": 15.082748006338687,
            "AP_t": 10.634386610217543,
            "AP_iv": 8.242594551847594,
            "AP_it": 5.518155397841308,
            "AP_ivt": 4.43868327051501
        },
        "AP_EMA": {
            "AP_i": 25.567447809429613,
            "AP_v": 15.634318791952277,
            "AP_t": 11.949922763195092,
            "AP_iv": 8.742934766678236,
            "AP_it": 6.18899319607775,
            "AP_ivt": 5.036006460240848
        }
    }
}