{
    "Test": false,
    "Cholec80": {
        "F1_score": 1.6213079003355233,
        "F1_score_EMA": 5.495422152025737,
        "Per_video_f1": {
            "cholec80_video41": 2.6626601560869747,
            "cholec80_video43": 0.9129747761456077,
            "cholec80_video44": 1.3489404290500848,
            "cholec80_video45": 0.667133385496026,
            "cholec80_video46": 1.6135604270230623,
            "cholec80_video47": 2.1185696728507053,
            "cholec80_video48": 2.0253164556962027
        },
        "Per_video_f1_EMA": {
            "cholec80_video41": 5.135636183291443,
            "cholec80_video43": 3.332170119956379,
            "cholec80_video44": 6.310957190824484,
            "cholec80_video45": 6.921830873684119,
            "cholec80_video46": 2.8718143385593096,
            "cholec80_video47": 6.35853335079087,
            "cholec80_video48": 7.537013007073558
        }
    },
    "Endoscapes": {
        "mAP": 16.775039933107056,
        "mAP_EMA": 15.883517452042476,
        "mAP_per_class": {
            "C0": 18.063302557722768,
            "C1": 13.85805275875917,
            "C2": 18.403764482839232
        },
        "mAP_per_class_EMA": {
            "C0": 18.370213031223365,
            "C1": 12.649136358362792,
            "C2": 16.63120296654127
        }
    },
    "CholecT50": {
        "AP": {
            "AP_i": 25.00762786689798,
            "AP_v": 15.521862619209903,
            "AP_t": 10.960746291440435,
            "AP_iv": 8.496499787953718,
            "AP_it": 5.690648449140162,
            "AP_ivt": 4.577455829129824
        },
        "AP_EMA": {
            "AP_i": 24.740693665603654,
            "AP_v": 15.569784785345234,
            "AP_t": 11.45573628188351,
            "AP_iv": 8.456462096227938,
            "AP_it": 6.152089983358002,
            "AP_ivt": 4.926726182938326
        }
    }
}