{
    "Test": true,
    "Cholec80": {
        "F1_score": 69.13065676059598,
        "F1_score_EMA": null,
        "Per_video_f1": {
            "cholec80_video51": 69.62209829000587,
            "cholec80_video53": 67.9085168450719,
            "cholec80_video54": 68.54722110402278,
            "cholec80_video55": 67.01675674225439,
            "cholec80_video58": 52.81412795123448,
            "cholec80_video59": 82.00663859678741,
            "cholec80_video61": 56.39916856717135,
            "cholec80_video63": 58.61624514841716,
            "cholec80_video64": 81.55841740961371,
            "cholec80_video69": 83.80371172812892,
            "cholec80_video73": 83.14726496268351,
            "cholec80_video74": 64.8324558124065,
            "cholec80_video76": 68.06847818994278,
            "cholec80_video77": 73.35044087582645,
            "cholec80_video80": 59.268309185372615
        },
        "Per_video_f1_EMA": null
    },
    "Endoscapes": {
        "mAP": 41.12441603424757,
        "mAP_EMA": null,
        "mAP_per_class": {
            "C0": 46.04801720747606,
            "C1": 32.378997696004795,
            "C2": 44.946233199261854
        },
        "mAP_per_class_EMA": null
    },
    "CholecT50": {
        "AP": {
            "AP_i": 74.3337582243584,
            "AP_v": 53.17888381693798,
            "AP_t": 37.99190866565649,
            "AP_iv": 29.998956110176174,
            "AP_it": 25.86066152443961,
            "AP_ivt": 21.377811719710706
        },
        "AP_EMA": null
    }
}