{
    "Test": false,
    "Cholec80": {
        "F1_score": 62.44411784592221,
        "F1_score_EMA": 74.77309908936064,
        "Per_video_f1": {
            "cholec80_video41": 68.63158854851876,
            "cholec80_video43": 48.3553935541224,
            "cholec80_video44": 67.93714769035999,
            "cholec80_video45": 72.55681336154186,
            "cholec80_video46": 63.260422377955585,
            "cholec80_video47": 59.684398585206345,
            "cholec80_video48": 56.683060803750486
        },
        "Per_video_f1_EMA": {
            "cholec80_video41": 71.48125199597025,
            "cholec80_video43": 84.40428061440878,
            "cholec80_video44": 73.14108206401467,
            "cholec80_video45": 72.65272864036757,
            "cholec80_video46": 70.02725845141337,
            "cholec80_video47": 73.55444893812893,
            "cholec80_video48": 78.15064292122092
        }
    },
    "Endoscapes": {
        "mAP": 44.9362667433886,
        "mAP_EMA": 47.344381752429264,
        "mAP_per_class": {
            "C0": 37.898341710673755,
            "C1": 48.1399472877833,
            "C2": 48.77051123170874
        },
        "mAP_per_class_EMA": {
            "C0": 47.53632707285779,
            "C1": 47.989370776098504,
            "C2": 46.507447408331494
        }
    },
    "CholecT50": {
        "AP": {
            "AP_i": 84.6851906026467,
            "AP_v": 60.77683094376099,
            "AP_t": 42.788281558080016,
            "AP_iv": 39.711879940746286,
            "AP_it": 38.65683500916197,
            "AP_ivt": 32.54032904592404
        },
        "AP_EMA": {
            "AP_i": 78.41617181866151,
            "AP_v": 54.90170040477843,
            "AP_t": 44.36502528311308,
            "AP_iv": 37.299985698586795,
            "AP_it": 38.07164957848371,
            "AP_ivt": 33.685256959200714
        }
    }
}