{
    "Test": false,
    "Cholec80": {
        "F1_score": 58.15252240254131,
        "F1_score_EMA": 5.084530032294659,
        "Per_video_f1": {
            "cholec80_video41": 63.636836202248084,
            "cholec80_video43": 63.07236440432814,
            "cholec80_video44": 52.28942006679824,
            "cholec80_video45": 61.782726824798274,
            "cholec80_video46": 52.20157019493079,
            "cholec80_video47": 57.00495271436618,
            "cholec80_video48": 57.07978641031944
        },
        "Per_video_f1_EMA": {
            "cholec80_video41": 4.654400521768634,
            "cholec80_video43": 5.5166975282256026,
            "cholec80_video44": 2.0203874318032953,
            "cholec80_video45": 3.3288353272542697,
            "cholec80_video46": 9.493089728531189,
            "cholec80_video47": 5.105600936604084,
            "cholec80_video48": 5.472698751875541
        }
    },
    "Endoscapes": {
        "mAP": 34.14922895200832,
        "mAP_EMA": 12.981380713025949,
        "mAP_per_class": {
            "C0": 32.787297501919205,
            "C1": 29.13107269645333,
            "C2": 40.52931665765244
        },
        "mAP_per_class_EMA": {
            "C0": 13.960099390990454,
            "C1": 10.96499004394882,
            "C2": 14.019052704138574
        }
    },
    "CholecT50": {
        "AP": {
            "AP_i": 68.7807348684582,
            "AP_v": 46.56214205712922,
            "AP_t": 39.30281735018534,
            "AP_iv": 28.648932872327038,
            "AP_it": 29.82326974489603,
            "AP_ivt": 26.932958002373677
        },
        "AP_EMA": {
            "AP_i": 21.022700522778017,
            "AP_v": 13.235990917998373,
            "AP_t": 10.489035539188063,
            "AP_iv": 7.450361491822566,
            "AP_it": 5.5805301953246245,
            "AP_ivt": 4.4865392401346424
        }
    }
}