{
    "Test": false,
    "Cholec80": {
        "F1_score": 65.94110300895565,
        "F1_score_EMA": 14.633238023232023,
        "Per_video_f1": {
            "cholec80_video41": 66.00170402293158,
            "cholec80_video43": 64.98556413069487,
            "cholec80_video44": 65.0661535894537,
            "cholec80_video45": 67.67938519263687,
            "cholec80_video46": 67.04731961625473,
            "cholec80_video47": 61.46198067421212,
            "cholec80_video48": 69.34561383650569
        },
        "Per_video_f1_EMA": {
            "cholec80_video41": 17.37675742453534,
            "cholec80_video43": 12.487718924913874,
            "cholec80_video44": 15.181953712263555,
            "cholec80_video45": 14.022324602980227,
            "cholec80_video46": 15.100573909953031,
            "cholec80_video47": 11.599261771964379,
            "cholec80_video48": 16.66407581601375
        }
    },
    "Endoscapes": {
        "mAP": 38.22515279091102,
        "mAP_EMA": 13.539419644131591,
        "mAP_per_class": {
            "C0": 38.460608963148644,
            "C1": 34.833078787527086,
            "C2": 41.38177062205733
        },
        "mAP_per_class_EMA": {
            "C0": 13.862379053823767,
            "C1": 11.764205943440295,
            "C2": 14.991673935130711
        }
    },
    "CholecT50": {
        "AP": {
            "AP_i": 84.01827340328956,
            "AP_v": 59.28499232569254,
            "AP_t": 44.10383697592276,
            "AP_iv": 37.34372917697525,
            "AP_it": 40.72802230238986,
            "AP_ivt": 35.37370297889038
        },
        "AP_EMA": {
            "AP_i": 26.542014044281398,
            "AP_v": 16.981523071530095,
            "AP_t": 11.555388417780945,
            "AP_iv": 9.654209487794043,
            "AP_it": 6.490039918721909,
            "AP_ivt": 5.620276122862161
        }
    }
}