{
    "Test": false,
    "Cholec80": {
        "F1_score": 62.18837092723526,
        "F1_score_EMA": 81.18747711284846,
        "Per_video_f1": {
            "cholec80_video41": 65.93825593524981,
            "cholec80_video43": 51.86392819318579,
            "cholec80_video44": 63.63879934632924,
            "cholec80_video45": 71.82633856362133,
            "cholec80_video46": 66.87735959621563,
            "cholec80_video47": 64.17461215432508,
            "cholec80_video48": 50.99930270171996
        },
        "Per_video_f1_EMA": {
            "cholec80_video41": 71.80841916138972,
            "cholec80_video43": 89.15588067897568,
            "cholec80_video44": 81.62126876718429,
            "cholec80_video45": 82.67718289063335,
            "cholec80_video46": 74.72326215870007,
            "cholec80_video47": 83.7772412722358,
            "cholec80_video48": 84.5490848608203
        }
    },
    "Endoscapes": {
        "mAP": 53.79038142905326,
        "mAP_EMA": 50.52905882537342,
        "mAP_per_class": {
            "C0": 52.874912335228295,
            "C1": 55.98296196749786,
            "C2": 52.51326998443364
        },
        "mAP_per_class_EMA": {
            "C0": 50.37121099903135,
            "C1": 53.24281772649046,
            "C2": 47.97314775059844
        }
    },
    "CholecT50": {
        "AP": {
            "AP_i": 80.54548934289481,
            "AP_v": 57.10864424690468,
            "AP_t": 38.11901704806575,
            "AP_iv": 37.48855380108168,
            "AP_it": 32.61091508234049,
            "AP_ivt": 27.62323488944445
        },
        "AP_EMA": {
            "AP_i": 84.85085722428553,
            "AP_v": 57.38661700588956,
            "AP_t": 46.377275922856725,
            "AP_iv": 37.92370229469607,
            "AP_it": 41.37581616663829,
            "AP_ivt": 35.26684987169029
        }
    }
}