{
    "Test": false,
    "Cholec80": {
        "F1_score": 61.44577317562613,
        "F1_score_EMA": 7.4371777384505,
        "Per_video_f1": {
            "cholec80_video41": 60.40592383727681,
            "cholec80_video43": 51.91586104212919,
            "cholec80_video44": 66.44051626957727,
            "cholec80_video45": 68.9658999397473,
            "cholec80_video46": 61.36495018053276,
            "cholec80_video47": 62.56297035249797,
            "cholec80_video48": 58.46429060762161
        },
        "Per_video_f1_EMA": {
            "cholec80_video41": 8.170562173348813,
            "cholec80_video43": 7.831322742532705,
            "cholec80_video44": 8.277425551260444,
            "cholec80_video45": 5.287074761044289,
            "cholec80_video46": 11.468789832513828,
            "cholec80_video47": 6.081250985191395,
            "cholec80_video48": 4.9438181232620275
        }
    },
    "Endoscapes": {
        "mAP": 44.147436988570945,
        "mAP_EMA": 14.762998333883353,
        "mAP_per_class": {
            "C0": 45.84787848277011,
            "C1": 42.81319178163563,
            "C2": 43.78124070130709
        },
        "mAP_per_class_EMA": {
            "C0": 14.181386900603524,
            "C1": 12.342376199666448,
            "C2": 17.765231901380083
        }
    },
    "CholecT50": {
        "AP": {
            "AP_i": 69.50766560926586,
            "AP_v": 48.05522911378138,
            "AP_t": 39.48781767406643,
            "AP_iv": 30.30389693643711,
            "AP_it": 33.470762173441436,
            "AP_ivt": 29.350962048270592
        },
        "AP_EMA": {
            "AP_i": 22.161449627285222,
            "AP_v": 14.291074140128217,
            "AP_t": 10.207204876712344,
            "AP_iv": 8.060659688953264,
            "AP_it": 5.571266878936214,
            "AP_ivt": 4.5706107113635674
        }
    }
}