{
    "Test": true,
    "Cholec80": {
        "F1_score": 51.77377216433711,
        "F1_score_EMA": null,
        "Per_video_f1": {
            "cholec80_video51": 59.72686985739829,
            "cholec80_video53": 63.14299633514809,
            "cholec80_video54": 61.00171771651192,
            "cholec80_video55": 63.945900056962,
            "cholec80_video58": 26.574359930535913,
            "cholec80_video59": 48.79564910213206,
            "cholec80_video61": 42.26597903550648,
            "cholec80_video63": 44.69393161207352,
            "cholec80_video64": 54.231510262122676,
            "cholec80_video69": 53.53048018147971,
            "cholec80_video73": 68.90657924062539,
            "cholec80_video74": 63.42594135948127,
            "cholec80_video76": 56.930931780086134,
            "cholec80_video77": 41.9461654614994,
            "cholec80_video80": 27.4875705334938
        },
        "Per_video_f1_EMA": null
    },
    "Endoscapes": {
        "mAP": 43.285763057080736,
        "mAP_EMA": null,
        "mAP_per_class": {
            "C0": 40.29787594534462,
            "C1": 37.465451238130484,
            "C2": 52.0939619877671
        },
        "mAP_per_class_EMA": null
    },
    "CholecT50": {
        "AP": {
            "AP_i": 79.62824476052535,
            "AP_v": 55.21992522164214,
            "AP_t": 38.849656524731245,
            "AP_iv": 33.41839655290172,
            "AP_it": 32.26236269293601,
            "AP_ivt": 26.319625571140076
        },
        "AP_EMA": null
    }
}