{
    "Test": true,
    "Cholec80": {
        "F1_score": 50.83274767191482,
        "F1_score_EMA": null,
        "Per_video_f1": {
            "cholec80_video51": 53.73713424271524,
            "cholec80_video53": 59.059052483695396,
            "cholec80_video54": 56.762716315875736,
            "cholec80_video55": 67.8051813353294,
            "cholec80_video58": 27.050981696295544,
            "cholec80_video59": 54.29828686002382,
            "cholec80_video61": 38.7096542009285,
            "cholec80_video63": 52.819153140856656,
            "cholec80_video64": 45.89348389699887,
            "cholec80_video69": 63.80466609225495,
            "cholec80_video73": 65.3606324762514,
            "cholec80_video74": 42.98485293104792,
            "cholec80_video76": 57.76561722194472,
            "cholec80_video77": 62.91883619875911,
            "cholec80_video80": 13.52096598574501
        },
        "Per_video_f1_EMA": null
    },
    "Endoscapes": {
        "mAP": 35.53769434946322,
        "mAP_EMA": null,
        "mAP_per_class": {
            "C0": 37.344971219049015,
            "C1": 27.912355715644356,
            "C2": 41.355756113696295
        },
        "mAP_per_class_EMA": null
    },
    "CholecT50": {
        "AP": {
            "AP_i": 70.87911213985625,
            "AP_v": 50.08103682477512,
            "AP_t": 36.11898006724878,
            "AP_iv": 28.470791802302035,
            "AP_it": 22.42308491291194,
            "AP_ivt": 17.748776824634508
        },
        "AP_EMA": null
    }
}