{
    "Test": false,
    "Cholec80": {
        "F1_score": 61.31676810367335,
        "F1_score_EMA": 52.60711352251159,
        "Per_video_f1": {
            "cholec80_video41": 61.35760676625432,
            "cholec80_video43": 64.83720925195145,
            "cholec80_video44": 58.243600529606475,
            "cholec80_video45": 61.74672886043071,
            "cholec80_video46": 68.1153843553813,
            "cholec80_video47": 56.39421149011362,
            "cholec80_video48": 58.52263547197556
        },
        "Per_video_f1_EMA": {
            "cholec80_video41": 54.81335600894851,
            "cholec80_video43": 57.517651097326095,
            "cholec80_video44": 43.065426443424315,
            "cholec80_video45": 51.28435607734366,
            "cholec80_video46": 55.71334460237214,
            "cholec80_video47": 50.794101347958986,
            "cholec80_video48": 55.06155908020743
        }
    },
    "Endoscapes": {
        "mAP": 40.68835894334994,
        "mAP_EMA": 34.86498533649036,
        "mAP_per_class": {
            "C0": 41.52281560851546,
            "C1": 37.04416950889593,
            "C2": 43.498091712638434
        },
        "mAP_per_class_EMA": {
            "C0": 32.37569711441196,
            "C1": 30.841823932603358,
            "C2": 41.37743496245576
        }
    },
    "CholecT50": {
        "AP": {
            "AP_i": 69.39996849067585,
            "AP_v": 45.64418030064722,
            "AP_t": 32.18315625171625,
            "AP_iv": 27.460014339641045,
            "AP_it": 25.958786040030816,
            "AP_ivt": 21.581955846451564
        },
        "AP_EMA": {
            "AP_i": 51.051160791600715,
            "AP_v": 32.77120755420769,
            "AP_t": 26.40700120478075,
            "AP_iv": 19.307073879995016,
            "AP_it": 18.100447173578598,
            "AP_ivt": 14.801992953453391
        }
    }
}