{
    "Test": false,
    "Cholec80": {
        "F1_score": 7.417593921022162,
        "F1_score_EMA": 11.134735618248293,
        "Per_video_f1": {
            "cholec80_video41": 8.196128693023104,
            "cholec80_video43": 8.020202899812775,
            "cholec80_video44": 7.60039051390317,
            "cholec80_video45": 5.9581179699007825,
            "cholec80_video46": 6.782265086062554,
            "cholec80_video47": 5.773104397493971,
            "cholec80_video48": 9.592947886958775
        },
        "Per_video_f1_EMA": {
            "cholec80_video41": 11.201511715853739,
            "cholec80_video43": 14.576426663149785,
            "cholec80_video44": 11.088104153491262,
            "cholec80_video45": 8.555670923873263,
            "cholec80_video46": 13.132903884040187,
            "cholec80_video47": 7.58249463447381,
            "cholec80_video48": 11.806037352856
        }
    },
    "Endoscapes": {
        "mAP": 14.329302353233807,
        "mAP_EMA": 13.532769310050915,
        "mAP_per_class": {
            "C0": 16.59762390366446,
            "C1": 11.210769482313875,
            "C2": 15.179513673723086
        },
        "mAP_per_class_EMA": {
            "C0": 15.157417165065898,
            "C1": 10.80306118541737,
            "C2": 14.637829579669479
        }
    },
    "CholecT50": {
        "AP": {
            "AP_i": 28.15882178102028,
            "AP_v": 18.09204596007553,
            "AP_t": 16.079382182174236,
            "AP_iv": 10.11760467283807,
            "AP_it": 8.309771309162246,
            "AP_ivt": 6.54539360391596
        },
        "AP_EMA": {
            "AP_i": 26.396444965161436,
            "AP_v": 17.26815929916602,
            "AP_t": 13.003364112115312,
            "AP_iv": 9.887779759740887,
            "AP_it": 7.6252092405784975,
            "AP_ivt": 6.286694401829968
        }
    }
}