{
    "Test": false,
    "Cholec80": {
        "F1_score": 24.923440221797115,
        "F1_score_EMA": 8.721480584314389,
        "Per_video_f1": {
            "cholec80_video41": 31.625408247674496,
            "cholec80_video43": 23.95157149678813,
            "cholec80_video44": 20.436916182603078,
            "cholec80_video45": 25.02309263761883,
            "cholec80_video46": 28.521841957575116,
            "cholec80_video47": 24.092150994903655,
            "cholec80_video48": 20.813100035416497
        },
        "Per_video_f1_EMA": {
            "cholec80_video41": 9.274879313427498,
            "cholec80_video43": 8.52887388702848,
            "cholec80_video44": 8.511643666070105,
            "cholec80_video45": 6.175397774028273,
            "cholec80_video46": 8.520311139940898,
            "cholec80_video47": 7.232142857142857,
            "cholec80_video48": 12.80711545256261
        }
    },
    "Endoscapes": {
        "mAP": 28.204142659507706,
        "mAP_EMA": 17.836167810058686,
        "mAP_per_class": {
            "C0": 26.691615360697053,
            "C1": 23.463847493979344,
            "C2": 34.45696512384672
        },
        "mAP_per_class_EMA": {
            "C0": 18.652678259381126,
            "C1": 15.061813741486219,
            "C2": 19.79401142930871
        }
    },
    "CholecT50": {
        "AP": {
            "AP_i": 38.29603818912544,
            "AP_v": 26.348560516613382,
            "AP_t": 21.142715703034018,
            "AP_iv": 15.260245158433948,
            "AP_it": 13.868850062039218,
            "AP_ivt": 11.158152527888346
        },
        "AP_EMA": {
            "AP_i": 26.149179533345023,
            "AP_v": 17.16788639018224,
            "AP_t": 12.508671603640078,
            "AP_iv": 9.734418532619857,
            "AP_it": 6.7483492409960215,
            "AP_ivt": 5.615103182610402
        }
    }
}