{
    "Test": false,
    "Cholec80": {
        "F1_score": 62.482160001422926,
        "F1_score_EMA": 38.92094383544812,
        "Per_video_f1": {
            "cholec80_video41": 60.02845147763757,
            "cholec80_video43": 63.04510739586257,
            "cholec80_video44": 60.9101742333914,
            "cholec80_video45": 71.61914697403375,
            "cholec80_video46": 64.43288549749543,
            "cholec80_video47": 59.9579753368821,
            "cholec80_video48": 57.381379094657646
        },
        "Per_video_f1_EMA": {
            "cholec80_video41": 37.482512295733756,
            "cholec80_video43": 44.391817867924665,
            "cholec80_video44": 29.47955073511748,
            "cholec80_video45": 33.358951321294974,
            "cholec80_video46": 36.695381916742726,
            "cholec80_video47": 38.238386967584006,
            "cholec80_video48": 52.80000574373924
        }
    },
    "Endoscapes": {
        "mAP": 39.00740782313811,
        "mAP_EMA": 32.05620250746827,
        "mAP_per_class": {
            "C0": 38.83642604768537,
            "C1": 35.072989799887715,
            "C2": 43.11280762184125
        },
        "mAP_per_class_EMA": {
            "C0": 29.707682627216137,
            "C1": 27.81056612571511,
            "C2": 38.65035876947357
        }
    },
    "CholecT50": {
        "AP": {
            "AP_i": 70.55572544392015,
            "AP_v": 44.56145493111016,
            "AP_t": 32.37576560802539,
            "AP_iv": 26.551485492427958,
            "AP_it": 25.94915362219469,
            "AP_ivt": 21.20268685745982
        },
        "AP_EMA": {
            "AP_i": 40.65084360782777,
            "AP_v": 27.422609211875578,
            "AP_t": 23.53924338942265,
            "AP_iv": 16.099252167701803,
            "AP_it": 14.371723880039221,
            "AP_ivt": 11.699107742566751
        }
    }
}