{
    "Test": false,
    "Cholec80": {
        "F1_score": 57.74943607428501,
        "F1_score_EMA": 52.96404887739283,
        "Per_video_f1": {
            "cholec80_video41": 63.05661508592003,
            "cholec80_video43": 42.23600711678259,
            "cholec80_video44": 50.5928311149766,
            "cholec80_video45": 68.49744744682785,
            "cholec80_video46": 65.34879139081113,
            "cholec80_video47": 53.691870652171566,
            "cholec80_video48": 60.8224897125053
        },
        "Per_video_f1_EMA": {
            "cholec80_video41": 51.488603803726996,
            "cholec80_video43": 48.20788407803383,
            "cholec80_video44": 48.90437236102663,
            "cholec80_video45": 58.58919061132612,
            "cholec80_video46": 60.74495275436191,
            "cholec80_video47": 54.62498161461892,
            "cholec80_video48": 48.18835691865537
        }
    },
    "Endoscapes": {
        "mAP": 37.482930145897875,
        "mAP_EMA": 31.752623866741654,
        "mAP_per_class": {
            "C0": 35.048625157886825,
            "C1": 39.569114614229555,
            "C2": 37.83105066557724
        },
        "mAP_per_class_EMA": {
            "C0": 33.28348241813651,
            "C1": 31.070823491867007,
            "C2": 30.903565690221445
        }
    },
    "CholecT50": {
        "AP": {
            "AP_i": 64.7570715440064,
            "AP_v": 46.86334995147477,
            "AP_t": 32.6307175846848,
            "AP_iv": 28.484867686749077,
            "AP_it": 28.252666644807544,
            "AP_ivt": 24.66526466156288
        },
        "AP_EMA": {
            "AP_i": 62.30633375522319,
            "AP_v": 45.02976071642984,
            "AP_t": 34.37635513801152,
            "AP_iv": 26.6710977076459,
            "AP_it": 25.962783317138438,
            "AP_ivt": 23.603662126258325
        }
    }
}