{
    "Test": false,
    "Cholec80": {
        "F1_score": 60.8591623025611,
        "F1_score_EMA": 17.16526919753876,
        "Per_video_f1": {
            "cholec80_video41": 64.47722855163967,
            "cholec80_video43": 53.04649684769218,
            "cholec80_video44": 56.0857051055201,
            "cholec80_video45": 69.80831573506815,
            "cholec80_video46": 62.643310986907316,
            "cholec80_video47": 60.92658325854714,
            "cholec80_video48": 59.026495632553186
        },
        "Per_video_f1_EMA": {
            "cholec80_video41": 18.5971587046021,
            "cholec80_video43": 20.51431683875228,
            "cholec80_video44": 15.983796046008333,
            "cholec80_video45": 14.123285828202823,
            "cholec80_video46": 19.180377586779798,
            "cholec80_video47": 18.254063768401462,
            "cholec80_video48": 13.503885610024517
        }
    },
    "Endoscapes": {
        "mAP": 33.19078837889543,
        "mAP_EMA": 17.046659048161754,
        "mAP_per_class": {
            "C0": 34.036229590299655,
            "C1": 32.39867412561054,
            "C2": 33.137461420776084
        },
        "mAP_per_class_EMA": {
            "C0": 15.940290966858361,
            "C1": 18.78918263465093,
            "C2": 16.410503542975967
        }
    },
    "CholecT50": {
        "AP": {
            "AP_i": 66.72189383758761,
            "AP_v": 48.16527026645102,
            "AP_t": 36.72451387067986,
            "AP_iv": 28.541532786188206,
            "AP_it": 28.59949981019683,
            "AP_ivt": 25.583128034761216
        },
        "AP_EMA": {
            "AP_i": 37.76028012098337,
            "AP_v": 27.992655378235916,
            "AP_t": 25.034424627810544,
            "AP_iv": 15.719981192290788,
            "AP_it": 14.344865526484439,
            "AP_ivt": 11.721248380257727
        }
    }
}