{
    "Test": false,
    "Cholec80": {
        "F1_score": 59.552419189623485,
        "F1_score_EMA": 9.030790910271637,
        "Per_video_f1": {
            "cholec80_video41": 63.292590639798874,
            "cholec80_video43": 57.232936565421355,
            "cholec80_video44": 56.13968795002514,
            "cholec80_video45": 62.130208792242634,
            "cholec80_video46": 56.59634144598583,
            "cholec80_video47": 61.92338319442891,
            "cholec80_video48": 59.55178573946166
        },
        "Per_video_f1_EMA": {
            "cholec80_video41": 9.998192576781486,
            "cholec80_video43": 11.16504340476938,
            "cholec80_video44": 4.197652955567921,
            "cholec80_video45": 10.245317746473956,
            "cholec80_video46": 10.408893039584218,
            "cholec80_video47": 9.85724244345867,
            "cholec80_video48": 7.3431942052658306
        }
    },
    "Endoscapes": {
        "mAP": 31.046265972455014,
        "mAP_EMA": 14.935755448173104,
        "mAP_per_class": {
            "C0": 32.58579696356105,
            "C1": 28.26709505805416,
            "C2": 32.285905895749835
        },
        "mAP_per_class_EMA": {
            "C0": 16.375460275138447,
            "C1": 14.007110640566397,
            "C2": 14.424695428814466
        }
    },
    "CholecT50": {
        "AP": {
            "AP_i": 64.09985050902091,
            "AP_v": 46.186458764083284,
            "AP_t": 36.240070129953246,
            "AP_iv": 27.140161197174614,
            "AP_it": 26.94534880078203,
            "AP_ivt": 23.315612793919925
        },
        "AP_EMA": {
            "AP_i": 28.78138841092174,
            "AP_v": 20.34067726820403,
            "AP_t": 17.07386660473825,
            "AP_iv": 11.717470389302058,
            "AP_it": 10.273447355206157,
            "AP_ivt": 8.388639573689714
        }
    }
}