{
    "Test": false,
    "Cholec80": {
        "F1_score": 53.53391521007252,
        "F1_score_EMA": 57.09976315589967,
        "Per_video_f1": {
            "cholec80_video41": 59.108392090305294,
            "cholec80_video43": 34.782218931869,
            "cholec80_video44": 49.40562328818359,
            "cholec80_video45": 65.79392849425496,
            "cholec80_video46": 64.40324618087351,
            "cholec80_video47": 47.236099841605764,
            "cholec80_video48": 54.00789764341552
        },
        "Per_video_f1_EMA": {
            "cholec80_video41": 59.85122426564126,
            "cholec80_video43": 41.73932243668404,
            "cholec80_video44": 51.03462519867142,
            "cholec80_video45": 68.24637344323521,
            "cholec80_video46": 65.28316719213365,
            "cholec80_video47": 53.92870170579256,
            "cholec80_video48": 59.61492784913956
        }
    },
    "Endoscapes": {
        "mAP": 31.62769653834363,
        "mAP_EMA": 35.01778960382257,
        "mAP_per_class": {
            "C0": 27.642942195361407,
            "C1": 33.204732072182686,
            "C2": 34.0354153474868
        },
        "mAP_per_class_EMA": {
            "C0": 33.46527765425459,
            "C1": 36.89181543187008,
            "C2": 34.69627572534304
        }
    },
    "CholecT50": {
        "AP": {
            "AP_i": 62.26244547845383,
            "AP_v": 42.20838929039199,
            "AP_t": 27.918238760351024,
            "AP_iv": 25.45969981371162,
            "AP_it": 22.174808107230568,
            "AP_ivt": 19.513352417584954
        },
        "AP_EMA": {
            "AP_i": 64.74852900672245,
            "AP_v": 45.5894629902504,
            "AP_t": 30.622263938311207,
            "AP_iv": 27.671779486025677,
            "AP_it": 25.592034721662056,
            "AP_ivt": 22.724189940215084
        }
    }
}