{
    "Test": false,
    "Cholec80": {
        "F1_score": 55.12877192371136,
        "F1_score_EMA": 58.19281316428028,
        "Per_video_f1": {
            "cholec80_video41": 61.669726790765964,
            "cholec80_video43": 40.05814411753233,
            "cholec80_video44": 53.11918716532137,
            "cholec80_video45": 66.33634466008168,
            "cholec80_video46": 63.18325967864885,
            "cholec80_video47": 47.32252158140259,
            "cholec80_video48": 54.21221947222674
        },
        "Per_video_f1_EMA": {
            "cholec80_video41": 59.54242007060774,
            "cholec80_video43": 44.63585792596684,
            "cholec80_video44": 53.01327130389997,
            "cholec80_video45": 66.78824786831045,
            "cholec80_video46": 66.03157110889421,
            "cholec80_video47": 57.59187768531843,
            "cholec80_video48": 59.74644618696432
        }
    },
    "Endoscapes": {
        "mAP": 35.1704665891341,
        "mAP_EMA": 35.13134300354183,
        "mAP_per_class": {
            "C0": 34.39059677924038,
            "C1": 37.865652599930705,
            "C2": 33.25515038823122
        },
        "mAP_per_class_EMA": {
            "C0": 34.8653007559948,
            "C1": 35.387758908406916,
            "C2": 35.14096934622378
        }
    },
    "CholecT50": {
        "AP": {
            "AP_i": 65.00502146537936,
            "AP_v": 45.42135058850016,
            "AP_t": 30.330625967993385,
            "AP_iv": 27.587304771003645,
            "AP_it": 25.37159802574051,
            "AP_ivt": 22.5952087976246
        },
        "AP_EMA": {
            "AP_i": 63.91226824009681,
            "AP_v": 46.78486344429726,
            "AP_t": 32.48597231387417,
            "AP_iv": 28.556894761803306,
            "AP_it": 27.133933032784185,
            "AP_ivt": 24.23228030620285
        }
    }
}