{
    "Test": true,
    "Cholec80": {
        "F1_score": 52.68426387909995,
        "F1_score_EMA": null,
        "Per_video_f1": {
            "cholec80_video51": 53.57686753269489,
            "cholec80_video53": 53.720997135839944,
            "cholec80_video54": 52.15132698341366,
            "cholec80_video55": 69.7152953623964,
            "cholec80_video58": 36.41790090123374,
            "cholec80_video59": 66.91692709814795,
            "cholec80_video61": 34.28224152679448,
            "cholec80_video63": 35.00740186795092,
            "cholec80_video64": 52.519611413911996,
            "cholec80_video69": 65.25124374706182,
            "cholec80_video73": 64.49712112789918,
            "cholec80_video74": 46.76822905862635,
            "cholec80_video76": 42.525703233559526,
            "cholec80_video77": 60.377806435725645,
            "cholec80_video80": 56.53528476124278
        },
        "Per_video_f1_EMA": null
    },
    "Endoscapes": {
        "mAP": 39.90369813281848,
        "mAP_EMA": null,
        "mAP_per_class": {
            "C0": 45.04017477079135,
            "C1": 30.868522815814046,
            "C2": 43.80239681185003
        },
        "mAP_per_class_EMA": null
    },
    "CholecT50": {
        "AP": {
            "AP_i": 56.90281805466406,
            "AP_v": 42.19245598606557,
            "AP_t": 32.68680963013096,
            "AP_iv": 22.077793080076816,
            "AP_it": 17.627343624731527,
            "AP_ivt": 13.129149108290465
        },
        "AP_EMA": null
    }
}