{
    "Test": false,
    "Cholec80": {
        "F1_score": 53.061013691849425,
        "F1_score_EMA": 57.71678669343834,
        "Per_video_f1": {
            "cholec80_video41": 58.98391475232781,
            "cholec80_video43": 35.57652257211824,
            "cholec80_video44": 49.38137580381141,
            "cholec80_video45": 67.46321075533866,
            "cholec80_video46": 62.45249337966007,
            "cholec80_video47": 47.45975457764231,
            "cholec80_video48": 50.109824002047475
        },
        "Per_video_f1_EMA": {
            "cholec80_video41": 59.57771352120928,
            "cholec80_video43": 44.03946749012163,
            "cholec80_video44": 51.77613250391693,
            "cholec80_video45": 66.92195172035393,
            "cholec80_video46": 65.62438742530897,
            "cholec80_video47": 56.528420975657376,
            "cholec80_video48": 59.54943321750024
        }
    },
    "Endoscapes": {
        "mAP": 34.960938797709176,
        "mAP_EMA": 35.517126024909174,
        "mAP_per_class": {
            "C0": 32.18988326738428,
            "C1": 37.50198733801763,
            "C2": 35.190945787725624
        },
        "mAP_per_class_EMA": {
            "C0": 34.94083173844957,
            "C1": 36.252175338251114,
            "C2": 35.358370998026835
        }
    },
    "CholecT50": {
        "AP": {
            "AP_i": 62.01469830253361,
            "AP_v": 43.55329623056697,
            "AP_t": 29.51735969321898,
            "AP_iv": 26.277906665731713,
            "AP_it": 24.420192363747624,
            "AP_ivt": 21.73051135211429
        },
        "AP_EMA": {
            "AP_i": 64.25031031370618,
            "AP_v": 46.8925540791103,
            "AP_t": 31.83210016153176,
            "AP_iv": 28.569073888140007,
            "AP_it": 26.87387215901554,
            "AP_ivt": 23.967785367552707
        }
    }
}