{
    "Test": false,
    "Cholec80": {
        "F1_score": 56.66790057975897,
        "F1_score_EMA": 57.03710338833328,
        "Per_video_f1": {
            "cholec80_video41": 62.399455209758614,
            "cholec80_video43": 40.185659841343,
            "cholec80_video44": 48.842410833603736,
            "cholec80_video45": 68.56459712210133,
            "cholec80_video46": 65.03516866112807,
            "cholec80_video47": 53.318390255206275,
            "cholec80_video48": 58.329622135171775
        },
        "Per_video_f1_EMA": {
            "cholec80_video41": 57.1908826538172,
            "cholec80_video43": 46.70699677874225,
            "cholec80_video44": 51.65681065158226,
            "cholec80_video45": 64.93253703652694,
            "cholec80_video46": 65.05439556552935,
            "cholec80_video47": 56.83275220313707,
            "cholec80_video48": 56.88534882899786
        }
    },
    "Endoscapes": {
        "mAP": 36.45997924203487,
        "mAP_EMA": 34.14503687518799,
        "mAP_per_class": {
            "C0": 36.350550501145015,
            "C1": 40.1785581132094,
            "C2": 32.8508291117502
        },
        "mAP_per_class_EMA": {
            "C0": 34.776521438297195,
            "C1": 33.77398357529044,
            "C2": 33.88460561197634
        }
    },
    "CholecT50": {
        "AP": {
            "AP_i": 65.79101522337965,
            "AP_v": 46.5588121092555,
            "AP_t": 30.99745737466379,
            "AP_iv": 28.1299319393747,
            "AP_it": 27.17700221196406,
            "AP_ivt": 23.49907848149628
        },
        "AP_EMA": {
            "AP_i": 63.5828193350953,
            "AP_v": 46.76464859670317,
            "AP_t": 33.80640775580088,
            "AP_iv": 28.28452978523646,
            "AP_it": 27.148299700755043,
            "AP_ivt": 24.537631214082673
        }
    }
}