{
    "Test": false,
    "Cholec80": {
        "F1_score": 54.573345605048715,
        "F1_score_EMA": 55.2913652396234,
        "Per_video_f1": {
            "cholec80_video41": 61.2571628285164,
            "cholec80_video43": 39.838784617419556,
            "cholec80_video44": 49.33273090032842,
            "cholec80_video45": 69.15202948144724,
            "cholec80_video46": 63.532131825447635,
            "cholec80_video47": 43.33680823534847,
            "cholec80_video48": 55.5637713468333
        },
        "Per_video_f1_EMA": {
            "cholec80_video41": 54.57422380186959,
            "cholec80_video43": 47.59710962083489,
            "cholec80_video44": 49.95894953375689,
            "cholec80_video45": 63.037635369708234,
            "cholec80_video46": 62.893882305485306,
            "cholec80_video47": 56.358865170326325,
            "cholec80_video48": 52.61889087538256
        }
    },
    "Endoscapes": {
        "mAP": 37.38365495489377,
        "mAP_EMA": 33.11493558563392,
        "mAP_per_class": {
            "C0": 35.070400948182645,
            "C1": 39.737082532638894,
            "C2": 37.343481383859775
        },
        "mAP_per_class_EMA": {
            "C0": 34.29524987812605,
            "C1": 32.47845851602597,
            "C2": 32.571098362749744
        }
    },
    "CholecT50": {
        "AP": {
            "AP_i": 65.98629269147531,
            "AP_v": 46.04985993621088,
            "AP_t": 31.77586957962683,
            "AP_iv": 28.069784912617813,
            "AP_it": 28.034201874136045,
            "AP_ivt": 24.089212707873457
        },
        "AP_EMA": {
            "AP_i": 63.00889321560731,
            "AP_v": 46.01495444327903,
            "AP_t": 34.27083734897189,
            "AP_iv": 27.609299533644048,
            "AP_it": 26.673979642387135,
            "AP_ivt": 24.368397910539855
        }
    }
}