{
    "Test": false,
    "Cholec80": {
        "F1_score": 7.57696784622359,
        "F1_score_EMA": 7.588433135015617,
        "Per_video_f1": {
            "cholec80_video41": 8.190476190476192,
            "cholec80_video43": 8.027832137421179,
            "cholec80_video44": 7.579215896885071,
            "cholec80_video45": 5.881761848936526,
            "cholec80_video46": 6.481357744220233,
            "cholec80_video47": 5.7324840764331215,
            "cholec80_video48": 9.58592132505176,
            "cholec80_video49": 5.2822299651567945,
            "cholec80_video50": 11.431431431431431
        },
        "Per_video_f1_EMA": {
            "cholec80_video41": 8.19235949150872,
            "cholec80_video43": 8.030276666086653,
            "cholec80_video44": 7.579215896885071,
            "cholec80_video45": 5.88452129620321,
            "cholec80_video46": 6.484390667825389,
            "cholec80_video47": 5.825551474991522,
            "cholec80_video48": 9.58592132505176,
            "cholec80_video49": 5.2822299651567945,
            "cholec80_video50": 11.431431431431431
        }
    },
    "Endoscapes": {
        "mAP": 26.695797549779652,
        "mAP_EMA": 22.880927328213286,
        "mAP_per_class": {
            "C0": 28.430029567284993,
            "C1": 24.286074399266838,
            "C2": 27.371288682787124
        },
        "mAP_per_class_EMA": {
            "C0": 28.366027154419477,
            "C1": 19.886362422676726,
            "C2": 20.39039240754365
        }
    },
    "CholecT50": {
        "AP": {
            "AP_i": 34.83616635191864,
            "AP_v": 25.447498648484313,
            "AP_t": 20.72234318961035,
            "AP_iv": 14.617403624647281,
            "AP_it": 13.395140212350322,
            "AP_ivt": 11.078938335375835
        },
        "AP_EMA": {
            "AP_i": 29.072912340561597,
            "AP_v": 18.88637165831296,
            "AP_t": 16.853879548002364,
            "AP_iv": 10.518501422802403,
            "AP_it": 9.302486170709638,
            "AP_ivt": 7.573138756855155
        }
    }
}