{
    "Test": false,
    "Cholec80": {
        "F1_score": 39.79624272716233,
        "F1_score_EMA": 7.57696784622359,
        "Per_video_f1": {
            "cholec80_video41": 50.24245111659036,
            "cholec80_video43": 42.59592658469093,
            "cholec80_video44": 37.42620255599453,
            "cholec80_video45": 40.70730120445315,
            "cholec80_video46": 36.09856203433367,
            "cholec80_video47": 24.51611215860065,
            "cholec80_video48": 38.44169081657928,
            "cholec80_video49": 37.974484175038455,
            "cholec80_video50": 50.16345389817997
        },
        "Per_video_f1_EMA": {
            "cholec80_video41": 8.190476190476192,
            "cholec80_video43": 8.027832137421179,
            "cholec80_video44": 7.579215896885071,
            "cholec80_video45": 5.881761848936526,
            "cholec80_video46": 6.481357744220233,
            "cholec80_video47": 5.7324840764331215,
            "cholec80_video48": 9.58592132505176,
            "cholec80_video49": 5.2822299651567945,
            "cholec80_video50": 11.431431431431431
        }
    },
    "Endoscapes": {
        "mAP": 29.90393780713549,
        "mAP_EMA": 26.22277133053253,
        "mAP_per_class": {
            "C0": 23.528219487308714,
            "C1": 28.90346002154588,
            "C2": 37.28013391255188
        },
        "mAP_per_class_EMA": {
            "C0": 24.974112612550066,
            "C1": 23.430407222630773,
            "C2": 30.263794156416758
        }
    },
    "CholecT50": {
        "AP": {
            "AP_i": 52.86108825455265,
            "AP_v": 36.75696180963828,
            "AP_t": 29.729789270726165,
            "AP_iv": 22.010226692058033,
            "AP_it": 21.23938511646433,
            "AP_ivt": 18.112906103515254
        },
        "AP_EMA": {
            "AP_i": 35.920234623077796,
            "AP_v": 27.822325967495402,
            "AP_t": 23.72115478965499,
            "AP_iv": 16.175293612401514,
            "AP_it": 15.476134345962219,
            "AP_ivt": 12.96260678240368
        }
    }
}