{
    "Test": false,
    "Cholec80": {
        "F1_score": 7.57696784622359,
        "F1_score_EMA": 7.587236308846325,
        "Per_video_f1": {
            "cholec80_video41": 8.190476190476192,
            "cholec80_video43": 8.027832137421179,
            "cholec80_video44": 7.579215896885071,
            "cholec80_video45": 5.881761848936526,
            "cholec80_video46": 6.481357744220233,
            "cholec80_video47": 5.7324840764331215,
            "cholec80_video48": 9.58592132505176,
            "cholec80_video49": 5.2822299651567945,
            "cholec80_video50": 11.431431431431431
        },
        "Per_video_f1_EMA": {
            "cholec80_video41": 8.190476190476192,
            "cholec80_video43": 8.027832137421179,
            "cholec80_video44": 7.579215896885071,
            "cholec80_video45": 5.8831412489949075,
            "cholec80_video46": 6.481357744220233,
            "cholec80_video47": 5.823520839979363,
            "cholec80_video48": 9.58592132505176,
            "cholec80_video49": 5.2822299651567945,
            "cholec80_video50": 11.431431431431431
        }
    },
    "Endoscapes": {
        "mAP": 29.149661595084517,
        "mAP_EMA": 25.615506861996778,
        "mAP_per_class": {
            "C0": 25.364775653335702,
            "C1": 28.31168633789994,
            "C2": 33.77252279401791
        },
        "mAP_per_class_EMA": {
            "C0": 29.975886531609063,
            "C1": 23.785992752416732,
            "C2": 23.084641301964535
        }
    },
    "CholecT50": {
        "AP": {
            "AP_i": 44.24432944852894,
            "AP_v": 31.35701791238667,
            "AP_t": 24.77574147449413,
            "AP_iv": 18.234555863553908,
            "AP_it": 16.476585859890605,
            "AP_ivt": 13.577633382812268
        },
        "AP_EMA": {
            "AP_i": 31.836426987288277,
            "AP_v": 21.84265000599527,
            "AP_t": 19.25897448934357,
            "AP_iv": 12.62253134596174,
            "AP_it": 11.295785083173115,
            "AP_ivt": 9.54189820439788
        }
    }
}