{
    "Test": true,
    "Cholec80": {
        "F1_score": 7.361263616739882,
        "F1_score_EMA": null,
        "Per_video_f1": {
            "cholec80_video51": 4.857384919514262,
            "cholec80_video53": 8.673798032793556,
            "cholec80_video54": 6.515894747412074,
            "cholec80_video55": 6.849602010892333,
            "cholec80_video58": 5.183706488902202,
            "cholec80_video59": 6.235319239803545,
            "cholec80_video61": 10.52888954436262,
            "cholec80_video63": 11.41156164794757,
            "cholec80_video64": 6.903406523899883,
            "cholec80_video69": 10.082837830970169,
            "cholec80_video73": 4.996953077391835,
            "cholec80_video74": 8.639863130881094,
            "cholec80_video76": 7.894428610471245,
            "cholec80_video77": 7.857866049542485,
            "cholec80_video80": 3.787442396313364
        },
        "Per_video_f1_EMA": null
    },
    "Endoscapes": {
        "mAP": 18.552744289815898,
        "mAP_EMA": null,
        "mAP_per_class": {
            "C0": 17.37619161825784,
            "C1": 14.4491215552302,
            "C2": 23.83291969595965
        },
        "mAP_per_class_EMA": null
    },
    "CholecT50": {
        "AP": {
            "AP_i": 23.227983993764852,
            "AP_v": 14.806416573895941,
            "AP_t": 10.958829181622537,
            "AP_iv": 7.243032218778294,
            "AP_it": 4.4640035980203985,
            "AP_ivt": 3.3963211524438504
        },
        "AP_EMA": null
    }
}