{
    "Test": false,
    "Cholec80": {
        "F1_score": 7.99203706182646,
        "F1_score_EMA": 7.646815770022767,
        "Per_video_f1": {
            "cholec80_video41": 8.652693548959109,
            "cholec80_video43": 8.026464699225212,
            "cholec80_video44": 7.782005979885838,
            "cholec80_video45": 5.892815195140776,
            "cholec80_video46": 7.773435587827364,
            "cholec80_video47": 6.002896607940922,
            "cholec80_video48": 9.596352142598063,
            "cholec80_video49": 5.3003286483462695,
            "cholec80_video50": 12.90134114651459
        },
        "Per_video_f1_EMA": {
            "cholec80_video41": 7.163258704584403,
            "cholec80_video43": 6.250103602714664,
            "cholec80_video44": 8.724148902322622,
            "cholec80_video45": 8.065006999817395,
            "cholec80_video46": 8.25184463699933,
            "cholec80_video47": 9.281774362299016,
            "cholec80_video48": 5.0014162839824685,
            "cholec80_video49": 7.293469204640133,
            "cholec80_video50": 8.790319232844867
        }
    },
    "Endoscapes": {
        "mAP": 20.536911369451637,
        "mAP_EMA": 14.8177313728527,
        "mAP_per_class": {
            "C0": 26.24035609785257,
            "C1": 16.927474550958767,
            "C2": 18.442903459543576
        },
        "mAP_per_class_EMA": {
            "C0": 18.08559068033017,
            "C1": 11.522978871300223,
            "C2": 14.844624566927708
        }
    },
    "CholecT50": {
        "AP": {
            "AP_i": 28.23161015666877,
            "AP_v": 18.1882911093248,
            "AP_t": 14.57927038202941,
            "AP_iv": 10.063601390090328,
            "AP_it": 7.72366776211484,
            "AP_ivt": 6.343553482781865
        },
        "AP_EMA": {
            "AP_i": 24.126146709404452,
            "AP_v": 14.503748860041279,
            "AP_t": 12.631961803092846,
            "AP_iv": 8.272646422683703,
            "AP_it": 6.656807148136039,
            "AP_ivt": 5.482086545969733
        }
    }
}