{
    "Test": false,
    "Cholec80": {
        "F1_score": 7.660303602189359,
        "F1_score_EMA": 7.899066455977937,
        "Per_video_f1": {
            "cholec80_video41": 8.379804134180134,
            "cholec80_video43": 8.030276666086653,
            "cholec80_video44": 7.580997146214538,
            "cholec80_video45": 5.887283333892111,
            "cholec80_video46": 6.772990956425678,
            "cholec80_video47": 5.985745087434336,
            "cholec80_video48": 9.589395743799512,
            "cholec80_video49": 5.284807920239838,
            "cholec80_video50": 11.431431431431431
        },
        "Per_video_f1_EMA": {
            "cholec80_video41": 7.138397717203067,
            "cholec80_video43": 6.222330722757944,
            "cholec80_video44": 9.4555739263487,
            "cholec80_video45": 8.906559774737051,
            "cholec80_video46": 8.35218642639413,
            "cholec80_video47": 9.037188909204732,
            "cholec80_video48": 5.036634450383788,
            "cholec80_video49": 9.11622924136419,
            "cholec80_video50": 7.826496935407827
        }
    },
    "Endoscapes": {
        "mAP": 21.80664378782857,
        "mAP_EMA": 14.54230645186788,
        "mAP_per_class": {
            "C0": 28.020083692364683,
            "C1": 18.04153169153578,
            "C2": 19.35831597958525
        },
        "mAP_per_class_EMA": {
            "C0": 16.95363359759277,
            "C1": 11.873939756499244,
            "C2": 14.799346001511626
        }
    },
    "CholecT50": {
        "AP": {
            "AP_i": 28.87317789523924,
            "AP_v": 19.3693775364086,
            "AP_t": 15.97315958272987,
            "AP_iv": 11.068202521879464,
            "AP_it": 8.708760055939583,
            "AP_ivt": 7.123373087051257
        },
        "AP_EMA": {
            "AP_i": 24.0422439155613,
            "AP_v": 14.522711988988885,
            "AP_t": 12.659827578318895,
            "AP_iv": 8.248474142195777,
            "AP_it": 6.901680926537773,
            "AP_ivt": 5.598191741906935
        }
    }
}