{
    "Test": false,
    "Cholec80": {
        "F1_score": 9.709766744860898,
        "F1_score_EMA": 7.57696784622359,
        "Per_video_f1": {
            "cholec80_video41": 10.056746375761847,
            "cholec80_video43": 8.606812688445341,
            "cholec80_video44": 14.729768096820514,
            "cholec80_video45": 6.112365011508588,
            "cholec80_video46": 7.385145164349272,
            "cholec80_video47": 6.889575837429687,
            "cholec80_video48": 11.39715909419222,
            "cholec80_video49": 6.231701587048553,
            "cholec80_video50": 15.978626848192064
        },
        "Per_video_f1_EMA": {
            "cholec80_video41": 8.190476190476192,
            "cholec80_video43": 8.027832137421179,
            "cholec80_video44": 7.579215896885071,
            "cholec80_video45": 5.881761848936526,
            "cholec80_video46": 6.481357744220233,
            "cholec80_video47": 5.7324840764331215,
            "cholec80_video48": 9.58592132505176,
            "cholec80_video49": 5.2822299651567945,
            "cholec80_video50": 11.431431431431431
        }
    },
    "Endoscapes": {
        "mAP": 29.55556134492746,
        "mAP_EMA": 26.021650434520044,
        "mAP_per_class": {
            "C0": 23.027107714026148,
            "C1": 29.029043688576756,
            "C2": 36.610532632179485
        },
        "mAP_per_class_EMA": {
            "C0": 26.967765401699168,
            "C1": 23.036078018025297,
            "C2": 28.061107883835668
        }
    },
    "CholecT50": {
        "AP": {
            "AP_i": 50.93727767118759,
            "AP_v": 34.6024835681318,
            "AP_t": 28.343017975152968,
            "AP_iv": 20.490554668671003,
            "AP_it": 19.606405119452543,
            "AP_ivt": 16.906424893206932
        },
        "AP_EMA": {
            "AP_i": 34.64065071569005,
            "AP_v": 25.23431420426552,
            "AP_t": 21.993472324358784,
            "AP_iv": 14.551669356113486,
            "AP_it": 13.924857454377937,
            "AP_ivt": 11.656518218117837
        }
    }
}