{
    "Test": false,
    "Cholec80": {
        "F1_score": 70.31095084252854,
        "F1_score_EMA": 9.738554970518079,
        "Per_video_f1": {
            "cholec80_video41": 72.93610682375459,
            "cholec80_video43": 64.79252203184423,
            "cholec80_video44": 75.18234035497305,
            "cholec80_video45": 78.7794676977457,
            "cholec80_video46": 78.48193638071604,
            "cholec80_video47": 53.00578087875374,
            "cholec80_video48": 69.66347830329286,
            "cholec80_video49": 66.99086659104384,
            "cholec80_video50": 72.96605852063288
        },
        "Per_video_f1_EMA": {
            "cholec80_video41": 9.082947633764345,
            "cholec80_video43": 12.004720020114197,
            "cholec80_video44": 9.754472599571875,
            "cholec80_video45": 6.395626172470108,
            "cholec80_video46": 7.685574229691876,
            "cholec80_video47": 6.065368818767407,
            "cholec80_video48": 13.475589881027833,
            "cholec80_video49": 9.64398895794907,
            "cholec80_video50": 13.538706421306001
        }
    },
    "Endoscapes": {
        "mAP": 43.9201343222206,
        "mAP_EMA": 12.404563299697688,
        "mAP_per_class": {
            "C0": 42.23385472537023,
            "C1": 47.87758785642183,
            "C2": 41.648960384869724
        },
        "mAP_per_class_EMA": {
            "C0": 13.419704040980351,
            "C1": 12.250435005839659,
            "C2": 11.543550852273055
        }
    },
    "CholecT50": {
        "AP": {
            "AP_i": 63.46054361436345,
            "AP_v": 47.26875988811257,
            "AP_t": 37.34241004000992,
            "AP_iv": 30.7321153186532,
            "AP_it": 32.63686394716698,
            "AP_ivt": 30.274619399509266
        },
        "AP_EMA": {
            "AP_i": 23.70060661755798,
            "AP_v": 15.529156207308748,
            "AP_t": 12.551031275000565,
            "AP_iv": 8.772684020067214,
            "AP_it": 6.585363011652946,
            "AP_ivt": 5.449609192940087
        }
    }
}