{
    "Test": false,
    "Cholec80": {
        "F1_score": 66.22604675130924,
        "F1_score_EMA": 74.55664728905093,
        "Per_video_f1": {
            "cholec80_video41": 75.76307462054687,
            "cholec80_video43": 46.304726051615404,
            "cholec80_video44": 78.65460586251321,
            "cholec80_video45": 69.98658998465726,
            "cholec80_video46": 81.42685265029066,
            "cholec80_video47": 50.771924414760186,
            "cholec80_video48": 65.06061930281415,
            "cholec80_video49": 49.205371874009316,
            "cholec80_video50": 78.86065600057609
        },
        "Per_video_f1_EMA": {
            "cholec80_video41": 73.4586814700852,
            "cholec80_video43": 62.22406180216957,
            "cholec80_video44": 83.68248918669858,
            "cholec80_video45": 81.99270384578493,
            "cholec80_video46": 81.88915506302996,
            "cholec80_video47": 57.63749402675151,
            "cholec80_video48": 75.42726299679747,
            "cholec80_video49": 76.605271907357,
            "cholec80_video50": 78.09270530278413
        }
    },
    "Endoscapes": {
        "mAP": 46.27860309856274,
        "mAP_EMA": 49.48749672889657,
        "mAP_per_class": {
            "C0": 43.03133513517035,
            "C1": 46.77323185316822,
            "C2": 49.03124230734966
        },
        "mAP_per_class_EMA": {
            "C0": 45.09702425615896,
            "C1": 52.338213589181095,
            "C2": 51.02725234134967
        }
    },
    "CholecT50": {
        "AP": {
            "AP_i": 51.978936084855484,
            "AP_v": 42.188662579108936,
            "AP_t": 27.67362585184329,
            "AP_iv": 27.551058786895595,
            "AP_it": 26.49458988275706,
            "AP_ivt": 23.96094107765438
        },
        "AP_EMA": {
            "AP_i": 71.17525223235843,
            "AP_v": 52.26681536039895,
            "AP_t": 39.03643814270867,
            "AP_iv": 33.70643271486358,
            "AP_it": 33.879885679955066,
            "AP_ivt": 30.176772626136145
        }
    }
}