{
    "Test": false,
    "Cholec80": {
        "F1_score": 62.10614066637143,
        "F1_score_EMA": 73.29182873139932,
        "Per_video_f1": {
            "cholec80_video41": 72.48509826582512,
            "cholec80_video43": 42.8566292485637,
            "cholec80_video44": 82.24047785807171,
            "cholec80_video45": 71.89283705987576,
            "cholec80_video46": 78.35906279247642,
            "cholec80_video47": 37.14304805912227,
            "cholec80_video48": 50.064144861834414,
            "cholec80_video49": 46.00621084526394,
            "cholec80_video50": 77.90775700630954
        },
        "Per_video_f1_EMA": {
            "cholec80_video41": 72.34279001243175,
            "cholec80_video43": 67.78954865691479,
            "cholec80_video44": 81.32710902020429,
            "cholec80_video45": 80.02898901839056,
            "cholec80_video46": 79.8564825298468,
            "cholec80_video47": 58.290540859900034,
            "cholec80_video48": 70.53656702924866,
            "cholec80_video49": 72.82457896796136,
            "cholec80_video50": 76.62985248769562
        }
    },
    "Endoscapes": {
        "mAP": 49.13732734178965,
        "mAP_EMA": 49.48383426690759,
        "mAP_per_class": {
            "C0": 49.248328324874194,
            "C1": 53.35390203354196,
            "C2": 44.80975166695279
        },
        "mAP_per_class_EMA": {
            "C0": 46.16813235329818,
            "C1": 54.09506578975819,
            "C2": 48.1883046576664
        }
    },
    "CholecT50": {
        "AP": {
            "AP_i": 63.16087132530549,
            "AP_v": 49.27724792702816,
            "AP_t": 30.44278656140189,
            "AP_iv": 29.419847978619355,
            "AP_it": 27.195740885703092,
            "AP_ivt": 25.820355786454687
        },
        "AP_EMA": {
            "AP_i": 73.55278577421062,
            "AP_v": 52.929192652594125,
            "AP_t": 40.757162956574206,
            "AP_iv": 33.36249656403725,
            "AP_it": 35.71105678971117,
            "AP_ivt": 30.421054997744932
        }
    }
}