{
    "Test": false,
    "Cholec80": {
        "F1_score": 63.65366231763219,
        "F1_score_EMA": 51.35032464083934,
        "Per_video_f1": {
            "cholec80_video41": 76.15519022774994,
            "cholec80_video43": 47.49036553375143,
            "cholec80_video44": 79.35216373101017,
            "cholec80_video45": 72.33351727540044,
            "cholec80_video46": 79.66259515415045,
            "cholec80_video47": 34.80128450225656,
            "cholec80_video48": 56.962133158878345,
            "cholec80_video49": 53.79267733048293,
            "cholec80_video50": 72.33303394500946
        },
        "Per_video_f1_EMA": {
            "cholec80_video41": 41.8336659467808,
            "cholec80_video43": 56.198272198395415,
            "cholec80_video44": 53.181280377204665,
            "cholec80_video45": 48.28525780584451,
            "cholec80_video46": 52.47219149131133,
            "cholec80_video47": 47.08232542108887,
            "cholec80_video48": 47.36314574081618,
            "cholec80_video49": 57.61216371296937,
            "cholec80_video50": 58.1246190731429
        }
    },
    "Endoscapes": {
        "mAP": 55.19578471230655,
        "mAP_EMA": 35.783405632864294,
        "mAP_per_class": {
            "C0": 52.05450267445953,
            "C1": 58.051923981698,
            "C2": 55.48092748076212
        },
        "mAP_per_class_EMA": {
            "C0": 37.334049827823414,
            "C1": 36.08893393689667,
            "C2": 33.9272331338728
        }
    },
    "CholecT50": {
        "AP": {
            "AP_i": 71.18989650177468,
            "AP_v": 50.37672143245122,
            "AP_t": 34.98012149049122,
            "AP_iv": 31.02611876838647,
            "AP_it": 32.10220184986377,
            "AP_ivt": 27.653822829662122
        },
        "AP_EMA": {
            "AP_i": 55.56968624982509,
            "AP_v": 39.33397953267763,
            "AP_t": 30.667590385756867,
            "AP_iv": 25.13621224028857,
            "AP_it": 25.240443160293623,
            "AP_ivt": 21.082101205754892
        }
    }
}