{
    "Test": false,
    "Cholec80": {
        "F1_score": 67.49646871732614,
        "F1_score_EMA": 14.116075787367802,
        "Per_video_f1": {
            "cholec80_video41": 78.07496208750224,
            "cholec80_video43": 49.53934293043778,
            "cholec80_video44": 80.47443866343639,
            "cholec80_video45": 76.47232308739706,
            "cholec80_video46": 76.44863387220026,
            "cholec80_video47": 52.899520182597904,
            "cholec80_video48": 55.98727306904283,
            "cholec80_video49": 64.64306390626204,
            "cholec80_video50": 72.92866065705873
        },
        "Per_video_f1_EMA": {
            "cholec80_video41": 10.228021445736404,
            "cholec80_video43": 14.519866165644245,
            "cholec80_video44": 12.772834079735354,
            "cholec80_video45": 13.35487816863006,
            "cholec80_video46": 12.329860210112946,
            "cholec80_video47": 9.054762963920517,
            "cholec80_video48": 18.731030433357,
            "cholec80_video49": 19.57109555074094,
            "cholec80_video50": 16.48233306843275
        }
    },
    "Endoscapes": {
        "mAP": 51.01426986630828,
        "mAP_EMA": 15.436082110333265,
        "mAP_per_class": {
            "C0": 48.15044617031999,
            "C1": 54.230338142035414,
            "C2": 50.662025286569445
        },
        "mAP_per_class_EMA": {
            "C0": 17.61769205741395,
            "C1": 13.982675699316527,
            "C2": 14.707878574269317
        }
    },
    "CholecT50": {
        "AP": {
            "AP_i": 71.12024433238793,
            "AP_v": 52.492949671135435,
            "AP_t": 33.96151153395371,
            "AP_iv": 33.56660138023453,
            "AP_it": 31.809704425219085,
            "AP_ivt": 29.853098892027777
        },
        "AP_EMA": {
            "AP_i": 31.984739479459034,
            "AP_v": 21.60042194985553,
            "AP_t": 17.061809166451955,
            "AP_iv": 13.120280731271908,
            "AP_it": 10.702739162172978,
            "AP_ivt": 8.898515811354564
        }
    }
}