{
    "Test": false,
    "Cholec80": {
        "F1_score": 72.68157945966746,
        "F1_score_EMA": 9.633224300514652,
        "Per_video_f1": {
            "cholec80_video41": 72.09995623695849,
            "cholec80_video43": 64.19157091507059,
            "cholec80_video44": 80.67225674447782,
            "cholec80_video45": 80.35494672423769,
            "cholec80_video46": 77.82614058065047,
            "cholec80_video47": 65.06375179523846,
            "cholec80_video48": 68.08093964038241,
            "cholec80_video49": 75.92052126735057,
            "cholec80_video50": 69.92413123264068
        },
        "Per_video_f1_EMA": {
            "cholec80_video41": 8.857225592009755,
            "cholec80_video43": 11.711306671477377,
            "cholec80_video44": 10.028249825599342,
            "cholec80_video45": 6.825705122827848,
            "cholec80_video46": 8.166486132453334,
            "cholec80_video47": 7.53000902069225,
            "cholec80_video48": 11.329549938092649,
            "cholec80_video49": 7.019681200865316,
            "cholec80_video50": 15.23080520061399
        }
    },
    "Endoscapes": {
        "mAP": 48.61216395805106,
        "mAP_EMA": 11.436903017733894,
        "mAP_per_class": {
            "C0": 47.73764693476474,
            "C1": 53.213487882297564,
            "C2": 44.885357057090886
        },
        "mAP_per_class_EMA": {
            "C0": 12.97245332295634,
            "C1": 10.686383742277563,
            "C2": 10.651871987967775
        }
    },
    "CholecT50": {
        "AP": {
            "AP_i": 63.98469943509695,
            "AP_v": 47.622145144778095,
            "AP_t": 34.98302824163034,
            "AP_iv": 29.98035431227831,
            "AP_it": 31.757139569248526,
            "AP_ivt": 29.027827548704582
        },
        "AP_EMA": {
            "AP_i": 22.009068905600667,
            "AP_v": 14.567753458286697,
            "AP_t": 12.341312425209358,
            "AP_iv": 8.165937908988527,
            "AP_it": 6.3993150880507805,
            "AP_ivt": 5.256480433353828
        }
    }
}