{
    "Test": true,
    "Cholec80": {
        "F1_score": 68.52072834780542,
        "F1_score_EMA": null,
        "Per_video_f1": {
            "cholec80_video51": 67.08332567079817,
            "cholec80_video53": 67.1748999438782,
            "cholec80_video54": 72.70929033224462,
            "cholec80_video55": 77.84826397488798,
            "cholec80_video58": 45.516327183993866,
            "cholec80_video59": 80.42912793053942,
            "cholec80_video61": 55.48423701244871,
            "cholec80_video63": 65.39009183735767,
            "cholec80_video64": 76.75430864840759,
            "cholec80_video69": 76.82846138697485,
            "cholec80_video73": 79.76317023122755,
            "cholec80_video74": 59.22324228885548,
            "cholec80_video76": 61.78848072858075,
            "cholec80_video77": 79.5654191220658,
            "cholec80_video80": 62.25227892482058
        },
        "Per_video_f1_EMA": null
    },
    "Endoscapes": {
        "mAP": 53.48155380102327,
        "mAP_EMA": null,
        "mAP_per_class": {
            "C0": 47.53142369137563,
            "C1": 46.82829116864172,
            "C2": 66.08494654305245
        },
        "mAP_per_class_EMA": null
    },
    "CholecT50": {
        "AP": {
            "AP_i": 76.93939407297762,
            "AP_v": 55.46360545645839,
            "AP_t": 37.261157677193474,
            "AP_iv": 33.75057415935164,
            "AP_it": 29.124247154690938,
            "AP_ivt": 23.439216564302814
        },
        "AP_EMA": null
    }
}