{
    "Test": false,
    "Cholec80": {
        "F1_score": 66.72222269121508,
        "F1_score_EMA": 14.133227325426063,
        "Per_video_f1": {
            "cholec80_video41": 76.14624000121223,
            "cholec80_video43": 50.29200881502383,
            "cholec80_video44": 76.76355663326156,
            "cholec80_video45": 77.04695785844301,
            "cholec80_video46": 80.93167014694177,
            "cholec80_video47": 48.108323350765964,
            "cholec80_video48": 60.66886604751872,
            "cholec80_video49": 61.292735896881965,
            "cholec80_video50": 69.24964547088666
        },
        "Per_video_f1_EMA": {
            "cholec80_video41": 10.41772138703578,
            "cholec80_video43": 14.651488748046674,
            "cholec80_video44": 13.83733137772645,
            "cholec80_video45": 12.908600455393838,
            "cholec80_video46": 13.00780041958847,
            "cholec80_video47": 9.108402703594017,
            "cholec80_video48": 17.695183201913895,
            "cholec80_video49": 18.818279206356266,
            "cholec80_video50": 16.754238429179182
        }
    },
    "Endoscapes": {
        "mAP": 47.68456456828801,
        "mAP_EMA": 16.526047483216228,
        "mAP_per_class": {
            "C0": 45.65569792035285,
            "C1": 49.87136058331538,
            "C2": 47.52663520119581
        },
        "mAP_per_class_EMA": {
            "C0": 19.94824458086461,
            "C1": 14.238081614101805,
            "C2": 15.391816254682267
        }
    },
    "CholecT50": {
        "AP": {
            "AP_i": 71.5032162135255,
            "AP_v": 51.943097083796964,
            "AP_t": 35.34102066597542,
            "AP_iv": 32.57673942606984,
            "AP_it": 34.32708401336411,
            "AP_ivt": 30.436320165508928
        },
        "AP_EMA": {
            "AP_i": 32.01867010408823,
            "AP_v": 21.424955192026992,
            "AP_t": 17.233935745778503,
            "AP_iv": 12.971597859228238,
            "AP_it": 10.65560893128012,
            "AP_ivt": 8.821859992679636
        }
    }
}