{
    "Test": true,
    "Cholec80": {
        "F1_score": 51.031358081926165,
        "F1_score_EMA": null,
        "Per_video_f1": {
            "cholec80_video51": 50.17969274754306,
            "cholec80_video53": 51.44531380208678,
            "cholec80_video54": 46.96750321209765,
            "cholec80_video55": 57.601698036485374,
            "cholec80_video58": 41.50302699216372,
            "cholec80_video59": 58.8181597046861,
            "cholec80_video61": 47.79049477031311,
            "cholec80_video63": 42.646803808475156,
            "cholec80_video64": 60.941665547779934,
            "cholec80_video69": 56.383412000414225,
            "cholec80_video73": 54.14583686094686,
            "cholec80_video74": 41.381304395836175,
            "cholec80_video76": 50.88730302917338,
            "cholec80_video77": 67.32554385541134,
            "cholec80_video80": 37.45261246547962
        },
        "Per_video_f1_EMA": null
    },
    "Endoscapes": {
        "mAP": 37.83196311860345,
        "mAP_EMA": null,
        "mAP_per_class": {
            "C0": 43.63367067628905,
            "C1": 27.91027109608264,
            "C2": 41.95194758343865
        },
        "mAP_per_class_EMA": null
    },
    "CholecT50": {
        "AP": {
            "AP_i": 51.66808556876301,
            "AP_v": 36.47121838954631,
            "AP_t": 26.762784302313047,
            "AP_iv": 20.720638001401568,
            "AP_it": 16.872350650713084,
            "AP_ivt": 13.603092545908655
        },
        "AP_EMA": null
    }
}