{
    "Test": false,
    "Cholec80": {
        "F1_score": 56.117238456588446,
        "F1_score_EMA": 67.06299796276515,
        "Per_video_f1": {
            "cholec80_video41": 75.78282177959254,
            "cholec80_video43": 30.59004871575462,
            "cholec80_video44": 85.38169472914763,
            "cholec80_video45": 76.16017218945034,
            "cholec80_video46": 77.62504687130581,
            "cholec80_video47": 22.753415436488925,
            "cholec80_video48": 29.133393522617894,
            "cholec80_video49": 34.55744669554824,
            "cholec80_video50": 73.07110616939
        },
        "Per_video_f1_EMA": {
            "cholec80_video41": 74.83137612345001,
            "cholec80_video43": 51.608916055482034,
            "cholec80_video44": 81.37975109756064,
            "cholec80_video45": 79.1540233272266,
            "cholec80_video46": 81.27584318918011,
            "cholec80_video47": 45.935960203713186,
            "cholec80_video48": 56.67636601220584,
            "cholec80_video49": 53.72270084568225,
            "cholec80_video50": 78.98204481038569
        }
    },
    "Endoscapes": {
        "mAP": 46.506804739682735,
        "mAP_EMA": 52.7099837857217,
        "mAP_per_class": {
            "C0": 48.984470931994,
            "C1": 51.19610344663603,
            "C2": 39.339839840418186
        },
        "mAP_per_class_EMA": {
            "C0": 52.43749936880753,
            "C1": 55.911326268823515,
            "C2": 49.781125719534046
        }
    },
    "CholecT50": {
        "AP": {
            "AP_i": 59.09571086087224,
            "AP_v": 42.320176888890906,
            "AP_t": 29.891267430130554,
            "AP_iv": 25.018469187281706,
            "AP_it": 25.68313622116742,
            "AP_ivt": 22.58997493586502
        },
        "AP_EMA": {
            "AP_i": 67.14471920653044,
            "AP_v": 49.58527971061229,
            "AP_t": 34.8162325557306,
            "AP_iv": 31.1939158309993,
            "AP_it": 32.274716355360454,
            "AP_ivt": 28.218496307757263
        }
    }
}