{
    "Test": false,
    "Cholec80": {
        "F1_score": 52.144601293663705,
        "F1_score_EMA": 50.34289187105325,
        "Per_video_f1": {
            "cholec80_video41": 75.1629939636961,
            "cholec80_video43": 19.551333558778158,
            "cholec80_video44": 81.03451806809427,
            "cholec80_video45": 66.79832579698221,
            "cholec80_video46": 78.22167630554071,
            "cholec80_video47": 24.757046980321636,
            "cholec80_video48": 25.136960178779187,
            "cholec80_video49": 26.446766620673095,
            "cholec80_video50": 72.19179017010798
        },
        "Per_video_f1_EMA": {
            "cholec80_video41": 73.23476736035624,
            "cholec80_video43": 19.30023347965957,
            "cholec80_video44": 82.24484196544942,
            "cholec80_video45": 69.04864431253603,
            "cholec80_video46": 80.34998585330065,
            "cholec80_video47": 15.994978930904649,
            "cholec80_video48": 18.551872038803936,
            "cholec80_video49": 24.307222820130995,
            "cholec80_video50": 70.05348007833774
        }
    },
    "Endoscapes": {
        "mAP": 47.501228573796666,
        "mAP_EMA": 50.51364147555939,
        "mAP_per_class": {
            "C0": 44.446524076401175,
            "C1": 51.606414769513705,
            "C2": 46.45074687547511
        },
        "mAP_per_class_EMA": {
            "C0": 48.94658407459372,
            "C1": 54.641036819215635,
            "C2": 47.9533035328688
        }
    },
    "CholecT50": {
        "AP": {
            "AP_i": 42.12886548220898,
            "AP_v": 27.985535683851328,
            "AP_t": 25.558836133710777,
            "AP_iv": 16.60222211549434,
            "AP_it": 19.327897227042257,
            "AP_ivt": 15.902678941310574
        },
        "AP_EMA": {
            "AP_i": 45.58129393772361,
            "AP_v": 32.14874815219916,
            "AP_t": 24.426814755117753,
            "AP_iv": 20.75783546210701,
            "AP_it": 22.635232896560975,
            "AP_ivt": 19.921106694890423
        }
    }
}