{
    "Test": false,
    "Cholec80": {
        "F1_score": 69.64122319825978,
        "F1_score_EMA": 70.27708476523895,
        "Per_video_f1": {
            "cholec80_video41": 70.16842095513431,
            "cholec80_video43": 58.53053318510915,
            "cholec80_video44": 81.32292103313044,
            "cholec80_video45": 68.60115448418834,
            "cholec80_video46": 75.28438898856031,
            "cholec80_video47": 61.673481161365196,
            "cholec80_video48": 71.90766258033071
        },
        "Per_video_f1_EMA": {
            "cholec80_video41": 68.67919452617025,
            "cholec80_video43": 59.559290683623324,
            "cholec80_video44": 81.46228397225924,
            "cholec80_video45": 71.95921155192359,
            "cholec80_video46": 75.18723466534549,
            "cholec80_video47": 62.927669894564175,
            "cholec80_video48": 72.16470806278659
        }
    },
    "Endoscapes": {
        "mAP": 30.59993580850831,
        "mAP_EMA": 36.1351024838759,
        "mAP_per_class": {
            "C0": 26.509651825220757,
            "C1": 32.42397540214368,
            "C2": 32.866180198160485
        },
        "mAP_per_class_EMA": {
            "C0": 31.14623839456387,
            "C1": 37.77027626920852,
            "C2": 39.48879278785531
        }
    },
    "CholecT50": {
        "AP": {
            "AP_i": 58.4318279459525,
            "AP_v": 40.663560833769544,
            "AP_t": 29.678145527919828,
            "AP_iv": 25.5101931847938,
            "AP_it": 25.960692601973374,
            "AP_ivt": 22.173075753761864
        },
        "AP_EMA": {
            "AP_i": 66.88021357961729,
            "AP_v": 47.23017617850648,
            "AP_t": 34.72687048867871,
            "AP_iv": 28.60819424764785,
            "AP_it": 29.464133684761407,
            "AP_ivt": 25.46401215412415
        }
    }
}