{
    "Test": false,
    "Cholec80": {
        "F1_score": 54.413178890585364,
        "F1_score_EMA": 55.835964092747034,
        "Per_video_f1": {
            "cholec80_video41": 54.41211119371954,
            "cholec80_video43": 61.914700462512315,
            "cholec80_video44": 55.430113425818625,
            "cholec80_video45": 54.20628883718731,
            "cholec80_video46": 50.01081026479761,
            "cholec80_video47": 44.38610569976067,
            "cholec80_video48": 49.39366645030999,
            "cholec80_video49": 63.435378171802014,
            "cholec80_video50": 56.52943550936021
        },
        "Per_video_f1_EMA": {
            "cholec80_video41": 57.39391734559164,
            "cholec80_video43": 62.06591559312796,
            "cholec80_video44": 55.874128540895384,
            "cholec80_video45": 61.06599197720587,
            "cholec80_video46": 46.16153241823856,
            "cholec80_video47": 43.81839005155207,
            "cholec80_video48": 54.85243066654573,
            "cholec80_video49": 64.83187568647345,
            "cholec80_video50": 56.45949455509262
        }
    },
    "Endoscapes": {
        "mAP": 29.730532059404343,
        "mAP_EMA": 29.97770013345191,
        "mAP_per_class": {
            "C0": 26.760648630616135,
            "C1": 27.205408721960524,
            "C2": 35.22553882563637
        },
        "mAP_per_class_EMA": {
            "C0": 27.770278586276444,
            "C1": 27.11946381631965,
            "C2": 35.04335799775964
        }
    },
    "CholecT50": {
        "AP": {
            "AP_i": 52.92696180585467,
            "AP_v": 35.60070551537679,
            "AP_t": 29.33191532251915,
            "AP_iv": 21.84239452483975,
            "AP_it": 22.18357916561023,
            "AP_ivt": 18.443246210307226
        },
        "AP_EMA": {
            "AP_i": 51.35377409761531,
            "AP_v": 35.5985571497393,
            "AP_t": 28.56870250102544,
            "AP_iv": 21.36765378282432,
            "AP_it": 21.13629515831102,
            "AP_ivt": 18.227754647799703
        }
    }
}