{
    "Test": false,
    "Cholec80": {
        "F1_score": 57.89125425159799,
        "F1_score_EMA": 56.07832681413742,
        "Per_video_f1": {
            "cholec80_video41": 59.77062480347225,
            "cholec80_video43": 64.25849863766827,
            "cholec80_video44": 60.09625769167032,
            "cholec80_video45": 61.67104518911134,
            "cholec80_video46": 50.09752252406459,
            "cholec80_video47": 43.946219827964164,
            "cholec80_video48": 55.34503469597326,
            "cholec80_video49": 62.93278594871708,
            "cholec80_video50": 62.90329894574066
        },
        "Per_video_f1_EMA": {
            "cholec80_video41": 59.036496010482075,
            "cholec80_video43": 62.44404286795581,
            "cholec80_video44": 55.33395274594085,
            "cholec80_video45": 61.9533274411103,
            "cholec80_video46": 46.07407141977321,
            "cholec80_video47": 42.67987325540545,
            "cholec80_video48": 53.56691609293603,
            "cholec80_video49": 64.09597654867183,
            "cholec80_video50": 59.5202849449612
        }
    },
    "Endoscapes": {
        "mAP": 30.772741567252492,
        "mAP_EMA": 29.42291144457139,
        "mAP_per_class": {
            "C0": 28.83190635331386,
            "C1": 27.636837214567834,
            "C2": 35.84948113387578
        },
        "mAP_per_class_EMA": {
            "C0": 27.74136078390008,
            "C1": 26.659940762633592,
            "C2": 33.8674327871805
        }
    },
    "CholecT50": {
        "AP": {
            "AP_i": 54.10027761923288,
            "AP_v": 36.42452176892263,
            "AP_t": 28.985210730754492,
            "AP_iv": 22.42079151391384,
            "AP_it": 22.225707226836597,
            "AP_ivt": 18.869523971335003
        },
        "AP_EMA": {
            "AP_i": 53.70197548359479,
            "AP_v": 36.88510501890773,
            "AP_t": 28.94544399906488,
            "AP_iv": 22.216267872615486,
            "AP_it": 21.799054884590124,
            "AP_ivt": 18.358510019791122
        }
    }
}