{
    "Test": false,
    "Cholec80": {
        "F1_score": 57.10340410920156,
        "F1_score_EMA": 56.076867301578964,
        "Per_video_f1": {
            "cholec80_video41": 58.18267777149943,
            "cholec80_video43": 60.99703994113188,
            "cholec80_video44": 61.07731663493022,
            "cholec80_video45": 62.894925880491456,
            "cholec80_video46": 50.757108657555214,
            "cholec80_video47": 40.96610294209909,
            "cholec80_video48": 55.747034793130034,
            "cholec80_video49": 60.66349204595273,
            "cholec80_video50": 62.64493831602399
        },
        "Per_video_f1_EMA": {
            "cholec80_video41": 58.766666831037874,
            "cholec80_video43": 62.42710582051407,
            "cholec80_video44": 55.37878670564513,
            "cholec80_video45": 61.80894961309231,
            "cholec80_video46": 46.21297964881882,
            "cholec80_video47": 42.80265441177292,
            "cholec80_video48": 53.60384842037753,
            "cholec80_video49": 64.17052931799083,
            "cholec80_video50": 59.5202849449612
        }
    },
    "Endoscapes": {
        "mAP": 29.408547565821234,
        "mAP_EMA": 29.492271684433568,
        "mAP_per_class": {
            "C0": 27.94466226169994,
            "C1": 25.34921423774722,
            "C2": 34.93176619801654
        },
        "mAP_per_class_EMA": {
            "C0": 27.778196062898637,
            "C1": 26.722543502995805,
            "C2": 33.97607548740626
        }
    },
    "CholecT50": {
        "AP": {
            "AP_i": 53.02005189057744,
            "AP_v": 37.53536801550749,
            "AP_t": 28.659940198920786,
            "AP_iv": 22.530762003648107,
            "AP_it": 21.356729733881938,
            "AP_ivt": 18.515985382156536
        },
        "AP_EMA": {
            "AP_i": 53.63112358006074,
            "AP_v": 36.80831640730173,
            "AP_t": 28.964881686312825,
            "AP_iv": 22.177065001108705,
            "AP_it": 21.828779684314938,
            "AP_ivt": 18.3826214736158
        }
    }
}