{
    "Test": false,
    "Cholec80": {
        "F1_score": 52.01131895794923,
        "F1_score_EMA": 54.019548992623776,
        "Per_video_f1": {
            "cholec80_video41": 54.47217223872458,
            "cholec80_video43": 55.14482754940495,
            "cholec80_video44": 53.51696015367976,
            "cholec80_video45": 54.03754638248892,
            "cholec80_video46": 43.68992424810866,
            "cholec80_video47": 40.88123630194788,
            "cholec80_video48": 50.22948241829468,
            "cholec80_video49": 60.87341388225623,
            "cholec80_video50": 55.25630744663738
        },
        "Per_video_f1_EMA": {
            "cholec80_video41": 55.30411332254507,
            "cholec80_video43": 60.51694886487525,
            "cholec80_video44": 54.162734301856965,
            "cholec80_video45": 58.56973661546242,
            "cholec80_video46": 42.123088563783,
            "cholec80_video47": 44.97146866380319,
            "cholec80_video48": 52.69965231278082,
            "cholec80_video49": 63.06828720339068,
            "cholec80_video50": 54.7599110851166
        }
    },
    "Endoscapes": {
        "mAP": 29.115822668987764,
        "mAP_EMA": 30.23536821449069,
        "mAP_per_class": {
            "C0": 27.029099823035192,
            "C1": 26.376318231385444,
            "C2": 33.942049952542654
        },
        "mAP_per_class_EMA": {
            "C0": 28.632864778753586,
            "C1": 27.521769127790186,
            "C2": 34.5514707369283
        }
    },
    "CholecT50": {
        "AP": {
            "AP_i": 49.05346245827141,
            "AP_v": 34.2792686468346,
            "AP_t": 27.23915284006977,
            "AP_iv": 20.516928789426903,
            "AP_it": 20.558527037756754,
            "AP_ivt": 17.526706848500993
        },
        "AP_EMA": {
            "AP_i": 50.59420737976911,
            "AP_v": 34.626236448683684,
            "AP_t": 27.848921800921932,
            "AP_iv": 20.698968324270222,
            "AP_it": 20.64616581122053,
            "AP_ivt": 17.851356661778848
        }
    }
}