{
    "Test": false,
    "Cholec80": {
        "F1_score": 54.30407569158107,
        "F1_score_EMA": 55.8732076837635,
        "Per_video_f1": {
            "cholec80_video41": 59.79145341938725,
            "cholec80_video43": 60.27512901440472,
            "cholec80_video44": 54.01522696609449,
            "cholec80_video45": 62.20562942896777,
            "cholec80_video46": 44.5326720479928,
            "cholec80_video47": 37.83252128802609,
            "cholec80_video48": 54.004669197678254,
            "cholec80_video49": 61.25145586806633,
            "cholec80_video50": 54.82792399361195
        },
        "Per_video_f1_EMA": {
            "cholec80_video41": 58.953190016303644,
            "cholec80_video43": 62.42841162684341,
            "cholec80_video44": 55.157380292419035,
            "cholec80_video45": 61.565730184369826,
            "cholec80_video46": 46.24116204634872,
            "cholec80_video47": 42.88414065675975,
            "cholec80_video48": 53.10259637185569,
            "cholec80_video49": 64.0665974646174,
            "cholec80_video50": 58.45966049435408
        }
    },
    "Endoscapes": {
        "mAP": 29.327381011110727,
        "mAP_EMA": 29.607479637390888,
        "mAP_per_class": {
            "C0": 28.57269069802655,
            "C1": 26.72360313237181,
            "C2": 32.685849202933824
        },
        "mAP_per_class_EMA": {
            "C0": 27.699611596869328,
            "C1": 26.89227205085899,
            "C2": 34.23055526444435
        }
    },
    "CholecT50": {
        "AP": {
            "AP_i": 50.63001574544521,
            "AP_v": 35.976931820067946,
            "AP_t": 28.47239525716158,
            "AP_iv": 21.73894843087234,
            "AP_it": 21.43007845772303,
            "AP_ivt": 18.08711274585341
        },
        "AP_EMA": {
            "AP_i": 53.3267851489118,
            "AP_v": 36.60324315333655,
            "AP_t": 28.931725442543925,
            "AP_iv": 22.021042007678936,
            "AP_it": 21.74633876416643,
            "AP_ivt": 18.31657192035556
        }
    }
}