{
    "Test": false,
    "Cholec80": {
        "F1_score": 55.54920480469301,
        "F1_score_EMA": 55.611133535236746,
        "Per_video_f1": {
            "cholec80_video41": 55.01339276116618,
            "cholec80_video43": 61.56190659604225,
            "cholec80_video44": 57.88926933259712,
            "cholec80_video45": 57.34746633186808,
            "cholec80_video46": 49.523815259907316,
            "cholec80_video47": 42.71963644441331,
            "cholec80_video48": 52.18380391882719,
            "cholec80_video49": 62.03482779303432,
            "cholec80_video50": 61.66872480438133
        },
        "Per_video_f1_EMA": {
            "cholec80_video41": 56.37158680700301,
            "cholec80_video43": 61.94875798103665,
            "cholec80_video44": 55.63773229497514,
            "cholec80_video45": 61.335053261765374,
            "cholec80_video46": 44.81122254112929,
            "cholec80_video47": 44.717508288812354,
            "cholec80_video48": 54.750866171043434,
            "cholec80_video49": 64.46612507898159,
            "cholec80_video50": 56.46134939238387
        }
    },
    "Endoscapes": {
        "mAP": 30.812052185156666,
        "mAP_EMA": 30.026168793412918,
        "mAP_per_class": {
            "C0": 28.155809358179496,
            "C1": 27.632309142445195,
            "C2": 36.64803805484531
        },
        "mAP_per_class_EMA": {
            "C0": 28.129134801523037,
            "C1": 26.84292536171185,
            "C2": 35.106446217003864
        }
    },
    "CholecT50": {
        "AP": {
            "AP_i": 50.78978624003844,
            "AP_v": 35.17780568109076,
            "AP_t": 28.582726283658264,
            "AP_iv": 21.41879329584293,
            "AP_it": 21.331355691151053,
            "AP_ivt": 18.28744265617538
        },
        "AP_EMA": {
            "AP_i": 51.115725816153166,
            "AP_v": 35.29065831869302,
            "AP_t": 28.416230713452368,
            "AP_iv": 21.162586195490576,
            "AP_it": 21.094754649089776,
            "AP_ivt": 18.20417743717858
        }
    }
}