{
    "Test": false,
    "Cholec80": {
        "F1_score": 57.42208834034926,
        "F1_score_EMA": 56.342215303520504,
        "Per_video_f1": {
            "cholec80_video41": 59.516808896119386,
            "cholec80_video43": 63.73762709190497,
            "cholec80_video44": 55.181755116323515,
            "cholec80_video45": 63.49131186910577,
            "cholec80_video46": 49.9912270740999,
            "cholec80_video47": 43.12361365641515,
            "cholec80_video48": 51.80190091093778,
            "cholec80_video49": 67.2835866220097,
            "cholec80_video50": 62.670963826227165
        },
        "Per_video_f1_EMA": {
            "cholec80_video41": 59.09787641339192,
            "cholec80_video43": 62.52912597064847,
            "cholec80_video44": 55.75593380607056,
            "cholec80_video45": 62.26430976240472,
            "cholec80_video46": 47.72632273349331,
            "cholec80_video47": 42.011046462630944,
            "cholec80_video48": 52.45376699158191,
            "cholec80_video49": 64.83437355699941,
            "cholec80_video50": 60.40718203446328
        }
    },
    "Endoscapes": {
        "mAP": 28.643677024594016,
        "mAP_EMA": 28.834155143120988,
        "mAP_per_class": {
            "C0": 26.973784622387377,
            "C1": 25.510101348797694,
            "C2": 33.44714510259698
        },
        "mAP_per_class_EMA": {
            "C0": 27.711804926686632,
            "C1": 25.407054539892727,
            "C2": 33.383605962783605
        }
    },
    "CholecT50": {
        "AP": {
            "AP_i": 53.51213417338632,
            "AP_v": 37.19933103134936,
            "AP_t": 28.867272848397427,
            "AP_iv": 22.67919496941389,
            "AP_it": 21.867118574235594,
            "AP_ivt": 18.5132364142147
        },
        "AP_EMA": {
            "AP_i": 54.466570447526145,
            "AP_v": 37.50225195400264,
            "AP_t": 28.907013348025455,
            "AP_iv": 22.631962564256895,
            "AP_it": 22.018730089579403,
            "AP_ivt": 18.826466970431213
        }
    }
}