{
    "Test": false,
    "Cholec80": {
        "F1_score": 54.643232981149005,
        "F1_score_EMA": 51.09618886949322,
        "Per_video_f1": {
            "cholec80_video41": 53.798465835799306,
            "cholec80_video43": 61.13049092430464,
            "cholec80_video44": 56.38589947367014,
            "cholec80_video45": 57.062149284978425,
            "cholec80_video46": 47.60679407558247,
            "cholec80_video47": 43.90325797258933,
            "cholec80_video48": 53.27853305015308,
            "cholec80_video49": 57.736016087156315,
            "cholec80_video50": 60.887490126107316
        },
        "Per_video_f1_EMA": {
            "cholec80_video41": 53.147766620238116,
            "cholec80_video43": 58.103469801077246,
            "cholec80_video44": 51.79565966816925,
            "cholec80_video45": 51.02184361384132,
            "cholec80_video46": 44.17998249197474,
            "cholec80_video47": 42.67719630023215,
            "cholec80_video48": 50.467781913795505,
            "cholec80_video49": 54.2464442283985,
            "cholec80_video50": 54.225555187712146
        }
    },
    "Endoscapes": {
        "mAP": 29.87847214500709,
        "mAP_EMA": 29.735817615810106,
        "mAP_per_class": {
            "C0": 29.306755231691007,
            "C1": 26.669403987203204,
            "C2": 33.65925721612707
        },
        "mAP_per_class_EMA": {
            "C0": 29.885619730252934,
            "C1": 27.670379426745523,
            "C2": 31.651453690431865
        }
    },
    "CholecT50": {
        "AP": {
            "AP_i": 46.40857435662554,
            "AP_v": 32.451102611056044,
            "AP_t": 26.02023900436219,
            "AP_iv": 19.340355903592112,
            "AP_it": 19.250988411068185,
            "AP_ivt": 15.863269514512323
        },
        "AP_EMA": {
            "AP_i": 46.716566473797144,
            "AP_v": 32.09841346290981,
            "AP_t": 24.776731501967756,
            "AP_iv": 18.906210786311014,
            "AP_it": 17.002223369853382,
            "AP_ivt": 15.227717043964446
        }
    }
}