{
    "Test": false,
    "Cholec80": {
        "F1_score": 54.41102599719167,
        "F1_score_EMA": 51.449821232719145,
        "Per_video_f1": {
            "cholec80_video41": 51.301685160021,
            "cholec80_video43": 62.62094617537949,
            "cholec80_video44": 57.39097365709327,
            "cholec80_video45": 56.36900514001145,
            "cholec80_video46": 47.28317374341277,
            "cholec80_video47": 47.041944447728504,
            "cholec80_video48": 50.384560020106775,
            "cholec80_video49": 61.386622817066616,
            "cholec80_video50": 55.92032281390519
        },
        "Per_video_f1_EMA": {
            "cholec80_video41": 52.499966745144164,
            "cholec80_video43": 57.47400582230886,
            "cholec80_video44": 51.70209695027855,
            "cholec80_video45": 53.10239884700556,
            "cholec80_video46": 42.24003873135055,
            "cholec80_video47": 43.93995220522054,
            "cholec80_video48": 51.1932789222345,
            "cholec80_video49": 58.48164515913636,
            "cholec80_video50": 52.415007711793216
        }
    },
    "Endoscapes": {
        "mAP": 29.333846684840907,
        "mAP_EMA": 30.11277492702521,
        "mAP_per_class": {
            "C0": 29.931776316607063,
            "C1": 25.985352651992365,
            "C2": 32.08441108592329
        },
        "mAP_per_class_EMA": {
            "C0": 29.803938229994653,
            "C1": 27.90495686668989,
            "C2": 32.629429684391084
        }
    },
    "CholecT50": {
        "AP": {
            "AP_i": 48.89040700156019,
            "AP_v": 33.423252682957305,
            "AP_t": 26.748728544543454,
            "AP_iv": 20.17671015780834,
            "AP_it": 19.42216117409238,
            "AP_ivt": 16.137284453552866
        },
        "AP_EMA": {
            "AP_i": 47.83146598876535,
            "AP_v": 32.98557321276876,
            "AP_t": 26.10505483527095,
            "AP_iv": 19.51992278157249,
            "AP_it": 18.192209956512574,
            "AP_ivt": 16.39328498012183
        }
    }
}