{
    "Test": false,
    "Cholec80": {
        "F1_score": 56.877775445106614,
        "F1_score_EMA": 52.87893858083728,
        "Per_video_f1": {
            "cholec80_video41": 56.00363984780671,
            "cholec80_video43": 63.435594632730975,
            "cholec80_video44": 56.11353809888563,
            "cholec80_video45": 60.12871197538233,
            "cholec80_video46": 49.290944422461,
            "cholec80_video47": 49.31430808874346,
            "cholec80_video48": 54.90302774575906,
            "cholec80_video49": 66.00428800341993,
            "cholec80_video50": 56.70592619077046
        },
        "Per_video_f1_EMA": {
            "cholec80_video41": 54.78490491423692,
            "cholec80_video43": 58.73361405363916,
            "cholec80_video44": 53.31993807504267,
            "cholec80_video45": 56.20712895214369,
            "cholec80_video46": 42.04358281031144,
            "cholec80_video47": 44.75127966527727,
            "cholec80_video48": 51.963040072997266,
            "cholec80_video49": 62.02509815492229,
            "cholec80_video50": 52.08186052896478
        }
    },
    "Endoscapes": {
        "mAP": 30.620463183629493,
        "mAP_EMA": 30.354116555792334,
        "mAP_per_class": {
            "C0": 29.315520733190148,
            "C1": 27.85722664526522,
            "C2": 34.68864217243311
        },
        "mAP_per_class_EMA": {
            "C0": 29.092551915776827,
            "C1": 27.986175473810416,
            "C2": 33.98362227778976
        }
    },
    "CholecT50": {
        "AP": {
            "AP_i": 50.30404845381401,
            "AP_v": 33.99921507442825,
            "AP_t": 27.235767149057384,
            "AP_iv": 20.574490234388925,
            "AP_it": 20.866126213774777,
            "AP_ivt": 17.52316216774987
        },
        "AP_EMA": {
            "AP_i": 49.7636160061628,
            "AP_v": 34.010597126345594,
            "AP_t": 27.480100736953563,
            "AP_iv": 20.30955724605807,
            "AP_it": 19.974937860456638,
            "AP_ivt": 17.391965919748095
        }
    }
}