{
    "Test": false,
    "Cholec80": {
        "F1_score": 54.30001131868279,
        "F1_score_EMA": 50.52893488778526,
        "Per_video_f1": {
            "cholec80_video41": 52.52218989454454,
            "cholec80_video43": 61.316772687257846,
            "cholec80_video44": 60.36787862487204,
            "cholec80_video45": 53.086858336060025,
            "cholec80_video46": 47.82731876890161,
            "cholec80_video47": 45.31607954173572,
            "cholec80_video48": 51.01497805752575,
            "cholec80_video49": 58.82830178238193,
            "cholec80_video50": 58.419724174865685
        },
        "Per_video_f1_EMA": {
            "cholec80_video41": 53.04715245091981,
            "cholec80_video43": 57.23156345194823,
            "cholec80_video44": 51.0400739078709,
            "cholec80_video45": 50.22325723812673,
            "cholec80_video46": 44.66974111526273,
            "cholec80_video47": 41.84862729866795,
            "cholec80_video48": 50.11534587138928,
            "cholec80_video49": 53.06065469310065,
            "cholec80_video50": 53.52399796278108
        }
    },
    "Endoscapes": {
        "mAP": 30.308256383792422,
        "mAP_EMA": 29.63825398180862,
        "mAP_per_class": {
            "C0": 30.007976895279718,
            "C1": 27.09020732613564,
            "C2": 33.8265849299619
        },
        "mAP_per_class_EMA": {
            "C0": 29.986396106382852,
            "C1": 27.57754534706269,
            "C2": 31.35082049198032
        }
    },
    "CholecT50": {
        "AP": {
            "AP_i": 46.21134174501463,
            "AP_v": 32.313534238499656,
            "AP_t": 25.932661455359703,
            "AP_iv": 19.28695878600923,
            "AP_it": 18.60813574701024,
            "AP_ivt": 15.491756191300539
        },
        "AP_EMA": {
            "AP_i": 46.290297291923075,
            "AP_v": 31.776304287220547,
            "AP_t": 24.30811390279175,
            "AP_iv": 18.744710587214,
            "AP_it": 16.625512476341306,
            "AP_ivt": 14.845451166310086
        }
    }
}