{
    "Test": false,
    "Cholec80": {
        "F1_score": 56.00688952104936,
        "F1_score_EMA": 55.57205341943462,
        "Per_video_f1": {
            "cholec80_video41": 58.88959404699694,
            "cholec80_video43": 63.203379256476644,
            "cholec80_video44": 53.759898210236855,
            "cholec80_video45": 60.7604315240924,
            "cholec80_video46": 46.738914529427205,
            "cholec80_video47": 45.39828594476053,
            "cholec80_video48": 51.60923845068813,
            "cholec80_video49": 67.6453477583071,
            "cholec80_video50": 56.05691596845842
        },
        "Per_video_f1_EMA": {
            "cholec80_video41": 57.88398969055283,
            "cholec80_video43": 61.661137716551174,
            "cholec80_video44": 55.58225644328619,
            "cholec80_video45": 61.936204675876496,
            "cholec80_video46": 46.23159263369615,
            "cholec80_video47": 43.5451113033545,
            "cholec80_video48": 53.186962158656634,
            "cholec80_video49": 64.33377489389838,
            "cholec80_video50": 55.78745125903919
        }
    },
    "Endoscapes": {
        "mAP": 29.820585364838863,
        "mAP_EMA": 29.916245635667767,
        "mAP_per_class": {
            "C0": 27.615915168766968,
            "C1": 27.8295594205806,
            "C2": 34.01628150516902
        },
        "mAP_per_class_EMA": {
            "C0": 27.667498173365356,
            "C1": 27.42285224529076,
            "C2": 34.65838648834719
        }
    },
    "CholecT50": {
        "AP": {
            "AP_i": 52.43927805697709,
            "AP_v": 36.93811775329983,
            "AP_t": 28.685766452768128,
            "AP_iv": 22.169785739357238,
            "AP_it": 20.97552765106177,
            "AP_ivt": 18.183305397974163
        },
        "AP_EMA": {
            "AP_i": 51.91943855609568,
            "AP_v": 35.95880438920746,
            "AP_t": 28.84104279640671,
            "AP_iv": 21.577249500577032,
            "AP_it": 21.35197431089664,
            "AP_ivt": 18.26593063130984
        }
    }
}