{
    "Test": false,
    "Cholec80": {
        "F1_score": 55.67569185880104,
        "F1_score_EMA": 56.19184956719873,
        "Per_video_f1": {
            "cholec80_video41": 57.55398298400767,
            "cholec80_video43": 61.28048756374509,
            "cholec80_video44": 55.44791758309157,
            "cholec80_video45": 62.76450611893808,
            "cholec80_video46": 46.195416057063895,
            "cholec80_video47": 41.302676434601956,
            "cholec80_video48": 54.032172968291604,
            "cholec80_video49": 62.72871816400387,
            "cholec80_video50": 59.775348855465616
        },
        "Per_video_f1_EMA": {
            "cholec80_video41": 59.16610870757183,
            "cholec80_video43": 62.79097026926682,
            "cholec80_video44": 55.4294525789303,
            "cholec80_video45": 62.37542092396217,
            "cholec80_video46": 46.73933001455941,
            "cholec80_video47": 42.349377930555725,
            "cholec80_video48": 53.21128306118875,
            "cholec80_video49": 64.10124596316497,
            "cholec80_video50": 59.563456655588595
        }
    },
    "Endoscapes": {
        "mAP": 30.10153707190189,
        "mAP_EMA": 29.249697698838116,
        "mAP_per_class": {
            "C0": 28.731920373738234,
            "C1": 27.45025613593169,
            "C2": 34.122434706035754
        },
        "mAP_per_class_EMA": {
            "C0": 27.80453836884691,
            "C1": 26.303809700219926,
            "C2": 33.64074502744751
        }
    },
    "CholecT50": {
        "AP": {
            "AP_i": 53.45558951238496,
            "AP_v": 36.707656782261495,
            "AP_t": 28.590345099681755,
            "AP_iv": 22.177376353539888,
            "AP_it": 21.95285136640921,
            "AP_ivt": 18.263950869251076
        },
        "AP_EMA": {
            "AP_i": 54.071540392368725,
            "AP_v": 37.10118166669875,
            "AP_t": 28.92589315346028,
            "AP_iv": 22.35644797671446,
            "AP_it": 21.953464438395162,
            "AP_ivt": 18.609376457080295
        }
    }
}