{
    "Test": false,
    "Cholec80": {
        "F1_score": 52.4615425665668,
        "F1_score_EMA": 55.64652469824412,
        "Per_video_f1": {
            "cholec80_video41": 52.86791561026482,
            "cholec80_video43": 58.27416779874641,
            "cholec80_video44": 54.241754675575685,
            "cholec80_video45": 53.5385490889704,
            "cholec80_video46": 43.8506099050749,
            "cholec80_video47": 41.665468481944515,
            "cholec80_video48": 48.37245364493357,
            "cholec80_video49": 63.93821323141056,
            "cholec80_video50": 55.40475066218035
        },
        "Per_video_f1_EMA": {
            "cholec80_video41": 56.9522155281176,
            "cholec80_video43": 61.89362413822322,
            "cholec80_video44": 55.348181298425025,
            "cholec80_video45": 61.18550244791775,
            "cholec80_video46": 44.96246509759344,
            "cholec80_video47": 44.574732958106964,
            "cholec80_video48": 54.868272588296186,
            "cholec80_video49": 64.6274899108371,
            "cholec80_video50": 56.406238316679804
        }
    },
    "Endoscapes": {
        "mAP": 30.03046930263666,
        "mAP_EMA": 30.040707058920592,
        "mAP_per_class": {
            "C0": 28.525179086615193,
            "C1": 27.191159555423923,
            "C2": 34.37506926587087
        },
        "mAP_per_class_EMA": {
            "C0": 27.991372159652638,
            "C1": 26.971939884429226,
            "C2": 35.15880913267991
        }
    },
    "CholecT50": {
        "AP": {
            "AP_i": 48.55544617412149,
            "AP_v": 35.01010213899837,
            "AP_t": 28.848458391779882,
            "AP_iv": 21.28544082142511,
            "AP_it": 20.887457748496317,
            "AP_ivt": 18.231243756052763
        },
        "AP_EMA": {
            "AP_i": 51.178023012834956,
            "AP_v": 35.365108982156485,
            "AP_t": 28.464419223479442,
            "AP_iv": 21.220660621614616,
            "AP_it": 21.110691154431205,
            "AP_ivt": 18.218576747944734
        }
    }
}