{
    "Test": false,
    "Cholec80": {
        "F1_score": 35.08980290643033,
        "F1_score_EMA": 31.92232150423346,
        "Per_video_f1": {
            "cholec80_video41": 37.9318573821262,
            "cholec80_video43": 37.69047388571079,
            "cholec80_video44": 33.035293849799004,
            "cholec80_video45": 37.89393600565387,
            "cholec80_video46": 29.709721051075412,
            "cholec80_video47": 26.9736484103964,
            "cholec80_video48": 39.41472263300264,
            "cholec80_video49": 33.49393380314454,
            "cholec80_video50": 39.66463913696409
        },
        "Per_video_f1_EMA": {
            "cholec80_video41": 30.416251882506966,
            "cholec80_video43": 35.97625762541244,
            "cholec80_video44": 39.514595430709825,
            "cholec80_video45": 28.33244169230707,
            "cholec80_video46": 29.91547121509616,
            "cholec80_video47": 19.929546221472535,
            "cholec80_video48": 30.24199265369014,
            "cholec80_video49": 27.112524512269164,
            "cholec80_video50": 45.861812304636835
        }
    },
    "Endoscapes": {
        "mAP": 27.512329433343055,
        "mAP_EMA": 27.540219465537,
        "mAP_per_class": {
            "C0": 29.274217364786793,
            "C1": 24.754669747415726,
            "C2": 28.50810118782665
        },
        "mAP_per_class_EMA": {
            "C0": 30.37777775806244,
            "C1": 25.77406794141171,
            "C2": 26.46881269713685
        }
    },
    "CholecT50": {
        "AP": {
            "AP_i": 40.553729426598224,
            "AP_v": 29.41682455607299,
            "AP_t": 21.611457328256865,
            "AP_iv": 17.147943393983414,
            "AP_it": 14.486133541607574,
            "AP_ivt": 12.598999294044159
        },
        "AP_EMA": {
            "AP_i": 38.307632112899064,
            "AP_v": 26.42929925182026,
            "AP_t": 19.995319126586274,
            "AP_iv": 15.52514616889985,
            "AP_it": 12.559664744091172,
            "AP_ivt": 10.70901082208437
        }
    }
}