{
    "Test": false,
    "Cholec80": {
        "F1_score": 50.11302611364014,
        "F1_score_EMA": 45.27451360678068,
        "Per_video_f1": {
            "cholec80_video41": 50.35962126097652,
            "cholec80_video43": 56.04213529575678,
            "cholec80_video44": 45.67515832367459,
            "cholec80_video45": 52.54885413801611,
            "cholec80_video46": 40.09894011829731,
            "cholec80_video47": 44.155751937521686,
            "cholec80_video48": 53.997755204983214,
            "cholec80_video49": 57.639188878011325,
            "cholec80_video50": 50.49982986552373
        },
        "Per_video_f1_EMA": {
            "cholec80_video41": 47.47135316887229,
            "cholec80_video43": 49.02390392970982,
            "cholec80_video44": 47.18842459010886,
            "cholec80_video45": 44.4277805717705,
            "cholec80_video46": 40.96965405438309,
            "cholec80_video47": 35.38566256091214,
            "cholec80_video48": 45.699764522370494,
            "cholec80_video49": 46.23355046120029,
            "cholec80_video50": 51.07052860169866
        }
    },
    "Endoscapes": {
        "mAP": 29.657709529196925,
        "mAP_EMA": 28.121924417509465,
        "mAP_per_class": {
            "C0": 31.292937818619414,
            "C1": 27.231072353966113,
            "C2": 30.44911841500525
        },
        "mAP_per_class_EMA": {
            "C0": 30.02507162947835,
            "C1": 25.1628598419216,
            "C2": 29.177841781128443
        }
    },
    "CholecT50": {
        "AP": {
            "AP_i": 46.803178719673674,
            "AP_v": 31.997855731615438,
            "AP_t": 24.76266114470703,
            "AP_iv": 18.934246676232057,
            "AP_it": 16.953055330401465,
            "AP_ivt": 14.431837085345558
        },
        "AP_EMA": {
            "AP_i": 43.86566603401559,
            "AP_v": 30.538471311084738,
            "AP_t": 22.44799752876815,
            "AP_iv": 17.955588400155374,
            "AP_it": 15.03040034275275,
            "AP_ivt": 13.171431605326386
        }
    }
}