{
    "Test": false,
    "Cholec80": {
        "F1_score": 54.959129719703576,
        "F1_score_EMA": 51.310958662369934,
        "Per_video_f1": {
            "cholec80_video41": 54.59225899326372,
            "cholec80_video43": 62.55985666264012,
            "cholec80_video44": 54.515875897593844,
            "cholec80_video45": 59.528427549194895,
            "cholec80_video46": 45.855949792822,
            "cholec80_video47": 45.31020620407991,
            "cholec80_video48": 55.22462272419168,
            "cholec80_video49": 61.88307270939825,
            "cholec80_video50": 55.16189694414775
        },
        "Per_video_f1_EMA": {
            "cholec80_video41": 52.61650864770694,
            "cholec80_video43": 56.79865979394023,
            "cholec80_video44": 51.62589248013336,
            "cholec80_video45": 53.42832029183248,
            "cholec80_video46": 42.24773245618216,
            "cholec80_video47": 44.121784321061114,
            "cholec80_video48": 51.05204588759348,
            "cholec80_video49": 58.722693540028224,
            "cholec80_video50": 51.184990542851395
        }
    },
    "Endoscapes": {
        "mAP": 30.269756465641503,
        "mAP_EMA": 30.198097185580917,
        "mAP_per_class": {
            "C0": 29.43514887447744,
            "C1": 27.64196812946714,
            "C2": 33.73215239297993
        },
        "mAP_per_class_EMA": {
            "C0": 29.79786724101129,
            "C1": 27.894236069037674,
            "C2": 32.90218824669379
        }
    },
    "CholecT50": {
        "AP": {
            "AP_i": 48.640989837169535,
            "AP_v": 33.40866511758692,
            "AP_t": 26.33059579787082,
            "AP_iv": 20.20180011307253,
            "AP_it": 19.094560753880767,
            "AP_ivt": 16.32353033623946
        },
        "AP_EMA": {
            "AP_i": 48.01397287913335,
            "AP_v": 33.132612807731526,
            "AP_t": 26.36661983778775,
            "AP_iv": 19.615589664332695,
            "AP_it": 18.418728004362208,
            "AP_ivt": 16.550003543226502
        }
    }
}