{
    "Test": false,
    "Cholec80": {
        "F1_score": 54.0145856506741,
        "F1_score_EMA": 55.97822910685045,
        "Per_video_f1": {
            "cholec80_video41": 58.25530788887471,
            "cholec80_video43": 62.232420769561095,
            "cholec80_video44": 54.534287760534305,
            "cholec80_video45": 58.79432406037822,
            "cholec80_video46": 46.57045786658525,
            "cholec80_video47": 39.061250466981704,
            "cholec80_video48": 48.59406627339113,
            "cholec80_video49": 60.728499193624245,
            "cholec80_video50": 57.360656576136215
        },
        "Per_video_f1_EMA": {
            "cholec80_video41": 58.87365722520098,
            "cholec80_video43": 62.52813959400915,
            "cholec80_video44": 55.55042640290003,
            "cholec80_video45": 61.71429761017829,
            "cholec80_video46": 46.26944019463441,
            "cholec80_video47": 43.135716558520926,
            "cholec80_video48": 53.0684038620081,
            "cholec80_video49": 64.29082208315268,
            "cholec80_video50": 58.37315843104947
        }
    },
    "Endoscapes": {
        "mAP": 30.943717766100633,
        "mAP_EMA": 29.67568163551866,
        "mAP_per_class": {
            "C0": 29.30012473081107,
            "C1": 28.638300508784102,
            "C2": 34.89272805870672
        },
        "mAP_per_class_EMA": {
            "C0": 27.687990418409047,
            "C1": 27.02431640541064,
            "C2": 34.3147380827363
        }
    },
    "CholecT50": {
        "AP": {
            "AP_i": 52.65752375060177,
            "AP_v": 36.26642913714683,
            "AP_t": 28.962374517076714,
            "AP_iv": 21.77981738434976,
            "AP_it": 21.419729225980216,
            "AP_ivt": 18.16305291100637
        },
        "AP_EMA": {
            "AP_i": 53.03243197056201,
            "AP_v": 36.484514546809024,
            "AP_t": 28.929850339245554,
            "AP_iv": 21.948932621438402,
            "AP_it": 21.714201934070346,
            "AP_ivt": 18.30705032225686
        }
    }
}