{
    "Test": false,
    "Cholec80": {
        "F1_score": 53.78731005529095,
        "F1_score_EMA": 51.68900305260044,
        "Per_video_f1": {
            "cholec80_video41": 53.6039983431123,
            "cholec80_video43": 60.719899715599226,
            "cholec80_video44": 54.298352032367156,
            "cholec80_video45": 59.57644755175554,
            "cholec80_video46": 43.2024918648697,
            "cholec80_video47": 44.98996676286113,
            "cholec80_video48": 51.93465976099102,
            "cholec80_video49": 60.41196973634489,
            "cholec80_video50": 55.34800472971758
        },
        "Per_video_f1_EMA": {
            "cholec80_video41": 53.06564282669881,
            "cholec80_video43": 57.59066979140951,
            "cholec80_video44": 52.530226048351544,
            "cholec80_video45": 54.38966808607301,
            "cholec80_video46": 41.93641077696154,
            "cholec80_video47": 44.18512468590502,
            "cholec80_video48": 50.4291080164897,
            "cholec80_video49": 59.894141171944995,
            "cholec80_video50": 51.180036069569844
        }
    },
    "Endoscapes": {
        "mAP": 30.008752511295487,
        "mAP_EMA": 30.36269920870743,
        "mAP_per_class": {
            "C0": 29.672050134808536,
            "C1": 26.971570860850186,
            "C2": 33.38263653822774
        },
        "mAP_per_class_EMA": {
            "C0": 29.613413236489684,
            "C1": 28.08779859726197,
            "C2": 33.386885792370634
        }
    },
    "CholecT50": {
        "AP": {
            "AP_i": 48.612509187069584,
            "AP_v": 33.611075663931075,
            "AP_t": 27.26578911663028,
            "AP_iv": 20.04161183812861,
            "AP_it": 19.416686486452118,
            "AP_ivt": 16.81160507336837
        },
        "AP_EMA": {
            "AP_i": 48.76502755962242,
            "AP_v": 33.51305046093266,
            "AP_t": 26.863481670674176,
            "AP_iv": 19.916780625850276,
            "AP_it": 19.299845574304754,
            "AP_ivt": 16.946810742815952
        }
    }
}