{
    "Test": false,
    "Cholec80": {
        "F1_score": 52.35229681486957,
        "F1_score_EMA": 53.56772510896982,
        "Per_video_f1": {
            "cholec80_video41": 51.183300465414035,
            "cholec80_video43": 57.83298480216933,
            "cholec80_video44": 52.05984427563285,
            "cholec80_video45": 54.204146698619226,
            "cholec80_video46": 44.070977310378176,
            "cholec80_video47": 42.12084568658408,
            "cholec80_video48": 52.328951061382654,
            "cholec80_video49": 61.87366156683522,
            "cholec80_video50": 55.49595946681053
        },
        "Per_video_f1_EMA": {
            "cholec80_video41": 55.02302076274127,
            "cholec80_video43": 60.32757143509853,
            "cholec80_video44": 54.20185329789916,
            "cholec80_video45": 57.39719411815594,
            "cholec80_video46": 41.873036751540674,
            "cholec80_video47": 45.35702491011576,
            "cholec80_video48": 52.42698841186775,
            "cholec80_video49": 62.32915876638688,
            "cholec80_video50": 53.17367752692238
        }
    },
    "Endoscapes": {
        "mAP": 30.318876747733498,
        "mAP_EMA": 30.27977356892346,
        "mAP_per_class": {
            "C0": 28.37021803309046,
            "C1": 27.14247791803993,
            "C2": 35.443934292070104
        },
        "mAP_per_class_EMA": {
            "C0": 28.804421897301573,
            "C1": 27.833597831047552,
            "C2": 34.20130097842125
        }
    },
    "CholecT50": {
        "AP": {
            "AP_i": 49.322435249006766,
            "AP_v": 34.41514893206934,
            "AP_t": 27.525809261208057,
            "AP_iv": 20.462906220666977,
            "AP_it": 19.518538341080102,
            "AP_ivt": 17.517779286575735
        },
        "AP_EMA": {
            "AP_i": 50.36088334575306,
            "AP_v": 34.430432166729496,
            "AP_t": 27.724374769240498,
            "AP_iv": 20.594266168185243,
            "AP_it": 20.393613293388178,
            "AP_ivt": 17.65768239905377
        }
    }
}