{
    "Test": false,
    "Cholec80": {
        "F1_score": 57.23816199282986,
        "F1_score_EMA": 55.82397409233359,
        "Per_video_f1": {
            "cholec80_video41": 57.660366255588414,
            "cholec80_video43": 63.25114559347258,
            "cholec80_video44": 56.15177065880407,
            "cholec80_video45": 60.79463895566546,
            "cholec80_video46": 47.766474661842466,
            "cholec80_video47": 47.51751876594862,
            "cholec80_video48": 53.78327757176882,
            "cholec80_video49": 67.28164342925862,
            "cholec80_video50": 60.93662204311966
        },
        "Per_video_f1_EMA": {
            "cholec80_video41": 57.16146381126214,
            "cholec80_video43": 61.86677544140704,
            "cholec80_video44": 55.9216300364451,
            "cholec80_video45": 60.89055064671584,
            "cholec80_video46": 45.82423868980972,
            "cholec80_video47": 44.45929548304406,
            "cholec80_video48": 55.002546690935226,
            "cholec80_video49": 64.31425632053538,
            "cholec80_video50": 56.97500971084786
        }
    },
    "Endoscapes": {
        "mAP": 29.577034547263896,
        "mAP_EMA": 29.982546672615513,
        "mAP_per_class": {
            "C0": 27.89710470985398,
            "C1": 26.6128298458992,
            "C2": 34.22116908603851
        },
        "mAP_per_class_EMA": {
            "C0": 27.835924588781662,
            "C1": 27.030682484865803,
            "C2": 35.08103294419907
        }
    },
    "CholecT50": {
        "AP": {
            "AP_i": 47.46204171310441,
            "AP_v": 34.17538237747484,
            "AP_t": 27.892962651275216,
            "AP_iv": 20.332707558218488,
            "AP_it": 19.60811645374143,
            "AP_ivt": 16.746134815888002
        },
        "AP_EMA": {
            "AP_i": 51.303408383423054,
            "AP_v": 35.51871822610733,
            "AP_t": 28.511065422461566,
            "AP_iv": 21.314723331385892,
            "AP_it": 21.08866506513165,
            "AP_ivt": 18.20554882935339
        }
    }
}