{
    "Test": false,
    "Cholec80": {
        "F1_score": 51.24010204849995,
        "F1_score_EMA": 51.262305595607735,
        "Per_video_f1": {
            "cholec80_video41": 50.37214617470023,
            "cholec80_video43": 54.72636536737946,
            "cholec80_video44": 54.82777915601497,
            "cholec80_video45": 51.35399578897627,
            "cholec80_video46": 42.1243692640612,
            "cholec80_video47": 45.13126458573663,
            "cholec80_video48": 50.634752612172704,
            "cholec80_video49": 59.447068140150904,
            "cholec80_video50": 52.5431773473072
        },
        "Per_video_f1_EMA": {
            "cholec80_video41": 52.64435190167019,
            "cholec80_video43": 56.80283072710708,
            "cholec80_video44": 52.275586747106296,
            "cholec80_video45": 54.13975498210352,
            "cholec80_video46": 41.329171255853055,
            "cholec80_video47": 44.18165381473797,
            "cholec80_video48": 50.1216062534817,
            "cholec80_video49": 59.111190660288294,
            "cholec80_video50": 50.7546040181215
        }
    },
    "Endoscapes": {
        "mAP": 30.93383841658541,
        "mAP_EMA": 30.336595015916252,
        "mAP_per_class": {
            "C0": 28.888999640770606,
            "C1": 28.05260513327315,
            "C2": 35.85991047571247
        },
        "mAP_per_class_EMA": {
            "C0": 29.798186926776264,
            "C1": 28.07360065608992,
            "C2": 33.137997464882574
        }
    },
    "CholecT50": {
        "AP": {
            "AP_i": 49.1932223978204,
            "AP_v": 32.95638170548854,
            "AP_t": 26.664001137195424,
            "AP_iv": 19.993672342593488,
            "AP_it": 19.323392225545884,
            "AP_ivt": 16.65928581179203
        },
        "AP_EMA": {
            "AP_i": 48.584013834688086,
            "AP_v": 33.39933416619845,
            "AP_t": 26.747285123341957,
            "AP_iv": 19.83149191399035,
            "AP_it": 18.963521566487785,
            "AP_ivt": 16.829478512713607
        }
    }
}