{
    "Test": false,
    "Cholec80": {
        "F1_score": 57.40971266662623,
        "F1_score_EMA": 54.489996604810024,
        "Per_video_f1": {
            "cholec80_video41": 55.46616070476723,
            "cholec80_video43": 63.347455430189825,
            "cholec80_video44": 56.888121212677824,
            "cholec80_video45": 60.841016448422515,
            "cholec80_video46": 49.87214458289562,
            "cholec80_video47": 47.00598138418369,
            "cholec80_video48": 54.205776315311894,
            "cholec80_video49": 65.91655328128275,
            "cholec80_video50": 63.1442046399047
        },
        "Per_video_f1_EMA": {
            "cholec80_video41": 55.61275775592753,
            "cholec80_video43": 60.59263750278676,
            "cholec80_video44": 54.74145635164178,
            "cholec80_video45": 59.86296541271637,
            "cholec80_video46": 42.93220082363859,
            "cholec80_video47": 44.795248228701254,
            "cholec80_video48": 53.47772697344587,
            "cholec80_video49": 63.27506482614093,
            "cholec80_video50": 55.119911568291116
        }
    },
    "Endoscapes": {
        "mAP": 30.159342867586748,
        "mAP_EMA": 30.122928831624563,
        "mAP_per_class": {
            "C0": 28.30918233565806,
            "C1": 26.92584324579531,
            "C2": 35.24300302130687
        },
        "mAP_per_class_EMA": {
            "C0": 28.313176692066882,
            "C1": 27.194673144149327,
            "C2": 34.86093665865748
        }
    },
    "CholecT50": {
        "AP": {
            "AP_i": 49.957215682126936,
            "AP_v": 34.89558951530008,
            "AP_t": 28.46836472645153,
            "AP_iv": 21.18860841686858,
            "AP_it": 20.975856514472632,
            "AP_ivt": 18.043010593381993
        },
        "AP_EMA": {
            "AP_i": 50.97448811317147,
            "AP_v": 34.91548729684961,
            "AP_t": 28.123010743843626,
            "AP_iv": 20.913391910354903,
            "AP_it": 21.012560685002114,
            "AP_ivt": 18.06775815171301
        }
    }
}