{
    "Test": false,
    "Cholec80": {
        "F1_score": 45.18223547757151,
        "F1_score_EMA": 35.22382870134453,
        "Per_video_f1": {
            "cholec80_video41": 42.65388097852882,
            "cholec80_video43": 48.4775312060086,
            "cholec80_video44": 48.56238694966733,
            "cholec80_video45": 40.71172458478123,
            "cholec80_video46": 41.17741799348077,
            "cholec80_video47": 40.70214744349957,
            "cholec80_video48": 47.768435224788966,
            "cholec80_video49": 47.55308687667144,
            "cholec80_video50": 49.03350804071686
        },
        "Per_video_f1_EMA": {
            "cholec80_video41": 32.23014309373648,
            "cholec80_video43": 40.92769068456196,
            "cholec80_video44": 42.21027953844488,
            "cholec80_video45": 32.99216856629817,
            "cholec80_video46": 31.772948108476395,
            "cholec80_video47": 23.733759404018315,
            "cholec80_video48": 33.80654495322541,
            "cholec80_video49": 31.946708182678762,
            "cholec80_video50": 47.39421578066038
        }
    },
    "Endoscapes": {
        "mAP": 27.112722545382038,
        "mAP_EMA": 28.0866044650578,
        "mAP_per_class": {
            "C0": 29.26930263415308,
            "C1": 22.90553193172265,
            "C2": 29.16333307027038
        },
        "mAP_per_class_EMA": {
            "C0": 30.697617002102746,
            "C1": 25.731710797807988,
            "C2": 27.830485595262665
        }
    },
    "CholecT50": {
        "AP": {
            "AP_i": 45.00001450880355,
            "AP_v": 30.33877498710793,
            "AP_t": 22.719722975583498,
            "AP_iv": 18.003797487595694,
            "AP_it": 16.465366138280302,
            "AP_ivt": 13.432679958654678
        },
        "AP_EMA": {
            "AP_i": 40.3568163781866,
            "AP_v": 28.00360239165184,
            "AP_t": 20.72083833377248,
            "AP_iv": 16.491493119560026,
            "AP_it": 13.825445259646006,
            "AP_ivt": 11.719485116671303
        }
    }
}