{
    "Test": false,
    "Dataset": "Endoscapes",
    "Results": [
        29.709432575273162,
        21.093686205540916,
        {
            "C0": 26.1393607115056,
            "C1": 21.329776086047055,
            "C2": 41.65916092826683
        },
        {
            "C0": 19.313847640674563,
            "C1": 13.790121934213346,
            "C2": 30.17708904173484
        }
    ]
}