{
    "Test": false,
    "Dataset": "Endoscapes",
    "Results": [
        37.96068125826068,
        14.989911405756558,
        {
            "C0": 38.330736253768855,
            "C1": 40.55304096960281,
            "C2": 34.99826655141036
        },
        {
            "C0": 16.20793744322985,
            "C1": 11.648817487611117,
            "C2": 17.112979286428708
        }
    ]
}