{
    "Test": false,
    "Dataset": "Endoscapes",
    "Results": [
        38.950057239418705,
        16.63188358407838,
        {
            "C0": 34.09728948594565,
            "C1": 39.701319615046685,
            "C2": 43.051562617263784
        },
        {
            "C0": 16.300163372766953,
            "C1": 11.700703707565028,
            "C2": 21.89478367190316
        }
    ]
}