{
    "Test": false,
    "Dataset": "Endoscapes",
    "Results": [
        39.86813672577297,
        15.307471740617268,
        {
            "C0": 38.31402386597081,
            "C1": 42.40435879694322,
            "C2": 38.88602751440489
        },
        {
            "C0": 16.118935994660948,
            "C1": 11.63946639052867,
            "C2": 18.164012836662188
        }
    ]
}