{
    "Test": false,
    "Dataset": "Endoscapes",
    "Results": [
        44.615937763967096,
        19.206170289642895,
        {
            "C0": 41.09880491933054,
            "C1": 50.52499729981766,
            "C2": 42.22401107275308
        },
        {
            "C0": 17.9290264915941,
            "C1": 12.406361669927616,
            "C2": 27.28312270740697
        }
    ]
}