{
    "Test": false,
    "Dataset": "Endoscapes",
    "Results": [
        39.25032308741478,
        22.9423003885182,
        {
            "C0": 40.66504083248156,
            "C1": 40.17863686096049,
            "C2": 36.90729156880228
        },
        {
            "C0": 20.760639871520258,
            "C1": 15.120957252974582,
            "C2": 32.94530404105976
        }
    ]
}