{
    "Test": true,
    "Cholec80": {
        "F1_score": 64.2694937930592,
        "F1_score_EMA": null,
        "Per_video_f1": {
            "cholec80_video51": 73.45138160040953,
            "cholec80_video53": 70.37057935929286,
            "cholec80_video54": 73.44034394489799,
            "cholec80_video55": 72.9645549309666,
            "cholec80_video58": 47.63775273882736,
            "cholec80_video59": 66.00342788890578,
            "cholec80_video61": 57.66808820856028,
            "cholec80_video63": 61.25261150482064,
            "cholec80_video64": 58.72673137977795,
            "cholec80_video69": 74.12025522024278,
            "cholec80_video73": 77.38745416569223,
            "cholec80_video74": 54.000850212773145,
            "cholec80_video76": 58.922075834068366,
            "cholec80_video77": 76.0287324891664,
            "cholec80_video80": 42.06756741748613
        },
        "Per_video_f1_EMA": null
    },
    "Endoscapes": {
        "mAP": 54.9144588955639,
        "mAP_EMA": null,
        "mAP_per_class": {
            "C0": 57.16377451831687,
            "C1": 39.94135898501862,
            "C2": 67.6382431833562
        },
        "mAP_per_class_EMA": null
    },
    "CholecT50": {
        "AP": {
            "AP_i": 86.14685690835216,
            "AP_v": 61.00124164165328,
            "AP_t": 41.98364904921946,
            "AP_iv": 37.921281813755684,
            "AP_it": 33.66618568937919,
            "AP_ivt": 27.594662051220464
        },
        "AP_EMA": null
    }
}