{
    "Test": false,
    "Cholec80": {
        "F1_score": 72.2808760054604,
        "F1_score_EMA": 74.63639560121064,
        "Per_video_f1": {
            "cholec80_video41": 72.93423547500262,
            "cholec80_video43": 69.40860833467896,
            "cholec80_video44": 74.93725017315701,
            "cholec80_video45": 82.23428259629392,
            "cholec80_video46": 72.43426438696102,
            "cholec80_video47": 61.619372279834764,
            "cholec80_video48": 72.39811879229447
        },
        "Per_video_f1_EMA": {
            "cholec80_video41": 74.80535816431254,
            "cholec80_video43": 68.17025248357453,
            "cholec80_video44": 81.72634899375254,
            "cholec80_video45": 84.33970775305747,
            "cholec80_video46": 74.60415896642532,
            "cholec80_video47": 64.90719040895422,
            "cholec80_video48": 73.90175243839784
        }
    },
    "Endoscapes": {
        "mAP": 33.66565152466464,
        "mAP_EMA": 38.95139299855096,
        "mAP_per_class": {
            "C0": 40.77862534861285,
            "C1": 32.680529388721446,
            "C2": 27.537799836659627
        },
        "mAP_per_class_EMA": {
            "C0": 40.28491357196668,
            "C1": 41.53799280519131,
            "C2": 35.031272618494874
        }
    },
    "CholecT50": {
        "AP": {
            "AP_i": 82.04051296238455,
            "AP_v": 53.45664674850523,
            "AP_t": 39.82990943343148,
            "AP_iv": 35.8182235545517,
            "AP_it": 34.64123383085678,
            "AP_ivt": 28.431856961696464
        },
        "AP_EMA": {
            "AP_i": 86.99699802122062,
            "AP_v": 61.39237500188991,
            "AP_t": 43.53324921219515,
            "AP_iv": 40.76855436110208,
            "AP_it": 39.62461681541268,
            "AP_ivt": 34.07794160057499
        }
    }
}