{
    "Test": false,
    "Cholec80": {
        "F1_score": 70.9303394566926,
        "F1_score_EMA": 74.95097147928585,
        "Per_video_f1": {
            "cholec80_video41": 73.37145820410856,
            "cholec80_video43": 63.70102293965859,
            "cholec80_video44": 78.30687946813015,
            "cholec80_video45": 77.77144890836325,
            "cholec80_video46": 68.64703073866369,
            "cholec80_video47": 62.32220381219392,
            "cholec80_video48": 72.39233212572998
        },
        "Per_video_f1_EMA": {
            "cholec80_video41": 76.00372354426484,
            "cholec80_video43": 67.78654796753266,
            "cholec80_video44": 81.78709933387499,
            "cholec80_video45": 84.150457925403,
            "cholec80_video46": 74.15110775535247,
            "cholec80_video47": 66.16375486979513,
            "cholec80_video48": 74.61410895877786
        }
    },
    "Endoscapes": {
        "mAP": 35.88672715520474,
        "mAP_EMA": 42.48610977308072,
        "mAP_per_class": {
            "C0": 37.71696983487598,
            "C1": 39.685832273260914,
            "C2": 30.25737935747732
        },
        "mAP_per_class_EMA": {
            "C0": 44.4324688233429,
            "C1": 44.86467764866588,
            "C2": 38.16118284723338
        }
    },
    "CholecT50": {
        "AP": {
            "AP_i": 84.97630989086012,
            "AP_v": 58.633247523190846,
            "AP_t": 38.75103740628019,
            "AP_iv": 38.85145941721711,
            "AP_it": 36.010143809755505,
            "AP_ivt": 30.877734300034433
        },
        "AP_EMA": {
            "AP_i": 89.95874275987045,
            "AP_v": 64.05342337425095,
            "AP_t": 46.29414243056291,
            "AP_iv": 43.009969670261356,
            "AP_it": 43.81435416974973,
            "AP_ivt": 38.02964038218875
        }
    }
}