{
    "Test": false,
    "Cholec80": {
        "F1_score": 71.38518533615496,
        "F1_score_EMA": 74.63186844117406,
        "Per_video_f1": {
            "cholec80_video41": 70.85568030735529,
            "cholec80_video43": 65.80996996766275,
            "cholec80_video44": 79.87939892174192,
            "cholec80_video45": 77.54922893943466,
            "cholec80_video46": 71.7587095103476,
            "cholec80_video47": 60.52089454384476,
            "cholec80_video48": 73.32241516269778
        },
        "Per_video_f1_EMA": {
            "cholec80_video41": 75.04377068084453,
            "cholec80_video43": 67.66241953810145,
            "cholec80_video44": 81.42741840723366,
            "cholec80_video45": 85.02592308513101,
            "cholec80_video46": 74.18556475213902,
            "cholec80_video47": 65.18894128241571,
            "cholec80_video48": 73.8890413423531
        }
    },
    "Endoscapes": {
        "mAP": 36.17585166498059,
        "mAP_EMA": 39.35033878861699,
        "mAP_per_class": {
            "C0": 38.994555767839074,
            "C1": 36.86489718718577,
            "C2": 32.66810203991693
        },
        "mAP_per_class_EMA": {
            "C0": 40.63723689454811,
            "C1": 42.17249943191676,
            "C2": 35.2412800393861
        }
    },
    "CholecT50": {
        "AP": {
            "AP_i": 80.15376326066642,
            "AP_v": 54.336787270892515,
            "AP_t": 40.1321917606009,
            "AP_iv": 34.706763975861634,
            "AP_it": 34.17498639100031,
            "AP_ivt": 28.423080160585183
        },
        "AP_EMA": {
            "AP_i": 87.78710650528467,
            "AP_v": 63.46860066465818,
            "AP_t": 44.19048337436009,
            "AP_iv": 42.03418729499799,
            "AP_it": 40.61829985771632,
            "AP_ivt": 35.36454401881977
        }
    }
}