{
    "Test": false,
    "Cholec80": {
        "F1_score": 72.24657658807993,
        "F1_score_EMA": 74.98597374837031,
        "Per_video_f1": {
            "cholec80_video41": 68.49393632096977,
            "cholec80_video43": 68.407449636542,
            "cholec80_video44": 77.64065819464982,
            "cholec80_video45": 83.57313848035155,
            "cholec80_video46": 71.5446703646611,
            "cholec80_video47": 65.90874400163669,
            "cholec80_video48": 70.15743911774861
        },
        "Per_video_f1_EMA": {
            "cholec80_video41": 77.2251868722856,
            "cholec80_video43": 68.60209588169262,
            "cholec80_video44": 81.51856681464373,
            "cholec80_video45": 84.45382200637776,
            "cholec80_video46": 73.56870483507308,
            "cholec80_video47": 67.25224979622368,
            "cholec80_video48": 72.28119003229574
        }
    },
    "Endoscapes": {
        "mAP": 35.75516678257353,
        "mAP_EMA": 45.77573785728914,
        "mAP_per_class": {
            "C0": 42.27064647620736,
            "C1": 34.25370318978412,
            "C2": 30.741150681729124
        },
        "mAP_per_class_EMA": {
            "C0": 47.71012396824992,
            "C1": 44.793447875677316,
            "C2": 44.823641727940185
        }
    },
    "CholecT50": {
        "AP": {
            "AP_i": 90.01556507847384,
            "AP_v": 64.86916378965734,
            "AP_t": 45.73339855062972,
            "AP_iv": 41.34846851642508,
            "AP_it": 43.147366943844055,
            "AP_ivt": 35.96528440213563
        },
        "AP_EMA": {
            "AP_i": 90.96291432675446,
            "AP_v": 64.33535599554621,
            "AP_t": 48.08666088808112,
            "AP_iv": 42.69825035203839,
            "AP_it": 43.93146663284551,
            "AP_ivt": 39.97929977261753
        }
    }
}