{
    "Test": false,
    "Cholec80": {
        "F1_score": 71.7892203018341,
        "F1_score_EMA": 72.93422273891083,
        "Per_video_f1": {
            "cholec80_video41": 73.09683181229374,
            "cholec80_video43": 62.38414887495185,
            "cholec80_video44": 78.41605200567672,
            "cholec80_video45": 83.06172241326918,
            "cholec80_video46": 69.18526586480283,
            "cholec80_video47": 67.1583961109686,
            "cholec80_video48": 69.22212503087586
        },
        "Per_video_f1_EMA": {
            "cholec80_video41": 78.11253764633977,
            "cholec80_video43": 68.87146874369213,
            "cholec80_video44": 77.9036506028347,
            "cholec80_video45": 79.4761929494216,
            "cholec80_video46": 71.99654934980266,
            "cholec80_video47": 65.37965084009907,
            "cholec80_video48": 68.79950904018585
        }
    },
    "Endoscapes": {
        "mAP": 41.225852260245965,
        "mAP_EMA": 44.527884494841366,
        "mAP_per_class": {
            "C0": 42.45960888907231,
            "C1": 44.46817314530059,
            "C2": 36.749774746365
        },
        "mAP_per_class_EMA": {
            "C0": 44.49949080957978,
            "C1": 42.953782422064926,
            "C2": 46.130380252879384
        }
    },
    "CholecT50": {
        "AP": {
            "AP_i": 89.7083237995537,
            "AP_v": 63.666445869320206,
            "AP_t": 44.35245811719715,
            "AP_iv": 42.08755433200297,
            "AP_it": 44.36165803700758,
            "AP_ivt": 38.502862610114605
        },
        "AP_EMA": {
            "AP_i": 90.05649267840221,
            "AP_v": 63.012495424985204,
            "AP_t": 47.283958434089705,
            "AP_iv": 40.86357728877504,
            "AP_it": 41.714141262282915,
            "AP_ivt": 36.81920773701181
        }
    }
}