{
    "Test": false,
    "Cholec80": {
        "F1_score": 71.26641569949544,
        "F1_score_EMA": 74.56515903246195,
        "Per_video_f1": {
            "cholec80_video41": 72.18475790025943,
            "cholec80_video43": 65.75448553428993,
            "cholec80_video44": 73.0302923956182,
            "cholec80_video45": 70.3085440687596,
            "cholec80_video46": 75.86936926061682,
            "cholec80_video47": 67.07348161248018,
            "cholec80_video48": 74.64397912444389
        },
        "Per_video_f1_EMA": {
            "cholec80_video41": 74.68982643701588,
            "cholec80_video43": 68.3699912745679,
            "cholec80_video44": 81.7154297032303,
            "cholec80_video45": 83.50811251705197,
            "cholec80_video46": 74.56803294713329,
            "cholec80_video47": 65.54485875125621,
            "cholec80_video48": 73.55986159697814
        }
    },
    "Endoscapes": {
        "mAP": 38.19177845624808,
        "mAP_EMA": 38.58330922393735,
        "mAP_per_class": {
            "C0": 41.685881809493324,
            "C1": 38.24737193615407,
            "C2": 34.64208162309686
        },
        "mAP_per_class_EMA": {
            "C0": 40.3951891346068,
            "C1": 40.98423455369194,
            "C2": 34.37050398351331
        }
    },
    "CholecT50": {
        "AP": {
            "AP_i": 76.67529288490861,
            "AP_v": 52.797730584875936,
            "AP_t": 39.5499846284085,
            "AP_iv": 33.50553477951676,
            "AP_it": 33.38438797899286,
            "AP_ivt": 28.41485438524089
        },
        "AP_EMA": {
            "AP_i": 86.22403659585113,
            "AP_v": 60.842681567468205,
            "AP_t": 42.825722480366906,
            "AP_iv": 40.197303165092094,
            "AP_it": 38.56062414601188,
            "AP_ivt": 33.14306574469006
        }
    }
}