{
    "Test": false,
    "Cholec80": {
        "F1_score": 71.15104394836389,
        "F1_score_EMA": 75.33431632778591,
        "Per_video_f1": {
            "cholec80_video41": 69.09403437782417,
            "cholec80_video43": 67.14265628680398,
            "cholec80_video44": 76.19394294241194,
            "cholec80_video45": 79.09158077246022,
            "cholec80_video46": 69.93419285776372,
            "cholec80_video47": 64.07946107045531,
            "cholec80_video48": 72.52143933082795
        },
        "Per_video_f1_EMA": {
            "cholec80_video41": 77.24027671512815,
            "cholec80_video43": 67.97868526014761,
            "cholec80_video44": 81.71233051549682,
            "cholec80_video45": 85.13294530730471,
            "cholec80_video46": 73.984435035257,
            "cholec80_video47": 67.4735503240548,
            "cholec80_video48": 73.81799113711229
        }
    },
    "Endoscapes": {
        "mAP": 41.28760768186484,
        "mAP_EMA": 45.11201381581904,
        "mAP_per_class": {
            "C0": 43.317822133310315,
            "C1": 40.37448879643662,
            "C2": 40.170512115847586
        },
        "mAP_per_class_EMA": {
            "C0": 47.41015730212536,
            "C1": 45.05742750194119,
            "C2": 42.86845664339056
        }
    },
    "CholecT50": {
        "AP": {
            "AP_i": 83.2691101255615,
            "AP_v": 58.09102152811238,
            "AP_t": 41.929346760001394,
            "AP_iv": 39.34290475224439,
            "AP_it": 38.088544699011244,
            "AP_ivt": 33.632859837951166
        },
        "AP_EMA": {
            "AP_i": 91.01485668901203,
            "AP_v": 64.42496194756004,
            "AP_t": 47.80522397348618,
            "AP_iv": 43.44084844686817,
            "AP_it": 45.55567834887295,
            "AP_ivt": 40.44402248897331
        }
    }
}