{
    "Test": false,
    "Cholec80": {
        "F1_score": 75.13976674369766,
        "F1_score_EMA": 22.581157221129445,
        "Per_video_f1": {
            "cholec80_video41": 73.33046004223141,
            "cholec80_video43": 74.99770491563078,
            "cholec80_video44": 83.5945892077601,
            "cholec80_video45": 83.06066267377733,
            "cholec80_video46": 72.43556813728237,
            "cholec80_video47": 65.32688938877794,
            "cholec80_video48": 73.23249284042376
        },
        "Per_video_f1_EMA": {
            "cholec80_video41": 23.916060948669465,
            "cholec80_video43": 25.15919354962809,
            "cholec80_video44": 23.359153045194027,
            "cholec80_video45": 19.13483453520837,
            "cholec80_video46": 26.37652019521489,
            "cholec80_video47": 18.956848243639346,
            "cholec80_video48": 21.165490030351933
        }
    },
    "Endoscapes": {
        "mAP": 45.89920272256453,
        "mAP_EMA": 15.33429463064867,
        "mAP_per_class": {
            "C0": 46.200099323325695,
            "C1": 43.5003300755391,
            "C2": 47.9971787688288
        },
        "mAP_per_class_EMA": {
            "C0": 17.074901127736318,
            "C1": 12.578808501588574,
            "C2": 16.349174262621116
        }
    },
    "CholecT50": {
        "AP": {
            "AP_i": 91.21346027092795,
            "AP_v": 67.5564334792281,
            "AP_t": 48.47188396871833,
            "AP_iv": 43.054791120153055,
            "AP_it": 43.741903148628346,
            "AP_ivt": 38.76701391841798
        },
        "AP_EMA": {
            "AP_i": 29.9539371337433,
            "AP_v": 21.115841710780487,
            "AP_t": 16.281306556708124,
            "AP_iv": 12.716054862849614,
            "AP_it": 9.906032396151966,
            "AP_ivt": 8.132473618040938
        }
    }
}