{
    "Test": false,
    "Cholec80": {
        "F1_score": 74.26037643314106,
        "F1_score_EMA": 77.61698264885965,
        "Per_video_f1": {
            "cholec80_video41": 76.11040704349492,
            "cholec80_video43": 71.4127357896657,
            "cholec80_video44": 71.08536190736672,
            "cholec80_video45": 69.59050301286153,
            "cholec80_video46": 76.85032234804481,
            "cholec80_video47": 75.32241282382478,
            "cholec80_video48": 79.45089210672901
        },
        "Per_video_f1_EMA": {
            "cholec80_video41": 72.21175510202596,
            "cholec80_video43": 77.21561425291874,
            "cholec80_video44": 80.65946917145801,
            "cholec80_video45": 80.85387246532702,
            "cholec80_video46": 77.23497852311743,
            "cholec80_video47": 78.30504358277382,
            "cholec80_video48": 76.8381454443965
        }
    },
    "Endoscapes": {
        "mAP": 51.50049942184869,
        "mAP_EMA": 55.159101039568974,
        "mAP_per_class": {
            "C0": 53.23548943704321,
            "C1": 54.84714822190948,
            "C2": 46.41886060659336
        },
        "mAP_per_class_EMA": {
            "C0": 54.25086280363334,
            "C1": 59.013493885118365,
            "C2": 52.212946429955224
        }
    },
    "CholecT50": {
        "AP": {
            "AP_i": 82.30301199070354,
            "AP_v": 59.55021449295924,
            "AP_t": 39.21280642001961,
            "AP_iv": 38.53842314946519,
            "AP_it": 34.06579263556036,
            "AP_ivt": 30.033640306375332
        },
        "AP_EMA": {
            "AP_i": 89.11955665104385,
            "AP_v": 66.80558488006075,
            "AP_t": 46.38807968803591,
            "AP_iv": 42.297544136904634,
            "AP_it": 40.022903130647215,
            "AP_ivt": 34.15420022405092
        }
    }
}