{
    "Test": false,
    "Cholec80": {
        "F1_score": 72.39676376793426,
        "F1_score_EMA": 46.70995150030601,
        "Per_video_f1": {
            "cholec80_video41": 64.92434606287051,
            "cholec80_video43": 78.45132469409283,
            "cholec80_video44": 75.39474940164135,
            "cholec80_video45": 69.73681961373627,
            "cholec80_video46": 72.79498478809467,
            "cholec80_video47": 74.24653511955107,
            "cholec80_video48": 71.22858669555312
        },
        "Per_video_f1_EMA": {
            "cholec80_video41": 43.34690781738759,
            "cholec80_video43": 52.55652539053076,
            "cholec80_video44": 50.4394919892836,
            "cholec80_video45": 35.75518929121416,
            "cholec80_video46": 47.43546783063874,
            "cholec80_video47": 54.046762617008035,
            "cholec80_video48": 43.389315566079205
        }
    },
    "Endoscapes": {
        "mAP": 47.11748800563442,
        "mAP_EMA": 38.42362411599765,
        "mAP_per_class": {
            "C0": 45.021964250473445,
            "C1": 49.04051556661398,
            "C2": 47.28998419981584
        },
        "mAP_per_class_EMA": {
            "C0": 38.20260456428278,
            "C1": 33.610559511027375,
            "C2": 43.457708272682794
        }
    },
    "CholecT50": {
        "AP": {
            "AP_i": 81.22599547120919,
            "AP_v": 54.30278409210907,
            "AP_t": 44.02271943333751,
            "AP_iv": 37.236712650392505,
            "AP_it": 36.158446090809406,
            "AP_ivt": 31.306532219436008
        },
        "AP_EMA": {
            "AP_i": 61.514401919904884,
            "AP_v": 41.41037584620294,
            "AP_t": 34.12613832831633,
            "AP_iv": 25.80988938706328,
            "AP_it": 26.64581325234143,
            "AP_ivt": 24.037616161819244
        }
    }
}