{
    "Test": false,
    "Cholec80": {
        "F1_score": 66.54345759459063,
        "F1_score_EMA": 78.39302779706254,
        "Per_video_f1": {
            "cholec80_video41": 72.02159965282232,
            "cholec80_video43": 63.346955592471296,
            "cholec80_video44": 75.39745517248126,
            "cholec80_video45": 72.36479004748908,
            "cholec80_video46": 73.84929652758927,
            "cholec80_video47": 54.96870620619967,
            "cholec80_video48": 53.85539996308153
        },
        "Per_video_f1_EMA": {
            "cholec80_video41": 71.94809586663747,
            "cholec80_video43": 78.86794671514615,
            "cholec80_video44": 81.27487446438761,
            "cholec80_video45": 81.89732375133516,
            "cholec80_video46": 75.99963830653714,
            "cholec80_video47": 79.98347622295888,
            "cholec80_video48": 78.77983925243535
        }
    },
    "Endoscapes": {
        "mAP": 51.523265039433106,
        "mAP_EMA": 55.55658243126475,
        "mAP_per_class": {
            "C0": 49.29410430038397,
            "C1": 55.78852368321249,
            "C2": 49.48716713470286
        },
        "mAP_per_class_EMA": {
            "C0": 54.21617052211904,
            "C1": 58.64844376920747,
            "C2": 53.80513300246774
        }
    },
    "CholecT50": {
        "AP": {
            "AP_i": 86.05102461934125,
            "AP_v": 58.90085724122535,
            "AP_t": 43.93065683354719,
            "AP_iv": 39.082612854367106,
            "AP_it": 39.05570087337136,
            "AP_ivt": 36.38491290760925
        },
        "AP_EMA": {
            "AP_i": 89.36890864138,
            "AP_v": 66.63420664675564,
            "AP_t": 47.568296439758846,
            "AP_iv": 41.76799394664483,
            "AP_it": 41.2423599858045,
            "AP_ivt": 35.395978710940774
        }
    }
}