{
    "Test": false,
    "Cholec80": {
        "F1_score": 71.7653821565795,
        "F1_score_EMA": 77.12102616498399,
        "Per_video_f1": {
            "cholec80_video41": 73.85802140060343,
            "cholec80_video43": 65.15606489988104,
            "cholec80_video44": 75.24494600830131,
            "cholec80_video45": 78.09393941573506,
            "cholec80_video46": 74.03493904590032,
            "cholec80_video47": 62.728346722709404,
            "cholec80_video48": 73.24141760292596
        },
        "Per_video_f1_EMA": {
            "cholec80_video41": 73.05550436101748,
            "cholec80_video43": 75.7179176457876,
            "cholec80_video44": 80.09738003786347,
            "cholec80_video45": 80.4975118361991,
            "cholec80_video46": 76.70773286170078,
            "cholec80_video47": 77.26848457311009,
            "cholec80_video48": 76.50265183920936
        }
    },
    "Endoscapes": {
        "mAP": 51.33598848161052,
        "mAP_EMA": 54.6503387792843,
        "mAP_per_class": {
            "C0": 52.58411597226825,
            "C1": 51.3055046115466,
            "C2": 50.11834486101671
        },
        "mAP_per_class_EMA": {
            "C0": 54.161329051904694,
            "C1": 58.41822684487179,
            "C2": 51.3714604410764
        }
    },
    "CholecT50": {
        "AP": {
            "AP_i": 82.14254265347871,
            "AP_v": 62.02606731661973,
            "AP_t": 41.85637381705509,
            "AP_iv": 38.4405946583174,
            "AP_it": 35.26187748866446,
            "AP_ivt": 30.986771603855814
        },
        "AP_EMA": {
            "AP_i": 88.816504323654,
            "AP_v": 67.67580094193691,
            "AP_t": 46.21666035282735,
            "AP_iv": 43.42483344333908,
            "AP_it": 39.93582427927249,
            "AP_ivt": 34.35033105536152
        }
    }
}