{
    "Test": true,
    "Cholec80": {
        "F1_score": 63.64449606231772,
        "F1_score_EMA": null,
        "Per_video_f1": {
            "cholec80_video51": 67.65762999204831,
            "cholec80_video53": 68.49447308053531,
            "cholec80_video54": 65.37509453476574,
            "cholec80_video55": 69.3820257627297,
            "cholec80_video58": 47.72240552360212,
            "cholec80_video59": 78.00258723182333,
            "cholec80_video61": 53.62695300606203,
            "cholec80_video63": 55.87418832795763,
            "cholec80_video64": 68.60247500926579,
            "cholec80_video69": 79.93633592677187,
            "cholec80_video73": 79.6624549422292,
            "cholec80_video74": 61.535038302870845,
            "cholec80_video76": 53.012932096477826,
            "cholec80_video77": 71.18164565083622,
            "cholec80_video80": 34.60120154678993
        },
        "Per_video_f1_EMA": null
    },
    "Endoscapes": {
        "mAP": 55.20163255705939,
        "mAP_EMA": null,
        "mAP_per_class": {
            "C0": 55.45744976065801,
            "C1": 46.65893170530366,
            "C2": 63.488516205216506
        },
        "mAP_per_class_EMA": null
    },
    "CholecT50": {
        "AP": {
            "AP_i": 78.6816427074691,
            "AP_v": 53.472424015766464,
            "AP_t": 39.742398996215194,
            "AP_iv": 32.67172437682962,
            "AP_it": 30.42641894525926,
            "AP_ivt": 24.432110188434397
        },
        "AP_EMA": null
    }
}