{
    "Test": false,
    "Cholec80": {
        "F1_score": 50.36514838739747,
        "F1_score_EMA": 60.94961394845603,
        "Per_video_f1": {
            "cholec80_video41": 58.29005738361687,
            "cholec80_video43": 47.95417874410025,
            "cholec80_video44": 42.48685068238077,
            "cholec80_video45": 59.7350203858125,
            "cholec80_video46": 58.94594942093592,
            "cholec80_video47": 42.98809658284986,
            "cholec80_video48": 42.1558855120861
        },
        "Per_video_f1_EMA": {
            "cholec80_video41": 58.15170698017438,
            "cholec80_video43": 65.06452694127582,
            "cholec80_video44": 65.57336254666471,
            "cholec80_video45": 62.26844994717165,
            "cholec80_video46": 61.45723779235046,
            "cholec80_video47": 55.319593028581195,
            "cholec80_video48": 58.812420402974006
        }
    },
    "Endoscapes": {
        "mAP": 43.013463305064846,
        "mAP_EMA": 40.652833732107716,
        "mAP_per_class": {
            "C0": 35.92902271468713,
            "C1": 43.633377293396315,
            "C2": 49.47798990711109
        },
        "mAP_per_class_EMA": {
            "C0": 39.82476694753523,
            "C1": 38.04883315083439,
            "C2": 44.084901097953534
        }
    },
    "CholecT50": {
        "AP": {
            "AP_i": 81.0946598109474,
            "AP_v": 56.31293497551313,
            "AP_t": 39.16908035822091,
            "AP_iv": 36.6574574368601,
            "AP_it": 34.106252412962,
            "AP_ivt": 29.454049605212674
        },
        "AP_EMA": {
            "AP_i": 75.82535059558974,
            "AP_v": 50.94440935862224,
            "AP_t": 35.3635045691597,
            "AP_iv": 32.254243684508154,
            "AP_it": 31.683310791509417,
            "AP_ivt": 26.52955007281661
        }
    }
}