{
    "Test": false,
    "Cholec80": {
        "F1_score": 63.98799258900005,
        "F1_score_EMA": 71.91727458372647,
        "Per_video_f1": {
            "cholec80_video41": 70.16275106439178,
            "cholec80_video43": 46.839300400589984,
            "cholec80_video44": 70.4870506638304,
            "cholec80_video45": 76.61006486402285,
            "cholec80_video46": 68.8666189152078,
            "cholec80_video47": 60.50792113584631,
            "cholec80_video48": 54.442241079111234
        },
        "Per_video_f1_EMA": {
            "cholec80_video41": 70.30404904142165,
            "cholec80_video43": 67.61281079266811,
            "cholec80_video44": 76.58918689019579,
            "cholec80_video45": 80.54224270053369,
            "cholec80_video46": 73.597998975317,
            "cholec80_video47": 63.698913909599376,
            "cholec80_video48": 71.07571977634964
        }
    },
    "Endoscapes": {
        "mAP": 37.77597509368174,
        "mAP_EMA": 43.03339715916954,
        "mAP_per_class": {
            "C0": 40.306843093765984,
            "C1": 38.861627165262334,
            "C2": 34.1594550220169
        },
        "mAP_per_class_EMA": {
            "C0": 41.77514569875243,
            "C1": 43.23655665035688,
            "C2": 44.08848912839931
        }
    },
    "CholecT50": {
        "AP": {
            "AP_i": 74.47156751611294,
            "AP_v": 50.85540557676053,
            "AP_t": 37.01341172407923,
            "AP_iv": 33.49917147352172,
            "AP_it": 32.65542986824098,
            "AP_ivt": 28.110719745285266
        },
        "AP_EMA": {
            "AP_i": 81.89231065908149,
            "AP_v": 57.826567075045844,
            "AP_t": 40.989839854256736,
            "AP_iv": 38.20878305002466,
            "AP_it": 35.290093152332815,
            "AP_ivt": 30.667215292103545
        }
    }
}