{
    "Test": false,
    "Cholec80": {
        "F1_score": 64.293978007377,
        "F1_score_EMA": 70.91715274751911,
        "Per_video_f1": {
            "cholec80_video41": 70.28443707241571,
            "cholec80_video43": 56.494275042652745,
            "cholec80_video44": 70.31271699506776,
            "cholec80_video45": 65.11105554707996,
            "cholec80_video46": 68.55279102058154,
            "cholec80_video47": 60.04447120273548,
            "cholec80_video48": 59.25809917110587
        },
        "Per_video_f1_EMA": {
            "cholec80_video41": 70.12722208395653,
            "cholec80_video43": 68.09579475445834,
            "cholec80_video44": 75.66994675444472,
            "cholec80_video45": 79.40660141337139,
            "cholec80_video46": 73.60466092026758,
            "cholec80_video47": 61.61575801330065,
            "cholec80_video48": 67.9000852928346
        }
    },
    "Endoscapes": {
        "mAP": 46.91203702188004,
        "mAP_EMA": 44.17905498907827,
        "mAP_per_class": {
            "C0": 48.069190282559404,
            "C1": 46.28205374474298,
            "C2": 46.38486703833773
        },
        "mAP_per_class_EMA": {
            "C0": 42.66044570095021,
            "C1": 43.96318089450607,
            "C2": 45.91353837177852
        }
    },
    "CholecT50": {
        "AP": {
            "AP_i": 78.48353901325187,
            "AP_v": 52.38553045960458,
            "AP_t": 38.32380915582891,
            "AP_iv": 33.98121257588066,
            "AP_it": 32.54346622824452,
            "AP_ivt": 27.443045384386867
        },
        "AP_EMA": {
            "AP_i": 84.03355310182587,
            "AP_v": 57.58692693305845,
            "AP_t": 41.645841752139184,
            "AP_iv": 38.65407283540185,
            "AP_it": 36.17693097041343,
            "AP_ivt": 32.1446320594754
        }
    }
}