{
    "Test": false,
    "Cholec80": {
        "F1_score": 65.32056361506368,
        "F1_score_EMA": 70.68698739007127,
        "Per_video_f1": {
            "cholec80_video41": 67.00753475653433,
            "cholec80_video43": 57.37164872358925,
            "cholec80_video44": 65.84046800908014,
            "cholec80_video45": 74.41092114131742,
            "cholec80_video46": 66.35587259754408,
            "cholec80_video47": 60.29498919883972,
            "cholec80_video48": 65.96251087854077
        },
        "Per_video_f1_EMA": {
            "cholec80_video41": 69.04124469174766,
            "cholec80_video43": 66.26223940795325,
            "cholec80_video44": 71.56413355348452,
            "cholec80_video45": 81.73588927512235,
            "cholec80_video46": 72.34821840827263,
            "cholec80_video47": 64.93064403313558,
            "cholec80_video48": 68.92654236078283
        }
    },
    "Endoscapes": {
        "mAP": 29.203687122035305,
        "mAP_EMA": 37.20264602402571,
        "mAP_per_class": {
            "C0": 35.024905585905046,
            "C1": 29.96609637370477,
            "C2": 22.6200594064961
        },
        "mAP_per_class_EMA": {
            "C0": 37.43736485864627,
            "C1": 39.2604352256238,
            "C2": 34.91013798780707
        }
    },
    "CholecT50": {
        "AP": {
            "AP_i": 73.99817393169316,
            "AP_v": 51.54258519716344,
            "AP_t": 36.12145811494638,
            "AP_iv": 32.985967531706414,
            "AP_it": 29.458586612477855,
            "AP_ivt": 24.551799968259296
        },
        "AP_EMA": {
            "AP_i": 82.02597782475927,
            "AP_v": 57.88728560099952,
            "AP_t": 41.71937429787006,
            "AP_iv": 38.81742927421444,
            "AP_it": 35.03988360484857,
            "AP_ivt": 29.397622922181412
        }
    }
}