{
    "Test": false,
    "Cholec80": {
        "F1_score": 61.97078655092086,
        "F1_score_EMA": 15.084291469076058,
        "Per_video_f1": {
            "cholec80_video41": 59.586516518435616,
            "cholec80_video43": 60.400535700003374,
            "cholec80_video44": 59.74921216449671,
            "cholec80_video45": 72.77362669807124,
            "cholec80_video46": 63.22222044401956,
            "cholec80_video47": 62.07084678674691,
            "cholec80_video48": 55.99254754467261
        },
        "Per_video_f1_EMA": {
            "cholec80_video41": 17.242792418910767,
            "cholec80_video43": 9.50821480335195,
            "cholec80_video44": 15.335241970762084,
            "cholec80_video45": 18.496018898852558,
            "cholec80_video46": 16.845694082358385,
            "cholec80_video47": 15.998468262002326,
            "cholec80_video48": 12.163609847294337
        }
    },
    "Endoscapes": {
        "mAP": 38.17571224624114,
        "mAP_EMA": 16.16677095601073,
        "mAP_per_class": {
            "C0": 40.06580013462829,
            "C1": 36.8092152370404,
            "C2": 37.652121367054725
        },
        "mAP_per_class_EMA": {
            "C0": 18.64779537388401,
            "C1": 13.743125844788631,
            "C2": 16.109391649359555
        }
    },
    "CholecT50": {
        "AP": {
            "AP_i": 83.49036221700118,
            "AP_v": 61.61960698044652,
            "AP_t": 42.85702651209745,
            "AP_iv": 40.88479251309183,
            "AP_it": 38.58957216096604,
            "AP_ivt": 33.64396229893255
        },
        "AP_EMA": {
            "AP_i": 34.28589321573337,
            "AP_v": 23.19619583814721,
            "AP_t": 18.29313133248754,
            "AP_iv": 13.049292345623252,
            "AP_it": 9.959820520609332,
            "AP_ivt": 7.952072981683544
        }
    }
}