{
    "Test": false,
    "Cholec80": {
        "F1_score": 60.32201795785323,
        "F1_score_EMA": 48.77124418283641,
        "Per_video_f1": {
            "cholec80_video41": 66.66026888538691,
            "cholec80_video43": 46.29442739225508,
            "cholec80_video44": 62.8326324114591,
            "cholec80_video45": 73.26812253968373,
            "cholec80_video46": 67.03731922706658,
            "cholec80_video47": 50.33954325335297,
            "cholec80_video48": 55.821811995768236
        },
        "Per_video_f1_EMA": {
            "cholec80_video41": 53.60997547194487,
            "cholec80_video43": 54.57908291277095,
            "cholec80_video44": 43.462663212727584,
            "cholec80_video45": 42.0893269303742,
            "cholec80_video46": 37.76603749513608,
            "cholec80_video47": 48.72719637763831,
            "cholec80_video48": 61.1644268792629
        }
    },
    "Endoscapes": {
        "mAP": 35.75857111340943,
        "mAP_EMA": 33.908592200093935,
        "mAP_per_class": {
            "C0": 31.9995548257064,
            "C1": 36.16933204494869,
            "C2": 39.10682646957321
        },
        "mAP_per_class_EMA": {
            "C0": 29.37960144626609,
            "C1": 30.01800955849832,
            "C2": 42.32816559551738
        }
    },
    "CholecT50": {
        "AP": {
            "AP_i": 76.46700460521349,
            "AP_v": 52.90065902644375,
            "AP_t": 37.50369427683734,
            "AP_iv": 34.328102556129785,
            "AP_it": 34.30370133342445,
            "AP_ivt": 28.455781130722002
        },
        "AP_EMA": {
            "AP_i": 61.72075412477184,
            "AP_v": 41.984139656169155,
            "AP_t": 33.78924172145775,
            "AP_iv": 28.055264747519526,
            "AP_it": 26.699474161926904,
            "AP_ivt": 22.769672661346625
        }
    }
}