{
    "Test": false,
    "Cholec80": {
        "F1_score": 61.43668189720741,
        "F1_score_EMA": 62.22895246151757,
        "Per_video_f1": {
            "cholec80_video41": 67.46592265897199,
            "cholec80_video43": 53.948191071608086,
            "cholec80_video44": 57.35440265828494,
            "cholec80_video45": 73.18518679203082,
            "cholec80_video46": 66.21591715123482,
            "cholec80_video47": 53.20566752631347,
            "cholec80_video48": 58.681485422007725
        },
        "Per_video_f1_EMA": {
            "cholec80_video41": 64.4458932567499,
            "cholec80_video43": 62.816011929403324,
            "cholec80_video44": 64.19656183287054,
            "cholec80_video45": 60.17777402686886,
            "cholec80_video46": 52.8754041233238,
            "cholec80_video47": 59.02621860304039,
            "cholec80_video48": 72.06480345836621
        }
    },
    "Endoscapes": {
        "mAP": 41.2275164799786,
        "mAP_EMA": 35.86808677594051,
        "mAP_per_class": {
            "C0": 40.28872091637565,
            "C1": 40.49021521184386,
            "C2": 42.90361331171627
        },
        "mAP_per_class_EMA": {
            "C0": 31.60790535889899,
            "C1": 32.23142190605732,
            "C2": 43.76493306286523
        }
    },
    "CholecT50": {
        "AP": {
            "AP_i": 75.59581080404973,
            "AP_v": 52.37300987438282,
            "AP_t": 37.705334023401754,
            "AP_iv": 34.4403889148117,
            "AP_it": 34.30484678066947,
            "AP_ivt": 28.91995106497154
        },
        "AP_EMA": {
            "AP_i": 74.95653594237255,
            "AP_v": 51.08545369303764,
            "AP_t": 39.8065910841984,
            "AP_iv": 33.54606675395044,
            "AP_it": 34.234723669807465,
            "AP_ivt": 28.76664313644881
        }
    }
}