{
    "Test": false,
    "Cholec80": {
        "F1_score": 65.03807614253127,
        "F1_score_EMA": 62.929869370055066,
        "Per_video_f1": {
            "cholec80_video41": 65.3970356787745,
            "cholec80_video43": 60.59616777741501,
            "cholec80_video44": 68.53202383636047,
            "cholec80_video45": 74.07671321005562,
            "cholec80_video46": 64.71129818595509,
            "cholec80_video47": 61.98309647114828,
            "cholec80_video48": 59.970197838009895
        },
        "Per_video_f1_EMA": {
            "cholec80_video41": 63.324799973765145,
            "cholec80_video43": 59.752907606362,
            "cholec80_video44": 56.34463655556733,
            "cholec80_video45": 70.87213730781775,
            "cholec80_video46": 64.60800505332418,
            "cholec80_video47": 61.69742426219622,
            "cholec80_video48": 63.90917483135284
        }
    },
    "Endoscapes": {
        "mAP": 34.397485362602424,
        "mAP_EMA": 37.64858962117004,
        "mAP_per_class": {
            "C0": 34.990719133695684,
            "C1": 32.877746616619504,
            "C2": 35.32399033749209
        },
        "mAP_per_class_EMA": {
            "C0": 37.35307523820891,
            "C1": 35.3453843587583,
            "C2": 40.2473092665429
        }
    },
    "CholecT50": {
        "AP": {
            "AP_i": 82.7543767030896,
            "AP_v": 58.172527395734676,
            "AP_t": 40.1932238605161,
            "AP_iv": 35.8590739561613,
            "AP_it": 34.90551677941392,
            "AP_ivt": 29.252415018984564
        },
        "AP_EMA": {
            "AP_i": 77.3475613435816,
            "AP_v": 53.90825223183818,
            "AP_t": 39.59344301033754,
            "AP_iv": 33.975490596604516,
            "AP_it": 34.732782146951116,
            "AP_ivt": 29.825711380525345
        }
    }
}