{
    "Test": false,
    "Cholec80": {
        "F1_score": 60.899775468173246,
        "F1_score_EMA": 69.06768876089168,
        "Per_video_f1": {
            "cholec80_video41": 61.42568566260878,
            "cholec80_video43": 55.47088910275044,
            "cholec80_video44": 64.94803267793242,
            "cholec80_video45": 71.78511139228632,
            "cholec80_video46": 66.3613155838052,
            "cholec80_video47": 51.54883735351778,
            "cholec80_video48": 54.7585565043118
        },
        "Per_video_f1_EMA": {
            "cholec80_video41": 71.06768164510265,
            "cholec80_video43": 62.25087998130844,
            "cholec80_video44": 71.9083311438909,
            "cholec80_video45": 74.6931743735214,
            "cholec80_video46": 69.36404458820763,
            "cholec80_video47": 63.638458480717844,
            "cholec80_video48": 70.55125111349287
        }
    },
    "Endoscapes": {
        "mAP": 27.32602536719124,
        "mAP_EMA": 37.006493192563006,
        "mAP_per_class": {
            "C0": 22.631593338341656,
            "C1": 26.526224908537554,
            "C2": 32.82025785469451
        },
        "mAP_per_class_EMA": {
            "C0": 33.00355676605044,
            "C1": 33.99958653821287,
            "C2": 44.01633627342571
        }
    },
    "CholecT50": {
        "AP": {
            "AP_i": 78.9079984933801,
            "AP_v": 58.78032952649086,
            "AP_t": 40.03127823364053,
            "AP_iv": 38.579019190344994,
            "AP_it": 36.28232540584577,
            "AP_ivt": 32.48730027345412
        },
        "AP_EMA": {
            "AP_i": 81.09850218020561,
            "AP_v": 57.28545457891771,
            "AP_t": 42.51671877614335,
            "AP_iv": 37.47787213741774,
            "AP_it": 38.22722704054941,
            "AP_ivt": 32.01448166370622
        }
    }
}