{
    "Test": false,
    "Cholec80": {
        "F1_score": 65.109057896455,
        "F1_score_EMA": 68.9551049049626,
        "Per_video_f1": {
            "cholec80_video41": 68.22287062735603,
            "cholec80_video43": 60.949991505961776,
            "cholec80_video44": 70.4258851590295,
            "cholec80_video45": 72.75550960949546,
            "cholec80_video46": 61.3373330515009,
            "cholec80_video47": 63.14779167238538,
            "cholec80_video48": 58.92402364945591
        },
        "Per_video_f1_EMA": {
            "cholec80_video41": 68.04168468243189,
            "cholec80_video43": 65.74917482228003,
            "cholec80_video44": 67.41837336151742,
            "cholec80_video45": 80.65529310787679,
            "cholec80_video46": 69.1184195803227,
            "cholec80_video47": 63.796295302388515,
            "cholec80_video48": 67.90649347792083
        }
    },
    "Endoscapes": {
        "mAP": 38.630071544045094,
        "mAP_EMA": 38.36075199909484,
        "mAP_per_class": {
            "C0": 36.66687803570306,
            "C1": 41.73353354724739,
            "C2": 37.489803049184836
        },
        "mAP_per_class_EMA": {
            "C0": 38.26013575977501,
            "C1": 38.05116010952883,
            "C2": 38.77096012798067
        }
    },
    "CholecT50": {
        "AP": {
            "AP_i": 80.70454222496855,
            "AP_v": 56.66570472242736,
            "AP_t": 39.82163146230562,
            "AP_iv": 35.435893160665685,
            "AP_it": 32.54339834279021,
            "AP_ivt": 28.580010819965402
        },
        "AP_EMA": {
            "AP_i": 82.51545102905027,
            "AP_v": 58.659393495588425,
            "AP_t": 44.15796757439385,
            "AP_iv": 37.62447593664306,
            "AP_it": 37.80935828289422,
            "AP_ivt": 32.33687174885289
        }
    }
}