{
    "Test": false,
    "Cholec80": {
        "F1_score": 65.12797085100684,
        "F1_score_EMA": 70.20887286845861,
        "Per_video_f1": {
            "cholec80_video41": 62.706036462287074,
            "cholec80_video43": 60.09774194578477,
            "cholec80_video44": 66.38455502595319,
            "cholec80_video45": 75.58762575364332,
            "cholec80_video46": 68.58522498235072,
            "cholec80_video47": 60.62377361436956,
            "cholec80_video48": 61.910838172659176
        },
        "Per_video_f1_EMA": {
            "cholec80_video41": 68.79940152081294,
            "cholec80_video43": 66.35155494885832,
            "cholec80_video44": 70.28213291339591,
            "cholec80_video45": 81.07475723007929,
            "cholec80_video46": 71.48165864888355,
            "cholec80_video47": 64.8743522196489,
            "cholec80_video48": 68.5982525975314
        }
    },
    "Endoscapes": {
        "mAP": 31.06206782280995,
        "mAP_EMA": 38.37402775057615,
        "mAP_per_class": {
            "C0": 35.139180337776146,
            "C1": 29.633887834046135,
            "C2": 28.41313529660757
        },
        "mAP_per_class_EMA": {
            "C0": 38.05968032746275,
            "C1": 39.412521280292026,
            "C2": 37.64988164397367
        }
    },
    "CholecT50": {
        "AP": {
            "AP_i": 76.17909993782784,
            "AP_v": 53.50360251555028,
            "AP_t": 37.25511286503411,
            "AP_iv": 34.23684882290423,
            "AP_it": 30.603907037524728,
            "AP_ivt": 25.819807165128278
        },
        "AP_EMA": {
            "AP_i": 82.47982515450072,
            "AP_v": 58.32444525995686,
            "AP_t": 42.868156825663995,
            "AP_iv": 38.323543343758246,
            "AP_it": 36.36083163301626,
            "AP_ivt": 30.70451504684471
        }
    }
}