{
    "Test": false,
    "Cholec80": {
        "F1_score": 64.56383187731132,
        "F1_score_EMA": 55.72160303092199,
        "Per_video_f1": {
            "cholec80_video41": 67.51994226717206,
            "cholec80_video43": 53.509857935785845,
            "cholec80_video44": 64.52836335968631,
            "cholec80_video45": 72.32513847663462,
            "cholec80_video46": 70.9350587403952,
            "cholec80_video47": 66.02553594673105,
            "cholec80_video48": 57.1029264147741
        },
        "Per_video_f1_EMA": {
            "cholec80_video41": 53.8484720591063,
            "cholec80_video43": 52.63967617370759,
            "cholec80_video44": 46.32275277186482,
            "cholec80_video45": 62.29362834047281,
            "cholec80_video46": 61.13786190817032,
            "cholec80_video47": 58.07609649302415,
            "cholec80_video48": 55.73273347010792
        }
    },
    "Endoscapes": {
        "mAP": 40.80180360410618,
        "mAP_EMA": 36.39275183606716,
        "mAP_per_class": {
            "C0": 40.52997899073402,
            "C1": 39.66604127291414,
            "C2": 42.20939054867039
        },
        "mAP_per_class_EMA": {
            "C0": 35.695820375809376,
            "C1": 33.31849270788746,
            "C2": 40.16394242450465
        }
    },
    "CholecT50": {
        "AP": {
            "AP_i": 79.06257500504692,
            "AP_v": 55.849166032946904,
            "AP_t": 40.71975464779661,
            "AP_iv": 34.61048246400415,
            "AP_it": 35.00519542511154,
            "AP_ivt": 29.90377569257653
        },
        "AP_EMA": {
            "AP_i": 68.16608071620821,
            "AP_v": 46.81236073485945,
            "AP_t": 33.092671239056024,
            "AP_iv": 29.734872806871778,
            "AP_it": 27.70994218560663,
            "AP_ivt": 24.740906804580742
        }
    }
}