{
    "Test": false,
    "Cholec80": {
        "F1_score": 72.92549345461018,
        "F1_score_EMA": 71.90604732998756,
        "Per_video_f1": {
            "cholec80_video41": 69.9212617624242,
            "cholec80_video43": 60.1486083389133,
            "cholec80_video44": 80.80080910514712,
            "cholec80_video45": 79.68774802546086,
            "cholec80_video46": 79.1259776840928,
            "cholec80_video47": 71.32216462110483,
            "cholec80_video48": 72.87641543532929,
            "cholec80_video49": 77.75481994803766,
            "cholec80_video50": 64.6916361709815
        },
        "Per_video_f1_EMA": {
            "cholec80_video41": 70.00750406471415,
            "cholec80_video43": 70.64865447027167,
            "cholec80_video44": 81.85588929054599,
            "cholec80_video45": 68.4086245881394,
            "cholec80_video46": 73.32503959322862,
            "cholec80_video47": 61.49712047193599,
            "cholec80_video48": 74.3912595687017,
            "cholec80_video49": 76.05921280915388,
            "cholec80_video50": 70.96112111319655
        }
    },
    "Endoscapes": {
        "mAP": 34.24564073090309,
        "mAP_EMA": 32.03936512508939,
        "mAP_per_class": {
            "C0": 32.66882588940299,
            "C1": 30.005523349299306,
            "C2": 40.06257295400699
        },
        "mAP_per_class_EMA": {
            "C0": 32.73464157525281,
            "C1": 32.39498415252057,
            "C2": 30.98846964749478
        }
    },
    "CholecT50": {
        "AP": {
            "AP_i": 58.53987188903732,
            "AP_v": 42.67298372535259,
            "AP_t": 29.43808767446079,
            "AP_iv": 26.489310591988037,
            "AP_it": 23.23153560726414,
            "AP_ivt": 21.90070838370929
        },
        "AP_EMA": {
            "AP_i": 70.60456263789368,
            "AP_v": 50.60270417002259,
            "AP_t": 33.49332295355519,
            "AP_iv": 31.203602776168406,
            "AP_it": 26.90046376191549,
            "AP_ivt": 23.315321469766104
        }
    }
}