{
    "Test": false,
    "Cholec80": {
        "F1_score": 72.8346347147732,
        "F1_score_EMA": 65.78421944093452,
        "Per_video_f1": {
            "cholec80_video41": 73.57514992603656,
            "cholec80_video43": 59.51553521131915,
            "cholec80_video44": 83.45977771374328,
            "cholec80_video45": 74.85397848686043,
            "cholec80_video46": 78.0028839678304,
            "cholec80_video47": 66.21880930483998,
            "cholec80_video48": 75.19838061084076,
            "cholec80_video49": 73.01637641463805,
            "cholec80_video50": 71.67082079685024
        },
        "Per_video_f1_EMA": {
            "cholec80_video41": 61.95912054895466,
            "cholec80_video43": 70.76485779493379,
            "cholec80_video44": 74.10131612721197,
            "cholec80_video45": 60.072956698230826,
            "cholec80_video46": 68.18156813707506,
            "cholec80_video47": 55.28848855589838,
            "cholec80_video48": 68.78697350261317,
            "cholec80_video49": 68.3279155730642,
            "cholec80_video50": 64.57477803042863
        }
    },
    "Endoscapes": {
        "mAP": 36.48511546299711,
        "mAP_EMA": 27.602634566143912,
        "mAP_per_class": {
            "C0": 35.06426933749648,
            "C1": 35.45375914328181,
            "C2": 38.93731790821304
        },
        "mAP_per_class_EMA": {
            "C0": 27.73589859796633,
            "C1": 26.738198070219887,
            "C2": 28.333807030245517
        }
    },
    "CholecT50": {
        "AP": {
            "AP_i": 56.058943488191,
            "AP_v": 41.438370870380936,
            "AP_t": 27.935419322042296,
            "AP_iv": 25.443833177517654,
            "AP_it": 23.18154932562095,
            "AP_ivt": 21.296218084766167
        },
        "AP_EMA": {
            "AP_i": 59.51214360260505,
            "AP_v": 41.65308892160369,
            "AP_t": 30.344891651468423,
            "AP_iv": 24.330243179959336,
            "AP_it": 21.591164602378726,
            "AP_ivt": 17.86738288693221
        }
    }
}