{
    "Test": false,
    "Cholec80": {
        "F1_score": 73.06970566270002,
        "F1_score_EMA": 74.07038808705668,
        "Per_video_f1": {
            "cholec80_video41": 72.66756423575103,
            "cholec80_video43": 60.501092911824095,
            "cholec80_video44": 81.20161736282775,
            "cholec80_video45": 78.62847805715411,
            "cholec80_video46": 76.98478217336546,
            "cholec80_video47": 65.13598756546159,
            "cholec80_video48": 72.48300312228876,
            "cholec80_video49": 78.74723546403688,
            "cholec80_video50": 71.27759007159044
        },
        "Per_video_f1_EMA": {
            "cholec80_video41": 72.51704163994461,
            "cholec80_video43": 66.79220078177624,
            "cholec80_video44": 85.0343723477989,
            "cholec80_video45": 74.28713234054042,
            "cholec80_video46": 77.10884055462766,
            "cholec80_video47": 64.86198978255847,
            "cholec80_video48": 74.30536498637093,
            "cholec80_video49": 79.193752948892,
            "cholec80_video50": 72.53279740100092
        }
    },
    "Endoscapes": {
        "mAP": 31.2312707457706,
        "mAP_EMA": 33.51070118112116,
        "mAP_per_class": {
            "C0": 30.49808020853958,
            "C1": 32.61002893828277,
            "C2": 30.585703090489456
        },
        "mAP_per_class_EMA": {
            "C0": 34.31627027336846,
            "C1": 33.029134147815334,
            "C2": 33.186699122179704
        }
    },
    "CholecT50": {
        "AP": {
            "AP_i": 54.07471749894344,
            "AP_v": 40.99267883231926,
            "AP_t": 27.669521206510716,
            "AP_iv": 24.89581692499725,
            "AP_it": 20.62383052233546,
            "AP_ivt": 19.11907457728281
        },
        "AP_EMA": {
            "AP_i": 71.66992298932007,
            "AP_v": 50.97217467098472,
            "AP_t": 33.878541077765135,
            "AP_iv": 33.083908306863634,
            "AP_it": 28.762701895397203,
            "AP_ivt": 25.926065723609728
        }
    }
}