{
    "Test": false,
    "Cholec80": {
        "F1_score": 71.54906381072621,
        "F1_score_EMA": 26.98355904108797,
        "Per_video_f1": {
            "cholec80_video41": 68.059102645094,
            "cholec80_video43": 61.57436183434025,
            "cholec80_video44": 79.8339690750426,
            "cholec80_video45": 85.71790339347227,
            "cholec80_video46": 72.81426637040337,
            "cholec80_video47": 63.87261974895343,
            "cholec80_video48": 71.5581690342364,
            "cholec80_video49": 78.206403097829,
            "cholec80_video50": 62.30477909716461
        },
        "Per_video_f1_EMA": {
            "cholec80_video41": 24.19081261923239,
            "cholec80_video43": 33.03343165276092,
            "cholec80_video44": 42.5565813229492,
            "cholec80_video45": 17.93714512752346,
            "cholec80_video46": 23.6269815278545,
            "cholec80_video47": 12.301188389660986,
            "cholec80_video48": 24.49872823040127,
            "cholec80_video49": 25.79675138656374,
            "cholec80_video50": 38.91041111284528
        }
    },
    "Endoscapes": {
        "mAP": 29.736424165533492,
        "mAP_EMA": 11.907443782287947,
        "mAP_per_class": {
            "C0": 30.86663068082922,
            "C1": 27.957669999365127,
            "C2": 30.384971816406132
        },
        "mAP_per_class_EMA": {
            "C0": 12.329951793492386,
            "C1": 9.987540064109627,
            "C2": 13.40483948926183
        }
    },
    "CholecT50": {
        "AP": {
            "AP_i": 69.16202589144292,
            "AP_v": 45.515402487568466,
            "AP_t": 35.57611670107187,
            "AP_iv": 28.89509581546986,
            "AP_it": 27.024585354094704,
            "AP_ivt": 24.146258555198383
        },
        "AP_EMA": {
            "AP_i": 30.924976202910702,
            "AP_v": 19.587165741044334,
            "AP_t": 16.573822852803968,
            "AP_iv": 10.853370710133314,
            "AP_it": 8.855731410354254,
            "AP_ivt": 7.383653574929267
        }
    }
}