{
    "Test": false,
    "Cholec80": {
        "F1_score": 51.614043036655524,
        "F1_score_EMA": 11.650991227926033,
        "Per_video_f1": {
            "cholec80_video41": 56.230622632266744,
            "cholec80_video43": 60.282431491220414,
            "cholec80_video44": 60.070362238923835,
            "cholec80_video45": 42.737353535347374,
            "cholec80_video46": 43.58459788702664,
            "cholec80_video47": 44.68184755927,
            "cholec80_video48": 56.27158381837412,
            "cholec80_video49": 56.23265473819149,
            "cholec80_video50": 44.434933429279084
        },
        "Per_video_f1_EMA": {
            "cholec80_video41": 12.897369940953777,
            "cholec80_video43": 12.366049238051776,
            "cholec80_video44": 12.510266535115813,
            "cholec80_video45": 7.755803765610272,
            "cholec80_video46": 10.521440467355179,
            "cholec80_video47": 11.006028036134698,
            "cholec80_video48": 12.873983758721991,
            "cholec80_video49": 8.652186512780373,
            "cholec80_video50": 16.275792796610425
        }
    },
    "Endoscapes": {
        "mAP": 23.523445908973958,
        "mAP_EMA": 11.834586759313765,
        "mAP_per_class": {
            "C0": 23.01023067279982,
            "C1": 20.544993864232403,
            "C2": 27.01511318988965
        },
        "mAP_per_class_EMA": {
            "C0": 13.106028580850722,
            "C1": 9.123908162125641,
            "C2": 13.273823534964931
        }
    },
    "CholecT50": {
        "AP": {
            "AP_i": 52.206340549719755,
            "AP_v": 36.09726361295519,
            "AP_t": 27.662948225503726,
            "AP_iv": 21.173030651950306,
            "AP_it": 18.216047975781997,
            "AP_ivt": 15.651745640346748
        },
        "AP_EMA": {
            "AP_i": 22.048152229290352,
            "AP_v": 14.00807028818175,
            "AP_t": 10.99517654820904,
            "AP_iv": 7.877642309455393,
            "AP_it": 5.748830375183905,
            "AP_ivt": 4.7156749812311824
        }
    }
}