{
    "Test": false,
    "Cholec80": {
        "F1_score": 72.61620494540028,
        "F1_score_EMA": 76.40410495720346,
        "Per_video_f1": {
            "cholec80_video41": 76.06795839494002,
            "cholec80_video43": 58.57168973973348,
            "cholec80_video44": 83.91840905463258,
            "cholec80_video45": 83.22445185977642,
            "cholec80_video46": 77.56358537438402,
            "cholec80_video47": 51.56743400419206,
            "cholec80_video48": 73.0342923293156,
            "cholec80_video49": 70.97203876188041,
            "cholec80_video50": 78.62598498974793
        },
        "Per_video_f1_EMA": {
            "cholec80_video41": 76.72526534174257,
            "cholec80_video43": 61.9088316077977,
            "cholec80_video44": 85.53166551740799,
            "cholec80_video45": 83.9361732377173,
            "cholec80_video46": 81.8225563375235,
            "cholec80_video47": 63.10215182027148,
            "cholec80_video48": 79.32216101728454,
            "cholec80_video49": 79.32520887261106,
            "cholec80_video50": 75.96293086247498
        }
    },
    "Endoscapes": {
        "mAP": 42.47709313698598,
        "mAP_EMA": 41.213534526042224,
        "mAP_per_class": {
            "C0": 47.60500515552993,
            "C1": 41.22268311965408,
            "C2": 38.60359113577393
        },
        "mAP_per_class_EMA": {
            "C0": 41.060423187735815,
            "C1": 43.15849991369285,
            "C2": 39.421680476698015
        }
    },
    "CholecT50": {
        "AP": {
            "AP_i": 53.72430451943404,
            "AP_v": 43.65991888414137,
            "AP_t": 28.79677905045594,
            "AP_iv": 26.748002177872802,
            "AP_it": 24.549948671826574,
            "AP_ivt": 22.478150169472453
        },
        "AP_EMA": {
            "AP_i": 56.285945221924486,
            "AP_v": 39.9676560214083,
            "AP_t": 29.50859236453855,
            "AP_iv": 25.096285226412554,
            "AP_it": 24.103482671919984,
            "AP_ivt": 21.785042117349334
        }
    }
}