{
    "Test": false,
    "Cholec80": {
        "F1_score": 71.13429535621471,
        "F1_score_EMA": 49.27793348472829,
        "Per_video_f1": {
            "cholec80_video41": 68.38844673346907,
            "cholec80_video43": 61.0237633390561,
            "cholec80_video44": 80.67439933242248,
            "cholec80_video45": 78.12875597732989,
            "cholec80_video46": 76.3606429123502,
            "cholec80_video47": 68.41103814727624,
            "cholec80_video48": 72.03493695793262,
            "cholec80_video49": 72.13177051634744,
            "cholec80_video50": 63.05490428974829
        },
        "Per_video_f1_EMA": {
            "cholec80_video41": 46.73164514997917,
            "cholec80_video43": 53.512346716122494,
            "cholec80_video44": 58.965850489014194,
            "cholec80_video45": 45.83476391742359,
            "cholec80_video46": 49.553414684271054,
            "cholec80_video47": 38.45482065911077,
            "cholec80_video48": 52.586376363741614,
            "cholec80_video49": 47.60524278965551,
            "cholec80_video50": 50.25694059323619
        }
    },
    "Endoscapes": {
        "mAP": 28.44616519082739,
        "mAP_EMA": 19.588348419018335,
        "mAP_per_class": {
            "C0": 29.855762324322072,
            "C1": 24.71694232445057,
            "C2": 30.76579092370953
        },
        "mAP_per_class_EMA": {
            "C0": 18.64405560209128,
            "C1": 16.962528565630898,
            "C2": 23.158461089332828
        }
    },
    "CholecT50": {
        "AP": {
            "AP_i": 66.75894623084868,
            "AP_v": 46.982567699938166,
            "AP_t": 30.877000032297317,
            "AP_iv": 30.561425884819844,
            "AP_it": 25.580362053624714,
            "AP_ivt": 23.346163581488497
        },
        "AP_EMA": {
            "AP_i": 39.531886034812466,
            "AP_v": 26.35608920492221,
            "AP_t": 23.79363018119693,
            "AP_iv": 14.499490997093424,
            "AP_it": 13.75067606438349,
            "AP_ivt": 11.39773729638249
        }
    }
}