{
    "Test": true,
    "Cholec80": {
        "F1_score": 46.662802335803626,
        "F1_score_EMA": null,
        "Per_video_f1": {
            "cholec80_video51": 54.69946948627563,
            "cholec80_video53": 51.13794287139927,
            "cholec80_video54": 41.79714136672531,
            "cholec80_video55": 55.007032267993296,
            "cholec80_video58": 28.677754477990113,
            "cholec80_video59": 58.37609006105852,
            "cholec80_video61": 45.856402413202446,
            "cholec80_video63": 46.740388107501225,
            "cholec80_video64": 36.85185875898545,
            "cholec80_video69": 41.35156431113299,
            "cholec80_video73": 63.554805980334564,
            "cholec80_video74": 45.89057941353414,
            "cholec80_video76": 35.88695185618532,
            "cholec80_video77": 57.1840087288385,
            "cholec80_video80": 36.93004493589759
        },
        "Per_video_f1_EMA": null
    },
    "Endoscapes": {
        "mAP": 30.784825229708385,
        "mAP_EMA": null,
        "mAP_per_class": {
            "C0": 34.48207665105178,
            "C1": 24.440287987958108,
            "C2": 33.43211105011527
        },
        "mAP_per_class_EMA": null
    },
    "CholecT50": {
        "AP": {
            "AP_i": 46.18043782332236,
            "AP_v": 35.029943290940885,
            "AP_t": 24.444118463086927,
            "AP_iv": 18.226034371457047,
            "AP_it": 12.510396657892294,
            "AP_ivt": 10.091373112866332
        },
        "AP_EMA": null
    }
}