{
    "Test": false,
    "Cholec80": {
        "F1_score": 58.54905835880311,
        "F1_score_EMA": 11.086462392875244,
        "Per_video_f1": {
            "cholec80_video41": 64.20987142921541,
            "cholec80_video43": 66.91428897157981,
            "cholec80_video44": 56.38546554984784,
            "cholec80_video45": 55.285685916126845,
            "cholec80_video46": 49.64079405476177,
            "cholec80_video47": 57.937106833178575,
            "cholec80_video48": 59.4701957569115
        },
        "Per_video_f1_EMA": {
            "cholec80_video41": 9.139012592661652,
            "cholec80_video43": 7.55846652390099,
            "cholec80_video44": 15.395462460478324,
            "cholec80_video45": 10.624273892048906,
            "cholec80_video46": 15.040699565165472,
            "cholec80_video47": 9.992564658016432,
            "cholec80_video48": 9.854757057854934
        }
    },
    "Endoscapes": {
        "mAP": 33.836333745820184,
        "mAP_EMA": 22.39666090825977,
        "mAP_per_class": {
            "C0": 30.71888257455584,
            "C1": 33.73626362982305,
            "C2": 37.05385503308165
        },
        "mAP_per_class_EMA": {
            "C0": 23.548511256074544,
            "C1": 17.56854699895714,
            "C2": 26.072924469747626
        }
    },
    "CholecT50": {
        "AP": {
            "AP_i": 66.7831256363621,
            "AP_v": 44.062169450794684,
            "AP_t": 35.149584770104,
            "AP_iv": 27.20595457553224,
            "AP_it": 27.803841696510556,
            "AP_ivt": 23.66915982164586
        },
        "AP_EMA": {
            "AP_i": 24.842526058189716,
            "AP_v": 15.605031355744327,
            "AP_t": 13.626984370141226,
            "AP_iv": 8.994863552272056,
            "AP_it": 7.186461953581436,
            "AP_ivt": 5.818444359964136
        }
    }
}