{
    "Test": true,
    "Cholec80": {
        "F1_score": 59.216501326448785,
        "F1_score_EMA": null,
        "Per_video_f1": {
            "cholec80_video51": 56.384350559557404,
            "cholec80_video53": 60.28124870228496,
            "cholec80_video54": 64.20268688907063,
            "cholec80_video55": 67.78480407999395,
            "cholec80_video58": 42.11575689218744,
            "cholec80_video59": 68.25451480624332,
            "cholec80_video61": 46.222730988520425,
            "cholec80_video63": 48.390323704398945,
            "cholec80_video64": 59.66459921707072,
            "cholec80_video69": 75.6169716385998,
            "cholec80_video73": 76.4952307284161,
            "cholec80_video74": 52.20591444253778,
            "cholec80_video76": 65.25585069747648,
            "cholec80_video77": 68.79414063777948,
            "cholec80_video80": 36.57839591259439
        },
        "Per_video_f1_EMA": null
    },
    "Endoscapes": {
        "mAP": 39.634437610147735,
        "mAP_EMA": null,
        "mAP_per_class": {
            "C0": 36.28238646448487,
            "C1": 30.39441963207961,
            "C2": 52.22650673387872
        },
        "mAP_per_class_EMA": null
    },
    "CholecT50": {
        "AP": {
            "AP_i": 70.17506586445172,
            "AP_v": 50.739406027455864,
            "AP_t": 38.44137652199315,
            "AP_iv": 29.249396813628774,
            "AP_it": 27.609241089508448,
            "AP_ivt": 21.50799105308554
        },
        "AP_EMA": null
    }
}