{
    "Test": false,
    "Cholec80": {
        "F1_score": 68.33980795645543,
        "F1_score_EMA": 69.06911651037328,
        "Per_video_f1": {
            "cholec80_video41": 66.29867001079425,
            "cholec80_video43": 64.899424403538,
            "cholec80_video44": 69.31722458829793,
            "cholec80_video45": 71.31516358417026,
            "cholec80_video46": 72.66100115138981,
            "cholec80_video47": 60.317645116909546,
            "cholec80_video48": 73.56952684008824
        },
        "Per_video_f1_EMA": {
            "cholec80_video41": 66.7941808686746,
            "cholec80_video43": 68.79505700410691,
            "cholec80_video44": 68.98860783868217,
            "cholec80_video45": 74.1398471335874,
            "cholec80_video46": 72.83602291582419,
            "cholec80_video47": 59.49147712787271,
            "cholec80_video48": 72.43862268386495
        }
    },
    "Endoscapes": {
        "mAP": 33.131579801597105,
        "mAP_EMA": 35.0451147495449,
        "mAP_per_class": {
            "C0": 34.78648281253446,
            "C1": 36.113314912641634,
            "C2": 28.49494167961522
        },
        "mAP_per_class_EMA": {
            "C0": 35.53866878984785,
            "C1": 34.109848968883746,
            "C2": 35.48682648990311
        }
    },
    "CholecT50": {
        "AP": {
            "AP_i": 68.41041111837923,
            "AP_v": 47.65040497277781,
            "AP_t": 29.839069272837587,
            "AP_iv": 29.332143213770205,
            "AP_it": 24.3778913858397,
            "AP_ivt": 21.230671489530817
        },
        "AP_EMA": {
            "AP_i": 72.67174930133764,
            "AP_v": 51.876378957047656,
            "AP_t": 33.99251432085878,
            "AP_iv": 31.563435239235627,
            "AP_it": 28.191360141953975,
            "AP_ivt": 24.706822226174154
        }
    }
}