{
    "Test": false,
    "Cholec80": {
        "F1_score": 64.756140632221,
        "F1_score_EMA": 56.687572673866384,
        "Per_video_f1": {
            "cholec80_video41": 64.78826626496013,
            "cholec80_video43": 61.09930098895093,
            "cholec80_video44": 65.21317354477804,
            "cholec80_video45": 69.59305867868119,
            "cholec80_video46": 67.52595222453778,
            "cholec80_video47": 59.80898749210797,
            "cholec80_video48": 65.264245231531
        },
        "Per_video_f1_EMA": {
            "cholec80_video41": 59.73451519156189,
            "cholec80_video43": 54.557501451608324,
            "cholec80_video44": 51.32500773581311,
            "cholec80_video45": 62.85512157502227,
            "cholec80_video46": 60.67316051300523,
            "cholec80_video47": 52.45151035918104,
            "cholec80_video48": 55.216191890872814
        }
    },
    "Endoscapes": {
        "mAP": 41.73098811623003,
        "mAP_EMA": 37.250970891724556,
        "mAP_per_class": {
            "C0": 39.9499877150806,
            "C1": 42.16897872254974,
            "C2": 43.07399791105975
        },
        "mAP_per_class_EMA": {
            "C0": 35.63723248504053,
            "C1": 35.429396736133825,
            "C2": 40.68628345399931
        }
    },
    "CholecT50": {
        "AP": {
            "AP_i": 77.10534475518095,
            "AP_v": 52.58327740589277,
            "AP_t": 36.908188071952935,
            "AP_iv": 31.84891156086935,
            "AP_it": 31.097794271954868,
            "AP_ivt": 26.26570394190379
        },
        "AP_EMA": {
            "AP_i": 69.96221956844128,
            "AP_v": 47.9107065562364,
            "AP_t": 35.83054911157991,
            "AP_iv": 30.01870503387963,
            "AP_it": 29.951513377355898,
            "AP_ivt": 26.074940855767696
        }
    }
}