{
    "Test": false,
    "Cholec80": {
        "F1_score": 65.22629635426813,
        "F1_score_EMA": 16.229487275184926,
        "Per_video_f1": {
            "cholec80_video41": 65.5465155010131,
            "cholec80_video43": 59.70378273274262,
            "cholec80_video44": 64.57581250468209,
            "cholec80_video45": 68.76809753039866,
            "cholec80_video46": 62.28722629002642,
            "cholec80_video47": 65.79678403210934,
            "cholec80_video48": 69.90585588890468
        },
        "Per_video_f1_EMA": {
            "cholec80_video41": 12.068118178153933,
            "cholec80_video43": 16.742292662884722,
            "cholec80_video44": 20.949212840840083,
            "cholec80_video45": 13.625055913289147,
            "cholec80_video46": 22.824545878873632,
            "cholec80_video47": 14.022938746512386,
            "cholec80_video48": 13.374246705740584
        }
    },
    "Endoscapes": {
        "mAP": 35.40355008801186,
        "mAP_EMA": 23.193101854829603,
        "mAP_per_class": {
            "C0": 31.41053616976223,
            "C1": 36.44067918995499,
            "C2": 38.35943490431836
        },
        "mAP_per_class_EMA": {
            "C0": 24.15011849150491,
            "C1": 19.71878269056127,
            "C2": 25.710404382422634
        }
    },
    "CholecT50": {
        "AP": {
            "AP_i": 72.72997258747799,
            "AP_v": 50.58108048036352,
            "AP_t": 38.86714626782866,
            "AP_iv": 31.152743217813562,
            "AP_it": 31.803576236937158,
            "AP_ivt": 27.629225914184904
        },
        "AP_EMA": {
            "AP_i": 31.235804483614007,
            "AP_v": 20.574597094078413,
            "AP_t": 16.246514563327892,
            "AP_iv": 11.927219221846293,
            "AP_it": 9.298255467364761,
            "AP_ivt": 7.857692827864963
        }
    }
}