{
    "Test": false,
    "Cholec80": {
        "F1_score": 42.409199192800955,
        "F1_score_EMA": 34.346497759156556,
        "Per_video_f1": {
            "cholec80_video41": 43.20155742819724,
            "cholec80_video43": 50.06968817434655,
            "cholec80_video44": 40.08728640955129,
            "cholec80_video45": 43.045396559194174,
            "cholec80_video46": 35.6802325977785,
            "cholec80_video47": 29.96349732118532,
            "cholec80_video48": 43.912578585334856,
            "cholec80_video49": 49.66352589452945,
            "cholec80_video50": 46.05902976509124
        },
        "Per_video_f1_EMA": {
            "cholec80_video41": 33.61337651076681,
            "cholec80_video43": 36.86655903877695,
            "cholec80_video44": 41.373495377100475,
            "cholec80_video45": 32.89210356030471,
            "cholec80_video46": 31.49577599826384,
            "cholec80_video47": 24.568709248829038,
            "cholec80_video48": 33.11981281697945,
            "cholec80_video49": 33.28970921479677,
            "cholec80_video50": 41.89893806659097
        }
    },
    "Endoscapes": {
        "mAP": 25.342809253443725,
        "mAP_EMA": 24.578754088357076,
        "mAP_per_class": {
            "C0": 24.85666215542019,
            "C1": 23.123939523278583,
            "C2": 28.047826081632408
        },
        "mAP_per_class_EMA": {
            "C0": 26.364529883721353,
            "C1": 20.228452141879984,
            "C2": 27.14328023946989
        }
    },
    "CholecT50": {
        "AP": {
            "AP_i": 43.01370861620335,
            "AP_v": 29.24568043262871,
            "AP_t": 22.621158356853375,
            "AP_iv": 17.888527990899764,
            "AP_it": 16.166117708132916,
            "AP_ivt": 14.59433452715953
        },
        "AP_EMA": {
            "AP_i": 38.6400349999781,
            "AP_v": 26.883919752247984,
            "AP_t": 20.048371408589244,
            "AP_iv": 15.354576909836597,
            "AP_it": 12.76190212455174,
            "AP_ivt": 11.266931941592627
        }
    }
}