{
    "Test": false,
    "Cholec80": {
        "F1_score": 41.53949903682818,
        "F1_score_EMA": 38.54964354728326,
        "Per_video_f1": {
            "cholec80_video41": 43.358761014177105,
            "cholec80_video43": 52.635477188019465,
            "cholec80_video44": 40.581537420463285,
            "cholec80_video45": 43.46544691394763,
            "cholec80_video46": 34.36101901979508,
            "cholec80_video47": 26.658975644270043,
            "cholec80_video48": 44.00457717576673,
            "cholec80_video49": 45.571292835451075,
            "cholec80_video50": 43.21840411956324
        },
        "Per_video_f1_EMA": {
            "cholec80_video41": 37.457694801715654,
            "cholec80_video43": 44.22164643461603,
            "cholec80_video44": 44.69449195976434,
            "cholec80_video45": 34.92166871388557,
            "cholec80_video46": 33.99143227171148,
            "cholec80_video47": 28.01229179191285,
            "cholec80_video48": 37.50433870232982,
            "cholec80_video49": 42.31857498304939,
            "cholec80_video50": 43.82465226656419
        }
    },
    "Endoscapes": {
        "mAP": 25.941492996853988,
        "mAP_EMA": 24.944437615385745,
        "mAP_per_class": {
            "C0": 24.96438105251924,
            "C1": 22.782547418322523,
            "C2": 30.077550519720198
        },
        "mAP_per_class_EMA": {
            "C0": 25.541361095126668,
            "C1": 21.218208258642758,
            "C2": 28.073743492387806
        }
    },
    "CholecT50": {
        "AP": {
            "AP_i": 43.32303239409229,
            "AP_v": 30.034967975387946,
            "AP_t": 22.400416325185862,
            "AP_iv": 18.430673897488468,
            "AP_it": 16.177195731189734,
            "AP_ivt": 14.525858576589116
        },
        "AP_EMA": {
            "AP_i": 41.003843983911274,
            "AP_v": 27.936477603286768,
            "AP_t": 21.56867241003018,
            "AP_iv": 16.18897064145826,
            "AP_it": 14.275016618559466,
            "AP_ivt": 12.62838470322776
        }
    }
}