{
    "Test": false,
    "Cholec80": {
        "F1_score": 42.33788171256413,
        "F1_score_EMA": 20.33743120582197,
        "Per_video_f1": {
            "cholec80_video41": 45.27207140994939,
            "cholec80_video43": 48.579754476629134,
            "cholec80_video44": 45.322198952581594,
            "cholec80_video45": 43.03439465112086,
            "cholec80_video46": 32.633733176728455,
            "cholec80_video47": 31.142615559634173,
            "cholec80_video48": 41.64690673121466,
            "cholec80_video49": 48.719393915422486,
            "cholec80_video50": 44.68986653979641
        },
        "Per_video_f1_EMA": {
            "cholec80_video41": 20.689362947023458,
            "cholec80_video43": 21.796160596740027,
            "cholec80_video44": 16.875656553629298,
            "cholec80_video45": 21.266603349852772,
            "cholec80_video46": 20.669432996800957,
            "cholec80_video47": 14.455652461442694,
            "cholec80_video48": 21.054440545143606,
            "cholec80_video49": 16.962387582407693,
            "cholec80_video50": 29.26718381935724
        }
    },
    "Endoscapes": {
        "mAP": 25.014341890247273,
        "mAP_EMA": 23.80783458783082,
        "mAP_per_class": {
            "C0": 25.93497584986979,
            "C1": 20.80429929718092,
            "C2": 28.303750523691107
        },
        "mAP_per_class_EMA": {
            "C0": 27.652266963676098,
            "C1": 17.952571097887866,
            "C2": 25.818665701928488
        }
    },
    "CholecT50": {
        "AP": {
            "AP_i": 41.093548658494804,
            "AP_v": 28.67596833474542,
            "AP_t": 21.7038597061547,
            "AP_iv": 17.211900794187603,
            "AP_it": 15.00511963129732,
            "AP_ivt": 13.10069193556227
        },
        "AP_EMA": {
            "AP_i": 32.93019837585334,
            "AP_v": 22.563939561472022,
            "AP_t": 16.746526419839256,
            "AP_iv": 12.787949156718634,
            "AP_it": 10.065251548487758,
            "AP_ivt": 8.539235996114867
        }
    }
}