{
    "Test": false,
    "Cholec80": {
        "F1_score": 40.76836386438456,
        "F1_score_EMA": 36.90235403778665,
        "Per_video_f1": {
            "cholec80_video41": 37.40766954246277,
            "cholec80_video43": 48.724206292426786,
            "cholec80_video44": 46.00060196679409,
            "cholec80_video45": 39.410173400853225,
            "cholec80_video46": 34.160315224787006,
            "cholec80_video47": 27.380303241948482,
            "cholec80_video48": 42.75487616099347,
            "cholec80_video49": 45.09192723321084,
            "cholec80_video50": 45.98520171598439
        },
        "Per_video_f1_EMA": {
            "cholec80_video41": 35.553619208425026,
            "cholec80_video43": 41.36856925518571,
            "cholec80_video44": 44.381850270820244,
            "cholec80_video45": 34.372880391441335,
            "cholec80_video46": 32.86604883304838,
            "cholec80_video47": 27.52366519008197,
            "cholec80_video48": 35.70009712005816,
            "cholec80_video49": 37.595585129455735,
            "cholec80_video50": 42.75887094156327
        }
    },
    "Endoscapes": {
        "mAP": 24.96475016319773,
        "mAP_EMA": 24.795002381271015,
        "mAP_per_class": {
            "C0": 24.79212131766736,
            "C1": 22.473092167170904,
            "C2": 27.62903700475493
        },
        "mAP_per_class_EMA": {
            "C0": 25.954555663480612,
            "C1": 20.814397971654365,
            "C2": 27.616053508678064
        }
    },
    "CholecT50": {
        "AP": {
            "AP_i": 41.16058194736407,
            "AP_v": 30.555807072448584,
            "AP_t": 22.26347832789979,
            "AP_iv": 18.159348152340602,
            "AP_it": 15.562241518996764,
            "AP_ivt": 14.470635616165625
        },
        "AP_EMA": {
            "AP_i": 39.96145256828732,
            "AP_v": 27.450977957467284,
            "AP_t": 20.92338065914731,
            "AP_iv": 15.851494973732844,
            "AP_it": 13.586386237218942,
            "AP_ivt": 12.036813819047607
        }
    }
}