{
    "Test": false,
    "Cholec80": {
        "F1_score": 64.44469077646255,
        "F1_score_EMA": 17.426461516717712,
        "Per_video_f1": {
            "cholec80_video41": 78.83758496692094,
            "cholec80_video43": 60.66428869753935,
            "cholec80_video44": 72.38424560970003,
            "cholec80_video45": 70.11009387256571,
            "cholec80_video46": 66.84011738586723,
            "cholec80_video47": 47.3441423472165,
            "cholec80_video48": 54.93236255542811
        },
        "Per_video_f1_EMA": {
            "cholec80_video41": 21.63589559265432,
            "cholec80_video43": 16.37334597488418,
            "cholec80_video44": 22.128220072545663,
            "cholec80_video45": 11.360647860745873,
            "cholec80_video46": 17.072579412685347,
            "cholec80_video47": 15.65555671652186,
            "cholec80_video48": 17.758984986986746
        }
    },
    "Endoscapes": {
        "mAP": 43.01998812017138,
        "mAP_EMA": 17.665034087509817,
        "mAP_per_class": {
            "C0": 41.32203758612588,
            "C1": 42.41356683253421,
            "C2": 45.324359941854034
        },
        "mAP_per_class_EMA": {
            "C0": 18.20197791115541,
            "C1": 14.649346391260142,
            "C2": 20.143777960113894
        }
    },
    "CholecT50": {
        "AP": {
            "AP_i": 73.57813425231531,
            "AP_v": 51.96692353453195,
            "AP_t": 39.56066220176163,
            "AP_iv": 31.929184542929814,
            "AP_it": 31.109546223223038,
            "AP_ivt": 27.270241213876467
        },
        "AP_EMA": {
            "AP_i": 37.21150694698455,
            "AP_v": 24.073848077056347,
            "AP_t": 20.608167076164268,
            "AP_iv": 14.422429150822119,
            "AP_it": 13.398604157171714,
            "AP_ivt": 10.820349469334856
        }
    }
}