{
    "Test": false,
    "Cholec80": {
        "F1_score": 71.59716081613554,
        "F1_score_EMA": 43.97736901890807,
        "Per_video_f1": {
            "cholec80_video41": 78.38346252910313,
            "cholec80_video43": 67.66080211324288,
            "cholec80_video44": 75.98533640947979,
            "cholec80_video45": 73.90364608487161,
            "cholec80_video46": 70.6354087470976,
            "cholec80_video47": 64.97677321314177,
            "cholec80_video48": 69.63469661601198
        },
        "Per_video_f1_EMA": {
            "cholec80_video41": 56.88604481238828,
            "cholec80_video43": 44.593726754095016,
            "cholec80_video44": 38.08121168128978,
            "cholec80_video45": 42.43542413405413,
            "cholec80_video46": 45.026994667237005,
            "cholec80_video47": 40.61984337463996,
            "cholec80_video48": 40.1983377086523
        }
    },
    "Endoscapes": {
        "mAP": 41.72053484434903,
        "mAP_EMA": 34.157198129806275,
        "mAP_per_class": {
            "C0": 36.97031526970737,
            "C1": 44.93517418624302,
            "C2": 43.2561150770967
        },
        "mAP_per_class_EMA": {
            "C0": 29.78439670255885,
            "C1": 32.5059661224719,
            "C2": 40.181231564388085
        }
    },
    "CholecT50": {
        "AP": {
            "AP_i": 76.16568850702323,
            "AP_v": 53.35689727558237,
            "AP_t": 37.005824171329884,
            "AP_iv": 32.5215619837779,
            "AP_it": 28.606050694887642,
            "AP_ivt": 24.315781050966304
        },
        "AP_EMA": {
            "AP_i": 59.9092397185579,
            "AP_v": 39.724916259274295,
            "AP_t": 34.59456839078105,
            "AP_iv": 24.077659031250082,
            "AP_it": 24.463232117690563,
            "AP_ivt": 21.568028307459542
        }
    }
}