{
    "Test": false,
    "Cholec80": {
        "F1_score": 65.3410516613389,
        "F1_score_EMA": 69.65308974567188,
        "Per_video_f1": {
            "cholec80_video41": 70.9029822180361,
            "cholec80_video43": 60.967746645227,
            "cholec80_video44": 66.84269399630904,
            "cholec80_video45": 74.93929515822218,
            "cholec80_video46": 64.40000109836166,
            "cholec80_video47": 55.17677590291791,
            "cholec80_video48": 64.15786661029843
        },
        "Per_video_f1_EMA": {
            "cholec80_video41": 75.43576558279635,
            "cholec80_video43": 65.12576624372045,
            "cholec80_video44": 76.62536780978833,
            "cholec80_video45": 74.91497720876588,
            "cholec80_video46": 70.21669425729037,
            "cholec80_video47": 58.09104825428072,
            "cholec80_video48": 67.16200886306102
        }
    },
    "Endoscapes": {
        "mAP": 39.07346976583601,
        "mAP_EMA": 43.53275083000246,
        "mAP_per_class": {
            "C0": 41.9887079415618,
            "C1": 37.990059441621995,
            "C2": 37.241641914324234
        },
        "mAP_per_class_EMA": {
            "C0": 39.81637326329918,
            "C1": 45.65568844732121,
            "C2": 45.12619077938701
        }
    },
    "CholecT50": {
        "AP": {
            "AP_i": 70.36085964211767,
            "AP_v": 47.10759385489645,
            "AP_t": 35.843162645880696,
            "AP_iv": 28.488924591014396,
            "AP_it": 27.2160974679239,
            "AP_ivt": 22.208218922805965
        },
        "AP_EMA": {
            "AP_i": 76.1431619338859,
            "AP_v": 52.19822121755719,
            "AP_t": 39.523481995715365,
            "AP_iv": 31.87291774898895,
            "AP_it": 31.18883286085515,
            "AP_ivt": 25.210178198826643
        }
    }
}