{
    "Test": false,
    "Cholec80": {
        "F1_score": 58.90377619258181,
        "F1_score_EMA": 68.41413315399427,
        "Per_video_f1": {
            "cholec80_video41": 71.45936035546165,
            "cholec80_video43": 39.748389130161726,
            "cholec80_video44": 61.11805598665846,
            "cholec80_video45": 73.23407792710317,
            "cholec80_video46": 62.41409854438944,
            "cholec80_video47": 47.65829377186091,
            "cholec80_video48": 56.69415763243732
        },
        "Per_video_f1_EMA": {
            "cholec80_video41": 74.97081482251221,
            "cholec80_video43": 65.73768718257969,
            "cholec80_video44": 74.6111591906945,
            "cholec80_video45": 72.96607690043604,
            "cholec80_video46": 69.47128266836835,
            "cholec80_video47": 56.58195809690937,
            "cholec80_video48": 64.55995321645975
        }
    },
    "Endoscapes": {
        "mAP": 39.71582350748344,
        "mAP_EMA": 44.19817997767928,
        "mAP_per_class": {
            "C0": 38.96045276109506,
            "C1": 40.82166143647139,
            "C2": 39.36535632488387
        },
        "mAP_per_class_EMA": {
            "C0": 40.70632752758823,
            "C1": 44.30476727481117,
            "C2": 47.58344513063844
        }
    },
    "CholecT50": {
        "AP": {
            "AP_i": 67.92695689376025,
            "AP_v": 48.45416195512581,
            "AP_t": 35.3750811427756,
            "AP_iv": 29.70229434323297,
            "AP_it": 28.909538083081525,
            "AP_ivt": 23.492414032473686
        },
        "AP_EMA": {
            "AP_i": 78.1479729553944,
            "AP_v": 52.66504645637711,
            "AP_t": 41.23611562733473,
            "AP_iv": 32.39651935513937,
            "AP_it": 33.168969416157374,
            "AP_ivt": 27.234766153997665
        }
    }
}