{
    "Test": false,
    "Cholec80": {
        "F1_score": 61.78879003904885,
        "F1_score_EMA": 69.6283358897564,
        "Per_video_f1": {
            "cholec80_video41": 70.4873733292184,
            "cholec80_video43": 54.34866055537976,
            "cholec80_video44": 67.0179846061697,
            "cholec80_video45": 72.93510078721263,
            "cholec80_video46": 63.588521048551804,
            "cholec80_video47": 46.861282185739455,
            "cholec80_video48": 57.282607761070196
        },
        "Per_video_f1_EMA": {
            "cholec80_video41": 75.33105857355203,
            "cholec80_video43": 64.54818545013829,
            "cholec80_video44": 75.41965035720565,
            "cholec80_video45": 75.81815783231207,
            "cholec80_video46": 69.7476745469597,
            "cholec80_video47": 58.0733734453208,
            "cholec80_video48": 68.4602510228063
        }
    },
    "Endoscapes": {
        "mAP": 36.00236529024955,
        "mAP_EMA": 41.82540418386779,
        "mAP_per_class": {
            "C0": 31.190135936419555,
            "C1": 37.39280370819336,
            "C2": 39.42415622613573
        },
        "mAP_per_class_EMA": {
            "C0": 39.955950000935864,
            "C1": 43.49248703661385,
            "C2": 42.02777551405366
        }
    },
    "CholecT50": {
        "AP": {
            "AP_i": 71.65479405068658,
            "AP_v": 51.50831404568381,
            "AP_t": 34.91299105077258,
            "AP_iv": 30.985224281032,
            "AP_it": 29.30514510333412,
            "AP_ivt": 24.456785512016086
        },
        "AP_EMA": {
            "AP_i": 74.00966332091507,
            "AP_v": 51.582740400481214,
            "AP_t": 37.890975033568694,
            "AP_iv": 31.5513955084386,
            "AP_it": 31.325785544299634,
            "AP_ivt": 25.440924607349885
        }
    }
}