{
    "Test": false,
    "Cholec80": {
        "F1_score": 66.10422331588025,
        "F1_score_EMA": 33.27808242927864,
        "Per_video_f1": {
            "cholec80_video41": 70.11595872212403,
            "cholec80_video43": 68.6083418155125,
            "cholec80_video44": 63.8995649065201,
            "cholec80_video45": 68.00476341901901,
            "cholec80_video46": 65.18095531312544,
            "cholec80_video47": 57.94804741593812,
            "cholec80_video48": 68.97193161892248
        },
        "Per_video_f1_EMA": {
            "cholec80_video41": 37.29648645800287,
            "cholec80_video43": 33.00150208000382,
            "cholec80_video44": 33.33692243433357,
            "cholec80_video45": 29.409328710448623,
            "cholec80_video46": 31.778558999179868,
            "cholec80_video47": 33.31806594534679,
            "cholec80_video48": 34.805712377634926
        }
    },
    "Endoscapes": {
        "mAP": 43.42944690165985,
        "mAP_EMA": 27.652891784274637,
        "mAP_per_class": {
            "C0": 40.05375758504665,
            "C1": 44.66743417911293,
            "C2": 45.567148940819976
        },
        "mAP_per_class_EMA": {
            "C0": 25.249881329734524,
            "C1": 26.87850218459973,
            "C2": 30.830291838489654
        }
    },
    "CholecT50": {
        "AP": {
            "AP_i": 70.1812243837772,
            "AP_v": 48.778356465403455,
            "AP_t": 38.12341277450716,
            "AP_iv": 29.420355782404535,
            "AP_it": 27.694878599137553,
            "AP_ivt": 23.397745567756385
        },
        "AP_EMA": {
            "AP_i": 40.34223837548075,
            "AP_v": 29.881142076468073,
            "AP_t": 27.711266831185828,
            "AP_iv": 18.178380598160512,
            "AP_it": 18.698005196425704,
            "AP_ivt": 16.203343941088047
        }
    }
}