{
    "Test": false,
    "Cholec80": {
        "F1_score": 53.74000528566106,
        "F1_score_EMA": 7.6929726217009495,
        "Per_video_f1": {
            "cholec80_video41": 55.46604293725987,
            "cholec80_video43": 52.8178918305098,
            "cholec80_video44": 57.18967028021662,
            "cholec80_video45": 49.57195103898083,
            "cholec80_video46": 51.919300370395796,
            "cholec80_video47": 49.09664055171747,
            "cholec80_video48": 60.11853999054706
        },
        "Per_video_f1_EMA": {
            "cholec80_video41": 6.797392290330081,
            "cholec80_video43": 6.1818799527885675,
            "cholec80_video44": 7.449837537265937,
            "cholec80_video45": 7.015088604655867,
            "cholec80_video46": 9.222318425973928,
            "cholec80_video47": 8.866425485841404,
            "cholec80_video48": 8.317866055050864
        }
    },
    "Endoscapes": {
        "mAP": 31.080171204615507,
        "mAP_EMA": 12.596847880105182,
        "mAP_per_class": {
            "C0": 30.399874998174738,
            "C1": 28.646729763685315,
            "C2": 34.193908851986464
        },
        "mAP_per_class_EMA": {
            "C0": 13.137769015636286,
            "C1": 11.658012281687494,
            "C2": 12.994762342991766
        }
    },
    "CholecT50": {
        "AP": {
            "AP_i": 66.4448967022012,
            "AP_v": 47.768399250945365,
            "AP_t": 36.969954740640375,
            "AP_iv": 29.06789070991109,
            "AP_it": 31.42733065909713,
            "AP_ivt": 26.511222392003898
        },
        "AP_EMA": {
            "AP_i": 23.344146968749282,
            "AP_v": 15.261204429452818,
            "AP_t": 11.808099836461425,
            "AP_iv": 8.603604138010695,
            "AP_it": 6.340472763157138,
            "AP_ivt": 5.125052838072221
        }
    }
}