{
    "Test": false,
    "Cholec80": {
        "F1_score": 64.39056270544455,
        "F1_score_EMA": 15.28970499929254,
        "Per_video_f1": {
            "cholec80_video41": 64.32686792179418,
            "cholec80_video43": 56.68502619016337,
            "cholec80_video44": 72.23777300288934,
            "cholec80_video45": 67.22548370526901,
            "cholec80_video46": 64.49744940886254,
            "cholec80_video47": 59.0065423091839,
            "cholec80_video48": 66.75479639994956
        },
        "Per_video_f1_EMA": {
            "cholec80_video41": 15.715961820643784,
            "cholec80_video43": 13.662205274281163,
            "cholec80_video44": 11.630523058029006,
            "cholec80_video45": 17.69907941917201,
            "cholec80_video46": 17.648435393246846,
            "cholec80_video47": 14.277384095851922,
            "cholec80_video48": 16.39434593382306
        }
    },
    "Endoscapes": {
        "mAP": 39.79062105902047,
        "mAP_EMA": 13.80223372857116,
        "mAP_per_class": {
            "C0": 39.141591819032726,
            "C1": 37.40088968241755,
            "C2": 42.829381675611124
        },
        "mAP_per_class_EMA": {
            "C0": 14.609682107016747,
            "C1": 12.483470082610467,
            "C2": 14.313548996086265
        }
    },
    "CholecT50": {
        "AP": {
            "AP_i": 74.55920199668809,
            "AP_v": 51.72292120011385,
            "AP_t": 42.631788543873895,
            "AP_iv": 32.494017207577464,
            "AP_it": 35.22773937234259,
            "AP_ivt": 30.17598556625347
        },
        "AP_EMA": {
            "AP_i": 25.002908692942228,
            "AP_v": 16.182263300248245,
            "AP_t": 12.21040152492095,
            "AP_iv": 9.335264216677528,
            "AP_it": 6.755202110377621,
            "AP_ivt": 5.458700872672568
        }
    }
}