{
    "Test": true,
    "Cholec80": {
        "F1_score": 55.530151081192656,
        "F1_score_EMA": null,
        "Per_video_f1": {
            "cholec80_video51": 68.1894189103898,
            "cholec80_video53": 62.07208918764786,
            "cholec80_video54": 64.21505805061946,
            "cholec80_video55": 64.77266692464079,
            "cholec80_video58": 43.9805420673402,
            "cholec80_video59": 59.718838672356696,
            "cholec80_video61": 48.08053198923624,
            "cholec80_video63": 46.3625202299324,
            "cholec80_video64": 56.021545143331295,
            "cholec80_video69": 75.49998898326234,
            "cholec80_video73": 68.33400110748899,
            "cholec80_video74": 56.90792537406012,
            "cholec80_video76": 55.97742837299744,
            "cholec80_video77": 48.97714387010902,
            "cholec80_video80": 13.842567334477168
        },
        "Per_video_f1_EMA": null
    },
    "Endoscapes": {
        "mAP": 47.10880898970833,
        "mAP_EMA": null,
        "mAP_per_class": {
            "C0": 43.406134712480196,
            "C1": 38.753562537280914,
            "C2": 59.166729719363886
        },
        "mAP_per_class_EMA": null
    },
    "CholecT50": {
        "AP": {
            "AP_i": 67.99004937587506,
            "AP_v": 47.504933236866336,
            "AP_t": 34.91803617440936,
            "AP_iv": 28.094812694325494,
            "AP_it": 25.226720511677826,
            "AP_ivt": 19.74862707523403
        },
        "AP_EMA": null
    }
}