{
    "Test": false,
    "Cholec80": {
        "F1_score": 62.62172174594762,
        "F1_score_EMA": 63.42090187278094,
        "Per_video_f1": {
            "cholec80_video41": 69.73181776678791,
            "cholec80_video43": 52.13187050523832,
            "cholec80_video44": 62.00837500147933,
            "cholec80_video45": 74.66103130211877,
            "cholec80_video46": 61.77513818589359,
            "cholec80_video47": 58.939356812985345,
            "cholec80_video48": 59.10446264713006
        },
        "Per_video_f1_EMA": {
            "cholec80_video41": 67.39007066092287,
            "cholec80_video43": 69.01073441544563,
            "cholec80_video44": 68.30172405884518,
            "cholec80_video45": 61.18442008663839,
            "cholec80_video46": 62.757345415095735,
            "cholec80_video47": 58.34657109915998,
            "cholec80_video48": 56.95544737335877
        }
    },
    "Endoscapes": {
        "mAP": 41.85992924988247,
        "mAP_EMA": 38.11256528872258,
        "mAP_per_class": {
            "C0": 41.7937480446948,
            "C1": 42.38160798820015,
            "C2": 41.40443171675245
        },
        "mAP_per_class_EMA": {
            "C0": 35.620129935132105,
            "C1": 35.17085847148871,
            "C2": 43.54670745954693
        }
    },
    "CholecT50": {
        "AP": {
            "AP_i": 73.31396458622477,
            "AP_v": 51.920015000932075,
            "AP_t": 41.69786691408851,
            "AP_iv": 33.389630560965394,
            "AP_it": 33.71083824327527,
            "AP_ivt": 27.929176671268635
        },
        "AP_EMA": {
            "AP_i": 74.31891751750074,
            "AP_v": 51.11448035894148,
            "AP_t": 40.69084863663137,
            "AP_iv": 31.675345111566468,
            "AP_it": 32.28402541728673,
            "AP_ivt": 27.162326883433764
        }
    }
}