{
    "Test": false,
    "Cholec80": {
        "F1_score": 54.60024099717353,
        "F1_score_EMA": 70.84196279628421,
        "Per_video_f1": {
            "cholec80_video41": 65.48823135104544,
            "cholec80_video43": 45.921098872447914,
            "cholec80_video44": 63.66625520836735,
            "cholec80_video45": 67.43752846618725,
            "cholec80_video46": 62.03497349542665,
            "cholec80_video47": 35.415374982082575,
            "cholec80_video48": 42.23822460465751
        },
        "Per_video_f1_EMA": {
            "cholec80_video41": 70.70808223745352,
            "cholec80_video43": 66.64954715075916,
            "cholec80_video44": 76.8456733935497,
            "cholec80_video45": 74.5114712761447,
            "cholec80_video46": 74.25479617994898,
            "cholec80_video47": 61.739537435477985,
            "cholec80_video48": 71.18463190065538
        }
    },
    "Endoscapes": {
        "mAP": 33.600747654089744,
        "mAP_EMA": 44.950985125740395,
        "mAP_per_class": {
            "C0": 37.56247827012742,
            "C1": 32.36887575879431,
            "C2": 30.870888933347512
        },
        "mAP_per_class_EMA": {
            "C0": 47.68722570501035,
            "C1": 42.24167468945232,
            "C2": 44.92405498275853
        }
    },
    "CholecT50": {
        "AP": {
            "AP_i": 75.00460639197144,
            "AP_v": 50.302163918825485,
            "AP_t": 35.53965854164653,
            "AP_iv": 31.131744113045414,
            "AP_it": 28.237891702465788,
            "AP_ivt": 24.417263122251313
        },
        "AP_EMA": {
            "AP_i": 78.48157417255196,
            "AP_v": 53.29225883696305,
            "AP_t": 39.876775613209404,
            "AP_iv": 34.5063898819437,
            "AP_it": 33.66386902121741,
            "AP_ivt": 27.979112462565787
        }
    }
}