{
    "Test": false,
    "Cholec80": {
        "F1_score": 64.8890315659448,
        "F1_score_EMA": 67.33216747292472,
        "Per_video_f1": {
            "cholec80_video41": 63.906302103534706,
            "cholec80_video43": 56.85605889278117,
            "cholec80_video44": 70.68781475541127,
            "cholec80_video45": 68.20490651556761,
            "cholec80_video46": 65.29809184605062,
            "cholec80_video47": 63.55074139773661,
            "cholec80_video48": 65.71930545053165
        },
        "Per_video_f1_EMA": {
            "cholec80_video41": 69.15172368374294,
            "cholec80_video43": 68.23580291660582,
            "cholec80_video44": 74.03407245362398,
            "cholec80_video45": 69.27924177596394,
            "cholec80_video46": 68.95010752114472,
            "cholec80_video47": 60.00014947239701,
            "cholec80_video48": 61.674074486994655
        }
    },
    "Endoscapes": {
        "mAP": 41.12307610312071,
        "mAP_EMA": 42.64320145897473,
        "mAP_per_class": {
            "C0": 39.89422295003057,
            "C1": 39.050111491307405,
            "C2": 44.42489386802415
        },
        "mAP_per_class_EMA": {
            "C0": 40.23610482741825,
            "C1": 39.5926623048575,
            "C2": 48.100837244648446
        }
    },
    "CholecT50": {
        "AP": {
            "AP_i": 76.31779303792696,
            "AP_v": 52.187510491989556,
            "AP_t": 41.905811864763095,
            "AP_iv": 33.22529253720123,
            "AP_it": 35.04459515277306,
            "AP_ivt": 28.696293209954078
        },
        "AP_EMA": {
            "AP_i": 75.35737970337966,
            "AP_v": 53.81579182922096,
            "AP_t": 43.03191744849575,
            "AP_iv": 33.782910645232576,
            "AP_it": 34.643159813533984,
            "AP_ivt": 29.584441789268034
        }
    }
}