{
    "Test": true,
    "Cholec80": {
        "F1_score": 55.98500358621197,
        "F1_score_EMA": null,
        "Per_video_f1": {
            "cholec80_video51": 68.1726770656414,
            "cholec80_video53": 62.520320691195586,
            "cholec80_video54": 64.8175070149824,
            "cholec80_video55": 69.74931070500404,
            "cholec80_video58": 42.15347943973869,
            "cholec80_video59": 58.934105674435514,
            "cholec80_video61": 46.63953466306347,
            "cholec80_video63": 45.8311971375457,
            "cholec80_video64": 53.93203948728599,
            "cholec80_video69": 78.64693997281381,
            "cholec80_video73": 70.49876312048856,
            "cholec80_video74": 58.50141770466848,
            "cholec80_video76": 57.453975657671805,
            "cholec80_video77": 50.46716234243834,
            "cholec80_video80": 11.456623116205753
        },
        "Per_video_f1_EMA": null
    },
    "Endoscapes": {
        "mAP": 46.169361068505346,
        "mAP_EMA": null,
        "mAP_per_class": {
            "C0": 42.04477366660523,
            "C1": 36.63036499516343,
            "C2": 59.83294454374737
        },
        "mAP_per_class_EMA": null
    },
    "CholecT50": {
        "AP": {
            "AP_i": 66.1828994731191,
            "AP_v": 45.2430771191497,
            "AP_t": 32.5384451925524,
            "AP_iv": 26.197260742926098,
            "AP_it": 24.09206385157394,
            "AP_ivt": 18.676561088117296
        },
        "AP_EMA": null
    }
}