{
    "Test": false,
    "Cholec80": {
        "F1_score": 67.12993313844365,
        "F1_score_EMA": 18.03608527924127,
        "Per_video_f1": {
            "cholec80_video41": 67.99263387823443,
            "cholec80_video43": 61.59975664134788,
            "cholec80_video44": 74.26913069498647,
            "cholec80_video45": 71.36826863787586,
            "cholec80_video46": 65.05034939168539,
            "cholec80_video47": 61.402645455962244,
            "cholec80_video48": 68.22674726901326
        },
        "Per_video_f1_EMA": {
            "cholec80_video41": 19.28749951955828,
            "cholec80_video43": 21.41497154221586,
            "cholec80_video44": 17.81659170083496,
            "cholec80_video45": 14.743015062431224,
            "cholec80_video46": 19.389296401182605,
            "cholec80_video47": 16.475636394927758,
            "cholec80_video48": 17.125586333538216
        }
    },
    "Endoscapes": {
        "mAP": 42.26310354442392,
        "mAP_EMA": 15.471153759762199,
        "mAP_per_class": {
            "C0": 42.83869614177716,
            "C1": 38.49563837177463,
            "C2": 45.45497611971997
        },
        "mAP_per_class_EMA": {
            "C0": 16.064021183777093,
            "C1": 13.681476660790636,
            "C2": 16.667963434718867
        }
    },
    "CholecT50": {
        "AP": {
            "AP_i": 76.03395502753362,
            "AP_v": 51.45325490650898,
            "AP_t": 42.764663942112776,
            "AP_iv": 31.99883518714433,
            "AP_it": 34.223452416525994,
            "AP_ivt": 28.709804659263792
        },
        "AP_EMA": {
            "AP_i": 31.606771143605837,
            "AP_v": 21.0031736353345,
            "AP_t": 14.576580178737546,
            "AP_iv": 12.177438714310941,
            "AP_it": 8.7677342302813,
            "AP_ivt": 7.27362377062179
        }
    }
}