{
    "Test": false,
    "Dataset": "Endoscapes",
    "Results": [
        40.24184569714687,
        16.615425177057993,
        {
            "C0": 40.63579692183523,
            "C1": 39.997018852092545,
            "C2": 40.09272131751283
        },
        {
            "C0": 16.725822766191623,
            "C1": 11.725697010288275,
            "C2": 21.394755754694078
        }
    ]
}