{
    "Test": false,
    "Dataset": "Endoscapes",
    "Results": [
        30.658735663393045,
        16.23039530819525,
        {
            "C0": 34.57190659247226,
            "C1": 32.286654220072506,
            "C2": 25.117646177634366
        },
        {
            "C0": 14.044377205142473,
            "C1": 11.772745137178779,
            "C2": 22.87406358226449
        }
    ]
}