{
    "Test": false,
    "Dataset": "Endoscapes",
    "Results": [
        40.22987955140406,
        13.602881024889044,
        {
            "C0": 37.78219108558839,
            "C1": 42.320298150460324,
            "C2": 40.58714941816347
        },
        {
            "C0": 13.757264523478463,
            "C1": 11.671457708833783,
            "C2": 15.379920842354883
        }
    ]
}