{
    "Test": false,
    "Dataset": "Endoscapes",
    "Results": [
        34.70913364522267,
        21.17627317220544,
        {
            "C0": 41.59988855890698,
            "C1": 36.53199803223808,
            "C2": 25.995514344522945
        },
        {
            "C0": 16.76322803056567,
            "C1": 14.611302000836949,
            "C2": 32.1542894852137
        }
    ]
}