{
    "Test": false,
    "Dataset": "Endoscapes",
    "Results": [
        30.346272571060236,
        13.712378503207697,
        {
            "C0": 39.90575052989848,
            "C1": 28.93306121886668,
            "C2": 22.200005964415553
        },
        {
            "C0": 13.418102610727178,
            "C1": 11.156952389323813,
            "C2": 16.562080509572098
        }
    ]
}