{
    "Test": false,
    "Dataset": "Endoscapes",
    "Results": [
        30.83852337435021,
        19.607904022057912,
        {
            "C0": 29.304669877726752,
            "C1": 31.49139272686414,
            "C2": 31.719507518459732
        },
        {
            "C0": 15.710050495206875,
            "C1": 13.358360159583718,
            "C2": 29.755301411383144
        }
    ]
}