{
    "Test": false,
    "Dataset": "Endoscapes",
    "Results": [
        42.594788311638666,
        17.470375569851385,
        {
            "C0": 38.133878074282165,
            "C1": 40.341330922738784,
            "C2": 49.30915593789505
        },
        {
            "C0": 18.01934367926652,
            "C1": 11.774139003300338,
            "C2": 22.6176440269873
        }
    ]
}