{
    "Test": false,
    "Dataset": "Endoscapes",
    "Results": [
        34.090045227701104,
        14.723282864075546,
        {
            "C0": 39.02278591426278,
            "C1": 27.626387242453486,
            "C2": 35.62096252638704
        },
        {
            "C0": 13.598560483972284,
            "C1": 11.32046204854165,
            "C2": 19.250826059712704
        }
    ]
}