{
    "Test": true,
    "Cholec80": {
        "F1_score": 59.89592375699603,
        "F1_score_EMA": null,
        "Per_video_f1": {
            "cholec80_video51": 60.265041928461905,
            "cholec80_video53": 65.52730248400913,
            "cholec80_video54": 74.84930799179288,
            "cholec80_video55": 65.4717802857672,
            "cholec80_video58": 46.83897100966391,
            "cholec80_video59": 68.94454269041968,
            "cholec80_video61": 42.126354224601236,
            "cholec80_video63": 59.468305030503274,
            "cholec80_video64": 66.89656481918173,
            "cholec80_video69": 74.56010392366507,
            "cholec80_video73": 69.24012476856609,
            "cholec80_video74": 57.713095801537506,
            "cholec80_video76": 55.54313814761278,
            "cholec80_video77": 62.96763827697783,
            "cholec80_video80": 28.026584972180146
        },
        "Per_video_f1_EMA": null
    },
    "Endoscapes": {
        "mAP": 48.98613529315657,
        "mAP_EMA": null,
        "mAP_per_class": {
            "C0": 48.51399773787363,
            "C1": 39.33422421951759,
            "C2": 59.110183922078505
        },
        "mAP_per_class_EMA": null
    },
    "CholecT50": {
        "AP": {
            "AP_i": 71.46642647504966,
            "AP_v": 51.167896772480546,
            "AP_t": 36.246181988183345,
            "AP_iv": 33.58000080229981,
            "AP_it": 27.914241507761236,
            "AP_ivt": 22.886916699691398
        },
        "AP_EMA": null
    }
}