{
    "Test": false,
    "Cholec80": {
        "F1_score": 66.31604297398582,
        "F1_score_EMA": 71.61130914716638,
        "Per_video_f1": {
            "cholec80_video41": 68.1329772515017,
            "cholec80_video43": 63.58458611871367,
            "cholec80_video44": 67.69395253392253,
            "cholec80_video45": 73.93442167021877,
            "cholec80_video46": 68.79168960841436,
            "cholec80_video47": 59.4540937360068,
            "cholec80_video48": 62.62057989912293
        },
        "Per_video_f1_EMA": {
            "cholec80_video41": 75.15511478286453,
            "cholec80_video43": 68.69047268041491,
            "cholec80_video44": 76.06367046968927,
            "cholec80_video45": 74.02037502951772,
            "cholec80_video46": 71.0619919785205,
            "cholec80_video47": 66.17779856209616,
            "cholec80_video48": 70.10974052706158
        }
    },
    "Endoscapes": {
        "mAP": 37.95968911601045,
        "mAP_EMA": 48.10251837327165,
        "mAP_per_class": {
            "C0": 42.09520022705121,
            "C1": 40.14994677772057,
            "C2": 31.633920343259586
        },
        "mAP_per_class_EMA": {
            "C0": 48.388225928333256,
            "C1": 47.90211505741798,
            "C2": 48.01721413406372
        }
    },
    "CholecT50": {
        "AP": {
            "AP_i": 71.77093023819738,
            "AP_v": 46.23687737756919,
            "AP_t": 36.76189921934959,
            "AP_iv": 28.720684476035856,
            "AP_it": 30.117492224546538,
            "AP_ivt": 24.445989539229092
        },
        "AP_EMA": {
            "AP_i": 77.61967700742612,
            "AP_v": 55.35308005408886,
            "AP_t": 41.80170474070513,
            "AP_iv": 35.27097784112627,
            "AP_it": 36.17945372698635,
            "AP_ivt": 30.45387318937409
        }
    }
}