{
    "Test": false,
    "Cholec80": {
        "F1_score": 67.17100443151635,
        "F1_score_EMA": 9.762179753295118,
        "Per_video_f1": {
            "cholec80_video41": 66.86048172661685,
            "cholec80_video43": 61.546458976283226,
            "cholec80_video44": 67.4911431739886,
            "cholec80_video45": 69.0066206397723,
            "cholec80_video46": 72.11507208679778,
            "cholec80_video47": 65.04232366143675,
            "cholec80_video48": 68.13493075571895
        },
        "Per_video_f1_EMA": {
            "cholec80_video41": 4.470474927643057,
            "cholec80_video43": 8.34427253848451,
            "cholec80_video44": 3.981127122969435,
            "cholec80_video45": 13.760396159049279,
            "cholec80_video46": 13.410384894141083,
            "cholec80_video47": 10.900445394389957,
            "cholec80_video48": 13.468157236388503
        }
    },
    "Endoscapes": {
        "mAP": 42.81092046038693,
        "mAP_EMA": 14.650956525532676,
        "mAP_per_class": {
            "C0": 43.33203932560549,
            "C1": 41.19893560034779,
            "C2": 43.90178645520752
        },
        "mAP_per_class_EMA": {
            "C0": 15.17908099215633,
            "C1": 12.421331013234491,
            "C2": 16.352457571207207
        }
    },
    "CholecT50": {
        "AP": {
            "AP_i": 73.51474112293995,
            "AP_v": 52.150840483178456,
            "AP_t": 42.34009387587644,
            "AP_iv": 33.296130504918686,
            "AP_it": 36.81512557481842,
            "AP_ivt": 32.0665941741364
        },
        "AP_EMA": {
            "AP_i": 23.05630600341931,
            "AP_v": 15.502344333582519,
            "AP_t": 11.626765076282574,
            "AP_iv": 8.633304515588396,
            "AP_it": 6.180039791868296,
            "AP_ivt": 5.051857733731103
        }
    }
}