{
    "Test": true,
    "Cholec80": {
        "F1_score": 59.85330907160564,
        "F1_score_EMA": null,
        "Per_video_f1": {
            "cholec80_video51": 58.84724862217061,
            "cholec80_video53": 65.03467361057135,
            "cholec80_video54": 72.89931063557714,
            "cholec80_video55": 65.37511166945762,
            "cholec80_video58": 45.64557769168459,
            "cholec80_video59": 70.88277365527988,
            "cholec80_video61": 44.606543335560495,
            "cholec80_video63": 59.933298259268156,
            "cholec80_video64": 69.07426480243345,
            "cholec80_video69": 73.14433978941898,
            "cholec80_video73": 66.99885325864496,
            "cholec80_video74": 56.64738051393544,
            "cholec80_video76": 55.884710194998846,
            "cholec80_video77": 63.70023604044085,
            "cholec80_video80": 29.125313994642312
        },
        "Per_video_f1_EMA": null
    },
    "Endoscapes": {
        "mAP": 49.81002067681507,
        "mAP_EMA": null,
        "mAP_per_class": {
            "C0": 49.377215268040366,
            "C1": 39.93364160032244,
            "C2": 60.1192051620824
        },
        "mAP_per_class_EMA": null
    },
    "CholecT50": {
        "AP": {
            "AP_i": 69.84697936429028,
            "AP_v": 50.36957347104943,
            "AP_t": 36.16263847823835,
            "AP_iv": 31.447818850418294,
            "AP_it": 26.748308461949087,
            "AP_ivt": 22.293897283095657
        },
        "AP_EMA": null
    }
}