{
    "Test": false,
    "Cholec80": {
        "F1_score": 66.63528992328322,
        "F1_score_EMA": 71.41578087886887,
        "Per_video_f1": {
            "cholec80_video41": 68.26833751914982,
            "cholec80_video43": 63.38021097924994,
            "cholec80_video44": 72.32157068122305,
            "cholec80_video45": 74.43809789469508,
            "cholec80_video46": 69.79947103387644,
            "cholec80_video47": 58.09558549929202,
            "cholec80_video48": 60.14375585549622
        },
        "Per_video_f1_EMA": {
            "cholec80_video41": 74.3926678333795,
            "cholec80_video43": 68.30131108994856,
            "cholec80_video44": 74.34023836411816,
            "cholec80_video45": 77.35696186417336,
            "cholec80_video46": 71.84973482950029,
            "cholec80_video47": 64.4938007456207,
            "cholec80_video48": 69.17575142534149
        }
    },
    "Endoscapes": {
        "mAP": 37.84593840785795,
        "mAP_EMA": 44.31316020657411,
        "mAP_per_class": {
            "C0": 42.80394368855707,
            "C1": 38.89887918240096,
            "C2": 31.83499235261582
        },
        "mAP_per_class_EMA": {
            "C0": 45.74451394947868,
            "C1": 45.952524575561654,
            "C2": 41.242442094682
        }
    },
    "CholecT50": {
        "AP": {
            "AP_i": 68.17845218876037,
            "AP_v": 48.13645926815033,
            "AP_t": 36.5961725769243,
            "AP_iv": 29.413037569659206,
            "AP_it": 28.876425157087112,
            "AP_ivt": 23.991759594150505
        },
        "AP_EMA": {
            "AP_i": 77.48606410189475,
            "AP_v": 53.270159932414785,
            "AP_t": 41.18299603003107,
            "AP_iv": 33.54545971322788,
            "AP_it": 34.73761903502283,
            "AP_ivt": 28.688178749762134
        }
    }
}