{
    "Test": false,
    "Cholec80": {
        "F1_score": 66.40843414540981,
        "F1_score_EMA": 70.86256959029674,
        "Per_video_f1": {
            "cholec80_video41": 71.22707975047716,
            "cholec80_video43": 57.713681406153974,
            "cholec80_video44": 65.8764981691737,
            "cholec80_video45": 76.94874322932577,
            "cholec80_video46": 65.45469370515748,
            "cholec80_video47": 63.92952481902766,
            "cholec80_video48": 63.70881793855298
        },
        "Per_video_f1_EMA": {
            "cholec80_video41": 73.37097555596198,
            "cholec80_video43": 67.83238141904391,
            "cholec80_video44": 73.14998308246622,
            "cholec80_video45": 77.82578058770028,
            "cholec80_video46": 70.85671379981193,
            "cholec80_video47": 64.68894731958333,
            "cholec80_video48": 68.31320536750954
        }
    },
    "Endoscapes": {
        "mAP": 35.34046888427742,
        "mAP_EMA": 41.974961599134645,
        "mAP_per_class": {
            "C0": 36.15729472610951,
            "C1": 40.356562026719914,
            "C2": 29.507549900002843
        },
        "mAP_per_class_EMA": {
            "C0": 43.91176933017613,
            "C1": 44.885570530661205,
            "C2": 37.1275449365666
        }
    },
    "CholecT50": {
        "AP": {
            "AP_i": 71.21320874016115,
            "AP_v": 46.485137534164934,
            "AP_t": 33.63406411350833,
            "AP_iv": 28.514893590977355,
            "AP_it": 27.85209036392136,
            "AP_ivt": 22.58606403473069
        },
        "AP_EMA": {
            "AP_i": 75.63803070563188,
            "AP_v": 52.10060794816515,
            "AP_t": 39.69061715211081,
            "AP_iv": 32.67906017888884,
            "AP_it": 32.507721413168554,
            "AP_ivt": 26.801918010513408
        }
    }
}