{
    "Test": false,
    "Cholec80": {
        "F1_score": 63.76770340284579,
        "F1_score_EMA": 47.85643179589841,
        "Per_video_f1": {
            "cholec80_video41": 66.19810296947917,
            "cholec80_video43": 63.42145824281539,
            "cholec80_video44": 63.46142614992678,
            "cholec80_video45": 71.55014728989445,
            "cholec80_video46": 66.23370020621005,
            "cholec80_video47": 51.74635407244823,
            "cholec80_video48": 63.762734889146465
        },
        "Per_video_f1_EMA": {
            "cholec80_video41": 47.61714209964815,
            "cholec80_video43": 50.273001806439865,
            "cholec80_video44": 47.422067380964805,
            "cholec80_video45": 51.721925418491175,
            "cholec80_video46": 50.85345071903742,
            "cholec80_video47": 42.40618699036838,
            "cholec80_video48": 44.70124815633905
        }
    },
    "Endoscapes": {
        "mAP": 42.87463024753775,
        "mAP_EMA": 30.886937877826686,
        "mAP_per_class": {
            "C0": 41.37503705063977,
            "C1": 45.049078400127634,
            "C2": 42.19977529184586
        },
        "mAP_per_class_EMA": {
            "C0": 30.125435717463496,
            "C1": 32.88805073519034,
            "C2": 29.647327180826217
        }
    },
    "CholecT50": {
        "AP": {
            "AP_i": 78.04292286526379,
            "AP_v": 52.145862563155774,
            "AP_t": 37.86005710460835,
            "AP_iv": 32.6375241361471,
            "AP_it": 35.260357135848736,
            "AP_ivt": 28.00168140066813
        },
        "AP_EMA": {
            "AP_i": 59.451542167866215,
            "AP_v": 37.66740856171522,
            "AP_t": 30.876906627137718,
            "AP_iv": 23.89205333590685,
            "AP_it": 24.727092781571002,
            "AP_ivt": 20.255815925438455
        }
    }
}