{
    "Test": false,
    "Cholec80": {
        "F1_score": 63.30532204875179,
        "F1_score_EMA": 50.99423159032107,
        "Per_video_f1": {
            "cholec80_video41": 64.9232917892694,
            "cholec80_video43": 62.59554814723071,
            "cholec80_video44": 63.28008897081564,
            "cholec80_video45": 67.95721363168917,
            "cholec80_video46": 64.91542813348713,
            "cholec80_video47": 54.798624912211956,
            "cholec80_video48": 64.66705875655852
        },
        "Per_video_f1_EMA": {
            "cholec80_video41": 54.404263610477486,
            "cholec80_video43": 52.888231890079176,
            "cholec80_video44": 51.08726707409269,
            "cholec80_video45": 53.87594283738268,
            "cholec80_video46": 54.46814225806772,
            "cholec80_video47": 42.201288472826434,
            "cholec80_video48": 48.03448498932133
        }
    },
    "Endoscapes": {
        "mAP": 40.120461689388144,
        "mAP_EMA": 32.666714171591195,
        "mAP_per_class": {
            "C0": 39.1787317811859,
            "C1": 43.122098689862526,
            "C2": 38.060554597115996
        },
        "mAP_per_class_EMA": {
            "C0": 31.744493425186786,
            "C1": 35.37477609381423,
            "C2": 30.880872995772567
        }
    },
    "CholecT50": {
        "AP": {
            "AP_i": 78.367065794218,
            "AP_v": 53.79235782626682,
            "AP_t": 38.53867601556203,
            "AP_iv": 32.89226049437883,
            "AP_it": 32.44209251034039,
            "AP_ivt": 26.27873878598731
        },
        "AP_EMA": {
            "AP_i": 66.98138595286456,
            "AP_v": 43.61611391115782,
            "AP_t": 34.14029769677626,
            "AP_iv": 27.485280909345025,
            "AP_it": 28.70775830136796,
            "AP_ivt": 23.566516434403823
        }
    }
}