{
    "Test": false,
    "Cholec80": {
        "F1_score": 65.77903337589804,
        "F1_score_EMA": 57.46488328016069,
        "Per_video_f1": {
            "cholec80_video41": 64.81958040155862,
            "cholec80_video43": 67.42744112509111,
            "cholec80_video44": 69.87990267998234,
            "cholec80_video45": 65.61096637065808,
            "cholec80_video46": 66.95210026786283,
            "cholec80_video47": 60.03082507472133,
            "cholec80_video48": 65.73241771141195
        },
        "Per_video_f1_EMA": {
            "cholec80_video41": 63.30534101495318,
            "cholec80_video43": 55.40649759936451,
            "cholec80_video44": 57.07310277158841,
            "cholec80_video45": 60.47704275100047,
            "cholec80_video46": 60.88436263502317,
            "cholec80_video47": 46.317674669388914,
            "cholec80_video48": 58.79016151980617
        }
    },
    "Endoscapes": {
        "mAP": 42.20913087414952,
        "mAP_EMA": 36.75641382694393,
        "mAP_per_class": {
            "C0": 42.36600670519302,
            "C1": 45.06463063044761,
            "C2": 39.196755286807935
        },
        "mAP_per_class_EMA": {
            "C0": 35.81380175000602,
            "C1": 39.27782007604995,
            "C2": 35.17761965477581
        }
    },
    "CholecT50": {
        "AP": {
            "AP_i": 73.1123619110592,
            "AP_v": 48.252150847927396,
            "AP_t": 34.28537319134798,
            "AP_iv": 29.64214240268804,
            "AP_it": 28.145070739369768,
            "AP_ivt": 22.809856885726955
        },
        "AP_EMA": {
            "AP_i": 72.69457234701511,
            "AP_v": 48.56003986666967,
            "AP_t": 36.839732129075195,
            "AP_iv": 30.699013165650808,
            "AP_it": 31.758156451517884,
            "AP_ivt": 26.184960313303566
        }
    }
}