{
    "Test": false,
    "Cholec80": {
        "F1_score": 64.54829059620383,
        "F1_score_EMA": 53.983890604484806,
        "Per_video_f1": {
            "cholec80_video41": 65.19081395442018,
            "cholec80_video43": 65.54499649427592,
            "cholec80_video44": 67.31151315296887,
            "cholec80_video45": 70.14529160773122,
            "cholec80_video46": 68.07329797583289,
            "cholec80_video47": 54.570865724305875,
            "cholec80_video48": 61.00125526389186
        },
        "Per_video_f1_EMA": {
            "cholec80_video41": 59.77911862906238,
            "cholec80_video43": 53.39219203172617,
            "cholec80_video44": 52.95341162419949,
            "cholec80_video45": 57.38918634326008,
            "cholec80_video46": 57.4323448462067,
            "cholec80_video47": 43.50067828625474,
            "cholec80_video48": 53.44030247068407
        }
    },
    "Endoscapes": {
        "mAP": 41.534037173344515,
        "mAP_EMA": 34.38928040524447,
        "mAP_per_class": {
            "C0": 41.007972668181225,
            "C1": 43.10113555640594,
            "C2": 40.49300329544637
        },
        "mAP_per_class_EMA": {
            "C0": 33.32035551365134,
            "C1": 37.27718632566013,
            "C2": 32.57029937642193
        }
    },
    "CholecT50": {
        "AP": {
            "AP_i": 76.98463226032568,
            "AP_v": 51.87496803466469,
            "AP_t": 37.30207394857864,
            "AP_iv": 31.216499822349675,
            "AP_it": 31.13913979168847,
            "AP_ivt": 25.257038919992052
        },
        "AP_EMA": {
            "AP_i": 71.22544548554015,
            "AP_v": 47.081439828451146,
            "AP_t": 36.31069486212551,
            "AP_iv": 29.589530982116667,
            "AP_it": 31.013662268203444,
            "AP_ivt": 25.618629372175224
        }
    }
}