{
    "Test": false,
    "Cholec80": {
        "F1_score": 65.90485412108114,
        "F1_score_EMA": 59.8486428370307,
        "Per_video_f1": {
            "cholec80_video41": 63.70087791429418,
            "cholec80_video43": 66.33611866795334,
            "cholec80_video44": 65.71024692962004,
            "cholec80_video45": 69.21259727563812,
            "cholec80_video46": 68.0189364738293,
            "cholec80_video47": 60.82504670334284,
            "cholec80_video48": 67.53015488289013
        },
        "Per_video_f1_EMA": {
            "cholec80_video41": 64.64420324440778,
            "cholec80_video43": 57.30984428894993,
            "cholec80_video44": 60.51220619661882,
            "cholec80_video45": 62.90071765910804,
            "cholec80_video46": 63.03574917973417,
            "cholec80_video47": 48.033308504083614,
            "cholec80_video48": 62.50447078631256
        }
    },
    "Endoscapes": {
        "mAP": 35.923406667630154,
        "mAP_EMA": 38.48109467726564,
        "mAP_per_class": {
            "C0": 36.12805562845253,
            "C1": 35.72129615739735,
            "C2": 35.92086821704058
        },
        "mAP_per_class_EMA": {
            "C0": 37.87804371480596,
            "C1": 40.79749925202098,
            "C2": 36.767741064969975
        }
    },
    "CholecT50": {
        "AP": {
            "AP_i": 74.65387272851247,
            "AP_v": 49.06120403053332,
            "AP_t": 33.14686322842991,
            "AP_iv": 30.041761343102866,
            "AP_it": 29.50521326591714,
            "AP_ivt": 23.841389878754807
        },
        "AP_EMA": {
            "AP_i": 74.16963517773412,
            "AP_v": 49.86747002001705,
            "AP_t": 36.838901623618185,
            "AP_iv": 31.448990508997372,
            "AP_it": 32.0722894929947,
            "AP_ivt": 26.44824814050851
        }
    }
}