{
    "Test": false,
    "Cholec80": {
        "F1_score": 64.37057027450078,
        "F1_score_EMA": 65.49566052876372,
        "Per_video_f1": {
            "cholec80_video41": 62.94114725488439,
            "cholec80_video43": 64.99656737162984,
            "cholec80_video44": 68.74832932826624,
            "cholec80_video45": 62.82744061455931,
            "cholec80_video46": 70.27195242588883,
            "cholec80_video47": 56.1043867441869,
            "cholec80_video48": 64.70416818208993
        },
        "Per_video_f1_EMA": {
            "cholec80_video41": 68.01913462247441,
            "cholec80_video43": 66.85273474632773,
            "cholec80_video44": 66.06868012663003,
            "cholec80_video45": 68.02644796939762,
            "cholec80_video46": 67.78841997696267,
            "cholec80_video47": 53.778370865310045,
            "cholec80_video48": 67.9358353942435
        }
    },
    "Endoscapes": {
        "mAP": 34.14837789327453,
        "mAP_EMA": 39.12538904005602,
        "mAP_per_class": {
            "C0": 35.9798368160411,
            "C1": 35.1419356658093,
            "C2": 31.32336119797318
        },
        "mAP_per_class_EMA": {
            "C0": 40.946829627525716,
            "C1": 41.00325709905191,
            "C2": 35.42608039359044
        }
    },
    "CholecT50": {
        "AP": {
            "AP_i": 71.9356152691127,
            "AP_v": 48.48516105744995,
            "AP_t": 34.715605661376415,
            "AP_iv": 29.511091264297736,
            "AP_it": 28.10522784641452,
            "AP_ivt": 23.911841299322592
        },
        "AP_EMA": {
            "AP_i": 75.57070645608978,
            "AP_v": 50.8974747212258,
            "AP_t": 36.3501347252306,
            "AP_iv": 31.803840057179226,
            "AP_it": 32.81650565755606,
            "AP_ivt": 26.434646423708966
        }
    }
}