{
    "Test": false,
    "Cholec80": {
        "F1_score": 61.582371328785946,
        "F1_score_EMA": 66.24079901593544,
        "Per_video_f1": {
            "cholec80_video41": 66.33159644153352,
            "cholec80_video43": 57.9680159830564,
            "cholec80_video44": 65.16087597747617,
            "cholec80_video45": 63.340279499572475,
            "cholec80_video46": 65.56378536279527,
            "cholec80_video47": 48.32237821917882,
            "cholec80_video48": 64.38966781788899
        },
        "Per_video_f1_EMA": {
            "cholec80_video41": 68.06748028813313,
            "cholec80_video43": 67.69037663235878,
            "cholec80_video44": 66.71824375733439,
            "cholec80_video45": 68.3515570012089,
            "cholec80_video46": 69.31090624324358,
            "cholec80_video47": 54.7230302084856,
            "cholec80_video48": 68.82399898078368
        }
    },
    "Endoscapes": {
        "mAP": 37.163485484184655,
        "mAP_EMA": 39.33312432860852,
        "mAP_per_class": {
            "C0": 39.290672207522825,
            "C1": 38.46497422989714,
            "C2": 33.734810015133995
        },
        "mAP_per_class_EMA": {
            "C0": 41.19238360717253,
            "C1": 41.528969719793146,
            "C2": 35.27801965885988
        }
    },
    "CholecT50": {
        "AP": {
            "AP_i": 72.44619197738385,
            "AP_v": 48.015724167645025,
            "AP_t": 35.41988009741169,
            "AP_iv": 29.186579708465302,
            "AP_it": 29.49732254133686,
            "AP_ivt": 24.622770660006974
        },
        "AP_EMA": {
            "AP_i": 75.2498782602613,
            "AP_v": 50.7127207322453,
            "AP_t": 36.10032919133479,
            "AP_iv": 31.563784373367326,
            "AP_it": 32.552282280597176,
            "AP_ivt": 26.263285405842627
        }
    }
}