{
    "Test": false,
    "Dataset": "Cholec80",
    "Results": [
        55.5519326352469,
        25.78447566248269,
        {
            "cholec80_video41": 59.94006558011844,
            "cholec80_video43": 52.53711695077027,
            "cholec80_video44": 64.98225095243787,
            "cholec80_video45": 60.65732577717855,
            "cholec80_video46": 51.37532647029685,
            "cholec80_video47": 51.279432502940544,
            "cholec80_video48": 48.092010212985784
        },
        {
            "cholec80_video41": 29.623982848913556,
            "cholec80_video43": 24.053209152589247,
            "cholec80_video44": 27.18115348748839,
            "cholec80_video45": 27.238021030754506,
            "cholec80_video46": 23.887762370688503,
            "cholec80_video47": 27.98535964868166,
            "cholec80_video48": 20.521841098262975
        }
    ]
}