{
    "Test": false,
    "Dataset": "Cholec80",
    "Results": [
        68.09781680548885,
        67.23375087581157,
        {
            "cholec80_video41": 68.99353025351832,
            "cholec80_video43": 62.403869139560975,
            "cholec80_video44": 77.39066034643777,
            "cholec80_video45": 69.48430895086992,
            "cholec80_video46": 70.95400960259587,
            "cholec80_video47": 57.98831722854973,
            "cholec80_video48": 69.47002211688933
        },
        {
            "cholec80_video41": 66.15922947892363,
            "cholec80_video43": 64.78627264485594,
            "cholec80_video44": 74.38727209106422,
            "cholec80_video45": 71.06537368679999,
            "cholec80_video46": 66.09609629613638,
            "cholec80_video47": 59.638023817194195,
            "cholec80_video48": 68.50398811570663
        }
    ]
}