{
    "Test": false,
    "Dataset": "Cholec80",
    "Results": [
        67.39207971848464,
        69.31081985994985,
        {
            "cholec80_video41": 66.30700655921586,
            "cholec80_video43": 60.90659967431178,
            "cholec80_video44": 76.97814066052852,
            "cholec80_video45": 66.33502594164511,
            "cholec80_video46": 73.43010290623798,
            "cholec80_video47": 57.15571450902062,
            "cholec80_video48": 70.63196777843264
        },
        {
            "cholec80_video41": 67.4405019248024,
            "cholec80_video43": 64.44424377626954,
            "cholec80_video44": 77.97639751247935,
            "cholec80_video45": 71.87064262521818,
            "cholec80_video46": 71.7197969842232,
            "cholec80_video47": 60.10810482264556,
            "cholec80_video48": 71.61605137401068
        }
    ]
}