{
    "Test": false,
    "Dataset": "Cholec80",
    "Results": [
        66.77718595611695,
        68.8658434289275,
        {
            "cholec80_video41": 64.05451124154614,
            "cholec80_video43": 60.612015341640124,
            "cholec80_video44": 75.97433093332128,
            "cholec80_video45": 66.53130913824967,
            "cholec80_video46": 69.74907860140898,
            "cholec80_video47": 61.238229674613166,
            "cholec80_video48": 69.28082676203928
        },
        {
            "cholec80_video41": 67.69883401299218,
            "cholec80_video43": 64.36135563218807,
            "cholec80_video44": 76.48488349194923,
            "cholec80_video45": 71.62422824324912,
            "cholec80_video46": 71.19404146961973,
            "cholec80_video47": 59.869049636739824,
            "cholec80_video48": 70.82851151575441
        }
    ]
}