{
    "Test": false,
    "Dataset": "Cholec80",
    "Results": [
        68.06543418254978,
        68.57777796444822,
        {
            "cholec80_video41": 67.34774168894468,
            "cholec80_video43": 59.05793415338588,
            "cholec80_video44": 76.82957428175553,
            "cholec80_video45": 68.54715266841303,
            "cholec80_video46": 73.55490869950253,
            "cholec80_video47": 63.455059909690036,
            "cholec80_video48": 67.66566787615676
        },
        {
            "cholec80_video41": 67.64551872385832,
            "cholec80_video43": 64.60950622072976,
            "cholec80_video44": 75.58646771913563,
            "cholec80_video45": 71.55045874193931,
            "cholec80_video46": 70.31877095386477,
            "cholec80_video47": 59.47122227323468,
            "cholec80_video48": 70.86250111837502
        }
    ]
}