{
    "Test": false,
    "Dataset": "Cholec80",
    "Results": [
        66.32516823941337,
        49.452991474738624,
        {
            "cholec80_video41": 66.85548040157691,
            "cholec80_video43": 60.30362900115585,
            "cholec80_video44": 77.38527573918438,
            "cholec80_video45": 68.98651194359118,
            "cholec80_video46": 67.2827783374087,
            "cholec80_video47": 60.62183551425778,
            "cholec80_video48": 62.84066673871881
        },
        {
            "cholec80_video41": 57.871845959042545,
            "cholec80_video43": 47.060407831088924,
            "cholec80_video44": 63.61222561609471,
            "cholec80_video45": 48.75095299793982,
            "cholec80_video46": 39.17867728352145,
            "cholec80_video47": 50.34443268516703,
            "cholec80_video48": 39.35239795031591
        }
    ]
}