{
    "Test": false,
    "Cholec80": {
        "F1_score": 75.24003904264511,
        "F1_score_EMA": 78.02636385230502,
        "Per_video_f1": {
            "cholec80_video41": 75.45627000239689,
            "cholec80_video43": 66.40609772178927,
            "cholec80_video44": 84.94757144361012,
            "cholec80_video45": 82.15427854197392,
            "cholec80_video46": 84.29741558063398,
            "cholec80_video47": 59.67970807871621,
            "cholec80_video48": 73.7389319293954
        },
        "Per_video_f1_EMA": {
            "cholec80_video41": 78.67830940364729,
            "cholec80_video43": 72.09163416528168,
            "cholec80_video44": 86.44689233413956,
            "cholec80_video45": 82.3964248934982,
            "cholec80_video46": 86.62616010967906,
            "cholec80_video47": 61.180507810049,
            "cholec80_video48": 78.76461824984034
        }
    },
    "Endoscapes": {
        "mAP": 41.6490595134453,
        "mAP_EMA": 45.02872021398161,
        "mAP_per_class": {
            "C0": 43.07281071216711,
            "C1": 42.8606367934157,
            "C2": 39.01373103475309
        },
        "mAP_per_class_EMA": {
            "C0": 45.20634962422253,
            "C1": 44.265055734810936,
            "C2": 45.614755282911354
        }
    },
    "CholecT50": {
        "AP": {
            "AP_i": 91.07524298890242,
            "AP_v": 66.40346515748362,
            "AP_t": 44.75682196632028,
            "AP_iv": 41.798071310328986,
            "AP_it": 43.41623253070522,
            "AP_ivt": 35.49585943063042
        },
        "AP_EMA": {
            "AP_i": 92.20780773037605,
            "AP_v": 68.4986038724161,
            "AP_t": 48.65851295984915,
            "AP_iv": 44.292129272540144,
            "AP_it": 45.67405114253682,
            "AP_ivt": 39.81806918262143
        }
    }
}