{
    "Test": true,
    "Cholec80": {
        "F1_score": 70.93735491810709,
        "F1_score_EMA": null,
        "Per_video_f1": {
            "cholec80_video51": 83.61338955928225,
            "cholec80_video53": 70.73988095227205,
            "cholec80_video54": 71.32952037941503,
            "cholec80_video55": 82.83294120730592,
            "cholec80_video58": 59.372335974162084,
            "cholec80_video59": 87.63479835167577,
            "cholec80_video61": 66.88388164644455,
            "cholec80_video63": 62.83658789464982,
            "cholec80_video64": 80.73332619842513,
            "cholec80_video69": 83.56199085634248,
            "cholec80_video73": 84.96579804470217,
            "cholec80_video74": 61.309232864933904,
            "cholec80_video76": 70.06214811384639,
            "cholec80_video77": 78.63581101954391,
            "cholec80_video80": 19.548680708604934
        },
        "Per_video_f1_EMA": null
    },
    "Endoscapes": {
        "mAP": 47.783512406857156,
        "mAP_EMA": null,
        "mAP_per_class": {
            "C0": 47.02551832661456,
            "C1": 40.47122128541123,
            "C2": 55.853797608545676
        },
        "mAP_per_class_EMA": null
    },
    "CholecT50": {
        "AP": {
            "AP_i": 88.60850133852723,
            "AP_v": 62.02735163415311,
            "AP_t": 42.88236260576656,
            "AP_iv": 37.13190132781022,
            "AP_it": 37.011475656196325,
            "AP_ivt": 30.413958213581754
        },
        "AP_EMA": null
    }
}