{
    "Test": false,
    "Cholec80": {
        "F1_score": 75.9894695124466,
        "F1_score_EMA": 77.90619465543523,
        "Per_video_f1": {
            "cholec80_video41": 78.59067773937653,
            "cholec80_video43": 70.84925584371776,
            "cholec80_video44": 86.33601854053275,
            "cholec80_video45": 77.63982462020387,
            "cholec80_video46": 80.65927507414197,
            "cholec80_video47": 58.49776278935702,
            "cholec80_video48": 79.35347197979631
        },
        "Per_video_f1_EMA": {
            "cholec80_video41": 77.26997499813343,
            "cholec80_video43": 73.0102791685433,
            "cholec80_video44": 86.37626041935366,
            "cholec80_video45": 81.69900324806065,
            "cholec80_video46": 85.9086992257736,
            "cholec80_video47": 59.70086704427444,
            "cholec80_video48": 81.37827848390754
        }
    },
    "Endoscapes": {
        "mAP": 39.98661207878734,
        "mAP_EMA": 42.111128921094426,
        "mAP_per_class": {
            "C0": 44.26945567083308,
            "C1": 40.24616347183317,
            "C2": 35.44421709369577
        },
        "mAP_per_class_EMA": {
            "C0": 43.2621200269799,
            "C1": 45.475246038710196,
            "C2": 37.59602069759318
        }
    },
    "CholecT50": {
        "AP": {
            "AP_i": 80.90392678632365,
            "AP_v": 59.695457621886455,
            "AP_t": 40.775618336161614,
            "AP_iv": 37.75765105905551,
            "AP_it": 34.637252857751555,
            "AP_ivt": 29.538110943131244
        },
        "AP_EMA": {
            "AP_i": 84.71366926647913,
            "AP_v": 62.61483455334469,
            "AP_t": 44.05565595140336,
            "AP_iv": 40.94143840009586,
            "AP_it": 39.23919751028458,
            "AP_ivt": 33.45092792736122
        }
    }
}