{
    "Test": false,
    "Cholec80": {
        "F1_score": 75.09873000249239,
        "F1_score_EMA": 78.05124308718992,
        "Per_video_f1": {
            "cholec80_video41": 73.35534797884371,
            "cholec80_video43": 72.19443172377592,
            "cholec80_video44": 84.08573754040994,
            "cholec80_video45": 78.41643668422368,
            "cholec80_video46": 82.75761146262458,
            "cholec80_video47": 57.55603871965275,
            "cholec80_video48": 77.32550590791611
        },
        "Per_video_f1_EMA": {
            "cholec80_video41": 76.77794957956303,
            "cholec80_video43": 72.81414293166829,
            "cholec80_video44": 86.47815900542005,
            "cholec80_video45": 82.02922554411666,
            "cholec80_video46": 86.69572636925976,
            "cholec80_video47": 60.65103810365746,
            "cholec80_video48": 80.91246007664417
        }
    },
    "Endoscapes": {
        "mAP": 42.11593698660663,
        "mAP_EMA": 41.872312367158514,
        "mAP_per_class": {
            "C0": 45.09879855213035,
            "C1": 42.65835504994655,
            "C2": 38.590657357742984
        },
        "mAP_per_class_EMA": {
            "C0": 43.576755332200754,
            "C1": 44.90206016809595,
            "C2": 37.13812160117884
        }
    },
    "CholecT50": {
        "AP": {
            "AP_i": 81.10545304337253,
            "AP_v": 59.6308108267231,
            "AP_t": 42.73459842287657,
            "AP_iv": 39.39735686363937,
            "AP_it": 35.33892559203833,
            "AP_ivt": 31.49664914065279
        },
        "AP_EMA": {
            "AP_i": 87.60487771314469,
            "AP_v": 65.30549349053037,
            "AP_t": 45.70194356696162,
            "AP_iv": 44.28407386469607,
            "AP_it": 41.65531071748704,
            "AP_ivt": 36.741954174526796
        }
    }
}