{
    "Test": false,
    "Cholec80": {
        "F1_score": 75.84598875786419,
        "F1_score_EMA": 77.9164055471057,
        "Per_video_f1": {
            "cholec80_video41": 75.77299935562074,
            "cholec80_video43": 67.89883243925868,
            "cholec80_video44": 81.06419558428631,
            "cholec80_video45": 82.50405922675664,
            "cholec80_video46": 84.13143512342272,
            "cholec80_video47": 62.41345660523633,
            "cholec80_video48": 77.13694297046793
        },
        "Per_video_f1_EMA": {
            "cholec80_video41": 78.25334256075813,
            "cholec80_video43": 71.85603323233501,
            "cholec80_video44": 86.12588759143017,
            "cholec80_video45": 82.4707870595267,
            "cholec80_video46": 87.0650032638178,
            "cholec80_video47": 61.18597298500903,
            "cholec80_video48": 78.45781213686308
        }
    },
    "Endoscapes": {
        "mAP": 41.037216739846954,
        "mAP_EMA": 43.97168643470481,
        "mAP_per_class": {
            "C0": 42.218392014590776,
            "C1": 45.37562471147045,
            "C2": 35.517633493479636
        },
        "mAP_per_class_EMA": {
            "C0": 44.381343007400616,
            "C1": 44.28929707176539,
            "C2": 43.244419224948416
        }
    },
    "CholecT50": {
        "AP": {
            "AP_i": 86.2957346762718,
            "AP_v": 64.4612548524619,
            "AP_t": 43.51043523670682,
            "AP_iv": 40.93854988153735,
            "AP_it": 37.89705017236855,
            "AP_ivt": 32.87700796277275
        },
        "AP_EMA": {
            "AP_i": 91.60627799729565,
            "AP_v": 68.03922636118675,
            "AP_t": 47.75706810306748,
            "AP_iv": 44.21659408099454,
            "AP_it": 45.15859978450403,
            "AP_ivt": 39.292992235677076
        }
    }
}