{
    "Test": false,
    "Cholec80": {
        "F1_score": 75.78236751999074,
        "F1_score_EMA": 78.00096154681574,
        "Per_video_f1": {
            "cholec80_video41": 78.53511402194061,
            "cholec80_video43": 70.09365917962464,
            "cholec80_video44": 82.68096505793382,
            "cholec80_video45": 81.12081993403582,
            "cholec80_video46": 81.7220679463896,
            "cholec80_video47": 57.514116410183114,
            "cholec80_video48": 78.80983008982757
        },
        "Per_video_f1_EMA": {
            "cholec80_video41": 77.3820136481115,
            "cholec80_video43": 72.66357521072241,
            "cholec80_video44": 86.65686528677888,
            "cholec80_video45": 81.9360169908604,
            "cholec80_video46": 86.22083869282086,
            "cholec80_video47": 60.24036741252849,
            "cholec80_video48": 80.90705358588764
        }
    },
    "Endoscapes": {
        "mAP": 41.99926663016189,
        "mAP_EMA": 41.96038058958925,
        "mAP_per_class": {
            "C0": 51.43112627521225,
            "C1": 40.61263356284288,
            "C2": 33.954040052430535
        },
        "mAP_per_class_EMA": {
            "C0": 43.793817317584114,
            "C1": 45.22128892049806,
            "C2": 36.866035530685565
        }
    },
    "CholecT50": {
        "AP": {
            "AP_i": 84.9510705989386,
            "AP_v": 57.48589523482085,
            "AP_t": 40.799446454310285,
            "AP_iv": 37.188746241998814,
            "AP_it": 36.12795532962931,
            "AP_ivt": 30.246091233472058
        },
        "AP_EMA": {
            "AP_i": 86.47261045810133,
            "AP_v": 63.852005568505355,
            "AP_t": 44.882953833174156,
            "AP_iv": 42.311825258257514,
            "AP_it": 40.58640136952138,
            "AP_ivt": 35.06235009012735
        }
    }
}