{
    "Test": false,
    "Cholec80": {
        "F1_score": 77.15019854069801,
        "F1_score_EMA": 77.96146306824478,
        "Per_video_f1": {
            "cholec80_video41": 77.17083927085059,
            "cholec80_video43": 72.45725612022922,
            "cholec80_video44": 84.92557150757175,
            "cholec80_video45": 78.12427517686604,
            "cholec80_video46": 81.95799648761903,
            "cholec80_video47": 64.0289561420738,
            "cholec80_video48": 81.38649507967565
        },
        "Per_video_f1_EMA": {
            "cholec80_video41": 78.31088267655755,
            "cholec80_video43": 72.04197303023221,
            "cholec80_video44": 86.276824607783,
            "cholec80_video45": 81.47580894315458,
            "cholec80_video46": 85.7192101432835,
            "cholec80_video47": 59.93560002564023,
            "cholec80_video48": 81.96994205106238
        }
    },
    "Endoscapes": {
        "mAP": 36.65852062710014,
        "mAP_EMA": 42.711763314328046,
        "mAP_per_class": {
            "C0": 40.335242623446426,
            "C1": 36.10280500284286,
            "C2": 33.53751425501114
        },
        "mAP_per_class_EMA": {
            "C0": 43.1818251681656,
            "C1": 45.99272497813921,
            "C2": 38.96073979667932
        }
    },
    "CholecT50": {
        "AP": {
            "AP_i": 77.74405667101594,
            "AP_v": 58.697760567455134,
            "AP_t": 39.40964631248634,
            "AP_iv": 38.75657180445525,
            "AP_it": 33.14667924775883,
            "AP_ivt": 29.565746214032064
        },
        "AP_EMA": {
            "AP_i": 82.21381250982976,
            "AP_v": 61.43894467502565,
            "AP_t": 43.648383057782695,
            "AP_iv": 39.58324605740675,
            "AP_it": 37.05338216210264,
            "AP_ivt": 31.954257455902578
        }
    }
}