{
    "Test": false,
    "Cholec80": {
        "F1_score": 68.64999978744997,
        "F1_score_EMA": 9.096957611494187,
        "Per_video_f1": {
            "cholec80_video41": 67.44060995669223,
            "cholec80_video43": 65.97389235017535,
            "cholec80_video44": 82.73771273959774,
            "cholec80_video45": 79.66162829262245,
            "cholec80_video46": 74.6989807409305,
            "cholec80_video47": 61.3641171956818,
            "cholec80_video48": 58.74953981039746,
            "cholec80_video49": 60.387849657886235,
            "cholec80_video50": 66.83566734306604
        },
        "Per_video_f1_EMA": {
            "cholec80_video41": 12.517366793377985,
            "cholec80_video43": 8.445605964748383,
            "cholec80_video44": 8.291825367847801,
            "cholec80_video45": 6.35469877352042,
            "cholec80_video46": 8.84951268967267,
            "cholec80_video47": 5.9200955943474645,
            "cholec80_video48": 9.768253679338498,
            "cholec80_video49": 6.233275612940842,
            "cholec80_video50": 15.491984027653615
        }
    },
    "Endoscapes": {
        "mAP": 41.302172187382006,
        "mAP_EMA": 13.39518263786153,
        "mAP_per_class": {
            "C0": 38.533891067983824,
            "C1": 43.44280679226774,
            "C2": 41.92981870189445
        },
        "mAP_per_class_EMA": {
            "C0": 15.064640461086098,
            "C1": 11.30404399394202,
            "C2": 13.816863458556474
        }
    },
    "CholecT50": {
        "AP": {
            "AP_i": 64.15427714898685,
            "AP_v": 47.20047910805362,
            "AP_t": 34.10317755745578,
            "AP_iv": 28.042158607332986,
            "AP_it": 29.25914654433052,
            "AP_ivt": 23.364275263127027
        },
        "AP_EMA": {
            "AP_i": 23.315495585268664,
            "AP_v": 16.163228768284625,
            "AP_t": 13.403021575196776,
            "AP_iv": 9.065694966531684,
            "AP_it": 7.1120220502966545,
            "AP_ivt": 5.7774149697862605
        }
    }
}