{
    "Test": true,
    "Cholec80": {
        "F1_score": 23.931414143597355,
        "F1_score_EMA": null,
        "Per_video_f1": {
            "cholec80_video51": 23.991215568687988,
            "cholec80_video53": 13.99580073513818,
            "cholec80_video54": 15.336318209952868,
            "cholec80_video55": 25.088564426344806,
            "cholec80_video58": 19.027318037936443,
            "cholec80_video59": 27.178137638617088,
            "cholec80_video61": 23.874193949704004,
            "cholec80_video63": 19.65558350614518,
            "cholec80_video64": 38.57094562331057,
            "cholec80_video69": 40.83470396441365,
            "cholec80_video73": 19.849846942248803,
            "cholec80_video74": 11.486544728538064,
            "cholec80_video76": 23.698131209150212,
            "cholec80_video77": 29.384968405963424,
            "cholec80_video80": 26.99893920780903
        },
        "Per_video_f1_EMA": null
    },
    "Endoscapes": {
        "mAP": 23.695638897596037,
        "mAP_EMA": null,
        "mAP_per_class": {
            "C0": 23.151788111517714,
            "C1": 17.677849545231084,
            "C2": 30.257279036039314
        },
        "mAP_per_class_EMA": null
    },
    "CholecT50": {
        "AP": {
            "AP_i": 35.56481274199113,
            "AP_v": 26.69121994691456,
            "AP_t": 19.893969339434484,
            "AP_iv": 13.298472189180213,
            "AP_it": 8.90101100654922,
            "AP_ivt": 6.69476334791481
        },
        "AP_EMA": null
    }
}