{
    "Test": false,
    "Cholec80": {
        "F1_score": 69.28675476771721,
        "F1_score_EMA": 19.989254844729558,
        "Per_video_f1": {
            "cholec80_video41": 68.89365892691693,
            "cholec80_video43": 53.775732381662024,
            "cholec80_video44": 80.24070642839372,
            "cholec80_video45": 84.15695974652803,
            "cholec80_video46": 78.60601873390415,
            "cholec80_video47": 57.639807870591945,
            "cholec80_video48": 59.751907867248086,
            "cholec80_video49": 66.86886117912236,
            "cholec80_video50": 73.64713977508761
        },
        "Per_video_f1_EMA": {
            "cholec80_video41": 22.42611380377338,
            "cholec80_video43": 21.419526644355845,
            "cholec80_video44": 18.62136998901515,
            "cholec80_video45": 17.804641454112506,
            "cholec80_video46": 14.992358110571086,
            "cholec80_video47": 17.601873672238675,
            "cholec80_video48": 25.988770177119985,
            "cholec80_video49": 10.687704962098813,
            "cholec80_video50": 30.36093478928058
        }
    },
    "Endoscapes": {
        "mAP": 42.29111583717341,
        "mAP_EMA": 17.125599702827166,
        "mAP_per_class": {
            "C0": 46.34977931118489,
            "C1": 41.86011520207915,
            "C2": 38.66345299825619
        },
        "mAP_per_class_EMA": {
            "C0": 17.086898963978037,
            "C1": 14.390346929663563,
            "C2": 19.899553214839894
        }
    },
    "CholecT50": {
        "AP": {
            "AP_i": 63.39409410144507,
            "AP_v": 45.84000335122116,
            "AP_t": 32.68233412588391,
            "AP_iv": 28.500509890552554,
            "AP_it": 25.196150897841598,
            "AP_ivt": 21.18388269042813
        },
        "AP_EMA": {
            "AP_i": 37.06730664987589,
            "AP_v": 26.36784902047291,
            "AP_t": 20.83657497218949,
            "AP_iv": 15.331845659110137,
            "AP_it": 12.704220571509655,
            "AP_ivt": 10.422104978041475
        }
    }
}