{
    "Test": false,
    "Cholec80": {
        "F1_score": 33.853162714558586,
        "F1_score_EMA": 37.168669977827854,
        "Per_video_f1": {
            "cholec80_video41": 62.3404512755388,
            "cholec80_video43": 9.420304748527355,
            "cholec80_video44": 75.21107185411235,
            "cholec80_video45": 40.695181493033424,
            "cholec80_video46": 71.85758734609723,
            "cholec80_video47": 6.326460590949291,
            "cholec80_video48": 10.083838083182881,
            "cholec80_video49": 7.254238816738816,
            "cholec80_video50": 21.4893302228471
        },
        "Per_video_f1_EMA": {
            "cholec80_video41": 66.14078872755823,
            "cholec80_video43": 9.83048085614853,
            "cholec80_video44": 76.18808019798254,
            "cholec80_video45": 48.598997602908945,
            "cholec80_video46": 75.78994885710682,
            "cholec80_video47": 7.457462118041702,
            "cholec80_video48": 10.259921857815554,
            "cholec80_video49": 7.772034547124444,
            "cholec80_video50": 32.48031503576389
        }
    },
    "Endoscapes": {
        "mAP": 47.52497469242302,
        "mAP_EMA": 48.04429614883185,
        "mAP_per_class": {
            "C0": 49.80833347895263,
            "C1": 50.01996556751064,
            "C2": 42.74662503080579
        },
        "mAP_per_class_EMA": {
            "C0": 50.01781729718239,
            "C1": 50.73982070794576,
            "C2": 43.3752504413674
        }
    },
    "CholecT50": {
        "AP": {
            "AP_i": 44.306550744654764,
            "AP_v": 32.78752665243788,
            "AP_t": 23.995770340133063,
            "AP_iv": 19.018630671846996,
            "AP_it": 17.541911225557318,
            "AP_ivt": 15.184852148836303
        },
        "AP_EMA": {
            "AP_i": 43.74441350270808,
            "AP_v": 32.42557991298006,
            "AP_t": 24.223556448127244,
            "AP_iv": 18.873891877757877,
            "AP_it": 17.668631520495065,
            "AP_ivt": 15.188507616063953
        }
    }
}