{
    "Test": true,
    "Cholec80": {
        "F1_score": 58.6487574368821,
        "F1_score_EMA": null,
        "Per_video_f1": {
            "cholec80_video51": 53.54682363649174,
            "cholec80_video53": 68.81389450326427,
            "cholec80_video54": 68.42220160877254,
            "cholec80_video55": 71.02921433288358,
            "cholec80_video58": 35.04883036401142,
            "cholec80_video59": 57.0633137447859,
            "cholec80_video61": 50.22149770197007,
            "cholec80_video63": 52.41532978049811,
            "cholec80_video64": 48.091577696729615,
            "cholec80_video69": 74.65527128246495,
            "cholec80_video73": 70.2130259387728,
            "cholec80_video74": 66.36986056530135,
            "cholec80_video76": 61.44289003446407,
            "cholec80_video77": 69.39530465467031,
            "cholec80_video80": 33.00232570815077
        },
        "Per_video_f1_EMA": null
    },
    "Endoscapes": {
        "mAP": 51.448349546754095,
        "mAP_EMA": null,
        "mAP_per_class": {
            "C0": 50.739967335300406,
            "C1": 44.18668545674167,
            "C2": 59.41839584822021
        },
        "mAP_per_class_EMA": null
    },
    "CholecT50": {
        "AP": {
            "AP_i": 82.10990880397897,
            "AP_v": 56.583094331642506,
            "AP_t": 40.2106867514651,
            "AP_iv": 34.563915759706695,
            "AP_it": 31.47653228637354,
            "AP_ivt": 24.91865895232559
        },
        "AP_EMA": null
    }
}