{
    "Test": false,
    "Cholec80": {
        "F1_score": 55.56230961646163,
        "F1_score_EMA": 9.026079167753965,
        "Per_video_f1": {
            "cholec80_video41": 54.476341321450015,
            "cholec80_video43": 54.05317643248415,
            "cholec80_video44": 60.59950394477551,
            "cholec80_video45": 56.80976252087972,
            "cholec80_video46": 52.44757106340477,
            "cholec80_video47": 54.664972859102825,
            "cholec80_video48": 55.884839173134424
        },
        "Per_video_f1_EMA": {
            "cholec80_video41": 10.120038587755301,
            "cholec80_video43": 6.703609365283153,
            "cholec80_video44": 9.742997627515306,
            "cholec80_video45": 8.404726715203417,
            "cholec80_video46": 13.180786403699932,
            "cholec80_video47": 9.501398827876812,
            "cholec80_video48": 5.528996646943826
        }
    },
    "Endoscapes": {
        "mAP": 40.36556668464026,
        "mAP_EMA": 11.544385587018487,
        "mAP_per_class": {
            "C0": 38.144953654657705,
            "C1": 38.512455212230954,
            "C2": 44.439291187032104
        },
        "mAP_per_class_EMA": {
            "C0": 13.972447907695129,
            "C1": 9.228144224399388,
            "C2": 11.432564628960943
        }
    },
    "CholecT50": {
        "AP": {
            "AP_i": 76.86084421095582,
            "AP_v": 51.82125606134,
            "AP_t": 42.33493923960251,
            "AP_iv": 32.30842027377679,
            "AP_it": 33.89024112676908,
            "AP_ivt": 28.46652391065345
        },
        "AP_EMA": {
            "AP_i": 30.449437177619036,
            "AP_v": 18.909917948029594,
            "AP_t": 14.152023977201067,
            "AP_iv": 10.621278208724515,
            "AP_it": 7.585229000392209,
            "AP_ivt": 6.311341596103724
        }
    }
}