{
    "Test": false,
    "Cholec80": {
        "F1_score": 70.56297468970067,
        "F1_score_EMA": 74.41655299111629,
        "Per_video_f1": {
            "cholec80_video41": 63.84276098305664,
            "cholec80_video43": 59.768715959858355,
            "cholec80_video44": 80.12425176188472,
            "cholec80_video45": 77.77405319571457,
            "cholec80_video46": 70.2002054317978,
            "cholec80_video47": 71.1493808142298,
            "cholec80_video48": 71.08145468136273
        },
        "Per_video_f1_EMA": {
            "cholec80_video41": 69.7793222258638,
            "cholec80_video43": 66.4094309487443,
            "cholec80_video44": 82.75743737554812,
            "cholec80_video45": 82.09966807310299,
            "cholec80_video46": 72.50519745549562,
            "cholec80_video47": 74.1236255148802,
            "cholec80_video48": 73.241189344179
        }
    },
    "Endoscapes": {
        "mAP": 40.47066557268566,
        "mAP_EMA": 47.20538530747401,
        "mAP_per_class": {
            "C0": 37.63878903352796,
            "C1": 38.64989706752189,
            "C2": 45.12331061700713
        },
        "mAP_per_class_EMA": {
            "C0": 44.812692770924414,
            "C1": 47.59329474174785,
            "C2": 49.21016840974978
        }
    },
    "CholecT50": {
        "AP": {
            "AP_i": 83.60919522969921,
            "AP_v": 55.55066862838256,
            "AP_t": 43.35686469405089,
            "AP_iv": 35.675053452543814,
            "AP_it": 36.88217353999278,
            "AP_ivt": 32.715565675454656
        },
        "AP_EMA": {
            "AP_i": 87.07231133910273,
            "AP_v": 60.514928088290674,
            "AP_t": 46.31978825108402,
            "AP_iv": 40.368522160465396,
            "AP_it": 44.85274314000798,
            "AP_ivt": 37.65676021019273
        }
    }
}