{
    "Test": false,
    "Cholec80": {
        "F1_score": 60.39356755570582,
        "F1_score_EMA": 22.245636480288013,
        "Per_video_f1": {
            "cholec80_video41": 55.03207376464071,
            "cholec80_video43": 60.79160809874554,
            "cholec80_video44": 65.38342737539526,
            "cholec80_video45": 58.136314171621514,
            "cholec80_video46": 53.57564822212376,
            "cholec80_video47": 60.417653328327326,
            "cholec80_video48": 69.41824792908665
        },
        "Per_video_f1_EMA": {
            "cholec80_video41": 19.131011141067013,
            "cholec80_video43": 19.168606629920518,
            "cholec80_video44": 26.077683621973758,
            "cholec80_video45": 19.660786064592166,
            "cholec80_video46": 22.848577249331882,
            "cholec80_video47": 24.641001324552086,
            "cholec80_video48": 24.191789330578676
        }
    },
    "Endoscapes": {
        "mAP": 52.54821841422826,
        "mAP_EMA": 13.820307023789528,
        "mAP_per_class": {
            "C0": 49.70073465614588,
            "C1": 55.688323910359905,
            "C2": 52.25559667617898
        },
        "mAP_per_class_EMA": {
            "C0": 14.462930892161202,
            "C1": 12.779553401114388,
            "C2": 14.218436778092993
        }
    },
    "CholecT50": {
        "AP": {
            "AP_i": 80.84012137524412,
            "AP_v": 57.204844700672446,
            "AP_t": 43.7704707361806,
            "AP_iv": 36.169107982318934,
            "AP_it": 39.441709857917274,
            "AP_ivt": 33.75778249811332
        },
        "AP_EMA": {
            "AP_i": 40.75197108652875,
            "AP_v": 25.687935676224505,
            "AP_t": 18.237031683751482,
            "AP_iv": 14.847671409474374,
            "AP_it": 11.961963329732574,
            "AP_ivt": 9.521088656158193
        }
    }
}