{
    "Test": false,
    "Cholec80": {
        "F1_score": 52.49045106354054,
        "F1_score_EMA": 14.041924086867562,
        "Per_video_f1": {
            "cholec80_video41": 53.21171398361353,
            "cholec80_video43": 44.38262970973067,
            "cholec80_video44": 54.8843290481995,
            "cholec80_video45": 51.99685995563661,
            "cholec80_video46": 51.00053743839831,
            "cholec80_video47": 63.41173846993448,
            "cholec80_video48": 48.545348839270666
        },
        "Per_video_f1_EMA": {
            "cholec80_video41": 14.244573397713697,
            "cholec80_video43": 10.696405659181199,
            "cholec80_video44": 18.382833818627027,
            "cholec80_video45": 17.041200682236322,
            "cholec80_video46": 15.63027340507736,
            "cholec80_video47": 15.300989892110278,
            "cholec80_video48": 6.9971917531270424
        }
    },
    "Endoscapes": {
        "mAP": 38.05953159598445,
        "mAP_EMA": 13.9362602992628,
        "mAP_per_class": {
            "C0": 36.24604053143539,
            "C1": 36.27883420630212,
            "C2": 41.65372005021584
        },
        "mAP_per_class_EMA": {
            "C0": 16.13058758216419,
            "C1": 10.657918892851356,
            "C2": 15.020274422772854
        }
    },
    "CholecT50": {
        "AP": {
            "AP_i": 76.55354605842687,
            "AP_v": 53.11864799142377,
            "AP_t": 41.612669185718225,
            "AP_iv": 34.0412559828508,
            "AP_it": 34.19876061115192,
            "AP_ivt": 30.942102964923073
        },
        "AP_EMA": {
            "AP_i": 26.60289027258469,
            "AP_v": 17.790770128648997,
            "AP_t": 14.414924470425198,
            "AP_iv": 10.265091291375665,
            "AP_it": 7.767039661338081,
            "AP_ivt": 6.171261396247321
        }
    }
}