{
    "Test": false,
    "Cholec80": {
        "F1_score": 35.149314441617506,
        "F1_score_EMA": 10.122522543387447,
        "Per_video_f1": {
            "cholec80_video41": 33.21930237165644,
            "cholec80_video43": 36.80620028802236,
            "cholec80_video44": 33.93688077572213,
            "cholec80_video45": 31.226245826141003,
            "cholec80_video46": 32.70583415911311,
            "cholec80_video47": 45.45922938801692,
            "cholec80_video48": 32.69150828265056
        },
        "Per_video_f1_EMA": {
            "cholec80_video41": 10.89231696052356,
            "cholec80_video43": 9.705047187805807,
            "cholec80_video44": 11.866314367013302,
            "cholec80_video45": 8.371293419501558,
            "cholec80_video46": 9.166737270012312,
            "cholec80_video47": 10.451291627762217,
            "cholec80_video48": 10.404656971093377
        }
    },
    "Endoscapes": {
        "mAP": 45.643846237447136,
        "mAP_EMA": 12.076892965210677,
        "mAP_per_class": {
            "C0": 43.64937373033542,
            "C1": 41.259467023563396,
            "C2": 52.022697958442585
        },
        "mAP_per_class_EMA": {
            "C0": 13.114917717424563,
            "C1": 9.834916602683535,
            "C2": 13.28084457552393
        }
    },
    "CholecT50": {
        "AP": {
            "AP_i": 65.58031992726494,
            "AP_v": 44.73770106380907,
            "AP_t": 35.36690304126188,
            "AP_iv": 29.062502600906974,
            "AP_it": 28.780176580885353,
            "AP_ivt": 23.531346777823625
        },
        "AP_EMA": {
            "AP_i": 21.699051035223764,
            "AP_v": 14.096995126923826,
            "AP_t": 12.189885570701348,
            "AP_iv": 8.120309581405385,
            "AP_it": 6.01173383191354,
            "AP_ivt": 4.8625500135415
        }
    }
}