{
    "Test": false,
    "Cholec80": {
        "F1_score": 67.74140325246707,
        "F1_score_EMA": 68.68893014982235,
        "Per_video_f1": {
            "cholec80_video41": 62.46909896259408,
            "cholec80_video43": 58.74232412350795,
            "cholec80_video44": 73.47369215695846,
            "cholec80_video45": 79.46298196983858,
            "cholec80_video46": 64.14575640931754,
            "cholec80_video47": 65.21709000428665,
            "cholec80_video48": 70.67887914076618
        },
        "Per_video_f1_EMA": {
            "cholec80_video41": 65.53042330656808,
            "cholec80_video43": 64.28313734603273,
            "cholec80_video44": 69.14349938107927,
            "cholec80_video45": 77.52381072008248,
            "cholec80_video46": 62.62079537164438,
            "cholec80_video47": 67.56506993700523,
            "cholec80_video48": 74.15577498634434
        }
    },
    "Endoscapes": {
        "mAP": 41.267820964346804,
        "mAP_EMA": 49.781527731959855,
        "mAP_per_class": {
            "C0": 31.461900679754116,
            "C1": 47.228926641838655,
            "C2": 45.11263557144765
        },
        "mAP_per_class_EMA": {
            "C0": 47.08313529568358,
            "C1": 50.4522495456471,
            "C2": 51.80919835454888
        }
    },
    "CholecT50": {
        "AP": {
            "AP_i": 79.86442805169162,
            "AP_v": 52.89773553830804,
            "AP_t": 39.33975853796507,
            "AP_iv": 34.37614661388883,
            "AP_it": 33.22553918252545,
            "AP_ivt": 28.43885299378145
        },
        "AP_EMA": {
            "AP_i": 80.62230185342736,
            "AP_v": 56.03916719120882,
            "AP_t": 42.2069926164388,
            "AP_iv": 34.630634824091345,
            "AP_it": 34.05357597239952,
            "AP_ivt": 29.049731610396183
        }
    }
}