{
    "Test": false,
    "Cholec80": {
        "F1_score": 69.45520765709806,
        "F1_score_EMA": 60.436725328614294,
        "Per_video_f1": {
            "cholec80_video41": 65.56698172409476,
            "cholec80_video43": 61.45405052089833,
            "cholec80_video44": 75.46622440440464,
            "cholec80_video45": 80.27665867303297,
            "cholec80_video46": 68.84005059360214,
            "cholec80_video47": 67.97137009470467,
            "cholec80_video48": 66.61111758894887
        },
        "Per_video_f1_EMA": {
            "cholec80_video41": 60.19364430696257,
            "cholec80_video43": 56.18604371648156,
            "cholec80_video44": 62.54504173449406,
            "cholec80_video45": 60.69958547297267,
            "cholec80_video46": 58.72118617571197,
            "cholec80_video47": 55.60881503639579,
            "cholec80_video48": 69.10276085728145
        }
    },
    "Endoscapes": {
        "mAP": 48.255393312673185,
        "mAP_EMA": 41.082917106088374,
        "mAP_per_class": {
            "C0": 47.71234610881617,
            "C1": 46.250967770075555,
            "C2": 50.80286605912784
        },
        "mAP_per_class_EMA": {
            "C0": 37.28394427789025,
            "C1": 41.02030003378804,
            "C2": 44.94450700658684
        }
    },
    "CholecT50": {
        "AP": {
            "AP_i": 83.35145637424534,
            "AP_v": 60.31343084673166,
            "AP_t": 44.49403542941651,
            "AP_iv": 39.23296795744365,
            "AP_it": 39.716436163385,
            "AP_ivt": 34.15254413414546
        },
        "AP_EMA": {
            "AP_i": 77.56072350509923,
            "AP_v": 53.94376430299991,
            "AP_t": 40.90324909323727,
            "AP_iv": 34.74425299844568,
            "AP_it": 36.45685797200595,
            "AP_ivt": 30.93952227508488
        }
    }
}