{
    "Test": false,
    "Cholec80": {
        "F1_score": 70.2531588794699,
        "F1_score_EMA": 73.14488468706335,
        "Per_video_f1": {
            "cholec80_video41": 71.69806916968382,
            "cholec80_video43": 64.39751489951449,
            "cholec80_video44": 74.76052690513036,
            "cholec80_video45": 70.2982898015235,
            "cholec80_video46": 73.28673235346884,
            "cholec80_video47": 62.97859030824034,
            "cholec80_video48": 74.3523887187279
        },
        "Per_video_f1_EMA": {
            "cholec80_video41": 72.2842689510312,
            "cholec80_video43": 67.52643914328821,
            "cholec80_video44": 80.50720910645958,
            "cholec80_video45": 78.92078380595838,
            "cholec80_video46": 73.71621407306978,
            "cholec80_video47": 63.33183354195394,
            "cholec80_video48": 75.72744418768241
        }
    },
    "Endoscapes": {
        "mAP": 35.9523215537263,
        "mAP_EMA": 41.72761187194697,
        "mAP_per_class": {
            "C0": 36.63539864005792,
            "C1": 42.81146963884239,
            "C2": 28.410096382278592
        },
        "mAP_per_class_EMA": {
            "C0": 44.903988046356666,
            "C1": 44.50977135768184,
            "C2": 35.7690762118024
        }
    },
    "CholecT50": {
        "AP": {
            "AP_i": 81.19797696566467,
            "AP_v": 52.07795027685228,
            "AP_t": 41.20983340200535,
            "AP_iv": 31.724718961404097,
            "AP_it": 36.44905114626984,
            "AP_ivt": 31.530955105982567
        },
        "AP_EMA": {
            "AP_i": 88.11381387682509,
            "AP_v": 59.87069891368172,
            "AP_t": 45.518643477935015,
            "AP_iv": 38.448566007126566,
            "AP_it": 42.34736472055832,
            "AP_ivt": 37.1720335190772
        }
    }
}