{
    "Test": false,
    "Cholec80": {
        "F1_score": 27.81545544229746,
        "F1_score_EMA": 2.98737236369102,
        "Per_video_f1": {
            "cholec80_video41": 22.913210180265715,
            "cholec80_video43": 29.86686280000224,
            "cholec80_video44": 25.569298587380835,
            "cholec80_video45": 28.625034476127865,
            "cholec80_video46": 29.264880352708627,
            "cholec80_video47": 21.3054715562934,
            "cholec80_video48": 37.163430143303536
        },
        "Per_video_f1_EMA": {
            "cholec80_video41": 3.9965462834492698,
            "cholec80_video43": 1.5425165531898715,
            "cholec80_video44": 3.830020116255898,
            "cholec80_video45": 3.4912174631462234,
            "cholec80_video46": 2.582068392556216,
            "cholec80_video47": 2.635094383898484,
            "cholec80_video48": 2.834143353341177
        }
    },
    "Endoscapes": {
        "mAP": 29.87082104673249,
        "mAP_EMA": 12.882906875314328,
        "mAP_per_class": {
            "C0": 29.876988670880866,
            "C1": 27.197773470844478,
            "C2": 32.53770099847213
        },
        "mAP_per_class_EMA": {
            "C0": 13.539136125076713,
            "C1": 11.495260545939304,
            "C2": 13.614323954926967
        }
    },
    "CholecT50": {
        "AP": {
            "AP_i": 63.934220400350995,
            "AP_v": 44.990627415498444,
            "AP_t": 30.945241576539907,
            "AP_iv": 26.769701069552365,
            "AP_it": 26.3831563976669,
            "AP_ivt": 23.736676361724776
        },
        "AP_EMA": {
            "AP_i": 23.698788182162687,
            "AP_v": 14.987162382488595,
            "AP_t": 11.07664728245526,
            "AP_iv": 8.38738686449991,
            "AP_it": 6.08097114049564,
            "AP_ivt": 4.954796636695253
        }
    }
}