{
    "Test": false,
    "Cholec80": {
        "F1_score": 69.07737498839445,
        "F1_score_EMA": 70.81082428455474,
        "Per_video_f1": {
            "cholec80_video41": 66.45851668081015,
            "cholec80_video43": 62.972153404309005,
            "cholec80_video44": 72.04922195312557,
            "cholec80_video45": 77.57019873621293,
            "cholec80_video46": 71.79456681244963,
            "cholec80_video47": 61.17463995074163,
            "cholec80_video48": 71.52232738111225
        },
        "Per_video_f1_EMA": {
            "cholec80_video41": 66.22674414805722,
            "cholec80_video43": 66.07529656360703,
            "cholec80_video44": 74.3160256528369,
            "cholec80_video45": 79.99575205410052,
            "cholec80_video46": 66.16764063133955,
            "cholec80_video47": 67.82957510629731,
            "cholec80_video48": 75.06473583564463
        }
    },
    "Endoscapes": {
        "mAP": 33.632580743035966,
        "mAP_EMA": 48.00346986044039,
        "mAP_per_class": {
            "C0": 33.92785112039264,
            "C1": 27.317690031997323,
            "C2": 39.652201076717944
        },
        "mAP_per_class_EMA": {
            "C0": 44.183817992323206,
            "C1": 51.19107662939331,
            "C2": 48.63551495960466
        }
    },
    "CholecT50": {
        "AP": {
            "AP_i": 79.0145784892297,
            "AP_v": 54.74005414850289,
            "AP_t": 41.40752698030329,
            "AP_iv": 35.18422036503624,
            "AP_it": 34.174317695525055,
            "AP_ivt": 29.082663076792596
        },
        "AP_EMA": {
            "AP_i": 82.74773678843816,
            "AP_v": 57.76674241582198,
            "AP_t": 43.17761705601827,
            "AP_iv": 36.41723098702725,
            "AP_it": 35.61258456200663,
            "AP_ivt": 30.27819053894883
        }
    }
}