{
    "Test": false,
    "Cholec80": {
        "F1_score": 70.02055484340491,
        "F1_score_EMA": 46.217187998523585,
        "Per_video_f1": {
            "cholec80_video41": 73.7002850036337,
            "cholec80_video43": 64.06186713453248,
            "cholec80_video44": 71.09811877883968,
            "cholec80_video45": 76.90420278165878,
            "cholec80_video46": 66.11260481794065,
            "cholec80_video47": 69.10581559617856,
            "cholec80_video48": 69.16098979105054
        },
        "Per_video_f1_EMA": {
            "cholec80_video41": 40.91256230691951,
            "cholec80_video43": 52.23193752185081,
            "cholec80_video44": 40.6611827622973,
            "cholec80_video45": 50.790772902392014,
            "cholec80_video46": 45.18697515606452,
            "cholec80_video47": 48.2771121182534,
            "cholec80_video48": 45.45977322188753
        }
    },
    "Endoscapes": {
        "mAP": 45.61138322046797,
        "mAP_EMA": 39.03689324201084,
        "mAP_per_class": {
            "C0": 44.990221839189445,
            "C1": 45.89220283315171,
            "C2": 45.95172498906276
        },
        "mAP_per_class_EMA": {
            "C0": 36.339272374696215,
            "C1": 33.362478290925765,
            "C2": 47.40892906041054
        }
    },
    "CholecT50": {
        "AP": {
            "AP_i": 79.04890724451404,
            "AP_v": 55.275946388394026,
            "AP_t": 41.934654112665534,
            "AP_iv": 33.732516089160555,
            "AP_it": 33.51846069246275,
            "AP_ivt": 27.918813609259015
        },
        "AP_EMA": {
            "AP_i": 64.16514409325575,
            "AP_v": 45.58288530164877,
            "AP_t": 33.76018670487768,
            "AP_iv": 26.947536710355006,
            "AP_it": 24.236722769101693,
            "AP_ivt": 20.247658260259957
        }
    }
}