{
    "Test": false,
    "Cholec80": {
        "F1_score": 71.12421894527633,
        "F1_score_EMA": 73.86669742644123,
        "Per_video_f1": {
            "cholec80_video41": 67.92891823517095,
            "cholec80_video43": 63.23517808228687,
            "cholec80_video44": 73.18093084399155,
            "cholec80_video45": 78.16396277590762,
            "cholec80_video46": 70.66099545140268,
            "cholec80_video47": 69.16173285332874,
            "cholec80_video48": 75.5378143748459
        },
        "Per_video_f1_EMA": {
            "cholec80_video41": 71.10737873391025,
            "cholec80_video43": 70.7443366411284,
            "cholec80_video44": 77.54172016059073,
            "cholec80_video45": 78.82243573124835,
            "cholec80_video46": 72.65970391438724,
            "cholec80_video47": 69.08597571982065,
            "cholec80_video48": 77.10533108400305
        }
    },
    "Endoscapes": {
        "mAP": 44.15948091195629,
        "mAP_EMA": 47.62992984145849,
        "mAP_per_class": {
            "C0": 35.47648687897373,
            "C1": 51.83881122273968,
            "C2": 45.16314463415546
        },
        "mAP_per_class_EMA": {
            "C0": 43.61443804899068,
            "C1": 52.23609970172242,
            "C2": 47.03925177366238
        }
    },
    "CholecT50": {
        "AP": {
            "AP_i": 84.56726584338158,
            "AP_v": 56.72124476324766,
            "AP_t": 42.82166408097885,
            "AP_iv": 36.47485288633572,
            "AP_it": 39.803476021588324,
            "AP_ivt": 33.53940166544214
        },
        "AP_EMA": {
            "AP_i": 87.93977366558126,
            "AP_v": 62.23303719319877,
            "AP_t": 44.60107826245284,
            "AP_iv": 39.21919118005366,
            "AP_it": 42.509899091427535,
            "AP_ivt": 36.26026426857333
        }
    }
}