{
    "Test": false,
    "Cholec80": {
        "F1_score": 67.22208311757038,
        "F1_score_EMA": 66.92851819837233,
        "Per_video_f1": {
            "cholec80_video41": 62.61515452661117,
            "cholec80_video43": 65.05942780888397,
            "cholec80_video44": 68.54774275089494,
            "cholec80_video45": 75.54310467949679,
            "cholec80_video46": 69.27019777361065,
            "cholec80_video47": 58.67164309456633,
            "cholec80_video48": 70.84731118892881
        },
        "Per_video_f1_EMA": {
            "cholec80_video41": 64.47918041683076,
            "cholec80_video43": 63.363842759408065,
            "cholec80_video44": 65.62039710613699,
            "cholec80_video45": 74.46563372140326,
            "cholec80_video46": 61.00724836500824,
            "cholec80_video47": 66.96008700059123,
            "cholec80_video48": 72.60323801922782
        }
    },
    "Endoscapes": {
        "mAP": 44.01785318369848,
        "mAP_EMA": 50.21748493438466,
        "mAP_per_class": {
            "C0": 40.67009631558025,
            "C1": 44.62438310394627,
            "C2": 46.7590801315689
        },
        "mAP_per_class_EMA": {
            "C0": 47.63390988074265,
            "C1": 49.801162130564194,
            "C2": 53.217382791847136
        }
    },
    "CholecT50": {
        "AP": {
            "AP_i": 78.20893991615701,
            "AP_v": 54.86644340991319,
            "AP_t": 41.20002136128664,
            "AP_iv": 33.797084745013805,
            "AP_it": 32.76320886694696,
            "AP_ivt": 27.305944183769373
        },
        "AP_EMA": {
            "AP_i": 78.44060105061695,
            "AP_v": 54.75718423422578,
            "AP_t": 41.482333503927215,
            "AP_iv": 33.341167486008224,
            "AP_it": 32.72460861824936,
            "AP_ivt": 27.674354298109918
        }
    }
}