{
    "Test": true,
    "Cholec80": {
        "F1_score": 59.49568000344119,
        "F1_score_EMA": null,
        "Per_video_f1": {
            "cholec80_video51": 63.56034016378136,
            "cholec80_video53": 66.46959043880018,
            "cholec80_video54": 72.36879121508075,
            "cholec80_video55": 78.21897041351403,
            "cholec80_video58": 25.881201003443273,
            "cholec80_video59": 53.108266889838774,
            "cholec80_video61": 51.18233358052136,
            "cholec80_video63": 60.40456798585618,
            "cholec80_video64": 46.78723560536273,
            "cholec80_video69": 58.89409678633142,
            "cholec80_video73": 77.99549259621588,
            "cholec80_video74": 61.78371978767413,
            "cholec80_video76": 62.04093443931138,
            "cholec80_video77": 73.90340560212432,
            "cholec80_video80": 39.83625354376205
        },
        "Per_video_f1_EMA": null
    },
    "Endoscapes": {
        "mAP": 50.0707178104961,
        "mAP_EMA": null,
        "mAP_per_class": {
            "C0": 49.816758103258394,
            "C1": 38.90145043870775,
            "C2": 61.493944889522155
        },
        "mAP_per_class_EMA": null
    },
    "CholecT50": {
        "AP": {
            "AP_i": 81.18024755621222,
            "AP_v": 56.21756209520684,
            "AP_t": 40.25486067142919,
            "AP_iv": 33.8951290017959,
            "AP_it": 31.110853309891972,
            "AP_ivt": 25.192107180438878
        },
        "AP_EMA": null
    }
}