{
    "Test": false,
    "Cholec80": {
        "F1_score": 70.87198129818918,
        "F1_score_EMA": 35.23061500424216,
        "Per_video_f1": {
            "cholec80_video41": 65.58740980598625,
            "cholec80_video43": 67.58769145413623,
            "cholec80_video44": 79.05716397546014,
            "cholec80_video45": 76.42469857541458,
            "cholec80_video46": 69.2250645132441,
            "cholec80_video47": 66.02342807012896,
            "cholec80_video48": 72.19841269295404
        },
        "Per_video_f1_EMA": {
            "cholec80_video41": 31.041052863664433,
            "cholec80_video43": 33.73629708896637,
            "cholec80_video44": 36.94084173370278,
            "cholec80_video45": 33.069631365666396,
            "cholec80_video46": 36.06169137491603,
            "cholec80_video47": 32.90721567361315,
            "cholec80_video48": 42.857574929165956
        }
    },
    "Endoscapes": {
        "mAP": 48.29666299566779,
        "mAP_EMA": 19.71388717208702,
        "mAP_per_class": {
            "C0": 44.40782490930015,
            "C1": 48.52088271832348,
            "C2": 51.96128135937973
        },
        "mAP_per_class_EMA": {
            "C0": 24.313940710197468,
            "C1": 16.77487788405555,
            "C2": 18.052842922008047
        }
    },
    "CholecT50": {
        "AP": {
            "AP_i": 84.07278196990353,
            "AP_v": 59.51980282678507,
            "AP_t": 43.87576643909368,
            "AP_iv": 39.82468737552576,
            "AP_it": 43.05543932620915,
            "AP_ivt": 36.48487691609776
        },
        "AP_EMA": {
            "AP_i": 59.3326520157311,
            "AP_v": 37.655855737249,
            "AP_t": 28.05599820891037,
            "AP_iv": 22.65527577037123,
            "AP_it": 21.31347456740231,
            "AP_ivt": 17.333905270154307
        }
    }
}