{
    "Test": false,
    "Cholec80": {
        "F1_score": 70.48517400191831,
        "F1_score_EMA": 74.18611757872378,
        "Per_video_f1": {
            "cholec80_video41": 67.94280931880962,
            "cholec80_video43": 66.52653220431975,
            "cholec80_video44": 76.14299581592613,
            "cholec80_video45": 69.09616248842454,
            "cholec80_video46": 71.1325041163302,
            "cholec80_video47": 70.10406920365385,
            "cholec80_video48": 72.45114486596404
        },
        "Per_video_f1_EMA": {
            "cholec80_video41": 72.37316204393147,
            "cholec80_video43": 69.15218795614302,
            "cholec80_video44": 77.32313417924442,
            "cholec80_video45": 80.18266450785002,
            "cholec80_video46": 73.64280698480303,
            "cholec80_video47": 68.97071493518142,
            "cholec80_video48": 77.65815244391305
        }
    },
    "Endoscapes": {
        "mAP": 37.462923917672974,
        "mAP_EMA": 46.74707422514622,
        "mAP_per_class": {
            "C0": 36.846357477634704,
            "C1": 44.554428868126486,
            "C2": 30.987985407257735
        },
        "mAP_per_class_EMA": {
            "C0": 42.072414154946856,
            "C1": 53.143572003984865,
            "C2": 45.025236516506936
        }
    },
    "CholecT50": {
        "AP": {
            "AP_i": 83.46896716638598,
            "AP_v": 56.63998598019721,
            "AP_t": 40.43956103467174,
            "AP_iv": 35.20000110677684,
            "AP_it": 36.87798323989547,
            "AP_ivt": 30.89614824367195
        },
        "AP_EMA": {
            "AP_i": 88.00337201521126,
            "AP_v": 62.01333844941958,
            "AP_t": 44.33536599272994,
            "AP_iv": 39.24735879715156,
            "AP_it": 41.560688128275366,
            "AP_ivt": 35.53850939266195
        }
    }
}