{
    "Test": false,
    "Cholec80": {
        "F1_score": 70.92707166054859,
        "F1_score_EMA": 68.0214761347879,
        "Per_video_f1": {
            "cholec80_video41": 71.7812465992293,
            "cholec80_video43": 60.344824673717014,
            "cholec80_video44": 74.14432811817454,
            "cholec80_video45": 70.57625454627065,
            "cholec80_video46": 73.01678304140282,
            "cholec80_video47": 74.23347224987957,
            "cholec80_video48": 72.39259239516628
        },
        "Per_video_f1_EMA": {
            "cholec80_video41": 71.47662872510227,
            "cholec80_video43": 65.25967638231195,
            "cholec80_video44": 70.61316886824892,
            "cholec80_video45": 69.18619614955703,
            "cholec80_video46": 63.159401657704386,
            "cholec80_video47": 64.67701090588179,
            "cholec80_video48": 71.77825025470898
        }
    },
    "Endoscapes": {
        "mAP": 32.652699052152784,
        "mAP_EMA": 45.4079354262387,
        "mAP_per_class": {
            "C0": 38.92316659222747,
            "C1": 24.90670219069652,
            "C2": 34.128228373534355
        },
        "mAP_per_class_EMA": {
            "C0": 42.15810423812234,
            "C1": 43.78859002456992,
            "C2": 50.27711201602384
        }
    },
    "CholecT50": {
        "AP": {
            "AP_i": 81.57660870848223,
            "AP_v": 57.98553322498604,
            "AP_t": 40.952523598652014,
            "AP_iv": 35.324099647001546,
            "AP_it": 36.10852610980088,
            "AP_ivt": 32.02563792540221
        },
        "AP_EMA": {
            "AP_i": 81.0582261561898,
            "AP_v": 59.10661624396473,
            "AP_t": 43.91449673619733,
            "AP_iv": 37.28696687666499,
            "AP_it": 39.090301461430435,
            "AP_ivt": 33.88338869474939
        }
    }
}