{
    "Test": true,
    "Cholec80": {
        "F1_score": 17.72277612057725,
        "F1_score_EMA": null,
        "Per_video_f1": {
            "cholec80_video51": 15.462861365010466,
            "cholec80_video53": 17.299781009028514,
            "cholec80_video54": 14.567763547355383,
            "cholec80_video55": 19.098384394469,
            "cholec80_video58": 24.500196077680254,
            "cholec80_video59": 26.587115448201505,
            "cholec80_video61": 15.243049337714032,
            "cholec80_video63": 9.501621944741482,
            "cholec80_video64": 23.534153262248083,
            "cholec80_video69": 17.351080525512394,
            "cholec80_video73": 15.973744511480362,
            "cholec80_video74": 6.644443845547462,
            "cholec80_video76": 21.33572943419878,
            "cholec80_video77": 24.374454831816017,
            "cholec80_video80": 14.36726227365505
        },
        "Per_video_f1_EMA": null
    },
    "Endoscapes": {
        "mAP": 31.873242941471187,
        "mAP_EMA": null,
        "mAP_per_class": {
            "C0": 29.76852749980143,
            "C1": 20.379224023056757,
            "C2": 45.47197730155538
        },
        "mAP_per_class_EMA": null
    },
    "CholecT50": {
        "AP": {
            "AP_i": 44.245982166821676,
            "AP_v": 32.29408092671275,
            "AP_t": 23.590401264793787,
            "AP_iv": 16.865997346189282,
            "AP_it": 12.44499126528586,
            "AP_ivt": 9.553418202736527
        },
        "AP_EMA": null
    }
}