{
    "Test": false,
    "Cholec80": {
        "F1_score": 72.73757864920553,
        "F1_score_EMA": 73.25008769512743,
        "Per_video_f1": {
            "cholec80_video41": 71.73574259375516,
            "cholec80_video43": 74.42145869186324,
            "cholec80_video44": 74.46913226348079,
            "cholec80_video45": 77.20358382300525,
            "cholec80_video46": 73.4739256842064,
            "cholec80_video47": 62.59708006658569,
            "cholec80_video48": 75.26212742154215
        },
        "Per_video_f1_EMA": {
            "cholec80_video41": 71.65286706737453,
            "cholec80_video43": 70.13656493274387,
            "cholec80_video44": 76.24932104077706,
            "cholec80_video45": 78.30402593256606,
            "cholec80_video46": 70.40805695875541,
            "cholec80_video47": 69.56642864945063,
            "cholec80_video48": 76.43334928422448
        }
    },
    "Endoscapes": {
        "mAP": 42.646223721368344,
        "mAP_EMA": 48.22948138565939,
        "mAP_per_class": {
            "C0": 42.245550521601594,
            "C1": 48.02945912864494,
            "C2": 37.66366151385849
        },
        "mAP_per_class_EMA": {
            "C0": 45.3477120628496,
            "C1": 50.58845970544403,
            "C2": 48.75227238868453
        }
    },
    "CholecT50": {
        "AP": {
            "AP_i": 85.66628643896502,
            "AP_v": 58.20378129392903,
            "AP_t": 42.47928776595067,
            "AP_iv": 35.43633444565226,
            "AP_it": 38.14516518175992,
            "AP_ivt": 32.69108844855023
        },
        "AP_EMA": {
            "AP_i": 87.82892741543871,
            "AP_v": 62.202157460336764,
            "AP_t": 44.63964924219974,
            "AP_iv": 39.28411950710513,
            "AP_it": 42.1507476895356,
            "AP_ivt": 36.097098599893805
        }
    }
}