{
    "Test": false,
    "Cholec80": {
        "F1_score": 66.58792474637451,
        "F1_score_EMA": 70.12038060771647,
        "Per_video_f1": {
            "cholec80_video41": 60.11569132493134,
            "cholec80_video43": 66.4057537049488,
            "cholec80_video44": 75.96272673298895,
            "cholec80_video45": 64.51977585021321,
            "cholec80_video46": 64.21575441085328,
            "cholec80_video47": 61.696734578779434,
            "cholec80_video48": 73.1990366219066
        },
        "Per_video_f1_EMA": {
            "cholec80_video41": 65.74786919493786,
            "cholec80_video43": 65.28065471045814,
            "cholec80_video44": 73.23004621652801,
            "cholec80_video45": 79.57004777764428,
            "cholec80_video46": 64.81933921920273,
            "cholec80_video47": 67.46840164632192,
            "cholec80_video48": 74.7263054889223
        }
    },
    "Endoscapes": {
        "mAP": 39.615681901488145,
        "mAP_EMA": 48.89056123697253,
        "mAP_per_class": {
            "C0": 32.06585027299931,
            "C1": 45.93649152901578,
            "C2": 40.84470390244933
        },
        "mAP_per_class_EMA": {
            "C0": 45.53058396237732,
            "C1": 50.971020996942485,
            "C2": 50.17007875159778
        }
    },
    "CholecT50": {
        "AP": {
            "AP_i": 77.0223463904181,
            "AP_v": 52.72644674205562,
            "AP_t": 38.976844676597025,
            "AP_iv": 33.76359633315186,
            "AP_it": 32.60986783552444,
            "AP_ivt": 27.09262233005478
        },
        "AP_EMA": {
            "AP_i": 81.93883573698227,
            "AP_v": 57.293707317170075,
            "AP_t": 42.70470166890671,
            "AP_iv": 35.72917172070625,
            "AP_it": 34.927472399007634,
            "AP_ivt": 29.999300073072195
        }
    }
}