{
    "Test": false,
    "Cholec80": {
        "F1_score": 72.59640054840635,
        "F1_score_EMA": 74.11621860045948,
        "Per_video_f1": {
            "cholec80_video41": 76.54517771511499,
            "cholec80_video43": 61.397356309904495,
            "cholec80_video44": 74.8420749513441,
            "cholec80_video45": 75.89023694312677,
            "cholec80_video46": 72.20094287514009,
            "cholec80_video47": 72.15896696103998,
            "cholec80_video48": 75.140048083174
        },
        "Per_video_f1_EMA": {
            "cholec80_video41": 71.93107934728656,
            "cholec80_video43": 69.79338841577764,
            "cholec80_video44": 76.91783645076313,
            "cholec80_video45": 79.60866096087152,
            "cholec80_video46": 73.33544063353882,
            "cholec80_video47": 69.35457295325676,
            "cholec80_video48": 77.87255144172194
        }
    },
    "Endoscapes": {
        "mAP": 44.493423466784876,
        "mAP_EMA": 47.35579823997729,
        "mAP_per_class": {
            "C0": 40.72819934856832,
            "C1": 45.86794095462846,
            "C2": 46.88413009715784
        },
        "mAP_per_class_EMA": {
            "C0": 42.901871920979694,
            "C1": 52.96551224071187,
            "C2": 46.2000105582403
        }
    },
    "CholecT50": {
        "AP": {
            "AP_i": 85.17958034387753,
            "AP_v": 58.48559444816287,
            "AP_t": 39.90738578725255,
            "AP_iv": 36.38088370461497,
            "AP_it": 37.748475786208346,
            "AP_ivt": 30.81023613299659
        },
        "AP_EMA": {
            "AP_i": 88.08656195977208,
            "AP_v": 62.052062989239076,
            "AP_t": 44.47078255497199,
            "AP_iv": 39.177415276888134,
            "AP_it": 41.96506112233622,
            "AP_ivt": 35.84265435307368
        }
    }
}