{
    "Test": false,
    "Cholec80": {
        "F1_score": 67.92088128486397,
        "F1_score_EMA": 67.96806469143269,
        "Per_video_f1": {
            "cholec80_video41": 78.45696290885911,
            "cholec80_video43": 58.862398606098445,
            "cholec80_video44": 84.5268711036929,
            "cholec80_video45": 85.18523184787537,
            "cholec80_video46": 78.69823080254078,
            "cholec80_video47": 39.73454171368966,
            "cholec80_video48": 66.30509737948029,
            "cholec80_video49": 45.20755149730352,
            "cholec80_video50": 74.31104570423562
        },
        "Per_video_f1_EMA": {
            "cholec80_video41": 73.65053984984533,
            "cholec80_video43": 72.98447049030992,
            "cholec80_video44": 66.26443438500466,
            "cholec80_video45": 76.1400278887263,
            "cholec80_video46": 66.23844003262144,
            "cholec80_video47": 59.20756321240652,
            "cholec80_video48": 63.420539219981606,
            "cholec80_video49": 73.13821719027645,
            "cholec80_video50": 60.668349953721915
        }
    },
    "Endoscapes": {
        "mAP": 44.66622631759629,
        "mAP_EMA": 46.70992962293864,
        "mAP_per_class": {
            "C0": 43.135452357712914,
            "C1": 43.53775719294004,
            "C2": 47.32546940213591
        },
        "mAP_per_class_EMA": {
            "C0": 44.62970466959665,
            "C1": 47.16169610914345,
            "C2": 48.33838809007582
        }
    },
    "CholecT50": {
        "AP": {
            "AP_i": 67.55417592566273,
            "AP_v": 47.93248288271301,
            "AP_t": 34.24515722815955,
            "AP_iv": 28.77234131972986,
            "AP_it": 31.077759025133123,
            "AP_ivt": 25.87630974604874
        },
        "AP_EMA": {
            "AP_i": 77.9926969809866,
            "AP_v": 59.281449802460884,
            "AP_t": 42.98726164850004,
            "AP_iv": 37.02424852007337,
            "AP_it": 37.94924182967624,
            "AP_ivt": 32.58773974030272
        }
    }
}