{
    "Test": false,
    "Cholec80": {
        "F1_score": 65.43285462639531,
        "F1_score_EMA": 73.53551687604917,
        "Per_video_f1": {
            "cholec80_video41": 77.6091051383021,
            "cholec80_video43": 44.918107087219056,
            "cholec80_video44": 79.28976990633973,
            "cholec80_video45": 78.91240324663109,
            "cholec80_video46": 79.7816060965273,
            "cholec80_video47": 52.45251592271841,
            "cholec80_video48": 53.609556944709226,
            "cholec80_video49": 51.83836755289452,
            "cholec80_video50": 70.48425974221644
        },
        "Per_video_f1_EMA": {
            "cholec80_video41": 80.71396331574168,
            "cholec80_video43": 56.04966756526465,
            "cholec80_video44": 83.01793750539035,
            "cholec80_video45": 83.69449342681295,
            "cholec80_video46": 83.53984916573684,
            "cholec80_video47": 56.05658257861198,
            "cholec80_video48": 65.90555916118326,
            "cholec80_video49": 68.98863372039045,
            "cholec80_video50": 83.8529654453104
        }
    },
    "Endoscapes": {
        "mAP": 47.319058490608775,
        "mAP_EMA": 48.821426944133954,
        "mAP_per_class": {
            "C0": 47.51592179975467,
            "C1": 47.01842750476366,
            "C2": 47.422826167307996
        },
        "mAP_per_class_EMA": {
            "C0": 50.00046614831501,
            "C1": 49.51154947225634,
            "C2": 46.952265211830515
        }
    },
    "CholecT50": {
        "AP": {
            "AP_i": 60.125255330855715,
            "AP_v": 45.02111832620089,
            "AP_t": 29.52704354236736,
            "AP_iv": 26.680397886739158,
            "AP_it": 25.657808405975874,
            "AP_ivt": 21.620825094473375
        },
        "AP_EMA": {
            "AP_i": 67.65591506397426,
            "AP_v": 48.3852594600239,
            "AP_t": 33.26144857489647,
            "AP_iv": 30.466326402063768,
            "AP_it": 31.79125478105761,
            "AP_ivt": 26.174729921784305
        }
    }
}