{
    "Test": false,
    "Cholec80": {
        "F1_score": 63.66342804860588,
        "F1_score_EMA": 75.87097396368564,
        "Per_video_f1": {
            "cholec80_video41": 75.04330995425887,
            "cholec80_video43": 48.357532410823104,
            "cholec80_video44": 84.91660994484833,
            "cholec80_video45": 83.88459338076476,
            "cholec80_video46": 81.09695960251429,
            "cholec80_video47": 43.38446053279685,
            "cholec80_video48": 56.1398483289331,
            "cholec80_video49": 38.720716909871825,
            "cholec80_video50": 61.426821372641804
        },
        "Per_video_f1_EMA": {
            "cholec80_video41": 79.32090944344662,
            "cholec80_video43": 67.47178659667668,
            "cholec80_video44": 81.84403548133321,
            "cholec80_video45": 85.44030470956456,
            "cholec80_video46": 81.467593536823,
            "cholec80_video47": 58.47601537546353,
            "cholec80_video48": 74.06377959763878,
            "cholec80_video49": 79.0862381542248,
            "cholec80_video50": 75.66810277799965
        }
    },
    "Endoscapes": {
        "mAP": 47.42668915727557,
        "mAP_EMA": 49.35819173260943,
        "mAP_per_class": {
            "C0": 49.26752523653934,
            "C1": 51.07927375995115,
            "C2": 41.93326847533622
        },
        "mAP_per_class_EMA": {
            "C0": 49.1476793234291,
            "C1": 49.935695668272785,
            "C2": 48.9912002061264
        }
    },
    "CholecT50": {
        "AP": {
            "AP_i": 59.323906926759804,
            "AP_v": 42.92558727192865,
            "AP_t": 28.36356980862799,
            "AP_iv": 27.470342835456407,
            "AP_it": 27.638018769048895,
            "AP_ivt": 22.41552968230675
        },
        "AP_EMA": {
            "AP_i": 74.80919355786773,
            "AP_v": 57.10445402778767,
            "AP_t": 38.343690330010915,
            "AP_iv": 34.79249086513575,
            "AP_it": 34.39020606958339,
            "AP_ivt": 29.226116175962048
        }
    }
}