{
    "Test": false,
    "Cholec80": {
        "F1_score": 67.96989824764839,
        "F1_score_EMA": 71.14874825752712,
        "Per_video_f1": {
            "cholec80_video41": 77.76103688794625,
            "cholec80_video43": 54.22935410331855,
            "cholec80_video44": 82.5169375457677,
            "cholec80_video45": 82.37566231936937,
            "cholec80_video46": 80.13504635204661,
            "cholec80_video47": 47.781333100268704,
            "cholec80_video48": 62.97311825697884,
            "cholec80_video49": 55.74806204992234,
            "cholec80_video50": 68.20853361321717
        },
        "Per_video_f1_EMA": {
            "cholec80_video41": 80.12631159276783,
            "cholec80_video43": 51.46913378804108,
            "cholec80_video44": 83.33932307695765,
            "cholec80_video45": 82.30376988593743,
            "cholec80_video46": 83.58086909012263,
            "cholec80_video47": 53.78918534229945,
            "cholec80_video48": 64.0470595773471,
            "cholec80_video49": 62.53120397960102,
            "cholec80_video50": 79.15187798466992
        }
    },
    "Endoscapes": {
        "mAP": 47.29667762849861,
        "mAP_EMA": 47.84938147220622,
        "mAP_per_class": {
            "C0": 48.549500217868136,
            "C1": 48.61079307270568,
            "C2": 44.729739594921995
        },
        "mAP_per_class_EMA": {
            "C0": 49.23698824103223,
            "C1": 48.53388780210732,
            "C2": 45.777268373479096
        }
    },
    "CholecT50": {
        "AP": {
            "AP_i": 60.823615369752666,
            "AP_v": 43.49660485826674,
            "AP_t": 30.986082930876293,
            "AP_iv": 28.309092476206494,
            "AP_it": 29.262805110598087,
            "AP_ivt": 23.651182364567866
        },
        "AP_EMA": {
            "AP_i": 64.26967163213821,
            "AP_v": 45.389300992138814,
            "AP_t": 31.658837464361874,
            "AP_iv": 28.656757481875346,
            "AP_it": 30.704631745002416,
            "AP_ivt": 25.096411465157168
        }
    }
}