{
    "Test": false,
    "Cholec80": {
        "F1_score": 54.44193678804169,
        "F1_score_EMA": 61.19214569816824,
        "Per_video_f1": {
            "cholec80_video41": 77.5184686064488,
            "cholec80_video43": 24.153715673065008,
            "cholec80_video44": 78.87639227746376,
            "cholec80_video45": 70.2201207408215,
            "cholec80_video46": 79.93916954276162,
            "cholec80_video47": 31.7098895423701,
            "cholec80_video48": 31.883589842888593,
            "cholec80_video49": 32.7018704717018,
            "cholec80_video50": 62.974214394853966
        },
        "Per_video_f1_EMA": {
            "cholec80_video41": 80.30321372558495,
            "cholec80_video43": 35.194030766076295,
            "cholec80_video44": 82.6061058630934,
            "cholec80_video45": 78.79430494996849,
            "cholec80_video46": 82.81276690784534,
            "cholec80_video47": 39.861868141042365,
            "cholec80_video48": 46.96787663544361,
            "cholec80_video49": 41.0619718385289,
            "cholec80_video50": 63.12717245593077
        }
    },
    "Endoscapes": {
        "mAP": 43.36610061927571,
        "mAP_EMA": 45.92095699806953,
        "mAP_per_class": {
            "C0": 48.14140324202752,
            "C1": 45.46094882006043,
            "C2": 36.49594979573919
        },
        "mAP_per_class_EMA": {
            "C0": 47.52952588275468,
            "C1": 47.187927152066166,
            "C2": 43.04541795938774
        }
    },
    "CholecT50": {
        "AP": {
            "AP_i": 53.3576326604067,
            "AP_v": 40.94395606012758,
            "AP_t": 25.002729813015357,
            "AP_iv": 24.230929090960554,
            "AP_it": 21.724584535786036,
            "AP_ivt": 18.056808783415264
        },
        "AP_EMA": {
            "AP_i": 57.55267266540731,
            "AP_v": 39.84094629065754,
            "AP_t": 27.10878566110434,
            "AP_iv": 23.88411809860091,
            "AP_it": 25.412322691278685,
            "AP_ivt": 20.57947171553492
        }
    }
}