{
    "Test": false,
    "Cholec80": {
        "F1_score": 63.246059777454256,
        "F1_score_EMA": 73.78487571822068,
        "Per_video_f1": {
            "cholec80_video41": 81.0385093554799,
            "cholec80_video43": 37.715977122047924,
            "cholec80_video44": 86.05558178244227,
            "cholec80_video45": 82.89225450920954,
            "cholec80_video46": 80.51359458395339,
            "cholec80_video47": 36.00332475317116,
            "cholec80_video48": 49.995959177118245,
            "cholec80_video49": 42.62346904231021,
            "cholec80_video50": 72.37586767135569
        },
        "Per_video_f1_EMA": {
            "cholec80_video41": 79.99820678056813,
            "cholec80_video43": 58.848512731362014,
            "cholec80_video44": 82.6460397487752,
            "cholec80_video45": 83.96907161394755,
            "cholec80_video46": 80.84757410609511,
            "cholec80_video47": 55.83472582583726,
            "cholec80_video48": 67.75722484458939,
            "cholec80_video49": 70.67023999238317,
            "cholec80_video50": 83.49228582042821
        }
    },
    "Endoscapes": {
        "mAP": 44.931890961760004,
        "mAP_EMA": 49.59017299199259,
        "mAP_per_class": {
            "C0": 43.84504698462561,
            "C1": 45.81264005230102,
            "C2": 45.13798584835339
        },
        "mAP_per_class_EMA": {
            "C0": 48.76036809477855,
            "C1": 50.61884727483699,
            "C2": 49.391303606362236
        }
    },
    "CholecT50": {
        "AP": {
            "AP_i": 62.405577923339855,
            "AP_v": 45.3522372062364,
            "AP_t": 30.69390794738741,
            "AP_iv": 28.562812963639335,
            "AP_it": 28.878030262059387,
            "AP_ivt": 23.58667786062601
        },
        "AP_EMA": {
            "AP_i": 70.77763045308488,
            "AP_v": 50.701533677975576,
            "AP_t": 35.74212909458676,
            "AP_iv": 30.8943349154562,
            "AP_it": 33.378058662309265,
            "AP_ivt": 27.419018314169794
        }
    }
}