{
    "Test": false,
    "Cholec80": {
        "F1_score": 68.92913273377532,
        "F1_score_EMA": 76.12134261736034,
        "Per_video_f1": {
            "cholec80_video41": 76.44378894674425,
            "cholec80_video43": 55.50313307110072,
            "cholec80_video44": 82.28895777275861,
            "cholec80_video45": 83.06296707090077,
            "cholec80_video46": 81.1567088565052,
            "cholec80_video47": 50.74866095947724,
            "cholec80_video48": 59.70130913399142,
            "cholec80_video49": 55.51128546812637,
            "cholec80_video50": 75.94538332437327
        },
        "Per_video_f1_EMA": {
            "cholec80_video41": 80.32900030849827,
            "cholec80_video43": 65.45444863407643,
            "cholec80_video44": 79.41022237561278,
            "cholec80_video45": 86.66021804845637,
            "cholec80_video46": 81.11103028114897,
            "cholec80_video47": 58.71032878076294,
            "cholec80_video48": 72.22323957868977,
            "cholec80_video49": 78.55795059997311,
            "cholec80_video50": 82.6356449490244
        }
    },
    "Endoscapes": {
        "mAP": 50.85922045879108,
        "mAP_EMA": 50.29720904684558,
        "mAP_per_class": {
            "C0": 53.42448071369497,
            "C1": 52.52730911832896,
            "C2": 46.62587154434931
        },
        "mAP_per_class_EMA": {
            "C0": 50.85252608978282,
            "C1": 51.31460060253046,
            "C2": 48.72450044822346
        }
    },
    "CholecT50": {
        "AP": {
            "AP_i": 60.90541616534952,
            "AP_v": 42.857178715100474,
            "AP_t": 29.33962712692399,
            "AP_iv": 25.728136135926185,
            "AP_it": 25.37141840225384,
            "AP_ivt": 20.71531635094927
        },
        "AP_EMA": {
            "AP_i": 75.51126164026213,
            "AP_v": 54.181609010378146,
            "AP_t": 38.05940366713727,
            "AP_iv": 33.50109810316476,
            "AP_it": 34.43153304125111,
            "AP_ivt": 28.371289577670986
        }
    }
}