{
    "Test": true,
    "Cholec80": {
        "F1_score": 71.99156436501978,
        "F1_score_EMA": null,
        "Per_video_f1": {
            "cholec80_video51": 73.05540642611616,
            "cholec80_video53": 68.67005946992818,
            "cholec80_video54": 69.50675526308594,
            "cholec80_video55": 75.78665892048193,
            "cholec80_video58": 55.843776718102724,
            "cholec80_video59": 81.66354312446306,
            "cholec80_video61": 68.33379885509538,
            "cholec80_video63": 63.61978114765744,
            "cholec80_video64": 84.4699441077542,
            "cholec80_video69": 76.98306612288216,
            "cholec80_video73": 82.30461984699873,
            "cholec80_video74": 58.89809114454076,
            "cholec80_video76": 71.65777573334448,
            "cholec80_video77": 80.70877390529921,
            "cholec80_video80": 68.37141468954647
        },
        "Per_video_f1_EMA": null
    },
    "Endoscapes": {
        "mAP": 52.09391056422441,
        "mAP_EMA": null,
        "mAP_per_class": {
            "C0": 51.20654634592289,
            "C1": 41.06276690770014,
            "C2": 64.01241843905021
        },
        "mAP_per_class_EMA": null
    },
    "CholecT50": {
        "AP": {
            "AP_i": 85.1760582975072,
            "AP_v": 61.793107785275296,
            "AP_t": 41.30910450428507,
            "AP_iv": 36.783014103709704,
            "AP_it": 31.82849718639669,
            "AP_ivt": 26.55872253071532
        },
        "AP_EMA": null
    }
}