{
    "Test": false,
    "Cholec80": {
        "F1_score": 55.95734560357614,
        "F1_score_EMA": 65.49809817646408,
        "Per_video_f1": {
            "cholec80_video41": 74.4856026774586,
            "cholec80_video43": 31.987801317806458,
            "cholec80_video44": 83.9329975796346,
            "cholec80_video45": 68.21367541209256,
            "cholec80_video46": 79.9071348130865,
            "cholec80_video47": 32.11121545570505,
            "cholec80_video48": 39.766191835506476,
            "cholec80_video49": 27.392709153199657,
            "cholec80_video50": 65.81878218769532
        },
        "Per_video_f1_EMA": {
            "cholec80_video41": 79.89373270416465,
            "cholec80_video43": 42.00666345361952,
            "cholec80_video44": 82.65292847553825,
            "cholec80_video45": 80.57386940336248,
            "cholec80_video46": 83.20715677941806,
            "cholec80_video47": 45.01373613345872,
            "cholec80_video48": 56.399161290614416,
            "cholec80_video49": 50.51784972797567,
            "cholec80_video50": 69.21778562002498
        }
    },
    "Endoscapes": {
        "mAP": 44.53067094150983,
        "mAP_EMA": 46.475408855970045,
        "mAP_per_class": {
            "C0": 49.13277654087225,
            "C1": 44.37844339799071,
            "C2": 40.08079288566653
        },
        "mAP_per_class_EMA": {
            "C0": 48.11754546443958,
            "C1": 47.53994763375257,
            "C2": 43.76873346971799
        }
    },
    "CholecT50": {
        "AP": {
            "AP_i": 59.31030241248171,
            "AP_v": 40.957525715559605,
            "AP_t": 28.231855514403662,
            "AP_iv": 25.030213126140154,
            "AP_it": 25.572743570170207,
            "AP_ivt": 20.694788220413102
        },
        "AP_EMA": {
            "AP_i": 60.818396219086594,
            "AP_v": 42.47936031764756,
            "AP_t": 29.269297072891252,
            "AP_iv": 26.44794385911346,
            "AP_it": 28.4837839507554,
            "AP_ivt": 23.049687192613725
        }
    }
}