{
    "Test": false,
    "Cholec80": {
        "F1_score": 50.15711934609433,
        "F1_score_EMA": 52.63745262392859,
        "Per_video_f1": {
            "cholec80_video41": 77.0735869332865,
            "cholec80_video43": 21.233711077902043,
            "cholec80_video44": 80.8497946763748,
            "cholec80_video45": 71.18547635637215,
            "cholec80_video46": 80.89463644947399,
            "cholec80_video47": 28.12318388802456,
            "cholec80_video48": 25.744772321053315,
            "cholec80_video49": 21.01337092438453,
            "cholec80_video50": 45.295541487977104
        },
        "Per_video_f1_EMA": {
            "cholec80_video41": 77.3667388306148,
            "cholec80_video43": 23.16043678434506,
            "cholec80_video44": 80.36133540039593,
            "cholec80_video45": 78.38452981750619,
            "cholec80_video46": 83.28764937621803,
            "cholec80_video47": 27.95059268698904,
            "cholec80_video48": 34.75367350677824,
            "cholec80_video49": 29.964108917179644,
            "cholec80_video50": 38.50800829533037
        }
    },
    "Endoscapes": {
        "mAP": 41.75131219979203,
        "mAP_EMA": 47.352775255389524,
        "mAP_per_class": {
            "C0": 42.67499201271075,
            "C1": 45.65793316946943,
            "C2": 36.921011417195906
        },
        "mAP_per_class_EMA": {
            "C0": 46.359893931250106,
            "C1": 50.926766923014334,
            "C2": 44.771664911904125
        }
    },
    "CholecT50": {
        "AP": {
            "AP_i": 45.38204395663194,
            "AP_v": 32.22526966300798,
            "AP_t": 23.059509250588683,
            "AP_iv": 18.985887734804837,
            "AP_it": 18.717621481809513,
            "AP_ivt": 15.783652909149906
        },
        "AP_EMA": {
            "AP_i": 50.53467689432184,
            "AP_v": 35.74936981541703,
            "AP_t": 25.032482925286427,
            "AP_iv": 21.645742056137117,
            "AP_it": 22.179049898485573,
            "AP_ivt": 18.721815233006186
        }
    }
}