{
    "Test": false,
    "Cholec80": {
        "F1_score": 69.55450153020595,
        "F1_score_EMA": 34.58263807795577,
        "Per_video_f1": {
            "cholec80_video41": 75.99460207085589,
            "cholec80_video43": 51.36420414531454,
            "cholec80_video44": 81.60228901760772,
            "cholec80_video45": 81.99741887163198,
            "cholec80_video46": 76.0266215404974,
            "cholec80_video47": 57.0101780018219,
            "cholec80_video48": 59.44906142366019,
            "cholec80_video49": 71.27276922349505,
            "cholec80_video50": 71.27336947696894
        },
        "Per_video_f1_EMA": {
            "cholec80_video41": 33.65172820040549,
            "cholec80_video43": 28.506414289603914,
            "cholec80_video44": 37.54672001720154,
            "cholec80_video45": 37.41901878067244,
            "cholec80_video46": 32.554190820621976,
            "cholec80_video47": 32.85043755249801,
            "cholec80_video48": 33.94939589132794,
            "cholec80_video49": 32.90622331752256,
            "cholec80_video50": 41.859613831748085
        }
    },
    "Endoscapes": {
        "mAP": 49.45656522732642,
        "mAP_EMA": 20.65318542205192,
        "mAP_per_class": {
            "C0": 51.0312198651298,
            "C1": 50.83264403432023,
            "C2": 46.505831782529235
        },
        "mAP_per_class_EMA": {
            "C0": 21.440258278159824,
            "C1": 19.41087992759554,
            "C2": 21.108418060400393
        }
    },
    "CholecT50": {
        "AP": {
            "AP_i": 61.69306497093919,
            "AP_v": 44.882955518777116,
            "AP_t": 29.569893926799963,
            "AP_iv": 26.22036492393546,
            "AP_it": 26.800879220538878,
            "AP_ivt": 22.347360265137794
        },
        "AP_EMA": {
            "AP_i": 43.949273542137455,
            "AP_v": 35.43394490772736,
            "AP_t": 28.93012824613129,
            "AP_iv": 21.72873585242715,
            "AP_it": 18.48445063697225,
            "AP_ivt": 16.445988989240508
        }
    }
}