{
    "Test": false,
    "Cholec80": {
        "F1_score": 62.98401275169484,
        "F1_score_EMA": 69.2144760248906,
        "Per_video_f1": {
            "cholec80_video41": 76.79446796580386,
            "cholec80_video43": 48.690850705632165,
            "cholec80_video44": 80.90993928399618,
            "cholec80_video45": 75.62555637028517,
            "cholec80_video46": 79.60010071181986,
            "cholec80_video47": 40.9332953313593,
            "cholec80_video48": 57.69667935629897,
            "cholec80_video49": 43.673712851681856,
            "cholec80_video50": 62.93151218837622
        },
        "Per_video_f1_EMA": {
            "cholec80_video41": 80.55672387891974,
            "cholec80_video43": 52.46996600683603,
            "cholec80_video44": 84.20555503749034,
            "cholec80_video45": 80.47967637585064,
            "cholec80_video46": 82.50308984779542,
            "cholec80_video47": 47.50617079892301,
            "cholec80_video48": 63.92488226282589,
            "cholec80_video49": 61.08687725998338,
            "cholec80_video50": 70.19734275539095
        }
    },
    "Endoscapes": {
        "mAP": 46.6340648719524,
        "mAP_EMA": 48.216325971530246,
        "mAP_per_class": {
            "C0": 51.99380207384554,
            "C1": 46.154395484951735,
            "C2": 41.75399705705991
        },
        "mAP_per_class_EMA": {
            "C0": 50.42667823477761,
            "C1": 48.57928075024982,
            "C2": 45.64301892956331
        }
    },
    "CholecT50": {
        "AP": {
            "AP_i": 57.11790417975357,
            "AP_v": 41.24643023334258,
            "AP_t": 28.179808273689503,
            "AP_iv": 26.943713379672953,
            "AP_it": 27.9251091182603,
            "AP_ivt": 23.009146282747285
        },
        "AP_EMA": {
            "AP_i": 63.58106142960892,
            "AP_v": 45.355325332562806,
            "AP_t": 30.85469093306842,
            "AP_iv": 29.766187662830546,
            "AP_it": 30.59664361321863,
            "AP_ivt": 25.26457868772826
        }
    }
}