{
    "Test": false,
    "Cholec80": {
        "F1_score": 53.61762002811259,
        "F1_score_EMA": 66.16150397536086,
        "Per_video_f1": {
            "cholec80_video41": 77.68712537631774,
            "cholec80_video43": 25.17686034422458,
            "cholec80_video44": 84.85966766482986,
            "cholec80_video45": 65.92245876006115,
            "cholec80_video46": 80.33696423796644,
            "cholec80_video47": 27.875576432610423,
            "cholec80_video48": 34.79481686191725,
            "cholec80_video49": 27.59548390825355,
            "cholec80_video50": 58.30962666683233
        },
        "Per_video_f1_EMA": {
            "cholec80_video41": 80.06733808486457,
            "cholec80_video43": 43.27564811322952,
            "cholec80_video44": 84.25009541619184,
            "cholec80_video45": 81.02992851480172,
            "cholec80_video46": 82.83394438286052,
            "cholec80_video47": 43.5711108959713,
            "cholec80_video48": 54.72985307071577,
            "cholec80_video49": 50.64198944467944,
            "cholec80_video50": 75.05362785493307
        }
    },
    "Endoscapes": {
        "mAP": 43.81575260989213,
        "mAP_EMA": 46.93633524955933,
        "mAP_per_class": {
            "C0": 46.77572453499895,
            "C1": 44.05722226019784,
            "C2": 40.61431103447959
        },
        "mAP_per_class_EMA": {
            "C0": 47.22897179436038,
            "C1": 47.70533321033179,
            "C2": 45.874700743985805
        }
    },
    "CholecT50": {
        "AP": {
            "AP_i": 54.15515600411768,
            "AP_v": 40.32037724359829,
            "AP_t": 26.51318175922257,
            "AP_iv": 26.060094650717915,
            "AP_it": 26.58538731962318,
            "AP_ivt": 22.055576082053417
        },
        "AP_EMA": {
            "AP_i": 64.30733165195261,
            "AP_v": 46.16314925825314,
            "AP_t": 30.32336695836855,
            "AP_iv": 28.629430370109993,
            "AP_it": 29.839214271867352,
            "AP_ivt": 24.461909605940615
        }
    }
}