{
    "Test": false,
    "Cholec80": {
        "F1_score": 62.96527128186771,
        "F1_score_EMA": 67.80222403679159,
        "Per_video_f1": {
            "cholec80_video41": 77.79781664984398,
            "cholec80_video43": 41.142771587479,
            "cholec80_video44": 81.80292334971668,
            "cholec80_video45": 82.7545836794113,
            "cholec80_video46": 81.71059511864487,
            "cholec80_video47": 43.377664892311216,
            "cholec80_video48": 45.1542494606903,
            "cholec80_video49": 42.53000071754497,
            "cholec80_video50": 70.41683608116708
        },
        "Per_video_f1_EMA": {
            "cholec80_video41": 78.85452030663785,
            "cholec80_video43": 44.88947456275746,
            "cholec80_video44": 84.77599311948266,
            "cholec80_video45": 82.66622787540133,
            "cholec80_video46": 83.18273889036108,
            "cholec80_video47": 48.49641586105592,
            "cholec80_video48": 55.10791973593714,
            "cholec80_video49": 55.36790989446669,
            "cholec80_video50": 76.87881608502417
        }
    },
    "Endoscapes": {
        "mAP": 43.11132070676704,
        "mAP_EMA": 49.197301036763115,
        "mAP_per_class": {
            "C0": 41.24611489208881,
            "C1": 43.94184129432575,
            "C2": 44.14600593388656
        },
        "mAP_per_class_EMA": {
            "C0": 51.60701085476168,
            "C1": 51.012670292728615,
            "C2": 44.97222196279904
        }
    },
    "CholecT50": {
        "AP": {
            "AP_i": 56.4758982242926,
            "AP_v": 40.01776787400412,
            "AP_t": 26.782007121632223,
            "AP_iv": 26.262942931819538,
            "AP_it": 25.380899652000654,
            "AP_ivt": 21.54742844123434
        },
        "AP_EMA": {
            "AP_i": 61.4305542626713,
            "AP_v": 43.24684659114426,
            "AP_t": 30.418708948971894,
            "AP_iv": 27.27543767886912,
            "AP_it": 29.852430516454064,
            "AP_ivt": 24.367127036451997
        }
    }
}