{
    "Test": false,
    "Cholec80": {
        "F1_score": 72.69126708502655,
        "F1_score_EMA": 68.86004094226566,
        "Per_video_f1": {
            "cholec80_video41": 82.30885283532113,
            "cholec80_video43": 56.51634269983099,
            "cholec80_video44": 81.10987173484654,
            "cholec80_video45": 86.29751051421337,
            "cholec80_video46": 78.76291408173427,
            "cholec80_video47": 53.40452609036378,
            "cholec80_video48": 74.9161341397298,
            "cholec80_video49": 60.93510214631819,
            "cholec80_video50": 79.97014952288087
        },
        "Per_video_f1_EMA": {
            "cholec80_video41": 74.63089308598774,
            "cholec80_video43": 72.70494659997007,
            "cholec80_video44": 67.95283532100687,
            "cholec80_video45": 76.27123525346792,
            "cholec80_video46": 66.5421326582041,
            "cholec80_video47": 57.87105508225696,
            "cholec80_video48": 65.47670524829209,
            "cholec80_video49": 75.01224798844507,
            "cholec80_video50": 63.27831724276013
        }
    },
    "Endoscapes": {
        "mAP": 48.190903067556036,
        "mAP_EMA": 46.50685935249167,
        "mAP_per_class": {
            "C0": 44.86825676665448,
            "C1": 49.378258659956444,
            "C2": 50.326193776057174
        },
        "mAP_per_class_EMA": {
            "C0": 43.372127937636094,
            "C1": 46.451004550106255,
            "C2": 49.69744556973264
        }
    },
    "CholecT50": {
        "AP": {
            "AP_i": 66.86444292646347,
            "AP_v": 48.80340470289556,
            "AP_t": 34.85198630820781,
            "AP_iv": 29.617730183404362,
            "AP_it": 32.705947907090874,
            "AP_ivt": 26.85108998586596
        },
        "AP_EMA": {
            "AP_i": 81.3335137041394,
            "AP_v": 62.24707448715272,
            "AP_t": 43.08553521347475,
            "AP_iv": 39.15295187720019,
            "AP_it": 38.24925071710084,
            "AP_ivt": 33.8539420448999
        }
    }
}