{
    "Test": false,
    "Cholec80": {
        "F1_score": 53.3750498517632,
        "F1_score_EMA": 60.79458283884521,
        "Per_video_f1": {
            "cholec80_video41": 77.04963227592579,
            "cholec80_video43": 26.24070853786727,
            "cholec80_video44": 84.73245197715812,
            "cholec80_video45": 68.5126729223238,
            "cholec80_video46": 81.1948154129036,
            "cholec80_video47": 27.48370667121601,
            "cholec80_video48": 33.276236128245436,
            "cholec80_video49": 26.90319284392374,
            "cholec80_video50": 54.98203189630505
        },
        "Per_video_f1_EMA": {
            "cholec80_video41": 79.99251592227884,
            "cholec80_video43": 34.089821746830786,
            "cholec80_video44": 84.6085964212936,
            "cholec80_video45": 77.99454260780666,
            "cholec80_video46": 83.01859527457027,
            "cholec80_video47": 34.68768683273639,
            "cholec80_video48": 46.72259312640276,
            "cholec80_video49": 37.8807930209112,
            "cholec80_video50": 68.1561005967764
        }
    },
    "Endoscapes": {
        "mAP": 41.60613790786113,
        "mAP_EMA": 45.865853423718775,
        "mAP_per_class": {
            "C0": 44.34503581505378,
            "C1": 41.026747732892446,
            "C2": 39.44663017563717
        },
        "mAP_per_class_EMA": {
            "C0": 46.78113142710424,
            "C1": 46.38792005037884,
            "C2": 44.42850879367325
        }
    },
    "CholecT50": {
        "AP": {
            "AP_i": 48.62323804945527,
            "AP_v": 32.549748637254844,
            "AP_t": 22.78248990841518,
            "AP_iv": 21.055741919618487,
            "AP_it": 20.58792297921578,
            "AP_ivt": 16.523721681508384
        },
        "AP_EMA": {
            "AP_i": 59.919972674748884,
            "AP_v": 43.56038140583335,
            "AP_t": 28.096780057895593,
            "AP_iv": 27.071515469414305,
            "AP_it": 27.55805698732673,
            "AP_ivt": 22.691100462380255
        }
    }
}