{
    "Test": false,
    "Cholec80": {
        "F1_score": 61.7047036112266,
        "F1_score_EMA": 67.98603697327552,
        "Per_video_f1": {
            "cholec80_video41": 77.38747796124407,
            "cholec80_video43": 38.00103205243822,
            "cholec80_video44": 79.42644689642414,
            "cholec80_video45": 76.51071076930282,
            "cholec80_video46": 81.82026538358217,
            "cholec80_video47": 41.991899605798515,
            "cholec80_video48": 44.99161263537114,
            "cholec80_video49": 44.84255100934946,
            "cholec80_video50": 70.37033618752888
        },
        "Per_video_f1_EMA": {
            "cholec80_video41": 80.10789305099567,
            "cholec80_video43": 46.53029045010737,
            "cholec80_video44": 82.71448518168854,
            "cholec80_video45": 81.8907334876401,
            "cholec80_video46": 83.23533676745215,
            "cholec80_video47": 48.46563102294354,
            "cholec80_video48": 59.28691319679983,
            "cholec80_video49": 55.86255266570424,
            "cholec80_video50": 73.78049693614824
        }
    },
    "Endoscapes": {
        "mAP": 44.51983271309723,
        "mAP_EMA": 47.001978009476325,
        "mAP_per_class": {
            "C0": 49.45978635736357,
            "C1": 42.432065670631765,
            "C2": 41.667646111296364
        },
        "mAP_per_class_EMA": {
            "C0": 48.40329280367846,
            "C1": 48.03997986527904,
            "C2": 44.56266135947147
        }
    },
    "CholecT50": {
        "AP": {
            "AP_i": 57.19592549020533,
            "AP_v": 38.89835849780199,
            "AP_t": 27.713055622293933,
            "AP_iv": 24.487431799973077,
            "AP_it": 25.173490933172914,
            "AP_ivt": 20.608854030700293
        },
        "AP_EMA": {
            "AP_i": 62.47980109584348,
            "AP_v": 43.99709784477888,
            "AP_t": 30.509408769231502,
            "AP_iv": 27.557211425714645,
            "AP_it": 29.466173921618154,
            "AP_ivt": 23.894684914286714
        }
    }
}