{
    "Test": false,
    "Cholec80": {
        "F1_score": 62.928492204476576,
        "F1_score_EMA": 74.5447421762412,
        "Per_video_f1": {
            "cholec80_video41": 78.63325448037492,
            "cholec80_video43": 47.78478985072254,
            "cholec80_video44": 81.69874778772649,
            "cholec80_video45": 80.07537647094473,
            "cholec80_video46": 80.9441676431636,
            "cholec80_video47": 38.64365213160054,
            "cholec80_video48": 53.27991549727403,
            "cholec80_video49": 39.84111528925089,
            "cholec80_video50": 65.45541068923148
        },
        "Per_video_f1_EMA": {
            "cholec80_video41": 78.59850922227272,
            "cholec80_video43": 71.55876851801091,
            "cholec80_video44": 77.54625934883518,
            "cholec80_video45": 84.18962518513578,
            "cholec80_video46": 75.97409251398349,
            "cholec80_video47": 58.93397589877276,
            "cholec80_video48": 72.13369109701138,
            "cholec80_video49": 74.95506271240443,
            "cholec80_video50": 77.01269508974418
        }
    },
    "Endoscapes": {
        "mAP": 49.84804807594838,
        "mAP_EMA": 49.930937313390984,
        "mAP_per_class": {
            "C0": 50.17193653967262,
            "C1": 51.46305613773754,
            "C2": 47.90915155043497
        },
        "mAP_per_class_EMA": {
            "C0": 49.18842743564916,
            "C1": 50.267566481988055,
            "C2": 50.336818022535745
        }
    },
    "CholecT50": {
        "AP": {
            "AP_i": 60.918888843992875,
            "AP_v": 44.40606453497989,
            "AP_t": 27.797248159074137,
            "AP_iv": 26.668391055771153,
            "AP_it": 27.02468339144755,
            "AP_ivt": 22.68931150460975
        },
        "AP_EMA": {
            "AP_i": 81.89202710430534,
            "AP_v": 60.61424923006082,
            "AP_t": 42.66636594802959,
            "AP_iv": 37.09786090924322,
            "AP_it": 37.38028259918602,
            "AP_ivt": 31.871344884449456
        }
    }
}