{
    "Test": false,
    "Cholec80": {
        "F1_score": 61.35557672691879,
        "F1_score_EMA": 66.04218277984066,
        "Per_video_f1": {
            "cholec80_video41": 78.75601295710932,
            "cholec80_video43": 37.341723976423594,
            "cholec80_video44": 82.50123762703781,
            "cholec80_video45": 75.94491726455432,
            "cholec80_video46": 80.4849816896116,
            "cholec80_video47": 44.603576545706844,
            "cholec80_video48": 50.391723698882615,
            "cholec80_video49": 48.013115125893954,
            "cholec80_video50": 54.162901657049034
        },
        "Per_video_f1_EMA": {
            "cholec80_video41": 80.27457980027945,
            "cholec80_video43": 48.00498737581324,
            "cholec80_video44": 84.3622386113458,
            "cholec80_video45": 78.19884161692137,
            "cholec80_video46": 82.84797895265879,
            "cholec80_video47": 46.54668157364411,
            "cholec80_video48": 57.75123234298275,
            "cholec80_video49": 56.07137582893811,
            "cholec80_video50": 60.321728915982256
        }
    },
    "Endoscapes": {
        "mAP": 44.68768252053314,
        "mAP_EMA": 47.35916960000472,
        "mAP_per_class": {
            "C0": 51.72144132904257,
            "C1": 43.221458608025074,
            "C2": 39.120147624531775
        },
        "mAP_per_class_EMA": {
            "C0": 50.21256667116328,
            "C1": 47.57599460458045,
            "C2": 44.28894752427043
        }
    },
    "CholecT50": {
        "AP": {
            "AP_i": 55.53872521960947,
            "AP_v": 38.14562044198645,
            "AP_t": 28.555319877424168,
            "AP_iv": 25.043889522883347,
            "AP_it": 26.071793566851863,
            "AP_ivt": 21.088964558633737
        },
        "AP_EMA": {
            "AP_i": 61.74988720864417,
            "AP_v": 43.9751957548045,
            "AP_t": 29.879588297106046,
            "AP_iv": 28.23470275948738,
            "AP_it": 29.71211627574187,
            "AP_ivt": 24.36185455501933
        }
    }
}