{
    "Test": false,
    "Cholec80": {
        "F1_score": 62.33316541490519,
        "F1_score_EMA": 63.02679698929216,
        "Per_video_f1": {
            "cholec80_video41": 77.08649229252194,
            "cholec80_video43": 34.21739760275902,
            "cholec80_video44": 78.64684462390478,
            "cholec80_video45": 78.38871792588256,
            "cholec80_video46": 81.40411701176039,
            "cholec80_video47": 46.193031689493466,
            "cholec80_video48": 55.608478913004014,
            "cholec80_video49": 44.690844584160956,
            "cholec80_video50": 64.7625640906596
        },
        "Per_video_f1_EMA": {
            "cholec80_video41": 79.7027176643935,
            "cholec80_video43": 38.02810948043642,
            "cholec80_video44": 82.25672710961004,
            "cholec80_video45": 78.77555116517789,
            "cholec80_video46": 82.93961248742322,
            "cholec80_video47": 41.86020078160179,
            "cholec80_video48": 52.50006293110373,
            "cholec80_video49": 44.84052146525532,
            "cholec80_video50": 66.33766981862749
        }
    },
    "Endoscapes": {
        "mAP": 44.022514325132825,
        "mAP_EMA": 45.91645625188305,
        "mAP_per_class": {
            "C0": 49.88543338014863,
            "C1": 44.315307031650086,
            "C2": 37.866802563599755
        },
        "mAP_per_class_EMA": {
            "C0": 47.63207300452446,
            "C1": 46.90646233399504,
            "C2": 43.21083341712964
        }
    },
    "CholecT50": {
        "AP": {
            "AP_i": 52.822605234452226,
            "AP_v": 36.20248497832661,
            "AP_t": 25.42334451745483,
            "AP_iv": 22.057747833170733,
            "AP_it": 22.434684936916085,
            "AP_ivt": 17.58812485691337
        },
        "AP_EMA": {
            "AP_i": 59.56641386989964,
            "AP_v": 41.174820643119354,
            "AP_t": 28.162920290877658,
            "AP_iv": 25.201286013947833,
            "AP_it": 27.1019715718743,
            "AP_ivt": 21.799255753066024
        }
    }
}