{
    "Test": false,
    "Cholec80": {
        "F1_score": 71.65571168342923,
        "F1_score_EMA": 75.23115133374,
        "Per_video_f1": {
            "cholec80_video41": 80.8437511531464,
            "cholec80_video43": 61.28243262148809,
            "cholec80_video44": 84.85497421492049,
            "cholec80_video45": 87.33245266675829,
            "cholec80_video46": 81.06121208714383,
            "cholec80_video47": 53.74259401522837,
            "cholec80_video48": 61.585850709761644,
            "cholec80_video49": 58.4015468567011,
            "cholec80_video50": 75.7965908257149
        },
        "Per_video_f1_EMA": {
            "cholec80_video41": 81.31509542402434,
            "cholec80_video43": 65.85719005109497,
            "cholec80_video44": 81.82772903777217,
            "cholec80_video45": 86.2072121341483,
            "cholec80_video46": 78.12529880654616,
            "cholec80_video47": 57.24035649009869,
            "cholec80_video48": 71.2504203322221,
            "cholec80_video49": 74.75413603555067,
            "cholec80_video50": 80.50292369220254
        }
    },
    "Endoscapes": {
        "mAP": 51.08526614548234,
        "mAP_EMA": 50.48433691565582,
        "mAP_per_class": {
            "C0": 51.69179035894535,
            "C1": 53.863375927815085,
            "C2": 47.7006321496866
        },
        "mAP_per_class_EMA": {
            "C0": 50.20619528231879,
            "C1": 51.15387000370782,
            "C2": 50.09294546094083
        }
    },
    "CholecT50": {
        "AP": {
            "AP_i": 64.9747410298545,
            "AP_v": 46.31252689202268,
            "AP_t": 30.594581704074773,
            "AP_iv": 29.54333316961215,
            "AP_it": 28.620452115266797,
            "AP_ivt": 24.275271826443714
        },
        "AP_EMA": {
            "AP_i": 76.66041962076713,
            "AP_v": 54.54930450692367,
            "AP_t": 38.77699155669847,
            "AP_iv": 34.08623092596123,
            "AP_it": 35.232698513268055,
            "AP_ivt": 28.926365088346607
        }
    }
}