{
    "Test": false,
    "Cholec80": {
        "F1_score": 66.2599419608844,
        "F1_score_EMA": 74.0797206019818,
        "Per_video_f1": {
            "cholec80_video41": 78.39177957465373,
            "cholec80_video43": 50.006237797419104,
            "cholec80_video44": 86.15178442723936,
            "cholec80_video45": 79.22923589804941,
            "cholec80_video46": 82.65718703758978,
            "cholec80_video47": 37.81679396566456,
            "cholec80_video48": 51.80069266193201,
            "cholec80_video49": 53.684754545810364,
            "cholec80_video50": 76.60101173960135
        },
        "Per_video_f1_EMA": {
            "cholec80_video41": 78.41221236517023,
            "cholec80_video43": 70.85802692869737,
            "cholec80_video44": 75.90395407974295,
            "cholec80_video45": 84.8319368700099,
            "cholec80_video46": 76.56611707445393,
            "cholec80_video47": 59.42158119397965,
            "cholec80_video48": 69.10277239079201,
            "cholec80_video49": 77.21006850019091,
            "cholec80_video50": 74.41081601479924
        }
    },
    "Endoscapes": {
        "mAP": 46.70584990853324,
        "mAP_EMA": 50.3518079590748,
        "mAP_per_class": {
            "C0": 44.82173382288583,
            "C1": 48.27569035697949,
            "C2": 47.02012554573439
        },
        "mAP_per_class_EMA": {
            "C0": 49.45478078215001,
            "C1": 51.57686111120928,
            "C2": 50.0237819838651
        }
    },
    "CholecT50": {
        "AP": {
            "AP_i": 61.73913904356627,
            "AP_v": 43.723303862971065,
            "AP_t": 28.00009785054214,
            "AP_iv": 26.326399882343395,
            "AP_it": 26.97252338445209,
            "AP_ivt": 22.227451642702547
        },
        "AP_EMA": {
            "AP_i": 80.23572017741276,
            "AP_v": 60.791341465754726,
            "AP_t": 42.932120614812824,
            "AP_iv": 36.86609758943442,
            "AP_it": 37.10301145971029,
            "AP_ivt": 31.678165026092223
        }
    }
}