{
    "Test": false,
    "Cholec80": {
        "F1_score": 69.35976848408248,
        "F1_score_EMA": 74.78885188976922,
        "Per_video_f1": {
            "cholec80_video41": 76.65546666157414,
            "cholec80_video43": 53.68991933433165,
            "cholec80_video44": 82.39490665029093,
            "cholec80_video45": 81.01408388912166,
            "cholec80_video46": 80.61804558029884,
            "cholec80_video47": 53.38137260995669,
            "cholec80_video48": 59.318107654676865,
            "cholec80_video49": 60.968198610989496,
            "cholec80_video50": 76.19781536550202
        },
        "Per_video_f1_EMA": {
            "cholec80_video41": 79.37042140943608,
            "cholec80_video43": 70.07819556752382,
            "cholec80_video44": 75.68463569706232,
            "cholec80_video45": 86.84693368618764,
            "cholec80_video46": 76.33200679026938,
            "cholec80_video47": 59.624928355029994,
            "cholec80_video48": 69.65524074642983,
            "cholec80_video49": 77.43115170222048,
            "cholec80_video50": 78.07615305376343
        }
    },
    "Endoscapes": {
        "mAP": 47.799481682567986,
        "mAP_EMA": 50.77205968753412,
        "mAP_per_class": {
            "C0": 46.00250651890594,
            "C1": 50.180493086333215,
            "C2": 47.215445442464805
        },
        "mAP_per_class_EMA": {
            "C0": 49.607411576779185,
            "C1": 51.69696119685343,
            "C2": 51.011806288969744
        }
    },
    "CholecT50": {
        "AP": {
            "AP_i": 60.31015918072996,
            "AP_v": 42.455498635602495,
            "AP_t": 29.073978442900543,
            "AP_iv": 26.369462294777488,
            "AP_it": 28.424535678678758,
            "AP_ivt": 24.174013168929992
        },
        "AP_EMA": {
            "AP_i": 79.11045479288356,
            "AP_v": 57.907650938043595,
            "AP_t": 42.62984619176072,
            "AP_iv": 35.10669450848579,
            "AP_it": 35.99235504042036,
            "AP_ivt": 30.19046753727449
        }
    }
}