{
    "Test": false,
    "Cholec80": {
        "F1_score": 63.173024792021955,
        "F1_score_EMA": 74.93568102392716,
        "Per_video_f1": {
            "cholec80_video41": 75.3852618711108,
            "cholec80_video43": 54.4772142753918,
            "cholec80_video44": 87.19626959384087,
            "cholec80_video45": 71.08117047848485,
            "cholec80_video46": 82.00401255056306,
            "cholec80_video47": 38.259148695546315,
            "cholec80_video48": 47.36445027914457,
            "cholec80_video49": 45.397464943631505,
            "cholec80_video50": 67.3922304404838
        },
        "Per_video_f1_EMA": {
            "cholec80_video41": 78.93956689071472,
            "cholec80_video43": 71.57868946569415,
            "cholec80_video44": 78.36053990011432,
            "cholec80_video45": 84.56730089824786,
            "cholec80_video46": 76.4020865038814,
            "cholec80_video47": 57.18557981721144,
            "cholec80_video48": 70.43313463402752,
            "cholec80_video49": 77.2074439517106,
            "cholec80_video50": 79.7467871537424
        }
    },
    "Endoscapes": {
        "mAP": 49.30892673081766,
        "mAP_EMA": 49.048414175695996,
        "mAP_per_class": {
            "C0": 46.118725012046866,
            "C1": 50.74386864266523,
            "C2": 51.06418653774089
        },
        "mAP_per_class_EMA": {
            "C0": 48.097171642568185,
            "C1": 48.96433685985666,
            "C2": 50.08373402466315
        }
    },
    "CholecT50": {
        "AP": {
            "AP_i": 65.6417279580748,
            "AP_v": 47.57765114751146,
            "AP_t": 30.10580394041735,
            "AP_iv": 28.09698344564846,
            "AP_it": 27.69842413298003,
            "AP_ivt": 22.7237949495637
        },
        "AP_EMA": {
            "AP_i": 81.2294095209847,
            "AP_v": 62.108551136701145,
            "AP_t": 42.68538330841804,
            "AP_iv": 37.91862482475461,
            "AP_it": 37.54049853758238,
            "AP_ivt": 31.834732463936845
        }
    }
}