{
    "Test": false,
    "Cholec80": {
        "F1_score": 60.030380436202556,
        "F1_score_EMA": 59.440415011252064,
        "Per_video_f1": {
            "cholec80_video41": 74.35374054956286,
            "cholec80_video43": 46.60263901533111,
            "cholec80_video44": 78.36334575405726,
            "cholec80_video45": 77.78045563975617,
            "cholec80_video46": 83.23988076355263,
            "cholec80_video47": 37.54592323235634,
            "cholec80_video48": 41.77130657950273,
            "cholec80_video49": 36.75414132712162,
            "cholec80_video50": 63.86199106458231
        },
        "Per_video_f1_EMA": {
            "cholec80_video41": 77.53241880135934,
            "cholec80_video43": 32.07810288772069,
            "cholec80_video44": 83.32293130694272,
            "cholec80_video45": 80.02501026685947,
            "cholec80_video46": 83.58763638982138,
            "cholec80_video47": 36.61746574372328,
            "cholec80_video48": 45.39476855360865,
            "cholec80_video49": 39.108558048730266,
            "cholec80_video50": 57.29684310250276
        }
    },
    "Endoscapes": {
        "mAP": 39.1480634946861,
        "mAP_EMA": 47.29275241288435,
        "mAP_per_class": {
            "C0": 36.79132435301627,
            "C1": 45.136703328084806,
            "C2": 35.516162802957226
        },
        "mAP_per_class_EMA": {
            "C0": 48.6771986265092,
            "C1": 50.18088870878562,
            "C2": 43.020169903358216
        }
    },
    "CholecT50": {
        "AP": {
            "AP_i": 49.78546541792293,
            "AP_v": 35.588754683198275,
            "AP_t": 25.2152180127737,
            "AP_iv": 20.990404706208462,
            "AP_it": 23.220763127024895,
            "AP_ivt": 19.314280206725194
        },
        "AP_EMA": {
            "AP_i": 56.49888056521319,
            "AP_v": 40.078833257962664,
            "AP_t": 27.801367937026846,
            "AP_iv": 24.677550923337666,
            "AP_it": 25.753709553555737,
            "AP_ivt": 21.401228071896977
        }
    }
}