{
    "Test": false,
    "Cholec80": {
        "F1_score": 72.14729014389025,
        "F1_score_EMA": 33.80414420405916,
        "Per_video_f1": {
            "cholec80_video41": 76.46272594608635,
            "cholec80_video43": 55.970748992091956,
            "cholec80_video44": 81.94735855234592,
            "cholec80_video45": 85.02438389813813,
            "cholec80_video46": 77.71708991935657,
            "cholec80_video47": 54.74317011615629,
            "cholec80_video48": 68.36870028794094,
            "cholec80_video49": 75.02140222488502,
            "cholec80_video50": 74.07003135801098
        },
        "Per_video_f1_EMA": {
            "cholec80_video41": 30.14456737308845,
            "cholec80_video43": 27.567278107933983,
            "cholec80_video44": 36.93748564507906,
            "cholec80_video45": 35.79695696596689,
            "cholec80_video46": 32.94836225551442,
            "cholec80_video47": 32.953959549102976,
            "cholec80_video48": 33.28422423903964,
            "cholec80_video49": 34.31381607768332,
            "cholec80_video50": 40.29064762312374
        }
    },
    "Endoscapes": {
        "mAP": 50.76712822921735,
        "mAP_EMA": 21.730068366908483,
        "mAP_per_class": {
            "C0": 52.281324907032854,
            "C1": 51.43561847649914,
            "C2": 48.584441304120055
        },
        "mAP_per_class_EMA": {
            "C0": 22.33925255773604,
            "C1": 20.704755272666837,
            "C2": 22.146197270322578
        }
    },
    "CholecT50": {
        "AP": {
            "AP_i": 70.09955462167743,
            "AP_v": 49.92542503882455,
            "AP_t": 32.849003754632115,
            "AP_iv": 30.599020770594837,
            "AP_it": 30.98006779216231,
            "AP_ivt": 26.14311578084158
        },
        "AP_EMA": {
            "AP_i": 44.61424351036541,
            "AP_v": 37.54206388679359,
            "AP_t": 29.06456681596768,
            "AP_iv": 22.96462908432359,
            "AP_it": 18.99432779143102,
            "AP_ivt": 17.132964746792023
        }
    }
}