{
    "Test": false,
    "Cholec80": {
        "F1_score": 69.96459480718505,
        "F1_score_EMA": 75.29811422238487,
        "Per_video_f1": {
            "cholec80_video41": 76.00341347409508,
            "cholec80_video43": 58.11892380777041,
            "cholec80_video44": 85.50901477612754,
            "cholec80_video45": 85.86080323489163,
            "cholec80_video46": 79.09642476332915,
            "cholec80_video47": 54.74658353746238,
            "cholec80_video48": 63.01352307888089,
            "cholec80_video49": 57.2990076248865,
            "cholec80_video50": 70.03365896722192
        },
        "Per_video_f1_EMA": {
            "cholec80_video41": 78.85091830961667,
            "cholec80_video43": 70.21457290112455,
            "cholec80_video44": 78.52570737720183,
            "cholec80_video45": 85.44898813324086,
            "cholec80_video46": 76.58753631826818,
            "cholec80_video47": 58.37149422183264,
            "cholec80_video48": 71.48864959042214,
            "cholec80_video49": 79.14533740878271,
            "cholec80_video50": 79.04982374097429
        }
    },
    "Endoscapes": {
        "mAP": 48.68470171471268,
        "mAP_EMA": 49.4921515783047,
        "mAP_per_class": {
            "C0": 48.0167673940836,
            "C1": 49.025985555064224,
            "C2": 49.01135219499022
        },
        "mAP_per_class_EMA": {
            "C0": 48.7859246741628,
            "C1": 49.42986685844584,
            "C2": 50.260663202305466
        }
    },
    "CholecT50": {
        "AP": {
            "AP_i": 62.95715290814736,
            "AP_v": 47.09957534205685,
            "AP_t": 29.861430085732422,
            "AP_iv": 27.989226414521823,
            "AP_it": 27.896379341540413,
            "AP_ivt": 23.537334515665847
        },
        "AP_EMA": {
            "AP_i": 82.53432113896027,
            "AP_v": 62.18742520410782,
            "AP_t": 42.89804416648625,
            "AP_iv": 38.16617967351372,
            "AP_it": 38.3991386931948,
            "AP_ivt": 32.81370594237432
        }
    }
}