{
    "Test": false,
    "Cholec80": {
        "F1_score": 56.380786028187096,
        "F1_score_EMA": 53.236094364414114,
        "Per_video_f1": {
            "cholec80_video41": 77.57361013441368,
            "cholec80_video43": 30.431395831105277,
            "cholec80_video44": 76.9238006435011,
            "cholec80_video45": 68.77933785467799,
            "cholec80_video46": 80.8273930205752,
            "cholec80_video47": 38.98853483556296,
            "cholec80_video48": 38.72808817398335,
            "cholec80_video49": 37.81524488060692,
            "cholec80_video50": 57.359668879257406
        },
        "Per_video_f1_EMA": {
            "cholec80_video41": 78.03382886329103,
            "cholec80_video43": 27.06833422251321,
            "cholec80_video44": 80.20469472734011,
            "cholec80_video45": 73.11066776725683,
            "cholec80_video46": 82.15249211078105,
            "cholec80_video47": 26.984851160411043,
            "cholec80_video48": 29.738151673128282,
            "cholec80_video49": 23.502156643415148,
            "cholec80_video50": 58.329672111590334
        }
    },
    "Endoscapes": {
        "mAP": 45.95626511936547,
        "mAP_EMA": 45.8289748058884,
        "mAP_per_class": {
            "C0": 52.34798206862561,
            "C1": 45.07146747825459,
            "C2": 40.44934581121621
        },
        "mAP_per_class_EMA": {
            "C0": 48.30626998517484,
            "C1": 47.21168086658464,
            "C2": 41.96897356590572
        }
    },
    "CholecT50": {
        "AP": {
            "AP_i": 42.38940307923351,
            "AP_v": 29.03649386843884,
            "AP_t": 21.35010757469386,
            "AP_iv": 18.340623991183666,
            "AP_it": 17.595983083626397,
            "AP_ivt": 14.582639952229208
        },
        "AP_EMA": {
            "AP_i": 46.32685676890625,
            "AP_v": 32.85409081921622,
            "AP_t": 22.836097574044803,
            "AP_iv": 20.05621641891098,
            "AP_it": 19.07202418433252,
            "AP_ivt": 15.886945668346838
        }
    }
}