{
    "Test": true,
    "Cholec80": {
        "F1_score": 72.6493762791455,
        "F1_score_EMA": null,
        "Per_video_f1": {
            "cholec80_video51": 73.79802450449698,
            "cholec80_video53": 71.28178291055018,
            "cholec80_video54": 71.8310539538178,
            "cholec80_video55": 79.05242108810833,
            "cholec80_video58": 55.537441023268485,
            "cholec80_video59": 81.70642416996566,
            "cholec80_video61": 64.21291280193931,
            "cholec80_video63": 62.55482382641341,
            "cholec80_video64": 85.00307302577372,
            "cholec80_video69": 78.0110128823225,
            "cholec80_video73": 81.98702561637742,
            "cholec80_video74": 59.15719047409282,
            "cholec80_video76": 72.26464667209358,
            "cholec80_video77": 81.51332325295532,
            "cholec80_video80": 71.82948798500692
        },
        "Per_video_f1_EMA": null
    },
    "Endoscapes": {
        "mAP": 51.892590832968885,
        "mAP_EMA": null,
        "mAP_per_class": {
            "C0": 52.08244132987224,
            "C1": 41.08498356994799,
            "C2": 62.51034759908642
        },
        "mAP_per_class_EMA": null
    },
    "CholecT50": {
        "AP": {
            "AP_i": 84.73720180385313,
            "AP_v": 61.53316582275973,
            "AP_t": 41.58434030825921,
            "AP_iv": 37.11669027579209,
            "AP_it": 32.05711634710702,
            "AP_ivt": 26.372625246048084
        },
        "AP_EMA": null
    }
}