{
    "Test": false,
    "Cholec80": {
        "F1_score": 68.1349746460767,
        "F1_score_EMA": 69.17902636798705,
        "Per_video_f1": {
            "cholec80_video41": 77.48157884533326,
            "cholec80_video43": 56.25929227050711,
            "cholec80_video44": 75.9810984285872,
            "cholec80_video45": 81.63097630138687,
            "cholec80_video46": 75.04700171759124,
            "cholec80_video47": 55.05046974880862,
            "cholec80_video48": 55.86419933709558,
            "cholec80_video49": 66.14554936546074,
            "cholec80_video50": 69.75460579991972
        },
        "Per_video_f1_EMA": {
            "cholec80_video41": 80.76219089265983,
            "cholec80_video43": 48.77820649563777,
            "cholec80_video44": 81.67738689566686,
            "cholec80_video45": 84.2128093154558,
            "cholec80_video46": 81.72285298115725,
            "cholec80_video47": 50.22872806503854,
            "cholec80_video48": 58.78234393849651,
            "cholec80_video49": 62.471001892772094,
            "cholec80_video50": 73.97571683499883
        }
    },
    "Endoscapes": {
        "mAP": 44.7804586010454,
        "mAP_EMA": 49.39241804400582,
        "mAP_per_class": {
            "C0": 49.80020527741279,
            "C1": 46.158932183416354,
            "C2": 38.38223834230706
        },
        "mAP_per_class_EMA": {
            "C0": 49.480456777181224,
            "C1": 51.53482469004999,
            "C2": 47.16197266478625
        }
    },
    "CholecT50": {
        "AP": {
            "AP_i": 67.02423531055798,
            "AP_v": 47.36392121686516,
            "AP_t": 33.137691957710004,
            "AP_iv": 29.510240676295165,
            "AP_it": 31.870953448760062,
            "AP_ivt": 25.902470662307415
        },
        "AP_EMA": {
            "AP_i": 63.638556308058504,
            "AP_v": 45.572979667154634,
            "AP_t": 31.222344530490414,
            "AP_iv": 29.02040134571633,
            "AP_it": 30.39972636233093,
            "AP_ivt": 25.223656712997332
        }
    }
}