{
    "Test": false,
    "Cholec80": {
        "F1_score": 74.05871512039455,
        "F1_score_EMA": 8.177363045274886,
        "Per_video_f1": {
            "cholec80_video41": 72.41666944919476,
            "cholec80_video43": 58.318827739545696,
            "cholec80_video44": 84.84470589429985,
            "cholec80_video45": 84.63398354659857,
            "cholec80_video46": 77.37616423179918,
            "cholec80_video47": 64.01558280310338,
            "cholec80_video48": 72.59469536705247,
            "cholec80_video49": 79.56252621409735,
            "cholec80_video50": 72.76528083785968
        },
        "Per_video_f1_EMA": {
            "cholec80_video41": 8.41829655081274,
            "cholec80_video43": 8.770433260916494,
            "cholec80_video44": 8.178367717634332,
            "cholec80_video45": 6.297112451393697,
            "cholec80_video46": 7.175880314168157,
            "cholec80_video47": 5.758976182012087,
            "cholec80_video48": 10.11880240054335,
            "cholec80_video49": 6.28717789483474,
            "cholec80_video50": 12.59122063515838
        }
    },
    "Endoscapes": {
        "mAP": 45.48918390200958,
        "mAP_EMA": 12.983247958156207,
        "mAP_per_class": {
            "C0": 44.93985473210319,
            "C1": 46.95426721178557,
            "C2": 44.573429762139966
        },
        "mAP_per_class_EMA": {
            "C0": 15.948775346853095,
            "C1": 11.308970051994061,
            "C2": 11.691998475621467
        }
    },
    "CholecT50": {
        "AP": {
            "AP_i": 72.58793141909895,
            "AP_v": 50.68426364480649,
            "AP_t": 34.96849859252749,
            "AP_iv": 30.77911936912071,
            "AP_it": 32.39130169465519,
            "AP_ivt": 27.08921547230502
        },
        "AP_EMA": {
            "AP_i": 25.650882018388558,
            "AP_v": 17.755309006060283,
            "AP_t": 14.733533716819819,
            "AP_iv": 10.101586005446888,
            "AP_it": 7.959600723171982,
            "AP_ivt": 6.601415850704351
        }
    }
}