{
    "Test": false,
    "Cholec80": {
        "F1_score": 52.54204598842325,
        "F1_score_EMA": 54.5859603165857,
        "Per_video_f1": {
            "cholec80_video41": 75.77526277284129,
            "cholec80_video43": 23.58158892880288,
            "cholec80_video44": 79.94804614483354,
            "cholec80_video45": 76.42215349289833,
            "cholec80_video46": 79.51737659820873,
            "cholec80_video47": 36.69541325328804,
            "cholec80_video48": 35.32492343916748,
            "cholec80_video49": 30.74384069240806,
            "cholec80_video50": 34.86980857336088
        },
        "Per_video_f1_EMA": {
            "cholec80_video41": 77.20729532629741,
            "cholec80_video43": 27.63421638456027,
            "cholec80_video44": 81.74489323627114,
            "cholec80_video45": 78.81472835407828,
            "cholec80_video46": 83.00015520691309,
            "cholec80_video47": 30.33416411006623,
            "cholec80_video48": 36.562335374355655,
            "cholec80_video49": 31.929468285605356,
            "cholec80_video50": 44.04638657112383
        }
    },
    "Endoscapes": {
        "mAP": 45.017653778046416,
        "mAP_EMA": 46.871093423052706,
        "mAP_per_class": {
            "C0": 48.79628207792764,
            "C1": 45.36467882538684,
            "C2": 40.89200043082476
        },
        "mAP_per_class_EMA": {
            "C0": 48.1450192512454,
            "C1": 49.723263131297585,
            "C2": 42.744997886615124
        }
    },
    "CholecT50": {
        "AP": {
            "AP_i": 54.263263806350466,
            "AP_v": 38.83713107946021,
            "AP_t": 26.307412049740954,
            "AP_iv": 23.450708318129386,
            "AP_it": 21.311101055190584,
            "AP_ivt": 17.919454349896053
        },
        "AP_EMA": {
            "AP_i": 53.593209890836185,
            "AP_v": 38.0471818675132,
            "AP_t": 26.34354752478962,
            "AP_iv": 22.609753480838584,
            "AP_it": 23.920804492147266,
            "AP_ivt": 20.011797929182183
        }
    }
}