{
    "Test": false,
    "Cholec80": {
        "F1_score": 74.94670128235684,
        "F1_score_EMA": 8.207776753121284,
        "Per_video_f1": {
            "cholec80_video41": 77.55670287301369,
            "cholec80_video43": 56.27080888161202,
            "cholec80_video44": 84.43577526041037,
            "cholec80_video45": 84.61424308553741,
            "cholec80_video46": 77.51117347725292,
            "cholec80_video47": 60.885270303850945,
            "cholec80_video48": 75.3119135746048,
            "cholec80_video49": 79.03779482742009,
            "cholec80_video50": 78.89662925750937
        },
        "Per_video_f1_EMA": {
            "cholec80_video41": 8.422109473127518,
            "cholec80_video43": 8.73510661035812,
            "cholec80_video44": 8.46286701208981,
            "cholec80_video45": 6.208042580272653,
            "cholec80_video46": 7.175880314168157,
            "cholec80_video47": 5.76307363927428,
            "cholec80_video48": 10.289811998457035,
            "cholec80_video49": 6.221878515185602,
            "cholec80_video50": 12.59122063515838
        }
    },
    "Endoscapes": {
        "mAP": 44.975798979870504,
        "mAP_EMA": 13.11324663290985,
        "mAP_per_class": {
            "C0": 45.650351105827106,
            "C1": 46.94557411085957,
            "C2": 42.33147172292483
        },
        "mAP_per_class_EMA": {
            "C0": 15.917114572615052,
            "C1": 11.66301017574071,
            "C2": 11.759615150373785
        }
    },
    "CholecT50": {
        "AP": {
            "AP_i": 75.52441476500923,
            "AP_v": 51.647449115772055,
            "AP_t": 36.46983161593662,
            "AP_iv": 32.212289792734374,
            "AP_it": 33.71753317901951,
            "AP_ivt": 28.70260875634582
        },
        "AP_EMA": {
            "AP_i": 25.531930699367987,
            "AP_v": 17.528278690010417,
            "AP_t": 14.705893500869127,
            "AP_iv": 9.974107639826943,
            "AP_it": 7.866420120480896,
            "AP_ivt": 6.5147916170985205
        }
    }
}