{
    "Test": false,
    "Cholec80": {
        "F1_score": 68.60667547596876,
        "F1_score_EMA": 34.13429958622661,
        "Per_video_f1": {
            "cholec80_video41": 79.68784814010108,
            "cholec80_video43": 46.49637363497119,
            "cholec80_video44": 82.23978713613653,
            "cholec80_video45": 81.77289559087112,
            "cholec80_video46": 78.69390551477863,
            "cholec80_video47": 50.37714522115447,
            "cholec80_video48": 59.33843326488948,
            "cholec80_video49": 65.92090289728945,
            "cholec80_video50": 72.9327878835268
        },
        "Per_video_f1_EMA": {
            "cholec80_video41": 30.81230911292393,
            "cholec80_video43": 27.504351353141843,
            "cholec80_video44": 38.23163665211528,
            "cholec80_video45": 36.691704844545725,
            "cholec80_video46": 32.84699821047567,
            "cholec80_video47": 33.82545591937423,
            "cholec80_video48": 33.14690658433909,
            "cholec80_video49": 33.00125761284661,
            "cholec80_video50": 41.148075986277135
        }
    },
    "Endoscapes": {
        "mAP": 48.64602099778734,
        "mAP_EMA": 20.614171027258053,
        "mAP_per_class": {
            "C0": 49.72393603613351,
            "C1": 49.053460106773684,
            "C2": 47.16066685045482
        },
        "mAP_per_class_EMA": {
            "C0": 22.30737155068243,
            "C1": 18.372488117357634,
            "C2": 21.16265341373409
        }
    },
    "CholecT50": {
        "AP": {
            "AP_i": 59.565175899352944,
            "AP_v": 42.77395719109137,
            "AP_t": 28.442801955487667,
            "AP_iv": 25.20626780979741,
            "AP_it": 26.388923690642546,
            "AP_ivt": 22.04162567826488
        },
        "AP_EMA": {
            "AP_i": 44.81097148984233,
            "AP_v": 38.33502976240932,
            "AP_t": 29.014811111821288,
            "AP_iv": 23.614142669762188,
            "AP_it": 18.900727436294947,
            "AP_ivt": 17.431904723813048
        }
    }
}