{
    "Test": false,
    "Cholec80": {
        "F1_score": 75.17801221002688,
        "F1_score_EMA": 8.228810386842273,
        "Per_video_f1": {
            "cholec80_video41": 74.36030414543721,
            "cholec80_video43": 55.01465504838572,
            "cholec80_video44": 84.50898384321238,
            "cholec80_video45": 86.13983183286888,
            "cholec80_video46": 79.43924785906763,
            "cholec80_video47": 66.8694222610987,
            "cholec80_video48": 75.0833423312204,
            "cholec80_video49": 79.11525677891545,
            "cholec80_video50": 76.07106579003552
        },
        "Per_video_f1_EMA": {
            "cholec80_video41": 8.41829655081274,
            "cholec80_video43": 8.770433260916494,
            "cholec80_video44": 8.455998653878513,
            "cholec80_video45": 6.180288638410141,
            "cholec80_video46": 7.485819338292421,
            "cholec80_video47": 5.765124555160143,
            "cholec80_video48": 10.11191115846475,
            "cholec80_video49": 6.280200690486868,
            "cholec80_video50": 12.59122063515838
        }
    },
    "Endoscapes": {
        "mAP": 46.05199014553253,
        "mAP_EMA": 13.079419758973108,
        "mAP_per_class": {
            "C0": 45.39083548522615,
            "C1": 47.71998418613454,
            "C2": 45.0451507652369
        },
        "mAP_per_class_EMA": {
            "C0": 16.06264947398821,
            "C1": 11.512813961073753,
            "C2": 11.66279584185736
        }
    },
    "CholecT50": {
        "AP": {
            "AP_i": 73.43480391448556,
            "AP_v": 50.86516041276418,
            "AP_t": 35.266910388123954,
            "AP_iv": 32.33072677819206,
            "AP_it": 33.56216089902173,
            "AP_ivt": 28.38892724754495
        },
        "AP_EMA": {
            "AP_i": 25.569316260502976,
            "AP_v": 17.590854899803382,
            "AP_t": 14.751743170992853,
            "AP_iv": 10.003129449791453,
            "AP_it": 7.900645278211689,
            "AP_ivt": 6.544708746067445
        }
    }
}