{
    "Test": false,
    "Cholec80": {
        "F1_score": 76.10081080954446,
        "F1_score_EMA": 8.215247821851536,
        "Per_video_f1": {
            "cholec80_video41": 75.48541222533261,
            "cholec80_video43": 59.67437657377194,
            "cholec80_video44": 83.14611760006643,
            "cholec80_video45": 84.30772255153346,
            "cholec80_video46": 79.69239177076535,
            "cholec80_video47": 66.64139412706545,
            "cholec80_video48": 77.4920879042454,
            "cholec80_video49": 79.93869372660349,
            "cholec80_video50": 78.52910080651596
        },
        "Per_video_f1_EMA": {
            "cholec80_video41": 8.422109473127518,
            "cholec80_video43": 8.781715739731007,
            "cholec80_video44": 8.46286701208981,
            "cholec80_video45": 6.22508457836375,
            "cholec80_video46": 7.538718077573211,
            "cholec80_video47": 5.761024182076813,
            "cholec80_video48": 10.11191115846475,
            "cholec80_video49": 6.042579540078577,
            "cholec80_video50": 12.59122063515838
        }
    },
    "Endoscapes": {
        "mAP": 44.65946473720946,
        "mAP_EMA": 12.996274091444922,
        "mAP_per_class": {
            "C0": 46.02392950704976,
            "C1": 45.878752355147874,
            "C2": 42.07571234943075
        },
        "mAP_per_class_EMA": {
            "C0": 15.848207000615359,
            "C1": 11.478902346674506,
            "C2": 11.661712927044904
        }
    },
    "CholecT50": {
        "AP": {
            "AP_i": 75.4531650000871,
            "AP_v": 51.892257415540406,
            "AP_t": 37.81339751354664,
            "AP_iv": 33.06236303638362,
            "AP_it": 33.787269139626844,
            "AP_ivt": 28.983605687443216
        },
        "AP_EMA": {
            "AP_i": 25.575962453307028,
            "AP_v": 17.64716478010056,
            "AP_t": 14.755921169769657,
            "AP_iv": 10.042042733684518,
            "AP_it": 7.9196291237278365,
            "AP_ivt": 6.558863275525403
        }
    }
}