{
    "Test": true,
    "Cholec80": {
        "F1_score": 63.94449120726097,
        "F1_score_EMA": null,
        "Per_video_f1": {
            "cholec80_video51": 61.77093597416975,
            "cholec80_video53": 63.21622492954619,
            "cholec80_video54": 63.46483915335842,
            "cholec80_video55": 59.855019524280436,
            "cholec80_video58": 50.57437359061443,
            "cholec80_video59": 77.21400863967925,
            "cholec80_video61": 52.04018987864987,
            "cholec80_video63": 58.221766003232865,
            "cholec80_video64": 79.58065796751515,
            "cholec80_video69": 67.41942317021095,
            "cholec80_video73": 72.8066738911689,
            "cholec80_video74": 50.30280114329011,
            "cholec80_video76": 62.077231644980216,
            "cholec80_video77": 75.8807371237222,
            "cholec80_video80": 64.74248547449574
        },
        "Per_video_f1_EMA": null
    },
    "Endoscapes": {
        "mAP": 47.471965298873656,
        "mAP_EMA": null,
        "mAP_per_class": {
            "C0": 47.61013764033817,
            "C1": 36.51234819110953,
            "C2": 58.293410065173255
        },
        "mAP_per_class_EMA": null
    },
    "CholecT50": {
        "AP": {
            "AP_i": 76.45893725197,
            "AP_v": 55.79515379508506,
            "AP_t": 37.4263523696236,
            "AP_iv": 31.783132683986597,
            "AP_it": 26.56674576029872,
            "AP_ivt": 22.018910901197064
        },
        "AP_EMA": null
    }
}