{
    "Test": true,
    "Cholec80": {
        "F1_score": 45.18721970258046,
        "F1_score_EMA": null,
        "Per_video_f1": {
            "cholec80_video51": 54.551556487594766,
            "cholec80_video53": 51.99031035868224,
            "cholec80_video54": 59.08011572246961,
            "cholec80_video55": 54.346462268396465,
            "cholec80_video58": 23.735594042249772,
            "cholec80_video59": 36.494925162448936,
            "cholec80_video61": 39.037140651044474,
            "cholec80_video63": 45.888304204789385,
            "cholec80_video64": 37.19657253543936,
            "cholec80_video69": 47.23481628993977,
            "cholec80_video73": 58.70519839254526,
            "cholec80_video74": 39.577585675644485,
            "cholec80_video76": 39.65358447357642,
            "cholec80_video77": 56.12293937838459,
            "cholec80_video80": 34.1931898955013
        },
        "Per_video_f1_EMA": null
    },
    "Endoscapes": {
        "mAP": 38.16710963467527,
        "mAP_EMA": null,
        "mAP_per_class": {
            "C0": 39.09684620523822,
            "C1": 28.55975501180177,
            "C2": 46.84472768698582
        },
        "mAP_per_class_EMA": null
    },
    "CholecT50": {
        "AP": {
            "AP_i": 68.67611325861299,
            "AP_v": 48.92483276504477,
            "AP_t": 36.9443577398311,
            "AP_iv": 26.341912613971584,
            "AP_it": 25.328220491888413,
            "AP_ivt": 20.191841907637468
        },
        "AP_EMA": null
    }
}