{
    "Test": true,
    "Cholec80": {
        "F1_score": 7.388335810250027,
        "F1_score_EMA": null,
        "Per_video_f1": {
            "cholec80_video51": 5.443707353069418,
            "cholec80_video53": 6.523995140938159,
            "cholec80_video54": 8.359113832856538,
            "cholec80_video55": 4.478663997584502,
            "cholec80_video58": 8.247485103694489,
            "cholec80_video59": 8.167853305467986,
            "cholec80_video61": 7.096239402118686,
            "cholec80_video63": 6.416833715541697,
            "cholec80_video64": 5.145565335138795,
            "cholec80_video69": 9.658603759600476,
            "cholec80_video73": 8.777723004354488,
            "cholec80_video74": 7.5011007485089864,
            "cholec80_video76": 7.68332070835098,
            "cholec80_video77": 9.929333493546164,
            "cholec80_video80": 7.395498252979034
        },
        "Per_video_f1_EMA": null
    },
    "Endoscapes": {
        "mAP": 23.373209921662934,
        "mAP_EMA": null,
        "mAP_per_class": {
            "C0": 23.53923205342237,
            "C1": 17.717589535697684,
            "C2": 28.862808175868743
        },
        "mAP_per_class_EMA": null
    },
    "CholecT50": {
        "AP": {
            "AP_i": 25.126955796173927,
            "AP_v": 15.792668486905749,
            "AP_t": 10.647743728422595,
            "AP_iv": 7.41407768344593,
            "AP_it": 4.109421450569192,
            "AP_ivt": 3.126737102348208
        },
        "AP_EMA": null
    }
}