{
    "Test": false,
    "Cholec80": {
        "F1_score": 1.6213079003355233,
        "F1_score_EMA": 1.627227020235251,
        "Per_video_f1": {
            "cholec80_video41": 2.6626601560869747,
            "cholec80_video43": 0.9129747761456077,
            "cholec80_video44": 1.3489404290500848,
            "cholec80_video45": 0.667133385496026,
            "cholec80_video46": 1.6135604270230623,
            "cholec80_video47": 2.1185696728507053,
            "cholec80_video48": 2.0253164556962027
        },
        "Per_video_f1_EMA": {
            "cholec80_video41": 2.648287385129491,
            "cholec80_video43": 0.9908020737378479,
            "cholec80_video44": 1.3497627030086645,
            "cholec80_video45": 0.6677108235100156,
            "cholec80_video46": 1.6178969459559271,
            "cholec80_video47": 2.0877316443818907,
            "cholec80_video48": 2.028397565922921
        }
    },
    "Endoscapes": {
        "mAP": 15.172315172315171,
        "mAP_EMA": 16.769930178200376,
        "mAP_per_class": {
            "C0": 16.344916344916342,
            "C1": 12.483912483912484,
            "C2": 16.68811668811669
        },
        "mAP_per_class_EMA": {
            "C0": 18.063302557722768,
            "C1": 13.851447361793726,
            "C2": 18.395040615084632
        }
    },
    "CholecT50": {
        "AP": {
            "AP_i": 24.260625051054046,
            "AP_v": 15.064717262325482,
            "AP_t": 10.632181402302196,
            "AP_iv": 8.242115677346924,
            "AP_it": 5.518155397841308,
            "AP_ivt": 4.43868327051501
        },
        "AP_EMA": {
            "AP_i": 25.007792366122857,
            "AP_v": 15.522397476026754,
            "AP_t": 10.961157719761088,
            "AP_iv": 8.496822849240452,
            "AP_it": 5.690903079679956,
            "AP_ivt": 4.57779941587586
        }
    }
}