{
    "Test": false,
    "Cholec80": {
        "F1_score": 77.80689296229203,
        "F1_score_EMA": 78.7354931854246,
        "Per_video_f1": {
            "cholec80_video41": 75.8400938977916,
            "cholec80_video43": 71.67931383594286,
            "cholec80_video44": 87.33682598278202,
            "cholec80_video45": 79.8881377856102,
            "cholec80_video46": 84.68772232220884,
            "cholec80_video47": 64.21302561996256,
            "cholec80_video48": 81.00313129174607
        },
        "Per_video_f1_EMA": {
            "cholec80_video41": 77.91726327301157,
            "cholec80_video43": 72.59373646670745,
            "cholec80_video44": 88.07661571807176,
            "cholec80_video45": 83.42258997230884,
            "cholec80_video46": 83.85886985277962,
            "cholec80_video47": 64.90054613007834,
            "cholec80_video48": 80.37883088501464
        }
    },
    "Endoscapes": {
        "mAP": 41.76465312847618,
        "mAP_EMA": 48.08590464859655,
        "mAP_per_class": {
            "C0": 39.49903804633091,
            "C1": 41.76220450494176,
            "C2": 44.032716834155885
        },
        "mAP_per_class_EMA": {
            "C0": 48.1186601500334,
            "C1": 50.01493388036528,
            "C2": 46.12411991539097
        }
    },
    "CholecT50": {
        "AP": {
            "AP_i": 84.09825048279481,
            "AP_v": 67.91460939418175,
            "AP_t": 46.944355159460386,
            "AP_iv": 41.64275873587271,
            "AP_it": 43.17122303269082,
            "AP_ivt": 36.83455096461816
        },
        "AP_EMA": {
            "AP_i": 92.64931665517268,
            "AP_v": 70.4518810871247,
            "AP_t": 51.3761378270821,
            "AP_iv": 46.78217793275518,
            "AP_it": 48.16502459230837,
            "AP_ivt": 41.77139239747584
        }
    }
}