{
    "Test": false,
    "Cholec80": {
        "F1_score": 75.9567227782303,
        "F1_score_EMA": 78.73278815261473,
        "Per_video_f1": {
            "cholec80_video41": 76.44013593396984,
            "cholec80_video43": 67.5294751143704,
            "cholec80_video44": 83.18208261445832,
            "cholec80_video45": 83.1189588673356,
            "cholec80_video46": 80.37488932733652,
            "cholec80_video47": 61.6425375439964,
            "cholec80_video48": 79.40898004614499
        },
        "Per_video_f1_EMA": {
            "cholec80_video41": 77.11839267110591,
            "cholec80_video43": 72.15115318755878,
            "cholec80_video44": 88.4191889355013,
            "cholec80_video45": 83.78187230893589,
            "cholec80_video46": 84.48921383726741,
            "cholec80_video47": 64.15627248384847,
            "cholec80_video48": 81.01342364408536
        }
    },
    "Endoscapes": {
        "mAP": 44.905118467460795,
        "mAP_EMA": 46.23637747334416,
        "mAP_per_class": {
            "C0": 45.01877086340457,
            "C1": 41.9153162676134,
            "C2": 47.78126827136441
        },
        "mAP_per_class_EMA": {
            "C0": 44.83800480987769,
            "C1": 47.210388206102635,
            "C2": 46.66073940405216
        }
    },
    "CholecT50": {
        "AP": {
            "AP_i": 89.68973119911284,
            "AP_v": 61.86087582038556,
            "AP_t": 44.5551674819318,
            "AP_iv": 40.74897695314535,
            "AP_it": 42.76984836388649,
            "AP_ivt": 35.84324592385909
        },
        "AP_EMA": {
            "AP_i": 92.46237015885502,
            "AP_v": 67.79012215918979,
            "AP_t": 50.42763054560375,
            "AP_iv": 44.77829473107254,
            "AP_it": 47.005267075524465,
            "AP_ivt": 39.42124677212838
        }
    }
}