{
    "Test": false,
    "Cholec80": {
        "F1_score": 76.9517735532672,
        "F1_score_EMA": 78.55867860854633,
        "Per_video_f1": {
            "cholec80_video41": 77.80261445910853,
            "cholec80_video43": 69.46475104627028,
            "cholec80_video44": 87.92414974050757,
            "cholec80_video45": 77.68497563786913,
            "cholec80_video46": 83.19818066498179,
            "cholec80_video47": 65.19049292152586,
            "cholec80_video48": 77.3972504026073
        },
        "Per_video_f1_EMA": {
            "cholec80_video41": 76.61294712254943,
            "cholec80_video43": 72.41838852215251,
            "cholec80_video44": 88.37620239066182,
            "cholec80_video45": 83.34337179512745,
            "cholec80_video46": 84.13595124446806,
            "cholec80_video47": 63.970620296672074,
            "cholec80_video48": 81.05326888819292
        }
    },
    "Endoscapes": {
        "mAP": 37.88905107793591,
        "mAP_EMA": 44.9423795112925,
        "mAP_per_class": {
            "C0": 40.35521020514919,
            "C1": 36.422162169729035,
            "C2": 36.8897808589295
        },
        "mAP_per_class_EMA": {
            "C0": 43.627001150039014,
            "C1": 45.143610213413794,
            "C2": 46.0565271704247
        }
    },
    "CholecT50": {
        "AP": {
            "AP_i": 88.62670633133378,
            "AP_v": 66.08613116855774,
            "AP_t": 47.79542187307792,
            "AP_iv": 45.38257399004345,
            "AP_it": 42.71881927056032,
            "AP_ivt": 37.58521361190416
        },
        "AP_EMA": {
            "AP_i": 92.4983342946861,
            "AP_v": 67.59599820461797,
            "AP_t": 50.28668885413038,
            "AP_iv": 44.80075133320033,
            "AP_it": 46.31428553525244,
            "AP_ivt": 39.12478950940851
        }
    }
}