{
    "Test": false,
    "Cholec80": {
        "F1_score": 76.59820509018068,
        "F1_score_EMA": 78.4236009325897,
        "Per_video_f1": {
            "cholec80_video41": 75.07681973438551,
            "cholec80_video43": 73.58179398528313,
            "cholec80_video44": 87.21530939800853,
            "cholec80_video45": 81.65283487595705,
            "cholec80_video46": 79.66411894777153,
            "cholec80_video47": 61.37164014125906,
            "cholec80_video48": 77.62491854859998
        },
        "Per_video_f1_EMA": {
            "cholec80_video41": 76.71484919142941,
            "cholec80_video43": 72.96121233598869,
            "cholec80_video44": 87.97214848203461,
            "cholec80_video45": 82.54099416813216,
            "cholec80_video46": 84.04710612809599,
            "cholec80_video47": 63.872810419092914,
            "cholec80_video48": 80.8560858033541
        }
    },
    "Endoscapes": {
        "mAP": 41.69132004466241,
        "mAP_EMA": 43.97346218878629,
        "mAP_per_class": {
            "C0": 42.98739583925267,
            "C1": 41.050689064542276,
            "C2": 41.03587523019228
        },
        "mAP_per_class_EMA": {
            "C0": 43.22964634837727,
            "C1": 43.47638178981455,
            "C2": 45.21435842816706
        }
    },
    "CholecT50": {
        "AP": {
            "AP_i": 88.10324561849431,
            "AP_v": 64.31335043761949,
            "AP_t": 44.5551645978505,
            "AP_iv": 42.21731815586651,
            "AP_it": 39.967679399777786,
            "AP_ivt": 34.8543484395314
        },
        "AP_EMA": {
            "AP_i": 92.3489756010732,
            "AP_v": 67.97583358727611,
            "AP_t": 49.951366899620226,
            "AP_iv": 44.91449864619861,
            "AP_it": 45.56289751621102,
            "AP_ivt": 39.30655868429242
        }
    }
}