{
    "Test": false,
    "Cholec80": {
        "F1_score": 77.57613375126775,
        "F1_score_EMA": 78.8924753261917,
        "Per_video_f1": {
            "cholec80_video41": 78.03762386862715,
            "cholec80_video43": 70.83002639988317,
            "cholec80_video44": 85.53490389307152,
            "cholec80_video45": 81.26233003222917,
            "cholec80_video46": 83.27175997743775,
            "cholec80_video47": 64.62471981041001,
            "cholec80_video48": 79.47157227721544
        },
        "Per_video_f1_EMA": {
            "cholec80_video41": 77.4410492562015,
            "cholec80_video43": 73.10147209870017,
            "cholec80_video44": 87.88308914799416,
            "cholec80_video45": 83.85812403093821,
            "cholec80_video46": 84.31089656768161,
            "cholec80_video47": 64.90544900059228,
            "cholec80_video48": 80.74724718123394
        }
    },
    "Endoscapes": {
        "mAP": 42.450121350520014,
        "mAP_EMA": 49.63389805153885,
        "mAP_per_class": {
            "C0": 47.958033340002984,
            "C1": 39.99655702793077,
            "C2": 39.395773683626295
        },
        "mAP_per_class_EMA": {
            "C0": 49.36702377657141,
            "C1": 51.73060960833266,
            "C2": 47.80406076971249
        }
    },
    "CholecT50": {
        "AP": {
            "AP_i": 91.99157308061352,
            "AP_v": 68.57491622407159,
            "AP_t": 48.098626621097296,
            "AP_iv": 44.66954300202127,
            "AP_it": 45.670521303528204,
            "AP_ivt": 40.675296167362745
        },
        "AP_EMA": {
            "AP_i": 92.89630502266054,
            "AP_v": 71.10388277815697,
            "AP_t": 51.61333460057491,
            "AP_iv": 47.88001091148326,
            "AP_it": 49.03401221800148,
            "AP_ivt": 42.896476572171764
        }
    }
}