{
    "Test": false,
    "Dataset": "Endoscapes",
    "Results": [
        42.016402027944224,
        24.593634756372712,
        {
            "C0": 47.235892421151675,
            "C1": 44.16146119341732,
            "C2": 34.65185246926368
        },
        {
            "C0": 23.539073128960556,
            "C1": 21.817362954151235,
            "C2": 28.424468186006347
        }
    ]
}