{
    "Test": false,
    "Dataset": "Endoscapes",
    "Results": [
        34.586791827558656,
        16.096589596339857,
        {
            "C0": 34.082501881501344,
            "C1": 31.040944885943766,
            "C2": 38.63692871523086
        },
        {
            "C0": 16.340121106608613,
            "C1": 13.237074858232475,
            "C2": 18.71257282417848
        }
    ]
}