{
    "Test": true,
    "Dataset": "Endoscapes",
    "Results": [
        43.01952933838374,
        null,
        {
            "C0": 41.795239307119814,
            "C1": 32.29725034453273,
            "C2": 54.96609836349868
        },
        null
    ]
}