{
    "Test": false,
    "Dataset": "Endoscapes",
    "Results": [
        40.755146212157236,
        18.088223376654213,
        {
            "C0": 41.997918094085854,
            "C1": 39.27081140006409,
            "C2": 40.996709142321755
        },
        {
            "C0": 18.038742581329988,
            "C1": 15.470072636722609,
            "C2": 20.755854911910042
        }
    ]
}