{
    "Test": false,
    "Dataset": "Endoscapes",
    "Results": [
        40.312915439288865,
        16.039117072799524,
        {
            "C0": 38.70425867740654,
            "C1": 36.12124722862185,
            "C2": 46.11324041183821
        },
        {
            "C0": 16.340391890285826,
            "C1": 13.071271822027258,
            "C2": 18.70568750608549
        }
    ]
}