{
    "Test": false,
    "Dataset": "Endoscapes",
    "Results": [
        37.67311966692849,
        35.767103155238026,
        {
            "C0": 36.16738443653052,
            "C1": 35.89666827363671,
            "C2": 40.955306290618246
        },
        {
            "C0": 33.0245980310482,
            "C1": 32.55933486381979,
            "C2": 41.71737657084609
        }
    ]
}