{
    "Test": true,
    "Cholec80": {
        "F1_score": 64.94619069056644,
        "F1_score_EMA": null,
        "Per_video_f1": {
            "cholec80_video51": 72.60857499730736,
            "cholec80_video53": 74.0929006211832,
            "cholec80_video54": 64.94682878927775,
            "cholec80_video55": 77.43637823609816,
            "cholec80_video58": 45.04727010010975,
            "cholec80_video59": 71.43056502010081,
            "cholec80_video61": 60.75923986569058,
            "cholec80_video63": 60.60530994411813,
            "cholec80_video64": 67.97646040282915,
            "cholec80_video69": 78.99858437703836,
            "cholec80_video73": 80.83092677400198,
            "cholec80_video74": 59.57966051429514,
            "cholec80_video76": 68.3320273484419,
            "cholec80_video77": 72.74388956827069,
            "cholec80_video80": 18.804243799733563
        },
        "Per_video_f1_EMA": null
    },
    "Endoscapes": {
        "mAP": 51.21722069592595,
        "mAP_EMA": null,
        "mAP_per_class": {
            "C0": 48.51486419618995,
            "C1": 38.928936532824025,
            "C2": 66.20786135876389
        },
        "mAP_per_class_EMA": null
    },
    "CholecT50": {
        "AP": {
            "AP_i": 73.80819423732468,
            "AP_v": 52.89145516775456,
            "AP_t": 40.229814540706265,
            "AP_iv": 30.136118255898594,
            "AP_it": 28.30648542791982,
            "AP_ivt": 22.61766406181783
        },
        "AP_EMA": null
    }
}