{
    "Test": false,
    "Cholec80": {
        "F1_score": 71.6640933282847,
        "F1_score_EMA": 74.56282032008387,
        "Per_video_f1": {
            "cholec80_video41": 72.42793219230911,
            "cholec80_video43": 69.01380320312498,
            "cholec80_video44": 75.16719878985788,
            "cholec80_video45": 78.6617290502007,
            "cholec80_video46": 71.98682758691511,
            "cholec80_video47": 62.55165474655753,
            "cholec80_video48": 71.83950772902755
        },
        "Per_video_f1_EMA": {
            "cholec80_video41": 71.7678493676395,
            "cholec80_video43": 69.39163945021623,
            "cholec80_video44": 82.36584484053037,
            "cholec80_video45": 82.90365048361885,
            "cholec80_video46": 73.99130962581978,
            "cholec80_video47": 65.59605380211686,
            "cholec80_video48": 75.92339467064554
        }
    },
    "Endoscapes": {
        "mAP": 35.77057729411509,
        "mAP_EMA": 41.944906698567664,
        "mAP_per_class": {
            "C0": 38.458759384228614,
            "C1": 39.54864652466739,
            "C2": 29.304325973449274
        },
        "mAP_per_class_EMA": {
            "C0": 46.67479294771084,
            "C1": 42.60810728972837,
            "C2": 36.55181985826377
        }
    },
    "CholecT50": {
        "AP": {
            "AP_i": 77.78701569864326,
            "AP_v": 53.71846710510066,
            "AP_t": 36.90057421120672,
            "AP_iv": 33.708697104336665,
            "AP_it": 30.878751592387843,
            "AP_ivt": 25.73500896425077
        },
        "AP_EMA": {
            "AP_i": 83.61995707839036,
            "AP_v": 56.521308309108875,
            "AP_t": 42.43069624003859,
            "AP_iv": 35.2538554129754,
            "AP_it": 37.55852834714384,
            "AP_ivt": 30.68653329238517
        }
    }
}