{
    "Test": false,
    "Cholec80": {
        "F1_score": 70.9055317020976,
        "F1_score_EMA": 74.39985293969727,
        "Per_video_f1": {
            "cholec80_video41": 69.80725167171455,
            "cholec80_video43": 67.13627927407637,
            "cholec80_video44": 77.5431870305869,
            "cholec80_video45": 73.1112464548813,
            "cholec80_video46": 70.67687314311875,
            "cholec80_video47": 63.97653018814372,
            "cholec80_video48": 74.0873541521616
        },
        "Per_video_f1_EMA": {
            "cholec80_video41": 71.99521883652392,
            "cholec80_video43": 69.86375724832428,
            "cholec80_video44": 82.61619347034363,
            "cholec80_video45": 82.0489888187948,
            "cholec80_video46": 73.37083895468616,
            "cholec80_video47": 65.0965265768629,
            "cholec80_video48": 75.80744667234518
        }
    },
    "Endoscapes": {
        "mAP": 36.018785844722494,
        "mAP_EMA": 42.97617046226748,
        "mAP_per_class": {
            "C0": 38.14496347022973,
            "C1": 36.445442325738455,
            "C2": 33.46595173819929
        },
        "mAP_per_class_EMA": {
            "C0": 47.05283819773696,
            "C1": 44.0724202984364,
            "C2": 37.803252890629096
        }
    },
    "CholecT50": {
        "AP": {
            "AP_i": 79.4522764674482,
            "AP_v": 54.965931317719935,
            "AP_t": 38.388217878142925,
            "AP_iv": 34.07851566412953,
            "AP_it": 34.94951595057267,
            "AP_ivt": 28.576782172459165
        },
        "AP_EMA": {
            "AP_i": 82.9820037283514,
            "AP_v": 56.619417128212376,
            "AP_t": 43.969349362435146,
            "AP_iv": 35.232089569583465,
            "AP_it": 38.56737440155876,
            "AP_ivt": 31.59133396089192
        }
    }
}