{
    "Test": false,
    "Cholec80": {
        "F1_score": 67.3099672636946,
        "F1_score_EMA": 74.18101853357587,
        "Per_video_f1": {
            "cholec80_video41": 64.41066101302967,
            "cholec80_video43": 60.612773632577124,
            "cholec80_video44": 73.40764100848641,
            "cholec80_video45": 73.28619112362101,
            "cholec80_video46": 66.27591520325922,
            "cholec80_video47": 63.565916348091875,
            "cholec80_video48": 69.61067251679694
        },
        "Per_video_f1_EMA": {
            "cholec80_video41": 72.70360635318742,
            "cholec80_video43": 68.90338574636084,
            "cholec80_video44": 81.6850905640561,
            "cholec80_video45": 81.03691141316455,
            "cholec80_video46": 73.6018075099779,
            "cholec80_video47": 66.17147922483674,
            "cholec80_video48": 75.16484892344751
        }
    },
    "Endoscapes": {
        "mAP": 32.79467662679278,
        "mAP_EMA": 39.555890270707835,
        "mAP_per_class": {
            "C0": 37.89777514673455,
            "C1": 33.460218234815706,
            "C2": 27.026036498828077
        },
        "mAP_per_class_EMA": {
            "C0": 44.24752654733589,
            "C1": 39.40673561204102,
            "C2": 35.01340865274659
        }
    },
    "CholecT50": {
        "AP": {
            "AP_i": 78.62293671418756,
            "AP_v": 54.3881405765993,
            "AP_t": 36.57267540926829,
            "AP_iv": 33.82710084126021,
            "AP_it": 32.374112450086116,
            "AP_ivt": 27.11746769766588
        },
        "AP_EMA": {
            "AP_i": 81.63569521388388,
            "AP_v": 55.858610185771965,
            "AP_t": 40.359792525290054,
            "AP_iv": 35.49202227263665,
            "AP_it": 35.98212880182993,
            "AP_ivt": 29.639884069488026
        }
    }
}