{
    "Test": false,
    "Cholec80": {
        "F1_score": 67.048226064938,
        "F1_score_EMA": 71.4444357182707,
        "Per_video_f1": {
            "cholec80_video41": 64.80819923661943,
            "cholec80_video43": 64.76251213967987,
            "cholec80_video44": 64.01320315411584,
            "cholec80_video45": 75.68763260835182,
            "cholec80_video46": 66.39189926819101,
            "cholec80_video47": 69.12772118993037,
            "cholec80_video48": 64.54641485767773
        },
        "Per_video_f1_EMA": {
            "cholec80_video41": 69.79922819236045,
            "cholec80_video43": 67.96639556131015,
            "cholec80_video44": 70.62343971449766,
            "cholec80_video45": 82.01354791022517,
            "cholec80_video46": 71.78009207813976,
            "cholec80_video47": 67.07924878682876,
            "cholec80_video48": 70.84909778453294
        }
    },
    "Endoscapes": {
        "mAP": 36.629347259524266,
        "mAP_EMA": 39.16478438097014,
        "mAP_per_class": {
            "C0": 32.268105868197175,
            "C1": 39.29497676239201,
            "C2": 38.32495914798361
        },
        "mAP_per_class_EMA": {
            "C0": 38.54839852730642,
            "C1": 40.63686432279395,
            "C2": 38.309090292810055
        }
    },
    "CholecT50": {
        "AP": {
            "AP_i": 74.33012037810526,
            "AP_v": 54.388895358619344,
            "AP_t": 40.64178079661369,
            "AP_iv": 33.557385261894225,
            "AP_it": 32.62210312582005,
            "AP_ivt": 26.863602288478432
        },
        "AP_EMA": {
            "AP_i": 83.41778582710565,
            "AP_v": 61.08097779564891,
            "AP_t": 44.4654630271337,
            "AP_iv": 39.02201107783105,
            "AP_it": 39.35018235163347,
            "AP_ivt": 33.29858027109065
        }
    }
}