{
    "Test": false,
    "Cholec80": {
        "F1_score": 63.93703530764304,
        "F1_score_EMA": 68.7977472473362,
        "Per_video_f1": {
            "cholec80_video41": 67.84458165760024,
            "cholec80_video43": 52.12867008447343,
            "cholec80_video44": 65.17283827658869,
            "cholec80_video45": 70.51217161867716,
            "cholec80_video46": 61.62020989781912,
            "cholec80_video47": 63.593131403267,
            "cholec80_video48": 66.68764421507564
        },
        "Per_video_f1_EMA": {
            "cholec80_video41": 71.60225718595534,
            "cholec80_video43": 60.65403429492654,
            "cholec80_video44": 70.53405281072502,
            "cholec80_video45": 79.2634472960679,
            "cholec80_video46": 69.428768838042,
            "cholec80_video47": 62.45368533242457,
            "cholec80_video48": 67.6479849732121
        }
    },
    "Endoscapes": {
        "mAP": 23.032746470748794,
        "mAP_EMA": 41.441595364300206,
        "mAP_per_class": {
            "C0": 23.261542665039492,
            "C1": 18.115209189994644,
            "C2": 27.721487557212242
        },
        "mAP_per_class_EMA": {
            "C0": 37.607334224329655,
            "C1": 39.67573594760247,
            "C2": 47.04171592096849
        }
    },
    "CholecT50": {
        "AP": {
            "AP_i": 69.0941186663624,
            "AP_v": 47.765999706529705,
            "AP_t": 34.17787370903216,
            "AP_iv": 29.198188280534815,
            "AP_it": 28.599893664544787,
            "AP_ivt": 26.610861573365604
        },
        "AP_EMA": {
            "AP_i": 80.84052481263868,
            "AP_v": 58.83762604788734,
            "AP_t": 40.44737795681762,
            "AP_iv": 39.09506452617342,
            "AP_it": 36.780706711242594,
            "AP_ivt": 32.180015237955125
        }
    }
}