{
    "Test": false,
    "Cholec80": {
        "F1_score": 68.5206296400114,
        "F1_score_EMA": 70.78223059979358,
        "Per_video_f1": {
            "cholec80_video41": 65.95252930701172,
            "cholec80_video43": 63.663387576542384,
            "cholec80_video44": 69.94143733054129,
            "cholec80_video45": 75.27846678405204,
            "cholec80_video46": 69.48167108478837,
            "cholec80_video47": 64.66835203995116,
            "cholec80_video48": 70.65856335719285
        },
        "Per_video_f1_EMA": {
            "cholec80_video41": 70.03795141797298,
            "cholec80_video43": 67.3075439421439,
            "cholec80_video44": 68.53826761204446,
            "cholec80_video45": 81.04190665314994,
            "cholec80_video46": 71.88128352312056,
            "cholec80_video47": 66.34648435262662,
            "cholec80_video48": 70.3221766974966
        }
    },
    "Endoscapes": {
        "mAP": 37.62679826601632,
        "mAP_EMA": 39.72352710490897,
        "mAP_per_class": {
            "C0": 39.91932390655252,
            "C1": 37.55258668300282,
            "C2": 35.408484208493626
        },
        "mAP_per_class_EMA": {
            "C0": 38.46969523716223,
            "C1": 40.600643141171425,
            "C2": 40.10024293639326
        }
    },
    "CholecT50": {
        "AP": {
            "AP_i": 77.51856392750045,
            "AP_v": 53.302803728333444,
            "AP_t": 40.47588380530887,
            "AP_iv": 33.645620540883804,
            "AP_it": 34.109864331669996,
            "AP_ivt": 28.518952607652615
        },
        "AP_EMA": {
            "AP_i": 83.51239761845324,
            "AP_v": 61.143922550636304,
            "AP_t": 44.45224333694406,
            "AP_iv": 39.0413156959281,
            "AP_it": 39.72462795807298,
            "AP_ivt": 33.8159234316875
        }
    }
}