{
    "Test": false,
    "Cholec80": {
        "F1_score": 63.37331927310038,
        "F1_score_EMA": 29.268607905076344,
        "Per_video_f1": {
            "cholec80_video41": 68.99579220761935,
            "cholec80_video43": 58.54644624518286,
            "cholec80_video44": 71.5724728427979,
            "cholec80_video45": 66.33120303182534,
            "cholec80_video46": 60.5180738013436,
            "cholec80_video47": 58.51992118281056,
            "cholec80_video48": 59.12932560012306
        },
        "Per_video_f1_EMA": {
            "cholec80_video41": 31.470852252203574,
            "cholec80_video43": 37.821860668025764,
            "cholec80_video44": 24.579663391628543,
            "cholec80_video45": 20.25249594069155,
            "cholec80_video46": 29.041344809327725,
            "cholec80_video47": 26.357310284842832,
            "cholec80_video48": 35.35672798881441
        }
    },
    "Endoscapes": {
        "mAP": 43.84417531642668,
        "mAP_EMA": 24.768290644830216,
        "mAP_per_class": {
            "C0": 43.09210775297929,
            "C1": 41.529750477493266,
            "C2": 46.91066771880749
        },
        "mAP_per_class_EMA": {
            "C0": 22.843874336416153,
            "C1": 23.37993125233447,
            "C2": 28.081066345740023
        }
    },
    "CholecT50": {
        "AP": {
            "AP_i": 79.56450391095078,
            "AP_v": 52.08954703777207,
            "AP_t": 35.03900493279764,
            "AP_iv": 33.91743495675414,
            "AP_it": 32.109660035439646,
            "AP_ivt": 26.720967960225394
        },
        "AP_EMA": {
            "AP_i": 43.53479095981848,
            "AP_v": 27.928478027632963,
            "AP_t": 24.787754250803783,
            "AP_iv": 18.585796482034265,
            "AP_it": 17.69715282743301,
            "AP_ivt": 15.085899209516496
        }
    }
}