{
    "Test": false,
    "Cholec80": {
        "F1_score": 59.46430887719556,
        "F1_score_EMA": 9.04519621511629,
        "Per_video_f1": {
            "cholec80_video41": 64.45653041830356,
            "cholec80_video43": 53.82011029899424,
            "cholec80_video44": 50.57582521608782,
            "cholec80_video45": 66.8655525459971,
            "cholec80_video46": 54.23598984737885,
            "cholec80_video47": 63.389219377127425,
            "cholec80_video48": 62.90693443647996
        },
        "Per_video_f1_EMA": {
            "cholec80_video41": 7.560764822329416,
            "cholec80_video43": 6.833175544371917,
            "cholec80_video44": 11.403221954848545,
            "cholec80_video45": 7.874392019186972,
            "cholec80_video46": 13.271726153213756,
            "cholec80_video47": 9.707292102936387,
            "cholec80_video48": 6.6658009089270305
        }
    },
    "Endoscapes": {
        "mAP": 36.901148382010696,
        "mAP_EMA": 12.339626530062382,
        "mAP_per_class": {
            "C0": 37.01431722831412,
            "C1": 36.66949972036955,
            "C2": 37.01962819734842
        },
        "mAP_per_class_EMA": {
            "C0": 13.098497863165463,
            "C1": 11.147403039203777,
            "C2": 12.772978687817908
        }
    },
    "CholecT50": {
        "AP": {
            "AP_i": 61.30111368956964,
            "AP_v": 41.1660239110536,
            "AP_t": 32.85211810005681,
            "AP_iv": 26.341442340093867,
            "AP_it": 28.615970444338473,
            "AP_ivt": 24.208649766100795
        },
        "AP_EMA": {
            "AP_i": 22.378803584932466,
            "AP_v": 14.759440698589966,
            "AP_t": 11.247317434453159,
            "AP_iv": 8.155018051260017,
            "AP_it": 5.891657461511115,
            "AP_ivt": 4.795643834307531
        }
    }
}