{
    "Test": false,
    "Cholec80": {
        "F1_score": 50.13458172386319,
        "F1_score_EMA": 68.61984297664638,
        "Per_video_f1": {
            "cholec80_video41": 58.75299973840576,
            "cholec80_video43": 43.35010656501946,
            "cholec80_video44": 53.122997747416925,
            "cholec80_video45": 59.94527519709407,
            "cholec80_video46": 55.35632031875078,
            "cholec80_video47": 41.853786019887366,
            "cholec80_video48": 38.560586480467975
        },
        "Per_video_f1_EMA": {
            "cholec80_video41": 70.42213159277829,
            "cholec80_video43": 58.84090609549402,
            "cholec80_video44": 70.98461280384323,
            "cholec80_video45": 79.9722387804749,
            "cholec80_video46": 70.4608946058752,
            "cholec80_video47": 61.828230990147304,
            "cholec80_video48": 67.82988596791172
        }
    },
    "Endoscapes": {
        "mAP": 29.65340381378981,
        "mAP_EMA": 41.52124082949318,
        "mAP_per_class": {
            "C0": 24.565125760456365,
            "C1": 27.495644240704475,
            "C2": 36.89944144020859
        },
        "mAP_per_class_EMA": {
            "C0": 38.06120978617655,
            "C1": 41.29604979357561,
            "C2": 45.206462908727374
        }
    },
    "CholecT50": {
        "AP": {
            "AP_i": 70.34547258762008,
            "AP_v": 50.85516363512552,
            "AP_t": 31.765556773795687,
            "AP_iv": 31.15320185900875,
            "AP_it": 26.29915164724634,
            "AP_ivt": 23.024317632011165
        },
        "AP_EMA": {
            "AP_i": 79.74644712219852,
            "AP_v": 57.28249548391905,
            "AP_t": 37.89868367338156,
            "AP_iv": 37.53938324508827,
            "AP_it": 34.28844301025655,
            "AP_ivt": 29.970035318632064
        }
    }
}