{
    "Test": false,
    "Cholec80": {
        "F1_score": 69.76912040573099,
        "F1_score_EMA": 67.82886567014563,
        "Per_video_f1": {
            "cholec80_video41": 68.17784594105532,
            "cholec80_video43": 67.0424541411187,
            "cholec80_video44": 75.37034576037126,
            "cholec80_video45": 75.35602561753957,
            "cholec80_video46": 71.7366414343594,
            "cholec80_video47": 64.47206340829348,
            "cholec80_video48": 66.22846653737919
        },
        "Per_video_f1_EMA": {
            "cholec80_video41": 67.73485634785342,
            "cholec80_video43": 63.608519150585586,
            "cholec80_video44": 62.71368128463896,
            "cholec80_video45": 77.78128279541706,
            "cholec80_video46": 67.86633209492334,
            "cholec80_video47": 64.7529297938519,
            "cholec80_video48": 70.34445822374914
        }
    },
    "Endoscapes": {
        "mAP": 32.061371790105795,
        "mAP_EMA": 40.174637786737165,
        "mAP_per_class": {
            "C0": 34.22032072206699,
            "C1": 33.98923992124041,
            "C2": 27.97455472701
        },
        "mAP_per_class_EMA": {
            "C0": 37.2769938964266,
            "C1": 38.52942558798424,
            "C2": 44.71749387580065
        }
    },
    "CholecT50": {
        "AP": {
            "AP_i": 74.95636822011782,
            "AP_v": 56.16563107277691,
            "AP_t": 38.012243624891475,
            "AP_iv": 34.45344137124758,
            "AP_it": 32.12461807891465,
            "AP_ivt": 27.695726098944046
        },
        "AP_EMA": {
            "AP_i": 81.98305662788188,
            "AP_v": 58.57784624432169,
            "AP_t": 41.962118183326155,
            "AP_iv": 37.18723992467092,
            "AP_it": 37.79348024265403,
            "AP_ivt": 32.43581790424344
        }
    }
}