{
    "Test": false,
    "Cholec80": {
        "F1_score": 54.66525297160224,
        "F1_score_EMA": 9.235527422129403,
        "Per_video_f1": {
            "cholec80_video41": 58.10808760515857,
            "cholec80_video43": 53.09904973037221,
            "cholec80_video44": 53.284496090711656,
            "cholec80_video45": 51.56044075023895,
            "cholec80_video46": 51.52018139573696,
            "cholec80_video47": 56.623851970068394,
            "cholec80_video48": 58.46066325892893
        },
        "Per_video_f1_EMA": {
            "cholec80_video41": 8.223209806611477,
            "cholec80_video43": 7.270335434892397,
            "cholec80_video44": 11.932709905041385,
            "cholec80_video45": 8.877045560147307,
            "cholec80_video46": 11.976595710914403,
            "cholec80_video47": 9.651319464984063,
            "cholec80_video48": 6.717476072314783
        }
    },
    "Endoscapes": {
        "mAP": 30.65191228135328,
        "mAP_EMA": 13.22519195180768,
        "mAP_per_class": {
            "C0": 28.214492816218062,
            "C1": 27.747023898322514,
            "C2": 35.99422012951926
        },
        "mAP_per_class_EMA": {
            "C0": 13.851758875115058,
            "C1": 12.062772072726366,
            "C2": 13.761044907581619
        }
    },
    "CholecT50": {
        "AP": {
            "AP_i": 60.58017484176713,
            "AP_v": 40.82390748141239,
            "AP_t": 34.5356419269363,
            "AP_iv": 25.594001323317027,
            "AP_it": 26.791791566077734,
            "AP_ivt": 23.203004658982046
        },
        "AP_EMA": {
            "AP_i": 22.622276831450183,
            "AP_v": 14.78990037774067,
            "AP_t": 11.480187167124711,
            "AP_iv": 8.265954104035947,
            "AP_it": 6.136163466009503,
            "AP_ivt": 4.981349767276199
        }
    }
}