{
    "Test": false,
    "Cholec80": {
        "F1_score": 65.7276418590091,
        "F1_score_EMA": 7.9630067073986135,
        "Per_video_f1": {
            "cholec80_video41": 67.20546745184652,
            "cholec80_video43": 54.086516997471776,
            "cholec80_video44": 69.53958654099246,
            "cholec80_video45": 73.30256653433514,
            "cholec80_video46": 71.26540803565416,
            "cholec80_video47": 62.41477645094076,
            "cholec80_video48": 62.27917100182289
        },
        "Per_video_f1_EMA": {
            "cholec80_video41": 8.376971392402332,
            "cholec80_video43": 6.426780312955239,
            "cholec80_video44": 9.94050140743134,
            "cholec80_video45": 8.755032935150897,
            "cholec80_video46": 7.592665119817653,
            "cholec80_video47": 8.127433291412014,
            "cholec80_video48": 6.521662492620816
        }
    },
    "Endoscapes": {
        "mAP": 35.67785096016554,
        "mAP_EMA": 11.090130289691803,
        "mAP_per_class": {
            "C0": 35.19146400592681,
            "C1": 34.23605448679204,
            "C2": 37.606034387777775
        },
        "mAP_per_class_EMA": {
            "C0": 12.077558472288521,
            "C1": 10.182849225562121,
            "C2": 11.009983171224768
        }
    },
    "CholecT50": {
        "AP": {
            "AP_i": 83.43934162017648,
            "AP_v": 59.30054812738358,
            "AP_t": 43.04372330100065,
            "AP_iv": 37.47723578271033,
            "AP_it": 37.92413915969673,
            "AP_ivt": 31.97061428457869
        },
        "AP_EMA": {
            "AP_i": 26.431108224299617,
            "AP_v": 17.193636243686814,
            "AP_t": 12.808375729157031,
            "AP_iv": 9.53565364334762,
            "AP_it": 6.759155555093365,
            "AP_ivt": 5.395904269462903
        }
    }
}