{
    "Test": false,
    "Cholec80": {
        "F1_score": 59.54719062977402,
        "F1_score_EMA": 7.161984418513009,
        "Per_video_f1": {
            "cholec80_video41": 63.602795086843656,
            "cholec80_video43": 52.581157977117634,
            "cholec80_video44": 62.070160018739905,
            "cholec80_video45": 70.0781849098835,
            "cholec80_video46": 60.73695073736792,
            "cholec80_video47": 54.023290354237915,
            "cholec80_video48": 53.73779532422761
        },
        "Per_video_f1_EMA": {
            "cholec80_video41": 6.522897644509183,
            "cholec80_video43": 6.06798048638132,
            "cholec80_video44": 8.706696726256629,
            "cholec80_video45": 8.054260279779568,
            "cholec80_video46": 7.449527216969078,
            "cholec80_video47": 8.342284282133907,
            "cholec80_video48": 4.990244293561373
        }
    },
    "Endoscapes": {
        "mAP": 36.863075940655136,
        "mAP_EMA": 12.75978405007437,
        "mAP_per_class": {
            "C0": 33.07064826408337,
            "C1": 31.645137951207502,
            "C2": 45.87344160667454
        },
        "mAP_per_class_EMA": {
            "C0": 13.525256010484194,
            "C1": 12.264807288309292,
            "C2": 12.48928885142962
        }
    },
    "CholecT50": {
        "AP": {
            "AP_i": 80.7414565239046,
            "AP_v": 54.99592943718566,
            "AP_t": 39.89960749359592,
            "AP_iv": 34.93481401864665,
            "AP_it": 35.673566133219104,
            "AP_ivt": 29.365160477912614
        },
        "AP_EMA": {
            "AP_i": 31.95767415904894,
            "AP_v": 19.680574192666462,
            "AP_t": 15.209736362821928,
            "AP_iv": 12.132429785624403,
            "AP_it": 9.208498428741885,
            "AP_ivt": 7.886266177932692
        }
    }
}