{
    "Test": false,
    "Cholec80": {
        "F1_score": 53.40825753733386,
        "F1_score_EMA": 68.65648003682878,
        "Per_video_f1": {
            "cholec80_video41": 64.65770661371305,
            "cholec80_video43": 44.400868148269865,
            "cholec80_video44": 46.88333164225867,
            "cholec80_video45": 74.15077100942968,
            "cholec80_video46": 53.91882765633935,
            "cholec80_video47": 41.51060394021624,
            "cholec80_video48": 48.33569375111016
        },
        "Per_video_f1_EMA": {
            "cholec80_video41": 71.18984600048518,
            "cholec80_video43": 59.891559125595336,
            "cholec80_video44": 70.0635543663604,
            "cholec80_video45": 79.0509827928652,
            "cholec80_video46": 70.0957509034645,
            "cholec80_video47": 62.42544816430471,
            "cholec80_video48": 67.87821890472617
        }
    },
    "Endoscapes": {
        "mAP": 34.48047135323045,
        "mAP_EMA": 41.70877167586961,
        "mAP_per_class": {
            "C0": 26.54392305591342,
            "C1": 36.87703844324511,
            "C2": 40.02045256053282
        },
        "mAP_per_class_EMA": {
            "C0": 38.33653280480879,
            "C1": 40.66445867416113,
            "C2": 46.12532354863891
        }
    },
    "CholecT50": {
        "AP": {
            "AP_i": 77.52398354357676,
            "AP_v": 52.675228226525576,
            "AP_t": 35.192629955779935,
            "AP_iv": 33.221178499577725,
            "AP_it": 30.171090119280922,
            "AP_ivt": 25.732479227217265
        },
        "AP_EMA": {
            "AP_i": 80.83181141710368,
            "AP_v": 59.30521369571475,
            "AP_t": 39.85798375241659,
            "AP_iv": 38.76929005270162,
            "AP_it": 36.30230355719867,
            "AP_ivt": 31.744862823294554
        }
    }
}