{
    "Test": false,
    "Cholec80": {
        "F1_score": 56.415278423924846,
        "F1_score_EMA": 68.66923696793044,
        "Per_video_f1": {
            "cholec80_video41": 65.28081425516828,
            "cholec80_video43": 41.028945739640236,
            "cholec80_video44": 55.68032918706033,
            "cholec80_video45": 76.29846912377911,
            "cholec80_video46": 62.60881680047463,
            "cholec80_video47": 50.64090188674343,
            "cholec80_video48": 43.368671974607906
        },
        "Per_video_f1_EMA": {
            "cholec80_video41": 71.11278462161698,
            "cholec80_video43": 63.21316521447652,
            "cholec80_video44": 69.58812377961316,
            "cholec80_video45": 79.269642832762,
            "cholec80_video46": 67.02890469860901,
            "cholec80_video47": 62.27223412187891,
            "cholec80_video48": 68.19980350655658
        }
    },
    "Endoscapes": {
        "mAP": 37.15645860777339,
        "mAP_EMA": 40.418642348764784,
        "mAP_per_class": {
            "C0": 32.92734489717704,
            "C1": 40.28091170983875,
            "C2": 38.26111921630438
        },
        "mAP_per_class_EMA": {
            "C0": 36.33625145113532,
            "C1": 37.89176215091572,
            "C2": 47.027913444243325
        }
    },
    "CholecT50": {
        "AP": {
            "AP_i": 79.51269146556787,
            "AP_v": 57.751834908475395,
            "AP_t": 37.92971697623086,
            "AP_iv": 35.00301173240393,
            "AP_it": 32.54036710294564,
            "AP_ivt": 27.50135582958999
        },
        "AP_EMA": {
            "AP_i": 81.35553143531894,
            "AP_v": 58.152921321567376,
            "AP_t": 40.88409235468406,
            "AP_iv": 38.73539334379154,
            "AP_it": 37.27993297923051,
            "AP_ivt": 32.2583268597055
        }
    }
}