{
    "Test": true,
    "Cholec80": {
        "F1_score": 47.82117669444881,
        "F1_score_EMA": null,
        "Per_video_f1": {
            "cholec80_video51": 43.43992127959239,
            "cholec80_video53": 51.501009389120966,
            "cholec80_video54": 39.57881034361915,
            "cholec80_video55": 53.201588103830055,
            "cholec80_video58": 32.42383307891144,
            "cholec80_video59": 60.351217653534896,
            "cholec80_video61": 35.66985367389538,
            "cholec80_video63": 37.62111294397582,
            "cholec80_video64": 46.008115491961064,
            "cholec80_video69": 68.78521909931726,
            "cholec80_video73": 57.090807979646264,
            "cholec80_video74": 46.158708723943285,
            "cholec80_video76": 59.47336205117456,
            "cholec80_video77": 52.34484574019197,
            "cholec80_video80": 33.66924486401761
        },
        "Per_video_f1_EMA": null
    },
    "Endoscapes": {
        "mAP": 47.51103881668809,
        "mAP_EMA": null,
        "mAP_per_class": {
            "C0": 44.537219078170295,
            "C1": 37.19150501626444,
            "C2": 60.80439235562953
        },
        "mAP_per_class_EMA": null
    },
    "CholecT50": {
        "AP": {
            "AP_i": 74.93044223056249,
            "AP_v": 51.34299361249629,
            "AP_t": 35.51352398259553,
            "AP_iv": 29.785370331699685,
            "AP_it": 28.242045652061993,
            "AP_ivt": 22.81491290912401
        },
        "AP_EMA": null
    }
}