{
    "Test": false,
    "Cholec80": {
        "F1_score": 69.5486590036641,
        "F1_score_EMA": 73.91031749886479,
        "Per_video_f1": {
            "cholec80_video41": 62.21149201940499,
            "cholec80_video43": 69.3515928651599,
            "cholec80_video44": 65.22040930377024,
            "cholec80_video45": 76.93239563651406,
            "cholec80_video46": 75.24281123952562,
            "cholec80_video47": 65.97359610900371,
            "cholec80_video48": 71.9083158522702
        },
        "Per_video_f1_EMA": {
            "cholec80_video41": 71.76252977862954,
            "cholec80_video43": 69.05662400370922,
            "cholec80_video44": 78.91198659692122,
            "cholec80_video45": 78.95716612250922,
            "cholec80_video46": 74.27592894985148,
            "cholec80_video47": 70.34888131456846,
            "cholec80_video48": 74.0591057258644
        }
    },
    "Endoscapes": {
        "mAP": 42.39407942417127,
        "mAP_EMA": 48.21436819384185,
        "mAP_per_class": {
            "C0": 42.692037447643074,
            "C1": 41.556713913279886,
            "C2": 42.93348691159085
        },
        "mAP_per_class_EMA": {
            "C0": 48.790490919836756,
            "C1": 48.60680354085815,
            "C2": 47.24581012083063
        }
    },
    "CholecT50": {
        "AP": {
            "AP_i": 87.0500376661585,
            "AP_v": 63.203280757715824,
            "AP_t": 43.03099969949513,
            "AP_iv": 39.31038170384553,
            "AP_it": 36.91264313654617,
            "AP_ivt": 31.55976908235342
        },
        "AP_EMA": {
            "AP_i": 89.64111585743622,
            "AP_v": 67.13482933723368,
            "AP_t": 46.55159833320072,
            "AP_iv": 44.3237433613221,
            "AP_it": 43.50400446758597,
            "AP_ivt": 37.721009905032595
        }
    }
}