{
    "Test": false,
    "Cholec80": {
        "F1_score": 66.20957508142156,
        "F1_score_EMA": 57.706903815756355,
        "Per_video_f1": {
            "cholec80_video41": 65.92458219057465,
            "cholec80_video43": 65.12585362595424,
            "cholec80_video44": 60.6301438364984,
            "cholec80_video45": 68.99449950851306,
            "cholec80_video46": 72.19460495507418,
            "cholec80_video47": 65.84960939095134,
            "cholec80_video48": 64.74773206238503
        },
        "Per_video_f1_EMA": {
            "cholec80_video41": 58.20423727451539,
            "cholec80_video43": 67.53159648071616,
            "cholec80_video44": 56.12281867780408,
            "cholec80_video45": 46.06269751928997,
            "cholec80_video46": 64.97219039370964,
            "cholec80_video47": 52.874839571363474,
            "cholec80_video48": 58.1799467928958
        }
    },
    "Endoscapes": {
        "mAP": 46.33737191966398,
        "mAP_EMA": 40.39489557102318,
        "mAP_per_class": {
            "C0": 43.26253577901793,
            "C1": 43.57607335763258,
            "C2": 52.17350662234143
        },
        "mAP_per_class_EMA": {
            "C0": 41.85528851788893,
            "C1": 37.32588785557955,
            "C2": 42.00351033960105
        }
    },
    "CholecT50": {
        "AP": {
            "AP_i": 88.67559628011145,
            "AP_v": 64.61288158957305,
            "AP_t": 43.66121139766789,
            "AP_iv": 43.165261644076594,
            "AP_it": 40.298942190726635,
            "AP_ivt": 35.7477505657055
        },
        "AP_EMA": {
            "AP_i": 81.41666286669638,
            "AP_v": 57.82755301216183,
            "AP_t": 42.04567887207839,
            "AP_iv": 35.273832913708944,
            "AP_it": 36.04440084158922,
            "AP_ivt": 31.863970606311486
        }
    }
}