{
    "Test": false,
    "Cholec80": {
        "F1_score": 63.773018170979974,
        "F1_score_EMA": 28.69047713772011,
        "Per_video_f1": {
            "cholec80_video41": 61.61617021380824,
            "cholec80_video43": 64.55827445475158,
            "cholec80_video44": 67.31552086048085,
            "cholec80_video45": 65.87078642950732,
            "cholec80_video46": 66.7249709671686,
            "cholec80_video47": 58.217829122915674,
            "cholec80_video48": 62.107575148227546
        },
        "Per_video_f1_EMA": {
            "cholec80_video41": 30.133972035053198,
            "cholec80_video43": 35.012863377991756,
            "cholec80_video44": 30.841549841584616,
            "cholec80_video45": 23.037453227675105,
            "cholec80_video46": 34.637047522523865,
            "cholec80_video47": 18.151865226844368,
            "cholec80_video48": 29.01858873236786
        }
    },
    "Endoscapes": {
        "mAP": 44.49985076837314,
        "mAP_EMA": 17.57289578333243,
        "mAP_per_class": {
            "C0": 42.70438051364586,
            "C1": 42.102601678849325,
            "C2": 48.692570112624246
        },
        "mAP_per_class_EMA": {
            "C0": 18.718769810114814,
            "C1": 14.331973812518562,
            "C2": 19.66794372736392
        }
    },
    "CholecT50": {
        "AP": {
            "AP_i": 88.12283795983734,
            "AP_v": 62.11720144337992,
            "AP_t": 44.06062312521219,
            "AP_iv": 41.12730127126127,
            "AP_it": 39.795365270893754,
            "AP_ivt": 34.424970528751054
        },
        "AP_EMA": {
            "AP_i": 54.38792864820334,
            "AP_v": 37.37068226470453,
            "AP_t": 27.530617421771403,
            "AP_iv": 22.175959073561323,
            "AP_it": 18.509310728002646,
            "AP_ivt": 14.80556342929873
        }
    }
}