{
    "Test": false,
    "Cholec80": {
        "F1_score": 68.17953824740198,
        "F1_score_EMA": 75.94093635807657,
        "Per_video_f1": {
            "cholec80_video41": 70.69589673428591,
            "cholec80_video43": 60.22119944110089,
            "cholec80_video44": 71.50653226831244,
            "cholec80_video45": 79.78880948799059,
            "cholec80_video46": 72.49732630421364,
            "cholec80_video47": 58.81709937595405,
            "cholec80_video48": 63.72990411995632
        },
        "Per_video_f1_EMA": {
            "cholec80_video41": 71.92759229570397,
            "cholec80_video43": 75.67140184650945,
            "cholec80_video44": 78.98587590883682,
            "cholec80_video45": 78.19115269269568,
            "cholec80_video46": 76.15860622633883,
            "cholec80_video47": 72.40180774475724,
            "cholec80_video48": 78.250117791694
        }
    },
    "Endoscapes": {
        "mAP": 43.601099568072236,
        "mAP_EMA": 52.36609056272282,
        "mAP_per_class": {
            "C0": 42.81794373603074,
            "C1": 43.59326151958313,
            "C2": 44.39209344860284
        },
        "mAP_per_class_EMA": {
            "C0": 49.76115251324217,
            "C1": 55.86147122806193,
            "C2": 51.475647946864356
        }
    },
    "CholecT50": {
        "AP": {
            "AP_i": 82.613563442484,
            "AP_v": 58.53163271875047,
            "AP_t": 39.86471065802308,
            "AP_iv": 36.510315461429634,
            "AP_it": 35.21623094187632,
            "AP_ivt": 30.247554327347686
        },
        "AP_EMA": {
            "AP_i": 87.08105449239861,
            "AP_v": 63.481718287176236,
            "AP_t": 44.335619295598875,
            "AP_iv": 39.82830816831993,
            "AP_it": 39.35183479069773,
            "AP_ivt": 33.70924009382451
        }
    }
}