{
    "Test": false,
    "Cholec80": {
        "F1_score": 71.61190214500232,
        "F1_score_EMA": 76.04126105079423,
        "Per_video_f1": {
            "cholec80_video41": 68.38833138577075,
            "cholec80_video43": 65.33823828407247,
            "cholec80_video44": 77.47536621268829,
            "cholec80_video45": 75.00961687978301,
            "cholec80_video46": 73.47263092999448,
            "cholec80_video47": 69.22701078996496,
            "cholec80_video48": 72.37212053274229
        },
        "Per_video_f1_EMA": {
            "cholec80_video41": 69.45266786665722,
            "cholec80_video43": 78.82913175171355,
            "cholec80_video44": 77.8735493916426,
            "cholec80_video45": 78.36212649109261,
            "cholec80_video46": 75.90196363694031,
            "cholec80_video47": 74.50969721076073,
            "cholec80_video48": 77.35969100675266
        }
    },
    "Endoscapes": {
        "mAP": 46.81812063097117,
        "mAP_EMA": 53.217891064357815,
        "mAP_per_class": {
            "C0": 47.470412970133275,
            "C1": 45.59658952499272,
            "C2": 47.38735939778751
        },
        "mAP_per_class_EMA": {
            "C0": 48.59322974290039,
            "C1": 55.62721800480561,
            "C2": 55.43322544536745
        }
    },
    "CholecT50": {
        "AP": {
            "AP_i": 79.00547291705276,
            "AP_v": 54.9349055281339,
            "AP_t": 38.05138328556398,
            "AP_iv": 35.37540288952394,
            "AP_it": 33.11745238817196,
            "AP_ivt": 27.565933174251576
        },
        "AP_EMA": {
            "AP_i": 84.04410924070038,
            "AP_v": 61.19955730268934,
            "AP_t": 45.18647867477141,
            "AP_iv": 38.50782508111714,
            "AP_it": 39.23570401513159,
            "AP_ivt": 33.45871771186964
        }
    }
}