{
    "Test": false,
    "Cholec80": {
        "F1_score": 66.5482048075176,
        "F1_score_EMA": 74.07150351470466,
        "Per_video_f1": {
            "cholec80_video41": 69.71608469807859,
            "cholec80_video43": 50.70923106668265,
            "cholec80_video44": 72.26579470405869,
            "cholec80_video45": 67.93905922347504,
            "cholec80_video46": 68.21698114319325,
            "cholec80_video47": 63.96209023961079,
            "cholec80_video48": 73.02819257752421
        },
        "Per_video_f1_EMA": {
            "cholec80_video41": 71.82319902309004,
            "cholec80_video43": 66.54604500402812,
            "cholec80_video44": 80.44002136575126,
            "cholec80_video45": 78.55594334938213,
            "cholec80_video46": 75.26700993863933,
            "cholec80_video47": 69.33629419959398,
            "cholec80_video48": 76.5320117224477
        }
    },
    "Endoscapes": {
        "mAP": 36.474424702566075,
        "mAP_EMA": 43.649176689502696,
        "mAP_per_class": {
            "C0": 40.620802670416325,
            "C1": 38.335816197446775,
            "C2": 30.466655239835127
        },
        "mAP_per_class_EMA": {
            "C0": 44.26980253624803,
            "C1": 47.508580454825896,
            "C2": 39.16914707743416
        }
    },
    "CholecT50": {
        "AP": {
            "AP_i": 77.25271792075526,
            "AP_v": 55.28881714632816,
            "AP_t": 35.38404041422163,
            "AP_iv": 33.72008126770957,
            "AP_it": 30.927759420425197,
            "AP_ivt": 26.04491022872038
        },
        "AP_EMA": {
            "AP_i": 85.55853322323492,
            "AP_v": 61.66152894632953,
            "AP_t": 42.00106633719559,
            "AP_iv": 38.89619577936155,
            "AP_it": 36.122613068479794,
            "AP_ivt": 30.31833379960977
        }
    }
}