{
    "Test": false,
    "Cholec80": {
        "F1_score": 67.28954515530282,
        "F1_score_EMA": 74.69014265742874,
        "Per_video_f1": {
            "cholec80_video41": 69.52056153501223,
            "cholec80_video43": 52.85721417737225,
            "cholec80_video44": 72.5132108909875,
            "cholec80_video45": 72.0034011538151,
            "cholec80_video46": 69.40028013721516,
            "cholec80_video47": 65.63797253934234,
            "cholec80_video48": 69.09417565337513
        },
        "Per_video_f1_EMA": {
            "cholec80_video41": 71.69894576551042,
            "cholec80_video43": 68.82518832788239,
            "cholec80_video44": 80.50230919404306,
            "cholec80_video45": 78.94287168314924,
            "cholec80_video46": 75.94951246933445,
            "cholec80_video47": 69.89401822700142,
            "cholec80_video48": 77.01815293508017
        }
    },
    "Endoscapes": {
        "mAP": 40.17362517959997,
        "mAP_EMA": 46.86672422080777,
        "mAP_per_class": {
            "C0": 37.270181404003324,
            "C1": 44.19615125167218,
            "C2": 39.05454288312441
        },
        "mAP_per_class_EMA": {
            "C0": 47.082216559640045,
            "C1": 50.14401197454666,
            "C2": 43.37394412823661
        }
    },
    "CholecT50": {
        "AP": {
            "AP_i": 80.67192157657962,
            "AP_v": 55.111238473668664,
            "AP_t": 37.28336414388788,
            "AP_iv": 35.56430331001754,
            "AP_it": 32.430193015318636,
            "AP_ivt": 27.44314731214258
        },
        "AP_EMA": {
            "AP_i": 86.48538631107965,
            "AP_v": 62.52729295489509,
            "AP_t": 43.165959715839,
            "AP_iv": 39.89975914705484,
            "AP_it": 37.496724894361776,
            "AP_ivt": 31.834221350533337
        }
    }
}