{
    "Test": false,
    "Cholec80": {
        "F1_score": 69.84214196681327,
        "F1_score_EMA": 74.3110460649278,
        "Per_video_f1": {
            "cholec80_video41": 71.2869750725618,
            "cholec80_video43": 61.63683551994594,
            "cholec80_video44": 75.11606194038444,
            "cholec80_video45": 72.59701248495975,
            "cholec80_video46": 71.84286623056947,
            "cholec80_video47": 64.35147993703906,
            "cholec80_video48": 72.0637625822324
        },
        "Per_video_f1_EMA": {
            "cholec80_video41": 71.87120197972253,
            "cholec80_video43": 67.04415507442832,
            "cholec80_video44": 80.71396243582896,
            "cholec80_video45": 78.71170187520654,
            "cholec80_video46": 76.05645918474292,
            "cholec80_video47": 69.34976976698789,
            "cholec80_video48": 76.43007213757738
        }
    },
    "Endoscapes": {
        "mAP": 36.0575072836905,
        "mAP_EMA": 44.543552841918206,
        "mAP_per_class": {
            "C0": 34.215091180213555,
            "C1": 36.74878205776311,
            "C2": 37.20864861309483
        },
        "mAP_per_class_EMA": {
            "C0": 45.13765917838455,
            "C1": 48.024245321150374,
            "C2": 40.468754026219685
        }
    },
    "CholecT50": {
        "AP": {
            "AP_i": 82.47433011861295,
            "AP_v": 55.26936222467158,
            "AP_t": 39.08262522715341,
            "AP_iv": 35.18454160631748,
            "AP_it": 33.11959697210782,
            "AP_ivt": 27.526822609100495
        },
        "AP_EMA": {
            "AP_i": 86.06230424220274,
            "AP_v": 62.1494947288459,
            "AP_t": 42.35176574850015,
            "AP_iv": 39.2950208466678,
            "AP_it": 36.62603355683822,
            "AP_ivt": 30.88439863559665
        }
    }
}