{
    "Test": false,
    "Cholec80": {
        "F1_score": 67.74697795616026,
        "F1_score_EMA": 75.15735158012168,
        "Per_video_f1": {
            "cholec80_video41": 63.07449629663257,
            "cholec80_video43": 64.01791127926819,
            "cholec80_video44": 76.86330553752629,
            "cholec80_video45": 75.60937747720318,
            "cholec80_video46": 67.00349581140577,
            "cholec80_video47": 56.28014979502126,
            "cholec80_video48": 71.38010949606455
        },
        "Per_video_f1_EMA": {
            "cholec80_video41": 71.75853446326254,
            "cholec80_video43": 70.4264951770756,
            "cholec80_video44": 80.55015163556244,
            "cholec80_video45": 78.71466893247744,
            "cholec80_video46": 76.19718103668444,
            "cholec80_video47": 71.24314905514983,
            "cholec80_video48": 77.21128076063948
        }
    },
    "Endoscapes": {
        "mAP": 43.27177868835893,
        "mAP_EMA": 47.994482014818914,
        "mAP_per_class": {
            "C0": 40.41556832870117,
            "C1": 46.10039374039264,
            "C2": 43.29937399598298
        },
        "mAP_per_class_EMA": {
            "C0": 48.1125224981804,
            "C1": 50.957907116766755,
            "C2": 44.91301642950958
        }
    },
    "CholecT50": {
        "AP": {
            "AP_i": 81.19957233191613,
            "AP_v": 53.935406636668894,
            "AP_t": 37.967715677694066,
            "AP_iv": 34.29366894714223,
            "AP_it": 32.00559003240744,
            "AP_ivt": 27.082178358725727
        },
        "AP_EMA": {
            "AP_i": 86.70827552555807,
            "AP_v": 63.03770642908252,
            "AP_t": 43.54068599660003,
            "AP_iv": 39.93900041326661,
            "AP_it": 38.1990756541108,
            "AP_ivt": 32.41164618529402
        }
    }
}