{
    "Test": false,
    "Cholec80": {
        "F1_score": 65.26749135288124,
        "F1_score_EMA": 75.3139050182358,
        "Per_video_f1": {
            "cholec80_video41": 61.764575256637464,
            "cholec80_video43": 56.98000233971035,
            "cholec80_video44": 78.01370381383322,
            "cholec80_video45": 73.26227074679859,
            "cholec80_video46": 68.80300575242016,
            "cholec80_video47": 56.34212518754709,
            "cholec80_video48": 61.706756373221815
        },
        "Per_video_f1_EMA": {
            "cholec80_video41": 71.83959306653209,
            "cholec80_video43": 72.2136339159842,
            "cholec80_video44": 80.03574452322123,
            "cholec80_video45": 78.73681546844234,
            "cholec80_video46": 75.75750151774685,
            "cholec80_video47": 71.21963422570091,
            "cholec80_video48": 77.39441241002302
        }
    },
    "Endoscapes": {
        "mAP": 41.02748584056916,
        "mAP_EMA": 49.42481109868366,
        "mAP_per_class": {
            "C0": 40.742625570823,
            "C1": 44.09106828557711,
            "C2": 38.24876366530737
        },
        "mAP_per_class_EMA": {
            "C0": 49.011654918068984,
            "C1": 52.52406001226729,
            "C2": 46.73871836571472
        }
    },
    "CholecT50": {
        "AP": {
            "AP_i": 81.9539298268155,
            "AP_v": 57.3267544193557,
            "AP_t": 39.925732248634716,
            "AP_iv": 35.19653864066928,
            "AP_it": 32.9739453571539,
            "AP_ivt": 27.60063819729503
        },
        "AP_EMA": {
            "AP_i": 86.70853208147805,
            "AP_v": 63.538976510947506,
            "AP_t": 43.600232332268334,
            "AP_iv": 40.267302602576535,
            "AP_it": 38.787091315589,
            "AP_ivt": 33.04525584614333
        }
    }
}