{
    "Test": false,
    "Dataset": "Endoscapes",
    "Results": [
        39.65268215719577,
        15.703839557863338,
        {
            "C0": 36.98180030434196,
            "C1": 37.462910327677115,
            "C2": 44.51333583956823
        },
        {
            "C0": 17.70995488125563,
            "C1": 13.53298481267462,
            "C2": 15.868578979659764
        }
    ]
}