{
    "Test": false,
    "Dataset": "Endoscapes",
    "Results": [
        45.67155135000054,
        14.13963099389122,
        {
            "C0": 46.04036321141209,
            "C1": 39.972303974675846,
            "C2": 51.00198686391369
        },
        {
            "C0": 16.212030201047277,
            "C1": 11.928571903539293,
            "C2": 14.278290877087091
        }
    ]
}