{
    "Test": false,
    "Dataset": "Endoscapes",
    "Results": [
        38.05646742275299,
        15.87169688971041,
        {
            "C0": 40.348453840924456,
            "C1": 35.097218408607546,
            "C2": 38.723730018726954
        },
        {
            "C0": 19.335153410103313,
            "C1": 12.678950281061024,
            "C2": 15.600986977966896
        }
    ]
}