{
    "Test": false,
    "Dataset": "Endoscapes",
    "Results": [
        41.82210453519895,
        15.133614983661065,
        {
            "C0": 42.62270655406289,
            "C1": 36.39851074827974,
            "C2": 46.445096303254225
        },
        {
            "C0": 17.013979189989502,
            "C1": 13.174628283368206,
            "C2": 15.21223747762549
        }
    ]
}