{
    "Test": false,
    "Dataset": "Endoscapes",
    "Results": [
        39.97588339215607,
        15.681529478283421,
        {
            "C0": 40.323079194089445,
            "C1": 41.95818767899584,
            "C2": 37.64638330338293
        },
        {
            "C0": 18.987711664205413,
            "C1": 11.504077757362742,
            "C2": 16.552799013282108
        }
    ]
}