{
    "Test": false,
    "Dataset": "Endoscapes",
    "Results": [
        45.64737381741804,
        14.501723437063257,
        {
            "C0": 46.00148909519562,
            "C1": 39.408134650657004,
            "C2": 51.53249770640149
        },
        {
            "C0": 16.506308571326205,
            "C1": 12.368908566886677,
            "C2": 14.62995317297689
        }
    ]
}