{
    "Test": false,
    "Cholec80": {
        "F1_score": 75.36016782015464,
        "F1_score_EMA": 77.66482638142142,
        "Per_video_f1": {
            "cholec80_video41": 75.59634336102509,
            "cholec80_video43": 71.12893439807728,
            "cholec80_video44": 81.0411272556717,
            "cholec80_video45": 76.40905348584326,
            "cholec80_video46": 82.18745238500567,
            "cholec80_video47": 62.80599735919565,
            "cholec80_video48": 78.35226649626382
        },
        "Per_video_f1_EMA": {
            "cholec80_video41": 80.09828546052228,
            "cholec80_video43": 72.44767921087805,
            "cholec80_video44": 84.9078839038487,
            "cholec80_video45": 81.2511144498488,
            "cholec80_video46": 85.24646248754038,
            "cholec80_video47": 60.113234780862236,
            "cholec80_video48": 79.58912437644953
        }
    },
    "Endoscapes": {
        "mAP": 41.8363973349927,
        "mAP_EMA": 45.614824047715906,
        "mAP_per_class": {
            "C0": 43.42160858170329,
            "C1": 44.25804989318546,
            "C2": 37.829533530089336
        },
        "mAP_per_class_EMA": {
            "C0": 45.46944605980012,
            "C1": 44.79324379913234,
            "C2": 46.58178228421526
        }
    },
    "CholecT50": {
        "AP": {
            "AP_i": 89.59712824211654,
            "AP_v": 64.50834240057081,
            "AP_t": 47.363436706850344,
            "AP_iv": 44.57449815200831,
            "AP_it": 45.35328704420236,
            "AP_ivt": 39.25089247487683
        },
        "AP_EMA": {
            "AP_i": 92.59809182419669,
            "AP_v": 68.03160566253209,
            "AP_t": 48.79404922745049,
            "AP_iv": 45.62731955491516,
            "AP_it": 46.384150339252756,
            "AP_ivt": 40.62488830447519
        }
    }
}