{
    "Test": false,
    "Cholec80": {
        "F1_score": 76.27382488925169,
        "F1_score_EMA": 77.36861300443789,
        "Per_video_f1": {
            "cholec80_video41": 77.64506581497271,
            "cholec80_video43": 70.81259634535115,
            "cholec80_video44": 84.6922654622417,
            "cholec80_video45": 77.46035167270377,
            "cholec80_video46": 83.13375199795571,
            "cholec80_video47": 64.61110767152304,
            "cholec80_video48": 75.56163526001372
        },
        "Per_video_f1_EMA": {
            "cholec80_video41": 78.36204573365274,
            "cholec80_video43": 70.22212844177905,
            "cholec80_video44": 84.045297751858,
            "cholec80_video45": 81.00588537161335,
            "cholec80_video46": 84.09687558566434,
            "cholec80_video47": 64.91366801979053,
            "cholec80_video48": 78.93439012670723
        }
    },
    "Endoscapes": {
        "mAP": 44.922161557133045,
        "mAP_EMA": 44.720635925956174,
        "mAP_per_class": {
            "C0": 47.367551723002755,
            "C1": 47.74932141572811,
            "C2": 39.64961153266826
        },
        "mAP_per_class_EMA": {
            "C0": 44.36137444443763,
            "C1": 48.33140085933986,
            "C2": 41.46913247409104
        }
    },
    "CholecT50": {
        "AP": {
            "AP_i": 85.82468629774833,
            "AP_v": 58.968413227262715,
            "AP_t": 41.405869316454236,
            "AP_iv": 36.84353980371049,
            "AP_it": 34.20106228151166,
            "AP_ivt": 28.553925364506117
        },
        "AP_EMA": {
            "AP_i": 89.82114274464298,
            "AP_v": 64.50349590214412,
            "AP_t": 47.56870058424925,
            "AP_iv": 42.055365928335235,
            "AP_it": 43.13689007327646,
            "AP_ivt": 35.26029092597683
        }
    }
}