{
    "Test": false,
    "Cholec80": {
        "F1_score": 75.07804279249828,
        "F1_score_EMA": 77.03404277481735,
        "Per_video_f1": {
            "cholec80_video41": 75.07196348325536,
            "cholec80_video43": 67.51101161094691,
            "cholec80_video44": 82.58864814058094,
            "cholec80_video45": 77.21839101357779,
            "cholec80_video46": 80.68002994580047,
            "cholec80_video47": 64.89872973955572,
            "cholec80_video48": 77.57752561377075
        },
        "Per_video_f1_EMA": {
            "cholec80_video41": 78.22213923138183,
            "cholec80_video43": 69.5050991807345,
            "cholec80_video44": 84.4012344801901,
            "cholec80_video45": 79.6344915148168,
            "cholec80_video46": 84.37108248641236,
            "cholec80_video47": 63.874140024209666,
            "cholec80_video48": 79.23011250597615
        }
    },
    "Endoscapes": {
        "mAP": 44.776708891581535,
        "mAP_EMA": 45.26280499106886,
        "mAP_per_class": {
            "C0": 46.33438193727513,
            "C1": 46.29454228206126,
            "C2": 41.70120245540822
        },
        "mAP_per_class_EMA": {
            "C0": 45.428396249466815,
            "C1": 48.567399340054614,
            "C2": 41.79261938368516
        }
    },
    "CholecT50": {
        "AP": {
            "AP_i": 85.31667983994294,
            "AP_v": 59.1852061331889,
            "AP_t": 41.19859723323207,
            "AP_iv": 38.71782096146906,
            "AP_it": 37.367695729687036,
            "AP_ivt": 31.026291948553645
        },
        "AP_EMA": {
            "AP_i": 90.022029147037,
            "AP_v": 64.51481847064261,
            "AP_t": 46.46637413567103,
            "AP_iv": 41.212081401621184,
            "AP_it": 41.646026567106894,
            "AP_ivt": 34.13107030016486
        }
    }
}