{
    "Test": false,
    "Cholec80": {
        "F1_score": 74.41235533648195,
        "F1_score_EMA": 77.01161320197077,
        "Per_video_f1": {
            "cholec80_video41": 75.32651156761303,
            "cholec80_video43": 70.65940866428612,
            "cholec80_video44": 80.8357300756889,
            "cholec80_video45": 75.31958649244235,
            "cholec80_video46": 78.23718892952168,
            "cholec80_video47": 60.49846001027371,
            "cholec80_video48": 80.00960161554788
        },
        "Per_video_f1_EMA": {
            "cholec80_video41": 76.6422466395202,
            "cholec80_video43": 71.0874975920201,
            "cholec80_video44": 85.36593659341298,
            "cholec80_video45": 80.0191183479505,
            "cholec80_video46": 82.57648576541887,
            "cholec80_video47": 62.70225412582988,
            "cholec80_video48": 80.68775334964286
        }
    },
    "Endoscapes": {
        "mAP": 40.123632397361206,
        "mAP_EMA": 45.29313495113996,
        "mAP_per_class": {
            "C0": 38.306720121115326,
            "C1": 41.983258291116485,
            "C2": 40.08091877985181
        },
        "mAP_per_class_EMA": {
            "C0": 42.06084210340233,
            "C1": 50.99043938437093,
            "C2": 42.82812336564663
        }
    },
    "CholecT50": {
        "AP": {
            "AP_i": 81.54631596287408,
            "AP_v": 53.93084513819231,
            "AP_t": 39.19175390780755,
            "AP_iv": 33.7095990433604,
            "AP_it": 34.55569777185661,
            "AP_ivt": 27.437633357568117
        },
        "AP_EMA": {
            "AP_i": 85.88503935665828,
            "AP_v": 62.52052999915817,
            "AP_t": 42.10598997547725,
            "AP_iv": 39.439874552583056,
            "AP_it": 36.59111271546732,
            "AP_ivt": 30.96665143218002
        }
    }
}