{
    "Test": false,
    "Cholec80": {
        "F1_score": 74.72041755477271,
        "F1_score_EMA": 77.17802426025077,
        "Per_video_f1": {
            "cholec80_video41": 76.61347365381158,
            "cholec80_video43": 65.76546214493273,
            "cholec80_video44": 80.66138589323853,
            "cholec80_video45": 76.70478193636889,
            "cholec80_video46": 78.84086501249004,
            "cholec80_video47": 64.77594412945116,
            "cholec80_video48": 79.68101011311599
        },
        "Per_video_f1_EMA": {
            "cholec80_video41": 76.42890532400314,
            "cholec80_video43": 71.78923583687342,
            "cholec80_video44": 85.67690984739326,
            "cholec80_video45": 80.90870429118992,
            "cholec80_video46": 83.30255688886518,
            "cholec80_video47": 62.80285518445218,
            "cholec80_video48": 79.33700244897821
        }
    },
    "Endoscapes": {
        "mAP": 42.780255796888895,
        "mAP_EMA": 49.2085517368805,
        "mAP_per_class": {
            "C0": 48.95253179494751,
            "C1": 43.590428018546596,
            "C2": 35.797807577172584
        },
        "mAP_per_class_EMA": {
            "C0": 48.22954440214855,
            "C1": 53.348236779790035,
            "C2": 46.04787402870293
        }
    },
    "CholecT50": {
        "AP": {
            "AP_i": 87.74087516839683,
            "AP_v": 61.585732813862066,
            "AP_t": 42.5554855043382,
            "AP_iv": 38.576732145528126,
            "AP_it": 38.344121309660316,
            "AP_ivt": 31.91872470589659
        },
        "AP_EMA": {
            "AP_i": 90.6298985757141,
            "AP_v": 67.00384704408404,
            "AP_t": 46.090169863940254,
            "AP_iv": 43.447642460392096,
            "AP_it": 41.473431416006235,
            "AP_ivt": 35.25449809810006
        }
    }
}