{
    "Test": false,
    "Cholec80": {
        "F1_score": 77.00463686999328,
        "F1_score_EMA": 77.70812800886054,
        "Per_video_f1": {
            "cholec80_video41": 79.37032023499778,
            "cholec80_video43": 66.45317007016452,
            "cholec80_video44": 84.82741158456692,
            "cholec80_video45": 77.50482919560291,
            "cholec80_video46": 79.26988085004295,
            "cholec80_video47": 71.57574493146596,
            "cholec80_video48": 80.03110122311189
        },
        "Per_video_f1_EMA": {
            "cholec80_video41": 78.8465320883468,
            "cholec80_video43": 69.70830108053389,
            "cholec80_video44": 83.87525285200795,
            "cholec80_video45": 81.79715320454733,
            "cholec80_video46": 83.52932374159859,
            "cholec80_video47": 65.7956086303767,
            "cholec80_video48": 80.4047244646125
        }
    },
    "Endoscapes": {
        "mAP": 47.72074912644763,
        "mAP_EMA": 52.596255460841924,
        "mAP_per_class": {
            "C0": 52.363513337989176,
            "C1": 44.4912008466163,
            "C2": 46.3075331947374
        },
        "mAP_per_class_EMA": {
            "C0": 55.213032479034986,
            "C1": 50.49226551754242,
            "C2": 52.08346838594837
        }
    },
    "CholecT50": {
        "AP": {
            "AP_i": 88.6904516324757,
            "AP_v": 66.55227618138987,
            "AP_t": 47.86217340076432,
            "AP_iv": 45.02627560793253,
            "AP_it": 44.58424470062343,
            "AP_ivt": 37.96023983770968
        },
        "AP_EMA": {
            "AP_i": 92.6480830028214,
            "AP_v": 67.93717881536341,
            "AP_t": 50.776052247321374,
            "AP_iv": 45.7185598298913,
            "AP_it": 47.82903644842587,
            "AP_ivt": 40.99772712454908
        }
    }
}