{
    "Test": false,
    "Cholec80": {
        "F1_score": 76.57073933511482,
        "F1_score_EMA": 72.40278217108072,
        "Per_video_f1": {
            "cholec80_video41": 78.67359373050698,
            "cholec80_video43": 67.81420221525492,
            "cholec80_video44": 86.97657931917239,
            "cholec80_video45": 76.08895286203186,
            "cholec80_video46": 80.66791183792105,
            "cholec80_video47": 66.03279011934174,
            "cholec80_video48": 79.74114526157479
        },
        "Per_video_f1_EMA": {
            "cholec80_video41": 73.9199253450842,
            "cholec80_video43": 66.94312999009445,
            "cholec80_video44": 79.79033523247371,
            "cholec80_video45": 74.94895270252697,
            "cholec80_video46": 78.59425038352477,
            "cholec80_video47": 61.94415157415442,
            "cholec80_video48": 70.67872996970654
        }
    },
    "Endoscapes": {
        "mAP": 47.03299797636423,
        "mAP_EMA": 40.97709587469646,
        "mAP_per_class": {
            "C0": 44.83605704020132,
            "C1": 46.02564267679585,
            "C2": 50.23729421209552
        },
        "mAP_per_class_EMA": {
            "C0": 41.82841743118867,
            "C1": 40.12302656405687,
            "C2": 40.979843628843845
        }
    },
    "CholecT50": {
        "AP": {
            "AP_i": 90.03027701297003,
            "AP_v": 63.07397308419684,
            "AP_t": 46.048116696043444,
            "AP_iv": 39.70316517824901,
            "AP_it": 42.23207137714228,
            "AP_ivt": 35.89125519759789
        },
        "AP_EMA": {
            "AP_i": 86.9892234149789,
            "AP_v": 59.76271357062997,
            "AP_t": 45.864488375710074,
            "AP_iv": 37.59310423423933,
            "AP_it": 41.272139149314896,
            "AP_ivt": 35.32957243976665
        }
    }
}