{
    "Test": false,
    "Cholec80": {
        "F1_score": 76.66449551419561,
        "F1_score_EMA": 75.84128324420611,
        "Per_video_f1": {
            "cholec80_video41": 80.55293045233364,
            "cholec80_video43": 70.25048364833707,
            "cholec80_video44": 86.55588454387893,
            "cholec80_video45": 75.02046254505615,
            "cholec80_video46": 82.82796526517988,
            "cholec80_video47": 61.016794196090984,
            "cholec80_video48": 80.42694794849264
        },
        "Per_video_f1_EMA": {
            "cholec80_video41": 78.41611508935846,
            "cholec80_video43": 72.82014099171715,
            "cholec80_video44": 83.27374696617575,
            "cholec80_video45": 78.0709804970365,
            "cholec80_video46": 83.23331248289988,
            "cholec80_video47": 60.228496650897924,
            "cholec80_video48": 74.84619003135714
        }
    },
    "Endoscapes": {
        "mAP": 45.89318757509528,
        "mAP_EMA": 46.74680902325996,
        "mAP_per_class": {
            "C0": 46.85204610250948,
            "C1": 44.05028065422789,
            "C2": 46.77723596854847
        },
        "mAP_per_class_EMA": {
            "C0": 46.18287662198511,
            "C1": 44.30706922028592,
            "C2": 49.75048122750885
        }
    },
    "CholecT50": {
        "AP": {
            "AP_i": 93.10856539957939,
            "AP_v": 70.26574312061348,
            "AP_t": 48.04789391820327,
            "AP_iv": 48.555784404332215,
            "AP_it": 44.70912078931791,
            "AP_ivt": 38.970849502468816
        },
        "AP_EMA": {
            "AP_i": 91.28191305440087,
            "AP_v": 64.91198934196825,
            "AP_t": 49.31277497550654,
            "AP_iv": 41.31825454596236,
            "AP_it": 43.71822105960564,
            "AP_ivt": 38.34175172686234
        }
    }
}