{
    "Test": false,
    "Cholec80": {
        "F1_score": 78.73584115619555,
        "F1_score_EMA": 37.659376689376614,
        "Per_video_f1": {
            "cholec80_video41": 82.70365817756058,
            "cholec80_video43": 69.20962805945098,
            "cholec80_video44": 86.9606404142943,
            "cholec80_video45": 80.96558243311237,
            "cholec80_video46": 84.98827590287358,
            "cholec80_video47": 66.51224085819469,
            "cholec80_video48": 79.81086224788237
        },
        "Per_video_f1_EMA": {
            "cholec80_video41": 32.04052825749598,
            "cholec80_video43": 48.53771487936099,
            "cholec80_video44": 38.6280068171172,
            "cholec80_video45": 28.908721096776613,
            "cholec80_video46": 42.842726189565845,
            "cholec80_video47": 36.84204579140945,
            "cholec80_video48": 35.815893793910234
        }
    },
    "Endoscapes": {
        "mAP": 49.089562399544526,
        "mAP_EMA": 27.39228382798938,
        "mAP_per_class": {
            "C0": 49.26095898096812,
            "C1": 48.60876614078769,
            "C2": 49.398962076877766
        },
        "mAP_per_class_EMA": {
            "C0": 24.352578346729135,
            "C1": 25.096876686096355,
            "C2": 32.72739645114265
        }
    },
    "CholecT50": {
        "AP": {
            "AP_i": 92.98611168506817,
            "AP_v": 66.98308791175813,
            "AP_t": 49.287111703366506,
            "AP_iv": 43.95081694752092,
            "AP_it": 45.369513189696015,
            "AP_ivt": 39.768751606750286
        },
        "AP_EMA": {
            "AP_i": 55.075536633513515,
            "AP_v": 39.302989457006184,
            "AP_t": 31.65279077211585,
            "AP_iv": 24.237631704516417,
            "AP_it": 22.735164182127978,
            "AP_ivt": 20.755674622284072
        }
    }
}