{
    "Test": false,
    "Cholec80": {
        "F1_score": 75.68505622926914,
        "F1_score_EMA": 72.24425872712432,
        "Per_video_f1": {
            "cholec80_video41": 78.36642775481828,
            "cholec80_video43": 67.39002484999548,
            "cholec80_video44": 79.90774575841029,
            "cholec80_video45": 78.54738333326246,
            "cholec80_video46": 79.30616988221993,
            "cholec80_video47": 67.62870612562793,
            "cholec80_video48": 78.64893590054963
        },
        "Per_video_f1_EMA": {
            "cholec80_video41": 75.52339349612555,
            "cholec80_video43": 70.73435979081454,
            "cholec80_video44": 71.9501153084632,
            "cholec80_video45": 75.63271256669971,
            "cholec80_video46": 78.58990448062414,
            "cholec80_video47": 64.79867949225299,
            "cholec80_video48": 68.4806459548901
        }
    },
    "Endoscapes": {
        "mAP": 49.80814188145063,
        "mAP_EMA": 41.2584232921475,
        "mAP_per_class": {
            "C0": 50.47096083972048,
            "C1": 50.49651695959274,
            "C2": 48.45694784503867
        },
        "mAP_per_class_EMA": {
            "C0": 39.614034036608295,
            "C1": 38.832809389600044,
            "C2": 45.32842645023416
        }
    },
    "CholecT50": {
        "AP": {
            "AP_i": 92.25247902074739,
            "AP_v": 66.78904249831831,
            "AP_t": 48.001550396196926,
            "AP_iv": 44.6491345541347,
            "AP_it": 44.58647481198844,
            "AP_ivt": 38.08408649598273
        },
        "AP_EMA": {
            "AP_i": 87.92494753377662,
            "AP_v": 62.9468678109425,
            "AP_t": 46.99675291146715,
            "AP_iv": 41.44519555858913,
            "AP_it": 42.133296864278805,
            "AP_ivt": 36.56796628762376
        }
    }
}