{
    "Test": false,
    "Cholec80": {
        "F1_score": 76.64337724860893,
        "F1_score_EMA": 77.67958192573883,
        "Per_video_f1": {
            "cholec80_video41": 77.91036133108126,
            "cholec80_video43": 69.61971165504382,
            "cholec80_video44": 83.56105047476204,
            "cholec80_video45": 80.83082825828073,
            "cholec80_video46": 80.57816682450003,
            "cholec80_video47": 66.11418032739823,
            "cholec80_video48": 77.88934186919641
        },
        "Per_video_f1_EMA": {
            "cholec80_video41": 78.63447980377187,
            "cholec80_video43": 69.2793814924046,
            "cholec80_video44": 84.69615359015236,
            "cholec80_video45": 81.522167365213,
            "cholec80_video46": 82.28206532001066,
            "cholec80_video47": 65.60492065713278,
            "cholec80_video48": 81.73790525148651
        }
    },
    "Endoscapes": {
        "mAP": 45.22897885208864,
        "mAP_EMA": 47.61738337237895,
        "mAP_per_class": {
            "C0": 49.19780231526219,
            "C1": 42.64414158829468,
            "C2": 43.84499265270904
        },
        "mAP_per_class_EMA": {
            "C0": 50.561066152937386,
            "C1": 48.02961457530139,
            "C2": 44.261469388898085
        }
    },
    "CholecT50": {
        "AP": {
            "AP_i": 84.95481657230476,
            "AP_v": 60.0517787754157,
            "AP_t": 42.6787756267776,
            "AP_iv": 38.44117338942462,
            "AP_it": 36.5863765176991,
            "AP_ivt": 30.60182735458059
        },
        "AP_EMA": {
            "AP_i": 88.88321511714474,
            "AP_v": 64.45870362291646,
            "AP_t": 48.14784794179372,
            "AP_iv": 43.814531756177814,
            "AP_it": 45.34272625387001,
            "AP_ivt": 37.5558403342583
        }
    }
}