{
    "Test": false,
    "Cholec80": {
        "F1_score": 75.56451253542237,
        "F1_score_EMA": 77.5050807448635,
        "Per_video_f1": {
            "cholec80_video41": 74.51097515505415,
            "cholec80_video43": 65.44311574751947,
            "cholec80_video44": 82.90512122747788,
            "cholec80_video45": 76.27511949105951,
            "cholec80_video46": 81.13592207993365,
            "cholec80_video47": 67.16306561916996,
            "cholec80_video48": 81.51826842774199
        },
        "Per_video_f1_EMA": {
            "cholec80_video41": 78.77702436764142,
            "cholec80_video43": 68.71679714476635,
            "cholec80_video44": 84.05736195886078,
            "cholec80_video45": 79.45966656205321,
            "cholec80_video46": 83.53419122332555,
            "cholec80_video47": 66.31132618890105,
            "cholec80_video48": 81.67919776849621
        }
    },
    "Endoscapes": {
        "mAP": 41.155729492904186,
        "mAP_EMA": 45.542530142070255,
        "mAP_per_class": {
            "C0": 42.34410763335455,
            "C1": 40.80036098882849,
            "C2": 40.32271985652953
        },
        "mAP_per_class_EMA": {
            "C0": 48.56201085606602,
            "C1": 43.35848210144928,
            "C2": 44.707097468695466
        }
    },
    "CholecT50": {
        "AP": {
            "AP_i": 83.12469893622433,
            "AP_v": 60.300334553558116,
            "AP_t": 41.76452500079991,
            "AP_iv": 40.535161434404834,
            "AP_it": 40.07306359211371,
            "AP_ivt": 33.77458026235504
        },
        "AP_EMA": {
            "AP_i": 85.71787911088597,
            "AP_v": 61.75861148123376,
            "AP_t": 46.16865787609113,
            "AP_iv": 40.607877311801396,
            "AP_it": 42.23409026351762,
            "AP_ivt": 34.84743908176941
        }
    }
}