{
    "Test": true,
    "Cholec80": {
        "F1_score": 74.72687371199339,
        "F1_score_EMA": null,
        "Per_video_f1": {
            "cholec80_video51": 78.93569300687042,
            "cholec80_video53": 75.03172646215343,
            "cholec80_video54": 76.51801606634346,
            "cholec80_video55": 85.18283303280353,
            "cholec80_video58": 60.53746885451336,
            "cholec80_video59": 87.97997879858266,
            "cholec80_video61": 68.13056958957979,
            "cholec80_video63": 69.82272821059253,
            "cholec80_video64": 82.14666775677689,
            "cholec80_video69": 88.49423286390086,
            "cholec80_video73": 89.15627260966924,
            "cholec80_video74": 66.51062112075499,
            "cholec80_video76": 75.82014365630185,
            "cholec80_video77": 78.51565720452469,
            "cholec80_video80": 38.12049644653315
        },
        "Per_video_f1_EMA": null
    },
    "Endoscapes": {
        "mAP": 59.37239525610901,
        "mAP_EMA": null,
        "mAP_per_class": {
            "C0": 61.904768375100275,
            "C1": 51.08281710143031,
            "C2": 65.12960029179644
        },
        "mAP_per_class_EMA": null
    },
    "CholecT50": {
        "AP": {
            "AP_i": 87.71369966123773,
            "AP_v": 62.52131244648448,
            "AP_t": 44.50867143668933,
            "AP_iv": 38.06602537825358,
            "AP_it": 37.60376358882589,
            "AP_ivt": 30.82274861233829
        },
        "AP_EMA": null
    }
}