{
    "Test": true,
    "Cholec80": {
        "F1_score": 74.88782365868711,
        "F1_score_EMA": null,
        "Per_video_f1": {
            "cholec80_video51": 79.04684190798272,
            "cholec80_video53": 73.74318010603072,
            "cholec80_video54": 70.71435057838634,
            "cholec80_video55": 84.11064945459057,
            "cholec80_video58": 57.70461006698275,
            "cholec80_video59": 88.37191767131337,
            "cholec80_video61": 71.92796673255401,
            "cholec80_video63": 66.59631076148047,
            "cholec80_video64": 81.67643353422477,
            "cholec80_video69": 83.68286228641608,
            "cholec80_video73": 85.46131756748335,
            "cholec80_video74": 65.40617018824685,
            "cholec80_video76": 76.17456174487799,
            "cholec80_video77": 78.49377199866012,
            "cholec80_video80": 60.206410281076494
        },
        "Per_video_f1_EMA": null
    },
    "Endoscapes": {
        "mAP": 50.29320465111324,
        "mAP_EMA": null,
        "mAP_per_class": {
            "C0": 46.62321932186349,
            "C1": 39.30825733710932,
            "C2": 64.94813729436693
        },
        "mAP_per_class_EMA": null
    },
    "CholecT50": {
        "AP": {
            "AP_i": 86.18268109395746,
            "AP_v": 60.11473124942248,
            "AP_t": 41.62939407794811,
            "AP_iv": 36.4931923603846,
            "AP_it": 35.14293097453252,
            "AP_ivt": 28.15439535560159
        },
        "AP_EMA": null
    }
}