{
    "Test": false,
    "Cholec80": {
        "F1_score": 74.98796948578128,
        "F1_score_EMA": 76.20072482445836,
        "Per_video_f1": {
            "cholec80_video41": 77.59024687814363,
            "cholec80_video43": 67.50955435162868,
            "cholec80_video44": 80.39222660733529,
            "cholec80_video45": 79.430684738291,
            "cholec80_video46": 80.74607825872505,
            "cholec80_video47": 64.13379209385556,
            "cholec80_video48": 75.11320347248976
        },
        "Per_video_f1_EMA": {
            "cholec80_video41": 77.95384517046455,
            "cholec80_video43": 72.13888404617043,
            "cholec80_video44": 78.2564352272298,
            "cholec80_video45": 80.21027037707789,
            "cholec80_video46": 83.26314285448868,
            "cholec80_video47": 64.44916317243229,
            "cholec80_video48": 77.13333292334494
        }
    },
    "Endoscapes": {
        "mAP": 50.92658822619508,
        "mAP_EMA": 49.95679946586388,
        "mAP_per_class": {
            "C0": 49.73182148308463,
            "C1": 52.84206377702174,
            "C2": 50.20587941847887
        },
        "mAP_per_class_EMA": {
            "C0": 49.22815915893251,
            "C1": 47.50944316615021,
            "C2": 53.13279607250892
        }
    },
    "CholecT50": {
        "AP": {
            "AP_i": 91.7244259428705,
            "AP_v": 68.40959276374203,
            "AP_t": 46.21394009139466,
            "AP_iv": 44.953404184463956,
            "AP_it": 43.52013114026464,
            "AP_ivt": 36.83656197105141
        },
        "AP_EMA": {
            "AP_i": 92.97747775761529,
            "AP_v": 67.79435000998309,
            "AP_t": 48.7456487509113,
            "AP_iv": 46.97177336150656,
            "AP_it": 47.447009004217925,
            "AP_ivt": 42.01660727134022
        }
    }
}