{
    "Test": false,
    "Cholec80": {
        "F1_score": 75.11624404997715,
        "F1_score_EMA": 78.30532046152051,
        "Per_video_f1": {
            "cholec80_video41": 77.83077191682113,
            "cholec80_video43": 68.24632987800598,
            "cholec80_video44": 78.589873464106,
            "cholec80_video45": 79.42487094285148,
            "cholec80_video46": 80.48259838268443,
            "cholec80_video47": 65.2476516109123,
            "cholec80_video48": 75.99161215445875
        },
        "Per_video_f1_EMA": {
            "cholec80_video41": 79.32856879875848,
            "cholec80_video43": 70.16563473369688,
            "cholec80_video44": 84.5028349864834,
            "cholec80_video45": 82.4969849827024,
            "cholec80_video46": 83.88155222055701,
            "cholec80_video47": 66.38174627220543,
            "cholec80_video48": 81.37992123623991
        }
    },
    "Endoscapes": {
        "mAP": 44.931038472427375,
        "mAP_EMA": 50.67177344951406,
        "mAP_per_class": {
            "C0": 50.74811844039362,
            "C1": 45.50009717859268,
            "C2": 38.544899798295816
        },
        "mAP_per_class_EMA": {
            "C0": 52.53628786999328,
            "C1": 50.44786647846594,
            "C2": 49.03116600008296
        }
    },
    "CholecT50": {
        "AP": {
            "AP_i": 85.51808981300296,
            "AP_v": 59.62905209736829,
            "AP_t": 44.7591294611935,
            "AP_iv": 40.689620150472976,
            "AP_it": 44.09917374359599,
            "AP_ivt": 35.636930151946494
        },
        "AP_EMA": {
            "AP_i": 91.5157003804951,
            "AP_v": 67.12504227219162,
            "AP_t": 50.16016725327078,
            "AP_iv": 46.00427161475205,
            "AP_it": 47.139294458700185,
            "AP_ivt": 39.83032804023
        }
    }
}