{
    "Test": false,
    "Cholec80": {
        "F1_score": 78.09404248891707,
        "F1_score_EMA": 33.73209387227785,
        "Per_video_f1": {
            "cholec80_video41": 78.60818091571134,
            "cholec80_video43": 67.21011521273242,
            "cholec80_video44": 87.5326047965112,
            "cholec80_video45": 78.81326311338664,
            "cholec80_video46": 84.84254709061557,
            "cholec80_video47": 71.15161923205827,
            "cholec80_video48": 78.49996706140408
        },
        "Per_video_f1_EMA": {
            "cholec80_video41": 38.12827436798845,
            "cholec80_video43": 32.078259176230475,
            "cholec80_video44": 37.84784791423414,
            "cholec80_video45": 31.987714008641284,
            "cholec80_video46": 31.086808156964192,
            "cholec80_video47": 29.97991309351316,
            "cholec80_video48": 35.015840388373235
        }
    },
    "Endoscapes": {
        "mAP": 47.162193885742234,
        "mAP_EMA": 16.131550333498705,
        "mAP_per_class": {
            "C0": 48.69015779572655,
            "C1": 44.59512807411415,
            "C2": 48.20129578738601
        },
        "mAP_per_class_EMA": {
            "C0": 15.7506054205519,
            "C1": 13.924943554913503,
            "C2": 18.719102025030715
        }
    },
    "CholecT50": {
        "AP": {
            "AP_i": 92.61369743567695,
            "AP_v": 66.81477598256238,
            "AP_t": 47.802021564305896,
            "AP_iv": 43.80018161336399,
            "AP_it": 44.663293403232686,
            "AP_ivt": 38.023067984813856
        },
        "AP_EMA": {
            "AP_i": 47.50668607564972,
            "AP_v": 36.76274085990576,
            "AP_t": 32.54165388247407,
            "AP_iv": 22.968173355744465,
            "AP_it": 23.776589628548553,
            "AP_ivt": 19.230328241213652
        }
    }
}