{
    "Test": false,
    "Cholec80": {
        "F1_score": 76.15658850792961,
        "F1_score_EMA": 77.40182488415435,
        "Per_video_f1": {
            "cholec80_video41": 76.7292222520674,
            "cholec80_video43": 66.75296979661816,
            "cholec80_video44": 81.91285349893127,
            "cholec80_video45": 78.69324448917254,
            "cholec80_video46": 84.14114818500408,
            "cholec80_video47": 66.41828073703333,
            "cholec80_video48": 78.44840059668047
        },
        "Per_video_f1_EMA": {
            "cholec80_video41": 78.31895318228155,
            "cholec80_video43": 69.93610778158921,
            "cholec80_video44": 84.41105660707866,
            "cholec80_video45": 80.94965354425199,
            "cholec80_video46": 84.57148773821075,
            "cholec80_video47": 64.68985756026984,
            "cholec80_video48": 78.93565777539843
        }
    },
    "Endoscapes": {
        "mAP": 43.812530809315454,
        "mAP_EMA": 45.042480450223,
        "mAP_per_class": {
            "C0": 42.75521827762447,
            "C1": 49.20328002225852,
            "C2": 39.47909412806337
        },
        "mAP_per_class_EMA": {
            "C0": 45.126980094465345,
            "C1": 48.513896716614795,
            "C2": 41.486564539588876
        }
    },
    "CholecT50": {
        "AP": {
            "AP_i": 86.46104959911469,
            "AP_v": 62.20852681372573,
            "AP_t": 43.735779312607455,
            "AP_iv": 39.631572125340675,
            "AP_it": 38.33499768792694,
            "AP_ivt": 31.591374271543057
        },
        "AP_EMA": {
            "AP_i": 90.07043285563746,
            "AP_v": 65.64906757719086,
            "AP_t": 47.1081567734307,
            "AP_iv": 42.419074674294876,
            "AP_it": 42.291203576141584,
            "AP_ivt": 34.94904745993281
        }
    }
}