{
    "Test": false,
    "Cholec80": {
        "F1_score": 73.74985599493607,
        "F1_score_EMA": 77.63045787783497,
        "Per_video_f1": {
            "cholec80_video41": 77.48176097831433,
            "cholec80_video43": 68.42469400239361,
            "cholec80_video44": 85.32754461076347,
            "cholec80_video45": 72.83893231018787,
            "cholec80_video46": 80.28046256916122,
            "cholec80_video47": 55.70218912453095,
            "cholec80_video48": 76.19340836920102
        },
        "Per_video_f1_EMA": {
            "cholec80_video41": 79.26587207321377,
            "cholec80_video43": 72.38530869452472,
            "cholec80_video44": 85.95779744489342,
            "cholec80_video45": 80.63999656150274,
            "cholec80_video46": 84.50792019219017,
            "cholec80_video47": 60.30400855517809,
            "cholec80_video48": 80.35230162334192
        }
    },
    "Endoscapes": {
        "mAP": 39.31654795225138,
        "mAP_EMA": 43.376494133454415,
        "mAP_per_class": {
            "C0": 47.03501389114466,
            "C1": 38.0918393021158,
            "C2": 32.8227906634937
        },
        "mAP_per_class_EMA": {
            "C0": 44.35509157407644,
            "C1": 44.71949083195383,
            "C2": 41.054899994332985
        }
    },
    "CholecT50": {
        "AP": {
            "AP_i": 85.94246773451107,
            "AP_v": 64.84179383584727,
            "AP_t": 43.79829199456698,
            "AP_iv": 42.33384136479847,
            "AP_it": 38.139430260376116,
            "AP_ivt": 33.75880037393447
        },
        "AP_EMA": {
            "AP_i": 90.48555076939753,
            "AP_v": 66.88103863792409,
            "AP_t": 47.80365267380607,
            "AP_iv": 45.994534518119956,
            "AP_it": 44.6486410252676,
            "AP_ivt": 39.32545034652135
        }
    }
}