{
    "Test": false,
    "Cholec80": {
        "F1_score": 76.93413935610812,
        "F1_score_EMA": 77.27153918860552,
        "Per_video_f1": {
            "cholec80_video41": 78.85851649164067,
            "cholec80_video43": 69.77003540200289,
            "cholec80_video44": 85.27808077355105,
            "cholec80_video45": 80.47030781432456,
            "cholec80_video46": 84.32077694691193,
            "cholec80_video47": 60.8514416397885,
            "cholec80_video48": 78.98981642453727
        },
        "Per_video_f1_EMA": {
            "cholec80_video41": 78.22667763081206,
            "cholec80_video43": 71.20730275569149,
            "cholec80_video44": 87.00237858735059,
            "cholec80_video45": 79.31994433804992,
            "cholec80_video46": 84.6998548414738,
            "cholec80_video47": 60.94049274390698,
            "cholec80_video48": 79.50412342295381
        }
    },
    "Endoscapes": {
        "mAP": 39.9520157339048,
        "mAP_EMA": 42.597625708191316,
        "mAP_per_class": {
            "C0": 43.54456087480923,
            "C1": 36.314103275795546,
            "C2": 39.99738305110964
        },
        "mAP_per_class_EMA": {
            "C0": 44.339725102212,
            "C1": 42.93728107663456,
            "C2": 40.515870945727386
        }
    },
    "CholecT50": {
        "AP": {
            "AP_i": 82.1413609772466,
            "AP_v": 56.23573912258372,
            "AP_t": 40.19608581910739,
            "AP_iv": 37.22283492196666,
            "AP_it": 35.640338918402364,
            "AP_ivt": 30.441019077168992
        },
        "AP_EMA": {
            "AP_i": 84.35239711564735,
            "AP_v": 63.03114816787375,
            "AP_t": 44.623650499050235,
            "AP_iv": 44.31727844778182,
            "AP_it": 39.56799028864284,
            "AP_ivt": 35.923831546097354
        }
    }
}