{
    "Test": false,
    "Cholec80": {
        "F1_score": 74.2429742585032,
        "F1_score_EMA": 77.3122991032729,
        "Per_video_f1": {
            "cholec80_video41": 73.16907533875,
            "cholec80_video43": 69.8875521570352,
            "cholec80_video44": 85.37347346660039,
            "cholec80_video45": 72.54085668073704,
            "cholec80_video46": 81.59459998984477,
            "cholec80_video47": 60.80118284061437,
            "cholec80_video48": 76.33407933594056
        },
        "Per_video_f1_EMA": {
            "cholec80_video41": 77.56314648313746,
            "cholec80_video43": 70.73696506081542,
            "cholec80_video44": 85.32903629872031,
            "cholec80_video45": 81.05723982423834,
            "cholec80_video46": 83.34991160732356,
            "cholec80_video47": 62.93329305010742,
            "cholec80_video48": 80.21650139856779
        }
    },
    "Endoscapes": {
        "mAP": 46.350309885176316,
        "mAP_EMA": 46.12374995495413,
        "mAP_per_class": {
            "C0": 43.195370729206836,
            "C1": 48.36817978919652,
            "C2": 47.487379137125586
        },
        "mAP_per_class_EMA": {
            "C0": 42.48944986581211,
            "C1": 51.34640649844654,
            "C2": 44.535393500603725
        }
    },
    "CholecT50": {
        "AP": {
            "AP_i": 81.76838445599593,
            "AP_v": 56.09812936514137,
            "AP_t": 40.99140856936131,
            "AP_iv": 36.37861422462619,
            "AP_it": 35.94862403643072,
            "AP_ivt": 29.47880835027723
        },
        "AP_EMA": {
            "AP_i": 86.63134246708653,
            "AP_v": 63.31167334950184,
            "AP_t": 43.157759285185186,
            "AP_iv": 40.48405522659355,
            "AP_it": 38.223154713541156,
            "AP_ivt": 32.26541779849272
        }
    }
}