{
    "Test": false,
    "Cholec80": {
        "F1_score": 76.52044736587602,
        "F1_score_EMA": 7.631161691819657,
        "Per_video_f1": {
            "cholec80_video41": 75.19381881265129,
            "cholec80_video43": 74.57604503311369,
            "cholec80_video44": 83.11953621796532,
            "cholec80_video45": 81.45836260004803,
            "cholec80_video46": 79.65183096620744,
            "cholec80_video47": 61.25557219385899,
            "cholec80_video48": 80.38796573728743
        },
        "Per_video_f1_EMA": {
            "cholec80_video41": 8.334731543624162,
            "cholec80_video43": 8.38881671997368,
            "cholec80_video44": 7.88851352558573,
            "cholec80_video45": 5.930119058886757,
            "cholec80_video46": 6.84043566492811,
            "cholec80_video47": 5.906580672502615,
            "cholec80_video48": 10.128934657236544
        }
    },
    "Endoscapes": {
        "mAP": 45.85231291420726,
        "mAP_EMA": 11.247307063700358,
        "mAP_per_class": {
            "C0": 46.1028188740746,
            "C1": 46.07967103001839,
            "C2": 45.3744488385288
        },
        "mAP_per_class_EMA": {
            "C0": 12.894020410876486,
            "C1": 9.611824850665403,
            "C2": 11.236075929559185
        }
    },
    "CholecT50": {
        "AP": {
            "AP_i": 92.63346038042253,
            "AP_v": 62.51366401154896,
            "AP_t": 47.608844181325246,
            "AP_iv": 41.906425855920965,
            "AP_it": 42.94361867039765,
            "AP_ivt": 36.84489406094179
        },
        "AP_EMA": {
            "AP_i": 24.561233544654474,
            "AP_v": 15.451992484390496,
            "AP_t": 12.930346614635626,
            "AP_iv": 9.134551080222753,
            "AP_it": 7.317568694577667,
            "AP_ivt": 5.831536531758314
        }
    }
}