{
    "Test": true,
    "Cholec80": {
        "F1_score": 73.50161923604783,
        "F1_score_EMA": null,
        "Per_video_f1": {
            "cholec80_video51": 79.08999188754366,
            "cholec80_video53": 78.5644595143384,
            "cholec80_video54": 70.03445468257387,
            "cholec80_video55": 81.88893153543104,
            "cholec80_video58": 55.96755583754371,
            "cholec80_video59": 87.15792742492532,
            "cholec80_video61": 68.22069377168157,
            "cholec80_video63": 71.51210618893893,
            "cholec80_video64": 82.37201544011643,
            "cholec80_video69": 81.58277561730472,
            "cholec80_video73": 85.32842962003505,
            "cholec80_video74": 64.09116763606899,
            "cholec80_video76": 75.92149835657077,
            "cholec80_video77": 79.96322808114388,
            "cholec80_video80": 40.82905294650111
        },
        "Per_video_f1_EMA": null
    },
    "Endoscapes": {
        "mAP": 55.99826108684148,
        "mAP_EMA": null,
        "mAP_per_class": {
            "C0": 55.63778480899626,
            "C1": 45.19811712585032,
            "C2": 67.15888132567787
        },
        "mAP_per_class_EMA": null
    },
    "CholecT50": {
        "AP": {
            "AP_i": 85.21998638456769,
            "AP_v": 59.323623909085335,
            "AP_t": 42.123773941715264,
            "AP_iv": 36.318700696848126,
            "AP_it": 32.83101414796148,
            "AP_ivt": 26.94644923126973
        },
        "AP_EMA": null
    }
}