{
    "Test": false,
    "Cholec80": {
        "F1_score": 74.02592656514682,
        "F1_score_EMA": 76.76986798161654,
        "Per_video_f1": {
            "cholec80_video41": 74.9673906105457,
            "cholec80_video43": 67.33832431347005,
            "cholec80_video44": 84.26954277924014,
            "cholec80_video45": 73.32645129946667,
            "cholec80_video46": 80.4317744681015,
            "cholec80_video47": 59.02550807433611,
            "cholec80_video48": 78.82249441086755
        },
        "Per_video_f1_EMA": {
            "cholec80_video41": 78.26632887204127,
            "cholec80_video43": 70.57517573983361,
            "cholec80_video44": 82.68592966385623,
            "cholec80_video45": 81.1776421500321,
            "cholec80_video46": 80.71613126422196,
            "cholec80_video47": 66.56964885474109,
            "cholec80_video48": 77.39821932658953
        }
    },
    "Endoscapes": {
        "mAP": 49.02682419944669,
        "mAP_EMA": 52.20485854710004,
        "mAP_per_class": {
            "C0": 49.53524200196355,
            "C1": 48.40653582204331,
            "C2": 49.138694774333224
        },
        "mAP_per_class_EMA": {
            "C0": 55.58724097220282,
            "C1": 49.086383868048586,
            "C2": 51.9409508010487
        }
    },
    "CholecT50": {
        "AP": {
            "AP_i": 89.88088082622816,
            "AP_v": 66.37768437947344,
            "AP_t": 49.65128526777822,
            "AP_iv": 45.101273073117746,
            "AP_it": 46.46199090024997,
            "AP_ivt": 39.15639547206196
        },
        "AP_EMA": {
            "AP_i": 91.63544853331821,
            "AP_v": 67.7738678142544,
            "AP_t": 49.462657171990145,
            "AP_iv": 43.83156378411454,
            "AP_it": 46.18404878069257,
            "AP_ivt": 40.156700977113665
        }
    }
}