{
    "Test": false,
    "Cholec80": {
        "F1_score": 75.44937412359968,
        "F1_score_EMA": 77.65655192756202,
        "Per_video_f1": {
            "cholec80_video41": 77.03296862839596,
            "cholec80_video43": 66.49509974315137,
            "cholec80_video44": 82.8994487162699,
            "cholec80_video45": 76.88760482634265,
            "cholec80_video46": 83.63793244294583,
            "cholec80_video47": 65.70909107245903,
            "cholec80_video48": 75.48347343563306
        },
        "Per_video_f1_EMA": {
            "cholec80_video41": 77.3470366409375,
            "cholec80_video43": 70.9804053453723,
            "cholec80_video44": 84.91744216584911,
            "cholec80_video45": 81.82454119602491,
            "cholec80_video46": 84.02244859602594,
            "cholec80_video47": 64.49003931801899,
            "cholec80_video48": 80.0139502307054
        }
    },
    "Endoscapes": {
        "mAP": 44.12656185591896,
        "mAP_EMA": 45.766025018008435,
        "mAP_per_class": {
            "C0": 46.04126326605275,
            "C1": 44.404435077338874,
            "C2": 41.93398722436525
        },
        "mAP_per_class_EMA": {
            "C0": 45.21404803514169,
            "C1": 48.993111823736136,
            "C2": 43.09091519514748
        }
    },
    "CholecT50": {
        "AP": {
            "AP_i": 83.49356285651595,
            "AP_v": 60.56522282649841,
            "AP_t": 42.06056837381898,
            "AP_iv": 37.87399315959899,
            "AP_it": 35.37977706260267,
            "AP_ivt": 29.172938395541564
        },
        "AP_EMA": {
            "AP_i": 90.40480151536758,
            "AP_v": 65.66877702191144,
            "AP_t": 47.93929993933838,
            "AP_iv": 42.985159300860644,
            "AP_it": 44.52283351316287,
            "AP_ivt": 36.60831780709042
        }
    }
}