{
    "Test": false,
    "Cholec80": {
        "F1_score": 76.44939963067931,
        "F1_score_EMA": 77.10290115266776,
        "Per_video_f1": {
            "cholec80_video41": 80.26047814225056,
            "cholec80_video43": 64.3889371165266,
            "cholec80_video44": 79.60178100728665,
            "cholec80_video45": 81.73807865965499,
            "cholec80_video46": 82.63207621527323,
            "cholec80_video47": 67.07268180741171,
            "cholec80_video48": 79.45176446635145
        },
        "Per_video_f1_EMA": {
            "cholec80_video41": 73.52225571268428,
            "cholec80_video43": 70.3375599048713,
            "cholec80_video44": 84.57217821567735,
            "cholec80_video45": 82.71528623799702,
            "cholec80_video46": 83.7677439129141,
            "cholec80_video47": 66.4278013216015,
            "cholec80_video48": 78.37748276292871
        }
    },
    "Endoscapes": {
        "mAP": 48.75454058464629,
        "mAP_EMA": 50.35263297914271,
        "mAP_per_class": {
            "C0": 51.34298195178532,
            "C1": 44.083899225428226,
            "C2": 50.836740576725326
        },
        "mAP_per_class_EMA": {
            "C0": 53.97579663741683,
            "C1": 47.53094765165567,
            "C2": 49.55115464835564
        }
    },
    "CholecT50": {
        "AP": {
            "AP_i": 91.89592179528721,
            "AP_v": 64.72612409182975,
            "AP_t": 49.217514024327336,
            "AP_iv": 42.9090996655051,
            "AP_it": 43.94425911826424,
            "AP_ivt": 36.87232024449036
        },
        "AP_EMA": {
            "AP_i": 90.69389403922912,
            "AP_v": 64.32115531971773,
            "AP_t": 50.15333089137565,
            "AP_iv": 42.103270226702556,
            "AP_it": 44.33367652309217,
            "AP_ivt": 38.455087924426465
        }
    }
}