{
    "Test": false,
    "Cholec80": {
        "F1_score": 75.82640830587455,
        "F1_score_EMA": 71.80826487281807,
        "Per_video_f1": {
            "cholec80_video41": 74.08994235451341,
            "cholec80_video43": 68.44070727130891,
            "cholec80_video44": 84.34358680187786,
            "cholec80_video45": 80.2686276555334,
            "cholec80_video46": 81.77473848534696,
            "cholec80_video47": 65.5603569766919,
            "cholec80_video48": 76.30689859584938
        },
        "Per_video_f1_EMA": {
            "cholec80_video41": 68.97431288696598,
            "cholec80_video43": 69.93385284718077,
            "cholec80_video44": 75.76604683392746,
            "cholec80_video45": 72.75359287225004,
            "cholec80_video46": 79.34088554435182,
            "cholec80_video47": 66.7847370979132,
            "cholec80_video48": 69.10442602713725
        }
    },
    "Endoscapes": {
        "mAP": 46.94188844157275,
        "mAP_EMA": 46.32898022689449,
        "mAP_per_class": {
            "C0": 51.218297397111876,
            "C1": 44.22695299647774,
            "C2": 45.38041493112863
        },
        "mAP_per_class_EMA": {
            "C0": 49.85180583433081,
            "C1": 44.823572361802896,
            "C2": 44.311562484549746
        }
    },
    "CholecT50": {
        "AP": {
            "AP_i": 93.92929494784818,
            "AP_v": 63.54294623855068,
            "AP_t": 48.185134579162735,
            "AP_iv": 42.31475120382988,
            "AP_it": 45.75948336858857,
            "AP_ivt": 37.50038679270269
        },
        "AP_EMA": {
            "AP_i": 81.67964465591196,
            "AP_v": 57.8551730088361,
            "AP_t": 47.18067060475575,
            "AP_iv": 35.60964685101292,
            "AP_it": 38.8312969577232,
            "AP_ivt": 34.514740868198004
        }
    }
}