{
    "Test": false,
    "Cholec80": {
        "F1_score": 76.65149707478395,
        "F1_score_EMA": 77.75918516031078,
        "Per_video_f1": {
            "cholec80_video41": 76.5729496098721,
            "cholec80_video43": 67.65212200490562,
            "cholec80_video44": 83.96905166927733,
            "cholec80_video45": 82.8501402179181,
            "cholec80_video46": 84.3241937018612,
            "cholec80_video47": 63.92913328339274,
            "cholec80_video48": 77.26288903626057
        },
        "Per_video_f1_EMA": {
            "cholec80_video41": 78.40519146337837,
            "cholec80_video43": 67.23154890388648,
            "cholec80_video44": 86.11785738263052,
            "cholec80_video45": 84.1867310837918,
            "cholec80_video46": 84.76072031481972,
            "cholec80_video47": 62.95364965463135,
            "cholec80_video48": 80.65859731903717
        }
    },
    "Endoscapes": {
        "mAP": 41.98090714495665,
        "mAP_EMA": 42.341988581231014,
        "mAP_per_class": {
            "C0": 46.9178277699522,
            "C1": 38.95299193444238,
            "C2": 40.071901730475375
        },
        "mAP_per_class_EMA": {
            "C0": 45.9272102538414,
            "C1": 42.68350546122982,
            "C2": 38.41525002862182
        }
    },
    "CholecT50": {
        "AP": {
            "AP_i": 84.1151045513957,
            "AP_v": 58.75887427875857,
            "AP_t": 41.936579486025906,
            "AP_iv": 36.1053273992348,
            "AP_it": 35.546147136647726,
            "AP_ivt": 28.82540745059159
        },
        "AP_EMA": {
            "AP_i": 90.38980050053732,
            "AP_v": 64.29791925812145,
            "AP_t": 46.20570303038884,
            "AP_iv": 41.16053239352228,
            "AP_it": 40.298371512793864,
            "AP_ivt": 33.25367909650642
        }
    }
}