{
    "Test": false,
    "Cholec80": {
        "F1_score": 75.87730537024383,
        "F1_score_EMA": 77.5346559514597,
        "Per_video_f1": {
            "cholec80_video41": 77.59585436627826,
            "cholec80_video43": 69.60724218921828,
            "cholec80_video44": 82.7820169991769,
            "cholec80_video45": 80.20938817589428,
            "cholec80_video46": 80.50819233667899,
            "cholec80_video47": 63.43442107389441,
            "cholec80_video48": 77.00402245056566
        },
        "Per_video_f1_EMA": {
            "cholec80_video41": 77.51209932436404,
            "cholec80_video43": 70.81257031975383,
            "cholec80_video44": 84.86826979678904,
            "cholec80_video45": 81.12766130364706,
            "cholec80_video46": 83.9041991205966,
            "cholec80_video47": 64.84860577508528,
            "cholec80_video48": 79.66918601998199
        }
    },
    "Endoscapes": {
        "mAP": 41.57857583345663,
        "mAP_EMA": 44.84430786467268,
        "mAP_per_class": {
            "C0": 38.72944831191133,
            "C1": 47.38783567689968,
            "C2": 38.61844351155889
        },
        "mAP_per_class_EMA": {
            "C0": 44.502099148787835,
            "C1": 47.57624752693475,
            "C2": 42.45457691829546
        }
    },
    "CholecT50": {
        "AP": {
            "AP_i": 84.01143249751162,
            "AP_v": 59.1118245394786,
            "AP_t": 42.35428200220481,
            "AP_iv": 39.29392119176612,
            "AP_it": 41.42067047351143,
            "AP_ivt": 34.050597232091974
        },
        "AP_EMA": {
            "AP_i": 90.14335885720497,
            "AP_v": 64.79943639406949,
            "AP_t": 47.47262258794599,
            "AP_iv": 42.179220334493095,
            "AP_it": 43.52499431739851,
            "AP_ivt": 35.47521592101057
        }
    }
}