{
    "Test": false,
    "Cholec80": {
        "F1_score": 59.58758350966214,
        "F1_score_EMA": 61.74187464338975,
        "Per_video_f1": {
            "cholec80_video41": 57.14374015727507,
            "cholec80_video43": 63.27932093119182,
            "cholec80_video44": 60.73118715885709,
            "cholec80_video45": 73.22527705389666,
            "cholec80_video46": 55.371916365099004,
            "cholec80_video47": 46.70594098527427,
            "cholec80_video48": 53.512575151057426,
            "cholec80_video49": 64.38689255251555,
            "cholec80_video50": 61.931401231792336
        },
        "Per_video_f1_EMA": {
            "cholec80_video41": 63.072929866274116,
            "cholec80_video43": 65.78734315311155,
            "cholec80_video44": 65.23365477092273,
            "cholec80_video45": 64.05658636238518,
            "cholec80_video46": 57.42925919321843,
            "cholec80_video47": 50.58156483013471,
            "cholec80_video48": 57.13067405036918,
            "cholec80_video49": 67.15358912733652,
            "cholec80_video50": 65.23127043675532
        }
    },
    "Endoscapes": {
        "mAP": 31.40593443256341,
        "mAP_EMA": 30.286706651234354,
        "mAP_per_class": {
            "C0": 32.05234925771531,
            "C1": 30.460571585562157,
            "C2": 31.704882454412754
        },
        "mAP_per_class_EMA": {
            "C0": 31.89939956697779,
            "C1": 28.110639956282146,
            "C2": 30.85008043044313
        }
    },
    "CholecT50": {
        "AP": {
            "AP_i": 57.77884643109041,
            "AP_v": 39.55849791399477,
            "AP_t": 33.4354327330366,
            "AP_iv": 24.639994626679695,
            "AP_it": 26.344762164012927,
            "AP_ivt": 22.256389425063606
        },
        "AP_EMA": {
            "AP_i": 59.435110825782765,
            "AP_v": 39.948504432515044,
            "AP_t": 34.53553466755535,
            "AP_iv": 25.48185858515739,
            "AP_it": 26.70522760828052,
            "AP_ivt": 22.97933593855043
        }
    }
}