{
    "Test": false,
    "Cholec80": {
        "F1_score": 58.76014285823761,
        "F1_score_EMA": 61.29426479565918,
        "Per_video_f1": {
            "cholec80_video41": 58.0037199887088,
            "cholec80_video43": 65.27513833741885,
            "cholec80_video44": 60.44496786903517,
            "cholec80_video45": 57.526363809336445,
            "cholec80_video46": 56.895780286596754,
            "cholec80_video47": 50.906313042350526,
            "cholec80_video48": 52.10571894935294,
            "cholec80_video49": 65.07486358052556,
            "cholec80_video50": 62.6084198608134
        },
        "Per_video_f1_EMA": {
            "cholec80_video41": 62.911375945886675,
            "cholec80_video43": 66.25284500949071,
            "cholec80_video44": 64.4174186402386,
            "cholec80_video45": 63.56038802693863,
            "cholec80_video46": 55.99516048223017,
            "cholec80_video47": 50.93856529360781,
            "cholec80_video48": 55.93405642366241,
            "cholec80_video49": 67.39890846098476,
            "cholec80_video50": 64.23966487789285
        }
    },
    "Endoscapes": {
        "mAP": 30.86162571194532,
        "mAP_EMA": 29.802982423968327,
        "mAP_per_class": {
            "C0": 31.394045609744353,
            "C1": 29.696227649298162,
            "C2": 31.49460387679344
        },
        "mAP_per_class_EMA": {
            "C0": 30.805111753185077,
            "C1": 27.39804355439905,
            "C2": 31.205791964320852
        }
    },
    "CholecT50": {
        "AP": {
            "AP_i": 49.742958589668945,
            "AP_v": 36.14073792937704,
            "AP_t": 31.52933898171818,
            "AP_iv": 23.24480410452662,
            "AP_it": 23.22608512602076,
            "AP_ivt": 20.785179077951863
        },
        "AP_EMA": {
            "AP_i": 59.75339709597217,
            "AP_v": 40.02863185576971,
            "AP_t": 34.18072634802552,
            "AP_iv": 25.525901803425654,
            "AP_it": 26.652057750413814,
            "AP_ivt": 22.587516263471183
        }
    }
}