{
    "Test": false,
    "Cholec80": {
        "F1_score": 62.13553845751694,
        "F1_score_EMA": 62.83703423866419,
        "Per_video_f1": {
            "cholec80_video41": 60.322235851030804,
            "cholec80_video43": 62.67255889358747,
            "cholec80_video44": 63.83085860672287,
            "cholec80_video45": 72.43931748303355,
            "cholec80_video46": 61.96231348126322,
            "cholec80_video47": 48.050176112411556,
            "cholec80_video48": 57.74776285189611,
            "cholec80_video49": 71.05263957498178,
            "cholec80_video50": 61.141983262725056
        },
        "Per_video_f1_EMA": {
            "cholec80_video41": 60.73243557913205,
            "cholec80_video43": 64.2818407674372,
            "cholec80_video44": 65.82529948335764,
            "cholec80_video45": 69.45529917285151,
            "cholec80_video46": 59.03516434803002,
            "cholec80_video47": 50.7653433410351,
            "cholec80_video48": 61.26117616985596,
            "cholec80_video49": 68.65453360614295,
            "cholec80_video50": 65.52221568013529
        }
    },
    "Endoscapes": {
        "mAP": 30.573637101813514,
        "mAP_EMA": 32.38611737695277,
        "mAP_per_class": {
            "C0": 31.7402747210919,
            "C1": 29.47946884534054,
            "C2": 30.5011677390081
        },
        "mAP_per_class_EMA": {
            "C0": 34.701278287170325,
            "C1": 30.116194422405272,
            "C2": 32.34087942128271
        }
    },
    "CholecT50": {
        "AP": {
            "AP_i": 55.721163913230725,
            "AP_v": 39.18172767616926,
            "AP_t": 32.91697599344725,
            "AP_iv": 24.580236686639477,
            "AP_it": 25.457671380889455,
            "AP_ivt": 21.881072028140117
        },
        "AP_EMA": {
            "AP_i": 58.422095849607764,
            "AP_v": 39.64604216575971,
            "AP_t": 33.956892279106164,
            "AP_iv": 25.53141122993521,
            "AP_it": 26.613217838306312,
            "AP_ivt": 23.294344318022162
        }
    }
}