{
    "Test": false,
    "Cholec80": {
        "F1_score": 59.243603244956525,
        "F1_score_EMA": 62.94530582932068,
        "Per_video_f1": {
            "cholec80_video41": 51.393360896709574,
            "cholec80_video43": 64.02566463773668,
            "cholec80_video44": 67.02328087033568,
            "cholec80_video45": 64.34822928211565,
            "cholec80_video46": 62.959320325306145,
            "cholec80_video47": 47.5253624555309,
            "cholec80_video48": 58.08491053676651,
            "cholec80_video49": 62.58563005857541,
            "cholec80_video50": 55.24667014153214
        },
        "Per_video_f1_EMA": {
            "cholec80_video41": 60.704539087586554,
            "cholec80_video43": 64.50910054174955,
            "cholec80_video44": 66.1663771818106,
            "cholec80_video45": 68.94026468061261,
            "cholec80_video46": 58.83541648291308,
            "cholec80_video47": 50.93712950132435,
            "cholec80_video48": 60.859674208598506,
            "cholec80_video49": 69.23793607956398,
            "cholec80_video50": 66.31731469972686
        }
    },
    "Endoscapes": {
        "mAP": 31.62703011104011,
        "mAP_EMA": 32.168632202082236,
        "mAP_per_class": {
            "C0": 34.15414613521667,
            "C1": 27.964246873146138,
            "C2": 32.762697324757525
        },
        "mAP_per_class_EMA": {
            "C0": 33.960907372153805,
            "C1": 30.25339264650481,
            "C2": 32.2915965875881
        }
    },
    "CholecT50": {
        "AP": {
            "AP_i": 53.08014666884361,
            "AP_v": 37.14028909047456,
            "AP_t": 31.953622126567915,
            "AP_iv": 23.13376984148771,
            "AP_it": 24.06712848264406,
            "AP_ivt": 20.597158988477812
        },
        "AP_EMA": {
            "AP_i": 58.47610848034211,
            "AP_v": 39.56693072694133,
            "AP_t": 33.98835524814739,
            "AP_iv": 25.454047236530574,
            "AP_it": 26.67403048767209,
            "AP_ivt": 23.357238885271247
        }
    }
}