{
    "Test": false,
    "Cholec80": {
        "F1_score": 59.22554184668281,
        "F1_score_EMA": 62.95781173678818,
        "Per_video_f1": {
            "cholec80_video41": 57.32459100775562,
            "cholec80_video43": 64.35224971888539,
            "cholec80_video44": 63.57483611265755,
            "cholec80_video45": 63.14583663204223,
            "cholec80_video46": 55.93397410598546,
            "cholec80_video47": 48.33729709018512,
            "cholec80_video48": 57.743303975511076,
            "cholec80_video49": 61.97363837551221,
            "cholec80_video50": 60.64414960161065
        },
        "Per_video_f1_EMA": {
            "cholec80_video41": 61.20851065685534,
            "cholec80_video43": 65.29194446038879,
            "cholec80_video44": 66.47097508969102,
            "cholec80_video45": 68.7457587556335,
            "cholec80_video46": 58.84662868319458,
            "cholec80_video47": 50.59372119558814,
            "cholec80_video48": 60.93461743845283,
            "cholec80_video49": 68.8031724388674,
            "cholec80_video50": 65.72497691242204
        }
    },
    "Endoscapes": {
        "mAP": 32.94600271506944,
        "mAP_EMA": 31.82711220149794,
        "mAP_per_class": {
            "C0": 32.21256594116094,
            "C1": 31.3754835183567,
            "C2": 35.249958685690686
        },
        "mAP_per_class_EMA": {
            "C0": 33.47109597582729,
            "C1": 30.28170879291744,
            "C2": 31.728531835749095
        }
    },
    "CholecT50": {
        "AP": {
            "AP_i": 58.46422430406232,
            "AP_v": 40.082089769978204,
            "AP_t": 34.91986542422576,
            "AP_iv": 25.25649888872041,
            "AP_it": 27.03133037254123,
            "AP_ivt": 22.749738332843496
        },
        "AP_EMA": {
            "AP_i": 58.13178656620926,
            "AP_v": 39.39485931571499,
            "AP_t": 34.12124156682297,
            "AP_iv": 25.376638665478826,
            "AP_it": 26.734136272494545,
            "AP_ivt": 23.276411910193737
        }
    }
}