{
    "Test": false,
    "Cholec80": {
        "F1_score": 67.43004677322749,
        "F1_score_EMA": 71.08893879017236,
        "Per_video_f1": {
            "cholec80_video41": 67.43321854043566,
            "cholec80_video43": 65.11571808625163,
            "cholec80_video44": 71.5120612476345,
            "cholec80_video45": 77.18228445316878,
            "cholec80_video46": 62.95899391166433,
            "cholec80_video47": 61.13391751893611,
            "cholec80_video48": 66.67413365450142
        },
        "Per_video_f1_EMA": {
            "cholec80_video41": 67.6019002046565,
            "cholec80_video43": 67.4507946730322,
            "cholec80_video44": 75.34918596672871,
            "cholec80_video45": 80.2638850743177,
            "cholec80_video46": 70.35906850580213,
            "cholec80_video47": 63.81717912975075,
            "cholec80_video48": 72.78055797691853
        }
    },
    "Endoscapes": {
        "mAP": 43.28544466241642,
        "mAP_EMA": 47.44587984191757,
        "mAP_per_class": {
            "C0": 44.56131953846295,
            "C1": 43.17053742736637,
            "C2": 42.124477021419935
        },
        "mAP_per_class_EMA": {
            "C0": 44.70501571767179,
            "C1": 49.65394974691326,
            "C2": 47.978674061167645
        }
    },
    "CholecT50": {
        "AP": {
            "AP_i": 82.68385007686216,
            "AP_v": 59.53759333005777,
            "AP_t": 39.526886427403454,
            "AP_iv": 37.902734302254856,
            "AP_it": 33.65647194253321,
            "AP_ivt": 30.147421899610183
        },
        "AP_EMA": {
            "AP_i": 86.93441553691503,
            "AP_v": 64.39641136384145,
            "AP_t": 45.62786517892843,
            "AP_iv": 41.380520461577035,
            "AP_it": 39.54105801293813,
            "AP_ivt": 35.78978639247366
        }
    }
}