{
    "Test": true,
    "Cholec80": {
        "F1_score": 56.51491167007285,
        "F1_score_EMA": null,
        "Per_video_f1": {
            "cholec80_video51": 63.380756400140704,
            "cholec80_video53": 64.231941163385,
            "cholec80_video54": 65.61532372382737,
            "cholec80_video55": 69.09004167249276,
            "cholec80_video58": 42.65987661510759,
            "cholec80_video59": 61.23077063080091,
            "cholec80_video61": 39.88361887672464,
            "cholec80_video63": 49.30955764483914,
            "cholec80_video64": 51.40288560147441,
            "cholec80_video69": 71.15643357963243,
            "cholec80_video73": 70.69922774150335,
            "cholec80_video74": 55.18937449476903,
            "cholec80_video76": 47.13188554480871,
            "cholec80_video77": 60.248044350623644,
            "cholec80_video80": 36.493937010963066
        },
        "Per_video_f1_EMA": null
    },
    "Endoscapes": {
        "mAP": 51.03851884217376,
        "mAP_EMA": null,
        "mAP_per_class": {
            "C0": 44.81609768685537,
            "C1": 43.51903563536488,
            "C2": 64.78042320430103
        },
        "mAP_per_class_EMA": null
    },
    "CholecT50": {
        "AP": {
            "AP_i": 84.1775858263935,
            "AP_v": 58.750305196967325,
            "AP_t": 39.36221768782297,
            "AP_iv": 35.624260927333985,
            "AP_it": 30.655606498092677,
            "AP_ivt": 25.623113285742964
        },
        "AP_EMA": null
    }
}