{
    "Test": false,
    "Cholec80": {
        "F1_score": 66.92124668304635,
        "F1_score_EMA": 71.30748990735037,
        "Per_video_f1": {
            "cholec80_video41": 70.89995610080318,
            "cholec80_video43": 56.67252555245861,
            "cholec80_video44": 76.32660600901629,
            "cholec80_video45": 81.07183505015817,
            "cholec80_video46": 62.4773889442878,
            "cholec80_video47": 57.93980374538925,
            "cholec80_video48": 63.06061137921118
        },
        "Per_video_f1_EMA": {
            "cholec80_video41": 68.16930418006946,
            "cholec80_video43": 66.84793766387587,
            "cholec80_video44": 76.0369075858045,
            "cholec80_video45": 80.5546878979446,
            "cholec80_video46": 70.95469812872733,
            "cholec80_video47": 63.70114049301148,
            "cholec80_video48": 72.88775340201936
        }
    },
    "Endoscapes": {
        "mAP": 40.5317613447714,
        "mAP_EMA": 47.225839136539335,
        "mAP_per_class": {
            "C0": 40.30836235505129,
            "C1": 39.73295584481134,
            "C2": 41.55396583445157
        },
        "mAP_per_class_EMA": {
            "C0": 44.62483980764985,
            "C1": 49.43490710852794,
            "C2": 47.617770493440226
        }
    },
    "CholecT50": {
        "AP": {
            "AP_i": 83.88698224201958,
            "AP_v": 58.09703074829575,
            "AP_t": 39.504854263811936,
            "AP_iv": 37.85896167748296,
            "AP_it": 36.58555719355465,
            "AP_ivt": 31.009260319025817
        },
        "AP_EMA": {
            "AP_i": 87.27672515722821,
            "AP_v": 64.37610148657794,
            "AP_t": 45.800783787231765,
            "AP_iv": 41.320945541557194,
            "AP_it": 39.77441521272797,
            "AP_ivt": 35.6830629165484
        }
    }
}