{
    "Test": false,
    "Cholec80": {
        "F1_score": 65.4188823089662,
        "F1_score_EMA": 34.17202831561987,
        "Per_video_f1": {
            "cholec80_video41": 66.75700836384118,
            "cholec80_video43": 59.4551172145723,
            "cholec80_video44": 71.14175446482693,
            "cholec80_video45": 67.14727660762502,
            "cholec80_video46": 68.57066137371696,
            "cholec80_video47": 61.05829984354683,
            "cholec80_video48": 63.80205829463424
        },
        "Per_video_f1_EMA": {
            "cholec80_video41": 26.766376507902528,
            "cholec80_video43": 38.67267589152162,
            "cholec80_video44": 28.74817846443292,
            "cholec80_video45": 37.81098961406793,
            "cholec80_video46": 41.759663264561645,
            "cholec80_video47": 31.536107615502434,
            "cholec80_video48": 33.91020685134998
        }
    },
    "Endoscapes": {
        "mAP": 44.93251901412243,
        "mAP_EMA": 30.428479105734745,
        "mAP_per_class": {
            "C0": 40.66705721316836,
            "C1": 43.55564854047337,
            "C2": 50.57485128872554
        },
        "mAP_per_class_EMA": {
            "C0": 29.264787530281456,
            "C1": 27.014959368102474,
            "C2": 35.00569041882031
        }
    },
    "CholecT50": {
        "AP": {
            "AP_i": 83.7564597791287,
            "AP_v": 59.7361229057359,
            "AP_t": 41.1907818066486,
            "AP_iv": 38.08809271582814,
            "AP_it": 36.09451856052929,
            "AP_ivt": 31.71139361176239
        },
        "AP_EMA": {
            "AP_i": 64.3445589147073,
            "AP_v": 45.22267462309642,
            "AP_t": 31.534065400512752,
            "AP_iv": 28.711465445389205,
            "AP_it": 26.596507728834286,
            "AP_ivt": 22.919947926279615
        }
    }
}