{
    "Test": false,
    "Cholec80": {
        "F1_score": 70.32405891564598,
        "F1_score_EMA": 53.94836144814679,
        "Per_video_f1": {
            "cholec80_video41": 71.59117274482637,
            "cholec80_video43": 58.17032893937492,
            "cholec80_video44": 82.69431302194255,
            "cholec80_video45": 69.62606095943782,
            "cholec80_video46": 75.504977320452,
            "cholec80_video47": 62.703070673178615,
            "cholec80_video48": 71.9784887503096
        },
        "Per_video_f1_EMA": {
            "cholec80_video41": 54.045026595626865,
            "cholec80_video43": 46.73397207418993,
            "cholec80_video44": 62.779426565525185,
            "cholec80_video45": 54.693753649551525,
            "cholec80_video46": 60.285609427928044,
            "cholec80_video47": 51.07512919411899,
            "cholec80_video48": 48.02561263008701
        }
    },
    "Endoscapes": {
        "mAP": 35.19275824509841,
        "mAP_EMA": 27.19950439736698,
        "mAP_per_class": {
            "C0": 35.144831329515235,
            "C1": 33.55371144845301,
            "C2": 36.87973195732698
        },
        "mAP_per_class_EMA": {
            "C0": 22.71697368707763,
            "C1": 28.156882954327184,
            "C2": 30.724656550696128
        }
    },
    "CholecT50": {
        "AP": {
            "AP_i": 60.79708952388834,
            "AP_v": 45.110192879581305,
            "AP_t": 33.997136016763555,
            "AP_iv": 27.233464620100115,
            "AP_it": 27.019345747983117,
            "AP_ivt": 23.235951613544348
        },
        "AP_EMA": {
            "AP_i": 58.10244094030565,
            "AP_v": 40.38335830746609,
            "AP_t": 29.704235791051165,
            "AP_iv": 23.03986165262608,
            "AP_it": 20.61896409648705,
            "AP_ivt": 17.879166660922564
        }
    }
}