{
    "Test": false,
    "Cholec80": {
        "F1_score": 65.56769078740392,
        "F1_score_EMA": 65.04254203581317,
        "Per_video_f1": {
            "cholec80_video41": 67.22153885697641,
            "cholec80_video43": 56.30668573514238,
            "cholec80_video44": 75.56160586355277,
            "cholec80_video45": 65.62802290109019,
            "cholec80_video46": 73.35026126154932,
            "cholec80_video47": 52.32704285136316,
            "cholec80_video48": 68.57867804215321
        },
        "Per_video_f1_EMA": {
            "cholec80_video41": 71.01321624323609,
            "cholec80_video43": 48.94083702003702,
            "cholec80_video44": 77.50448763867459,
            "cholec80_video45": 68.92113725072858,
            "cholec80_video46": 74.04685398717363,
            "cholec80_video47": 48.1739675875381,
            "cholec80_video48": 66.69729452330422
        }
    },
    "Endoscapes": {
        "mAP": 34.19664268063692,
        "mAP_EMA": 36.820090629816455,
        "mAP_per_class": {
            "C0": 33.44075792111883,
            "C1": 35.46255385226229,
            "C2": 33.68661626852965
        },
        "mAP_per_class_EMA": {
            "C0": 36.52126824611318,
            "C1": 37.00681244077704,
            "C2": 36.932191202559146
        }
    },
    "CholecT50": {
        "AP": {
            "AP_i": 60.63534694639289,
            "AP_v": 44.72699220935847,
            "AP_t": 33.1757277150139,
            "AP_iv": 27.21496583529599,
            "AP_it": 29.209812463243143,
            "AP_ivt": 24.010519988058828
        },
        "AP_EMA": {
            "AP_i": 67.78785358033049,
            "AP_v": 49.99337096498958,
            "AP_t": 37.42876062930129,
            "AP_iv": 31.00659375407844,
            "AP_it": 31.881078695478738,
            "AP_ivt": 26.72642862741143
        }
    }
}