{
    "Test": false,
    "Cholec80": {
        "F1_score": 67.13070797618937,
        "F1_score_EMA": 65.11951927908926,
        "Per_video_f1": {
            "cholec80_video41": 69.86216674128899,
            "cholec80_video43": 55.55264913651741,
            "cholec80_video44": 74.49513435198988,
            "cholec80_video45": 66.73570157035476,
            "cholec80_video46": 73.21759573991903,
            "cholec80_video47": 59.30614743694231,
            "cholec80_video48": 70.7455608563132
        },
        "Per_video_f1_EMA": {
            "cholec80_video41": 70.54302586657528,
            "cholec80_video43": 47.00863880063294,
            "cholec80_video44": 78.80195676407047,
            "cholec80_video45": 69.8419332478615,
            "cholec80_video46": 74.69865256906564,
            "cholec80_video47": 48.566863635035915,
            "cholec80_video48": 66.37556407038305
        }
    },
    "Endoscapes": {
        "mAP": 35.87403725684243,
        "mAP_EMA": 37.421704656440404,
        "mAP_per_class": {
            "C0": 35.94959110238737,
            "C1": 36.15460685080259,
            "C2": 35.51791381733732
        },
        "mAP_per_class_EMA": {
            "C0": 36.876441580381844,
            "C1": 37.58558409880143,
            "C2": 37.80308829013795
        }
    },
    "CholecT50": {
        "AP": {
            "AP_i": 58.03435452252145,
            "AP_v": 43.023830106551145,
            "AP_t": 31.240537931661045,
            "AP_iv": 26.328869753457468,
            "AP_it": 27.36019030258342,
            "AP_ivt": 22.91373331872882
        },
        "AP_EMA": {
            "AP_i": 69.27591995629223,
            "AP_v": 50.64852267390428,
            "AP_t": 37.91037436120352,
            "AP_iv": 31.5268483387475,
            "AP_it": 32.70855193003419,
            "AP_ivt": 27.41195340497059
        }
    }
}