{
    "Test": false,
    "Cholec80": {
        "F1_score": 68.6664796451283,
        "F1_score_EMA": 22.790478500584907,
        "Per_video_f1": {
            "cholec80_video41": 65.92993313098728,
            "cholec80_video43": 63.471198918596215,
            "cholec80_video44": 79.42260264429628,
            "cholec80_video45": 68.76752416532035,
            "cholec80_video46": 71.87224026296047,
            "cholec80_video47": 61.70090808331904,
            "cholec80_video48": 69.50095031041853
        },
        "Per_video_f1_EMA": {
            "cholec80_video41": 20.549005511775977,
            "cholec80_video43": 22.1802960637035,
            "cholec80_video44": 27.695127414087235,
            "cholec80_video45": 21.248266444058487,
            "cholec80_video46": 23.4749875099379,
            "cholec80_video47": 23.63552457144843,
            "cholec80_video48": 20.750141989082817
        }
    },
    "Endoscapes": {
        "mAP": 31.858041725781746,
        "mAP_EMA": 13.846394588946632,
        "mAP_per_class": {
            "C0": 28.66882772221786,
            "C1": 32.94579703527217,
            "C2": 33.95950041985521
        },
        "mAP_per_class_EMA": {
            "C0": 13.879724834400342,
            "C1": 9.91087767900722,
            "C2": 17.748581253432334
        }
    },
    "CholecT50": {
        "AP": {
            "AP_i": 62.14298900846318,
            "AP_v": 42.07781171536125,
            "AP_t": 33.16745471270473,
            "AP_iv": 24.458441312151937,
            "AP_it": 23.614470832894103,
            "AP_ivt": 19.685535345377154
        },
        "AP_EMA": {
            "AP_i": 24.724873528022993,
            "AP_v": 15.215601517532875,
            "AP_t": 12.554912161397162,
            "AP_iv": 9.08942646204515,
            "AP_it": 7.08891757671255,
            "AP_ivt": 5.842642895611626
        }
    }
}