{
    "Test": true,
    "Cholec80": {
        "F1_score": 59.061860771403246,
        "F1_score_EMA": null,
        "Per_video_f1": {
            "cholec80_video51": 60.01705321746936,
            "cholec80_video53": 59.8268249672431,
            "cholec80_video54": 55.355347832655056,
            "cholec80_video55": 74.64972116998155,
            "cholec80_video58": 39.23526778890712,
            "cholec80_video59": 69.89155699281122,
            "cholec80_video61": 44.67287920315673,
            "cholec80_video63": 47.22951887271088,
            "cholec80_video64": 64.43321142793907,
            "cholec80_video69": 72.64837184920245,
            "cholec80_video73": 74.57690061550002,
            "cholec80_video74": 49.669658605791014,
            "cholec80_video76": 54.75237925642238,
            "cholec80_video77": 65.68223471239264,
            "cholec80_video80": 53.28698505886608
        },
        "Per_video_f1_EMA": null
    },
    "Endoscapes": {
        "mAP": 40.9607566501569,
        "mAP_EMA": null,
        "mAP_per_class": {
            "C0": 41.449509134067924,
            "C1": 35.10678846824302,
            "C2": 46.32597234815977
        },
        "mAP_per_class_EMA": null
    },
    "CholecT50": {
        "AP": {
            "AP_i": 54.01225670358961,
            "AP_v": 38.82154455415336,
            "AP_t": 27.02967210764493,
            "AP_iv": 21.090071923505324,
            "AP_it": 17.121542212013836,
            "AP_ivt": 13.472030407296765
        },
        "AP_EMA": null
    }
}