{
    "Test": false,
    "Cholec80": {
        "F1_score": 65.2675406857665,
        "F1_score_EMA": 71.77199041037301,
        "Per_video_f1": {
            "cholec80_video41": 70.3038769275055,
            "cholec80_video43": 48.2127279776592,
            "cholec80_video44": 75.06569101014854,
            "cholec80_video45": 77.04967271952069,
            "cholec80_video46": 65.91791865792806,
            "cholec80_video47": 59.92723739800834,
            "cholec80_video48": 60.39566010959525
        },
        "Per_video_f1_EMA": {
            "cholec80_video41": 69.52193170212642,
            "cholec80_video43": 68.06987094818075,
            "cholec80_video44": 76.90856980108235,
            "cholec80_video45": 80.83462271694486,
            "cholec80_video46": 71.29127046065531,
            "cholec80_video47": 62.869251703989384,
            "cholec80_video48": 72.90841553963193
        }
    },
    "Endoscapes": {
        "mAP": 37.79974967054619,
        "mAP_EMA": 42.85056841942994,
        "mAP_per_class": {
            "C0": 41.90648251894796,
            "C1": 37.5884060235751,
            "C2": 33.904360469115524
        },
        "mAP_per_class_EMA": {
            "C0": 41.6762159145937,
            "C1": 49.01567638949965,
            "C2": 37.85981295419647
        }
    },
    "CholecT50": {
        "AP": {
            "AP_i": 74.7985156527922,
            "AP_v": 50.32258954478161,
            "AP_t": 34.86584523062629,
            "AP_iv": 31.407946261448267,
            "AP_it": 28.192005536145118,
            "AP_ivt": 23.517737157931354
        },
        "AP_EMA": {
            "AP_i": 84.11460713158742,
            "AP_v": 59.305487670382604,
            "AP_t": 40.4773577131095,
            "AP_iv": 40.272417377224585,
            "AP_it": 35.569715822305945,
            "AP_ivt": 29.71328375547911
        }
    }
}