{
    "Test": false,
    "Cholec80": {
        "F1_score": 66.58507817746701,
        "F1_score_EMA": 14.278345720152794,
        "Per_video_f1": {
            "cholec80_video41": 69.43439839067145,
            "cholec80_video43": 62.2548107063089,
            "cholec80_video44": 68.35253407150276,
            "cholec80_video45": 69.71959662978867,
            "cholec80_video46": 61.731530287921835,
            "cholec80_video47": 64.58075924279214,
            "cholec80_video48": 70.02191791328333
        },
        "Per_video_f1_EMA": {
            "cholec80_video41": 11.739549572839607,
            "cholec80_video43": 12.947776953094673,
            "cholec80_video44": 17.98807162461263,
            "cholec80_video45": 14.951745001005786,
            "cholec80_video46": 16.43242402274545,
            "cholec80_video47": 12.356779207867262,
            "cholec80_video48": 13.532073658904146
        }
    },
    "Endoscapes": {
        "mAP": 41.172186238205136,
        "mAP_EMA": 12.858662818146765,
        "mAP_per_class": {
            "C0": 42.58287671929919,
            "C1": 37.67409881439277,
            "C2": 43.259583180923435
        },
        "mAP_per_class_EMA": {
            "C0": 12.914616597892708,
            "C1": 9.840685418808553,
            "C2": 15.820686437739036
        }
    },
    "CholecT50": {
        "AP": {
            "AP_i": 76.40783767470408,
            "AP_v": 51.653873582640585,
            "AP_t": 40.058087673404366,
            "AP_iv": 32.949162247783136,
            "AP_it": 33.82839956659773,
            "AP_ivt": 29.100868419885707
        },
        "AP_EMA": {
            "AP_i": 25.765570217635325,
            "AP_v": 15.73247613022907,
            "AP_t": 11.413744625546311,
            "AP_iv": 8.882517502725216,
            "AP_it": 6.440431753524845,
            "AP_ivt": 5.322326943998831
        }
    }
}