{
    "Test": true,
    "Cholec80": {
        "F1_score": 62.12700588169478,
        "F1_score_EMA": null,
        "Per_video_f1": {
            "cholec80_video51": 67.20120497913193,
            "cholec80_video53": 64.84661476329435,
            "cholec80_video54": 61.24770796501464,
            "cholec80_video55": 72.94669537472927,
            "cholec80_video58": 48.485966149150364,
            "cholec80_video59": 69.20334580469539,
            "cholec80_video61": 54.01535939205052,
            "cholec80_video63": 55.78076907788353,
            "cholec80_video64": 64.32044631170342,
            "cholec80_video69": 77.3421593965851,
            "cholec80_video73": 62.668668485026956,
            "cholec80_video74": 58.67990026563081,
            "cholec80_video76": 63.637236959724575,
            "cholec80_video77": 66.69693893416112,
            "cholec80_video80": 44.83207436663963
        },
        "Per_video_f1_EMA": null
    },
    "Endoscapes": {
        "mAP": 50.99463253332799,
        "mAP_EMA": null,
        "mAP_per_class": {
            "C0": 47.843254191117644,
            "C1": 43.58766419180932,
            "C2": 61.55297921705699
        },
        "mAP_per_class_EMA": null
    },
    "CholecT50": {
        "AP": {
            "AP_i": 79.6210119761652,
            "AP_v": 55.50896675723855,
            "AP_t": 38.84584171005538,
            "AP_iv": 33.24990334861563,
            "AP_it": 30.917580493623383,
            "AP_ivt": 24.838908544070577
        },
        "AP_EMA": null
    }
}