{
    "Test": false,
    "Dataset": "Endoscapes",
    "Results": [
        40.82776597256643,
        13.864799360851087,
        {
            "C0": 39.422532084869964,
            "C1": 40.50066648072297,
            "C2": 42.56009935210636
        },
        {
            "C0": 17.597964006683963,
            "C1": 10.714588425904225,
            "C2": 13.281845649965074
        }
    ]
}