{
    "Test": false,
    "Dataset": "Endoscapes",
    "Results": [
        43.83571445754363,
        15.737025301242015,
        {
            "C0": 44.12836496014553,
            "C1": 46.16693513530385,
            "C2": 41.21184327718151
        },
        {
            "C0": 20.10562265703688,
            "C1": 11.822489315659492,
            "C2": 15.282963931029675
        }
    ]
}