{
    "Test": false,
    "Dataset": "Endoscapes",
    "Results": [
        42.11458180972247,
        17.325062971158154,
        {
            "C0": 43.17680994622406,
            "C1": 46.77582858383309,
            "C2": 36.39110689911027
        },
        {
            "C0": 21.473638172876562,
            "C1": 12.778919068856915,
            "C2": 17.72263167174098
        }
    ]
}