{
    "Test": false,
    "Dataset": "Endoscapes",
    "Results": [
        48.46392113296976,
        14.7424022676867,
        {
            "C0": 48.72707546649058,
            "C1": 51.78020445638184,
            "C2": 44.88448347603686
        },
        {
            "C0": 19.055558115841677,
            "C1": 11.114005938236465,
            "C2": 14.057642748981955
        }
    ]
}