{
    "Test": false,
    "Dataset": "Endoscapes",
    "Results": [
        40.00809268153872,
        20.5865317617448,
        {
            "C0": 42.86288867820674,
            "C1": 40.19345401289604,
            "C2": 36.96793535351339
        },
        {
            "C0": 21.238408254653596,
            "C1": 18.24318887370989,
            "C2": 22.277998156870915
        }
    ]
}