{
    "Test": false,
    "Dataset": "Endoscapes",
    "Results": [
        38.43797976628384,
        19.784542158158942,
        {
            "C0": 39.32433159566152,
            "C1": 32.25317668304411,
            "C2": 43.73643102014588
        },
        {
            "C0": 20.640087298848794,
            "C1": 17.573755945865237,
            "C2": 21.1397832297628
        }
    ]
}