{
    "Test": false,
    "Dataset": "Endoscapes",
    "Results": [
        46.43186096625344,
        19.024261421863088,
        {
            "C0": 40.9587731887552,
            "C1": 45.335677422813255,
            "C2": 53.001132287191865
        },
        {
            "C0": 20.24404694168303,
            "C1": 16.640800029899623,
            "C2": 20.18793729400661
        }
    ]
}