{
    "Test": false,
    "Dataset": "Endoscapes",
    "Results": [
        43.1505270392301,
        26.83197424875827,
        {
            "C0": 35.73584305589637,
            "C1": 46.719586324676854,
            "C2": 46.996151737117074
        },
        {
            "C0": 30.68568189200543,
            "C1": 15.547501430817631,
            "C2": 34.26273942345175
        }
    ]
}