{
    "Test": false,
    "Cholec80": {
        "F1_score": 69.73838692171876,
        "F1_score_EMA": 74.66802387714213,
        "Per_video_f1": {
            "cholec80_video41": 67.98972500989352,
            "cholec80_video43": 66.07368642724681,
            "cholec80_video44": 66.70911068453064,
            "cholec80_video45": 78.5094089982959,
            "cholec80_video46": 71.89571228958846,
            "cholec80_video47": 64.85367479869024,
            "cholec80_video48": 72.13739024378569
        },
        "Per_video_f1_EMA": {
            "cholec80_video41": 71.23090736873915,
            "cholec80_video43": 71.37628594722416,
            "cholec80_video44": 81.6380810352464,
            "cholec80_video45": 81.88932645782329,
            "cholec80_video46": 72.6717431442199,
            "cholec80_video47": 67.11142520087422,
            "cholec80_video48": 76.75839798586779
        }
    },
    "Endoscapes": {
        "mAP": 43.36563455985328,
        "mAP_EMA": 45.734966455749195,
        "mAP_per_class": {
            "C0": 51.89472501127893,
            "C1": 46.40177136547542,
            "C2": 31.80040730280549
        },
        "mAP_per_class_EMA": {
            "C0": 46.73701758607492,
            "C1": 49.47479003603089,
            "C2": 40.99309174514178
        }
    },
    "CholecT50": {
        "AP": {
            "AP_i": 83.45842637228226,
            "AP_v": 59.46610179439607,
            "AP_t": 39.62497874252355,
            "AP_iv": 41.11468109891288,
            "AP_it": 37.87042774147027,
            "AP_ivt": 34.01644494691632
        },
        "AP_EMA": {
            "AP_i": 87.34928139841871,
            "AP_v": 63.52372563827957,
            "AP_t": 44.77845933964552,
            "AP_iv": 42.80937681724411,
            "AP_it": 42.9400343692015,
            "AP_ivt": 37.19914110953563
        }
    }
}