{
    "Test": false,
    "Cholec80": {
        "F1_score": 70.61917114754237,
        "F1_score_EMA": 64.92447311895255,
        "Per_video_f1": {
            "cholec80_video41": 70.70281611640023,
            "cholec80_video43": 68.2652315113337,
            "cholec80_video44": 75.79088357664581,
            "cholec80_video45": 80.73558102155708,
            "cholec80_video46": 67.91153202473564,
            "cholec80_video47": 64.2139939858148,
            "cholec80_video48": 66.71415979630933
        },
        "Per_video_f1_EMA": {
            "cholec80_video41": 65.02990368333957,
            "cholec80_video43": 66.35216897072979,
            "cholec80_video44": 68.04259579781035,
            "cholec80_video45": 67.41373662865857,
            "cholec80_video46": 65.58391669203348,
            "cholec80_video47": 63.24784935816575,
            "cholec80_video48": 58.80114070193031
        }
    },
    "Endoscapes": {
        "mAP": 47.97815650318808,
        "mAP_EMA": 40.67343545334737,
        "mAP_per_class": {
            "C0": 44.586394717514466,
            "C1": 48.132193840613894,
            "C2": 51.215880951435885
        },
        "mAP_per_class_EMA": {
            "C0": 38.69704420693467,
            "C1": 38.377357088394696,
            "C2": 44.94590506471276
        }
    },
    "CholecT50": {
        "AP": {
            "AP_i": 82.57562405738206,
            "AP_v": 62.325085749078234,
            "AP_t": 44.19242969975949,
            "AP_iv": 40.21804512018991,
            "AP_it": 40.45854088046933,
            "AP_ivt": 34.17438821346857
        },
        "AP_EMA": {
            "AP_i": 82.0032941178254,
            "AP_v": 57.81309310245591,
            "AP_t": 43.82150774875736,
            "AP_iv": 38.30413023775981,
            "AP_it": 37.6811857352045,
            "AP_ivt": 33.27640616073568
        }
    }
}