{
    "Test": false,
    "Cholec80": {
        "F1_score": 41.765947380893074,
        "F1_score_EMA": 42.290287154013924,
        "Per_video_f1": {
            "cholec80_video41": 71.45254565773365,
            "cholec80_video43": 15.063731101834628,
            "cholec80_video44": 82.67178190766033,
            "cholec80_video45": 61.98693532367117,
            "cholec80_video46": 74.59602655637555,
            "cholec80_video47": 10.93199190244113,
            "cholec80_video48": 14.782581716148322,
            "cholec80_video49": 9.005346765475304,
            "cholec80_video50": 35.40258549669759
        },
        "Per_video_f1_EMA": {
            "cholec80_video41": 75.77231378195278,
            "cholec80_video43": 14.285905270546978,
            "cholec80_video44": 80.23682497040078,
            "cholec80_video45": 57.93919953042506,
            "cholec80_video46": 79.0670499999665,
            "cholec80_video47": 11.180724619862351,
            "cholec80_video48": 13.565285883477399,
            "cholec80_video49": 12.863100335468577,
            "cholec80_video50": 35.70217999402494
        }
    },
    "Endoscapes": {
        "mAP": 45.0881495888786,
        "mAP_EMA": 50.53958854847306,
        "mAP_per_class": {
            "C0": 43.85096306498043,
            "C1": 46.39675595758823,
            "C2": 45.01672974406715
        },
        "mAP_per_class_EMA": {
            "C0": 50.95492342525858,
            "C1": 53.34248058528893,
            "C2": 47.32136163487167
        }
    },
    "CholecT50": {
        "AP": {
            "AP_i": 46.47225976436144,
            "AP_v": 35.128207109994825,
            "AP_t": 25.27772226454583,
            "AP_iv": 20.31943229077429,
            "AP_it": 18.90612758890009,
            "AP_ivt": 16.135931591251104
        },
        "AP_EMA": {
            "AP_i": 52.574776264952526,
            "AP_v": 38.42097787965616,
            "AP_t": 25.181061778628354,
            "AP_iv": 22.723194278334148,
            "AP_it": 22.424797964612885,
            "AP_ivt": 18.637722585629
        }
    }
}