{
    "Test": false,
    "Cholec80": {
        "F1_score": 68.7556153963694,
        "F1_score_EMA": 73.97982699263079,
        "Per_video_f1": {
            "cholec80_video41": 80.06558776841885,
            "cholec80_video43": 50.35645941508474,
            "cholec80_video44": 81.24071058345207,
            "cholec80_video45": 80.44250909495663,
            "cholec80_video46": 76.5214918099687,
            "cholec80_video47": 54.97259630416605,
            "cholec80_video48": 59.8492956155919,
            "cholec80_video49": 60.626590925456036,
            "cholec80_video50": 74.72529705022953
        },
        "Per_video_f1_EMA": {
            "cholec80_video41": 77.50106132046808,
            "cholec80_video43": 68.04691215909389,
            "cholec80_video44": 75.53544872432916,
            "cholec80_video45": 83.49944120240045,
            "cholec80_video46": 77.7647822983972,
            "cholec80_video47": 63.26165467371,
            "cholec80_video48": 73.65520675597003,
            "cholec80_video49": 71.62100645664165,
            "cholec80_video50": 74.93292934266664
        }
    },
    "Endoscapes": {
        "mAP": 51.05444306275812,
        "mAP_EMA": 46.21879241516321,
        "mAP_per_class": {
            "C0": 52.097063457916846,
            "C1": 54.54082287726172,
            "C2": 46.5254428530958
        },
        "mAP_per_class_EMA": {
            "C0": 45.88532059853222,
            "C1": 46.15388491666213,
            "C2": 46.617171730295276
        }
    },
    "CholecT50": {
        "AP": {
            "AP_i": 68.19240528088325,
            "AP_v": 49.93122710121361,
            "AP_t": 32.93552248350623,
            "AP_iv": 29.42145555925137,
            "AP_it": 26.677239783076036,
            "AP_ivt": 22.600910080900768
        },
        "AP_EMA": {
            "AP_i": 65.21147267049004,
            "AP_v": 46.678433852689615,
            "AP_t": 38.87200915534054,
            "AP_iv": 28.24597757861082,
            "AP_it": 30.066295201780672,
            "AP_ivt": 24.789745827884413
        }
    }
}