{
    "Test": false,
    "Cholec80": {
        "F1_score": 67.20507118738456,
        "F1_score_EMA": 75.46957849855424,
        "Per_video_f1": {
            "cholec80_video41": 73.303115777152,
            "cholec80_video43": 48.58091131756156,
            "cholec80_video44": 83.70259685691673,
            "cholec80_video45": 81.15100441283569,
            "cholec80_video46": 82.89020484193053,
            "cholec80_video47": 65.38521001403564,
            "cholec80_video48": 48.496052794956135,
            "cholec80_video49": 53.11633602138838,
            "cholec80_video50": 68.22020864968442
        },
        "Per_video_f1_EMA": {
            "cholec80_video41": 78.20957374710457,
            "cholec80_video43": 66.86939793147185,
            "cholec80_video44": 80.66492391996444,
            "cholec80_video45": 81.85184561020515,
            "cholec80_video46": 82.49344140723464,
            "cholec80_video47": 65.72780339077572,
            "cholec80_video48": 73.73566848801828,
            "cholec80_video49": 72.93266114748866,
            "cholec80_video50": 76.74089084472486
        }
    },
    "Endoscapes": {
        "mAP": 52.70707288602496,
        "mAP_EMA": 48.40296545944601,
        "mAP_per_class": {
            "C0": 52.078849352300736,
            "C1": 54.23038291652923,
            "C2": 51.81198638924492
        },
        "mAP_per_class_EMA": {
            "C0": 48.83407920100027,
            "C1": 49.15140276097811,
            "C2": 47.22341441635964
        }
    },
    "CholecT50": {
        "AP": {
            "AP_i": 59.347102982670656,
            "AP_v": 41.77054828164811,
            "AP_t": 30.63790877931942,
            "AP_iv": 25.22142171205965,
            "AP_it": 24.76497289683889,
            "AP_ivt": 20.636491078789277
        },
        "AP_EMA": {
            "AP_i": 65.93642823623891,
            "AP_v": 47.09187165000975,
            "AP_t": 38.6596675359214,
            "AP_iv": 28.83911124454109,
            "AP_it": 29.433388543314102,
            "AP_ivt": 24.41598105854815
        }
    }
}