{
    "Test": true,
    "Cholec80": {
        "F1_score": 69.14637811801393,
        "F1_score_EMA": null,
        "Per_video_f1": {
            "cholec80_video51": 71.34099050987899,
            "cholec80_video53": 73.1605612452816,
            "cholec80_video54": 68.96843894618029,
            "cholec80_video55": 73.94139646587473,
            "cholec80_video58": 50.910800504380994,
            "cholec80_video59": 70.43871243445852,
            "cholec80_video61": 62.06877911532131,
            "cholec80_video63": 66.15221609186293,
            "cholec80_video64": 81.06347246704486,
            "cholec80_video69": 74.37593388870933,
            "cholec80_video73": 78.83621675123985,
            "cholec80_video74": 60.231064443898404,
            "cholec80_video76": 69.71941139924938,
            "cholec80_video77": 76.94107390412086,
            "cholec80_video80": 59.04660360270684
        },
        "Per_video_f1_EMA": null
    },
    "Endoscapes": {
        "mAP": 47.16224216510679,
        "mAP_EMA": null,
        "mAP_per_class": {
            "C0": 45.74405705716149,
            "C1": 40.31797518837821,
            "C2": 55.42469424978067
        },
        "mAP_per_class_EMA": null
    },
    "CholecT50": {
        "AP": {
            "AP_i": 76.56523566452091,
            "AP_v": 54.099792090395056,
            "AP_t": 35.206011614114466,
            "AP_iv": 30.4248508283736,
            "AP_it": 23.897436318826678,
            "AP_ivt": 18.88888171623269
        },
        "AP_EMA": null
    }
}