{
    "Test": false,
    "Cholec80": {
        "F1_score": 46.5809335971479,
        "F1_score_EMA": 50.29393088228444,
        "Per_video_f1": {
            "cholec80_video41": 75.32812741284881,
            "cholec80_video43": 19.877842624855514,
            "cholec80_video44": 80.3985509768966,
            "cholec80_video45": 58.6033869898133,
            "cholec80_video46": 76.51218880050249,
            "cholec80_video47": 13.483044452375745,
            "cholec80_video48": 13.656631905504273,
            "cholec80_video49": 22.255631713993772,
            "cholec80_video50": 59.11299749754056
        },
        "Per_video_f1_EMA": {
            "cholec80_video41": 77.31753391834374,
            "cholec80_video43": 22.878938714908177,
            "cholec80_video44": 81.43095648684016,
            "cholec80_video45": 67.03425017135342,
            "cholec80_video46": 79.25898795527928,
            "cholec80_video47": 20.039321111724277,
            "cholec80_video48": 26.510770843554432,
            "cholec80_video49": 26.306932608031424,
            "cholec80_video50": 51.8676861305251
        }
    },
    "Endoscapes": {
        "mAP": 47.8953486630462,
        "mAP_EMA": 49.904815274276885,
        "mAP_per_class": {
            "C0": 47.99859414885052,
            "C1": 50.78152615427096,
            "C2": 44.90592568601712
        },
        "mAP_per_class_EMA": {
            "C0": 51.074295297173975,
            "C1": 52.460066582813205,
            "C2": 46.18008394284347
        }
    },
    "CholecT50": {
        "AP": {
            "AP_i": 56.19238423904928,
            "AP_v": 39.21731187517226,
            "AP_t": 25.50606075735344,
            "AP_iv": 23.736269178989257,
            "AP_it": 22.087054566117175,
            "AP_ivt": 18.212894399544737
        },
        "AP_EMA": {
            "AP_i": 60.071805246084104,
            "AP_v": 43.6354365080969,
            "AP_t": 27.033435782443647,
            "AP_iv": 25.290699557796678,
            "AP_it": 25.117248030190954,
            "AP_ivt": 20.688152395384602
        }
    }
}