{
    "Test": false,
    "Cholec80": {
        "F1_score": 72.9232473054379,
        "F1_score_EMA": 35.637374160634174,
        "Per_video_f1": {
            "cholec80_video41": 73.39655414190622,
            "cholec80_video43": 55.11423484079441,
            "cholec80_video44": 87.31551273793006,
            "cholec80_video45": 79.58062468322134,
            "cholec80_video46": 78.47393421012997,
            "cholec80_video47": 64.865967701309,
            "cholec80_video48": 68.28210045953898,
            "cholec80_video49": 67.34452435466885,
            "cholec80_video50": 81.93577261944228
        },
        "Per_video_f1_EMA": {
            "cholec80_video41": 34.42411227805625,
            "cholec80_video43": 39.937936253907836,
            "cholec80_video44": 44.70808120271389,
            "cholec80_video45": 32.0989767896664,
            "cholec80_video46": 27.8006684363646,
            "cholec80_video47": 28.792020428670362,
            "cholec80_video48": 43.927777670536585,
            "cholec80_video49": 25.560301251987088,
            "cholec80_video50": 43.48649313380457
        }
    },
    "Endoscapes": {
        "mAP": 46.40816333529982,
        "mAP_EMA": 18.027491989400108,
        "mAP_per_class": {
            "C0": 49.9709780425437,
            "C1": 46.72262199441634,
            "C2": 42.53088996893941
        },
        "mAP_per_class_EMA": {
            "C0": 17.700136301188774,
            "C1": 15.387815518699306,
            "C2": 20.99452414831224
        }
    },
    "CholecT50": {
        "AP": {
            "AP_i": 66.56164204662872,
            "AP_v": 47.849655710332414,
            "AP_t": 34.37990213626221,
            "AP_iv": 29.383316886395953,
            "AP_it": 25.360022471905197,
            "AP_ivt": 21.11356593895396
        },
        "AP_EMA": {
            "AP_i": 37.984752923132795,
            "AP_v": 27.986249915795604,
            "AP_t": 22.114586351733678,
            "AP_iv": 16.319757543559522,
            "AP_it": 13.664491658581342,
            "AP_ivt": 11.260719793785844
        }
    }
}