{
    "Test": false,
    "Cholec80": {
        "F1_score": 75.20077642628347,
        "F1_score_EMA": 16.54479756711574,
        "Per_video_f1": {
            "cholec80_video41": 76.59114017251335,
            "cholec80_video43": 62.53124395430575,
            "cholec80_video44": 82.59457082092754,
            "cholec80_video45": 85.42605157300798,
            "cholec80_video46": 77.15803371730009,
            "cholec80_video47": 67.53896416097854,
            "cholec80_video48": 68.33634432453447,
            "cholec80_video49": 75.66149593691787,
            "cholec80_video50": 80.9691431760656
        },
        "Per_video_f1_EMA": {
            "cholec80_video41": 15.615331906986269,
            "cholec80_video43": 17.00454318300613,
            "cholec80_video44": 17.56490222432677,
            "cholec80_video45": 15.529831253558084,
            "cholec80_video46": 14.660840234089601,
            "cholec80_video47": 12.705799516770352,
            "cholec80_video48": 18.768543219449075,
            "cholec80_video49": 8.744064529120488,
            "cholec80_video50": 28.30932203673488
        }
    },
    "Endoscapes": {
        "mAP": 44.4443181564546,
        "mAP_EMA": 15.209606734265934,
        "mAP_per_class": {
            "C0": 46.764299930181544,
            "C1": 44.02042894059115,
            "C2": 42.5482255985911
        },
        "mAP_per_class_EMA": {
            "C0": 15.783158030183131,
            "C1": 13.224426093527386,
            "C2": 16.621236079087286
        }
    },
    "CholecT50": {
        "AP": {
            "AP_i": 67.1140841199235,
            "AP_v": 49.48520480049323,
            "AP_t": 33.9918423926573,
            "AP_iv": 30.065529599463247,
            "AP_it": 24.908340047869427,
            "AP_ivt": 21.734067651306308
        },
        "AP_EMA": {
            "AP_i": 28.55005253898925,
            "AP_v": 19.925484636019792,
            "AP_t": 16.075292395434712,
            "AP_iv": 11.338262640726645,
            "AP_it": 9.081307601889039,
            "AP_ivt": 7.4121797899014155
        }
    }
}