{
    "Test": false,
    "Cholec80": {
        "F1_score": 64.79361461534577,
        "F1_score_EMA": 74.11926226449897,
        "Per_video_f1": {
            "cholec80_video41": 80.91897805730251,
            "cholec80_video43": 43.47897507936475,
            "cholec80_video44": 82.24844545007954,
            "cholec80_video45": 78.30796128097978,
            "cholec80_video46": 80.68093602760565,
            "cholec80_video47": 45.60678775703853,
            "cholec80_video48": 44.748032160769505,
            "cholec80_video49": 52.34940656856997,
            "cholec80_video50": 74.80300915640173
        },
        "Per_video_f1_EMA": {
            "cholec80_video41": 79.87442583854882,
            "cholec80_video43": 54.29521540196232,
            "cholec80_video44": 82.71191586618214,
            "cholec80_video45": 82.45848501141609,
            "cholec80_video46": 82.61171852040684,
            "cholec80_video47": 64.77000832378937,
            "cholec80_video48": 67.28426230944252,
            "cholec80_video49": 72.60389939017415,
            "cholec80_video50": 80.46342971856852
        }
    },
    "Endoscapes": {
        "mAP": 51.372386130820566,
        "mAP_EMA": 50.81148376075206,
        "mAP_per_class": {
            "C0": 51.5583009968552,
            "C1": 53.9541966718853,
            "C2": 48.6046607237212
        },
        "mAP_per_class_EMA": {
            "C0": 52.45358877379553,
            "C1": 51.71885995059233,
            "C2": 48.262002557868314
        }
    },
    "CholecT50": {
        "AP": {
            "AP_i": 66.58090585991062,
            "AP_v": 47.491297244298195,
            "AP_t": 29.93990020537738,
            "AP_iv": 27.822721830416263,
            "AP_it": 26.16339463515146,
            "AP_ivt": 21.875604939375314
        },
        "AP_EMA": {
            "AP_i": 68.07678237026195,
            "AP_v": 48.24039621782269,
            "AP_t": 37.081888712868555,
            "AP_iv": 29.48325228382367,
            "AP_it": 28.474366055884392,
            "AP_ivt": 23.443304637509865
        }
    }
}