{
    "Test": false,
    "Cholec80": {
        "F1_score": 67.34924614971344,
        "F1_score_EMA": 73.92894713277128,
        "Per_video_f1": {
            "cholec80_video41": 74.18007155648894,
            "cholec80_video43": 47.41804470396505,
            "cholec80_video44": 83.31494585778249,
            "cholec80_video45": 81.12017586607466,
            "cholec80_video46": 78.18662067316806,
            "cholec80_video47": 56.8957892058426,
            "cholec80_video48": 62.126566453400386,
            "cholec80_video49": 60.99250633014197,
            "cholec80_video50": 61.90849470055677
        },
        "Per_video_f1_EMA": {
            "cholec80_video41": 78.3540349949747,
            "cholec80_video43": 59.55656549933909,
            "cholec80_video44": 79.83061954468931,
            "cholec80_video45": 83.98358339380928,
            "cholec80_video46": 79.59089963135563,
            "cholec80_video47": 63.9614922421114,
            "cholec80_video48": 71.2253224090784,
            "cholec80_video49": 72.56252975958404,
            "cholec80_video50": 76.29547671999975
        }
    },
    "Endoscapes": {
        "mAP": 49.31782252930933,
        "mAP_EMA": 48.76255586505956,
        "mAP_per_class": {
            "C0": 48.58711506892069,
            "C1": 50.594060396455355,
            "C2": 48.77229212255195
        },
        "mAP_per_class_EMA": {
            "C0": 49.262658179672684,
            "C1": 49.417127274941244,
            "C2": 47.60788214056475
        }
    },
    "CholecT50": {
        "AP": {
            "AP_i": 59.87089382408529,
            "AP_v": 42.94396912034341,
            "AP_t": 27.078848531742874,
            "AP_iv": 25.701166800918124,
            "AP_it": 23.47731399432748,
            "AP_ivt": 19.268629172855512
        },
        "AP_EMA": {
            "AP_i": 67.22255767772867,
            "AP_v": 47.173600502429295,
            "AP_t": 36.91423954557501,
            "AP_iv": 28.57245659771868,
            "AP_it": 28.60558013681787,
            "AP_ivt": 23.855753524488694
        }
    }
}