{
    "Test": false,
    "Cholec80": {
        "F1_score": 57.042712747191736,
        "F1_score_EMA": 64.6323874115791,
        "Per_video_f1": {
            "cholec80_video41": 75.54968071067036,
            "cholec80_video43": 35.970576543075744,
            "cholec80_video44": 82.18336607960879,
            "cholec80_video45": 63.823386249786566,
            "cholec80_video46": 78.10435692204064,
            "cholec80_video47": 38.146048382475286,
            "cholec80_video48": 36.06585601852244,
            "cholec80_video49": 34.30050184700229,
            "cholec80_video50": 69.24064197154354
        },
        "Per_video_f1_EMA": {
            "cholec80_video41": 77.07806432554615,
            "cholec80_video43": 39.67294032388192,
            "cholec80_video44": 83.54640091931277,
            "cholec80_video45": 74.74965221328681,
            "cholec80_video46": 82.95875164607105,
            "cholec80_video47": 46.419772318513566,
            "cholec80_video48": 51.715997383350675,
            "cholec80_video49": 52.11040794347437,
            "cholec80_video50": 73.43949963077459
        }
    },
    "Endoscapes": {
        "mAP": 50.84381246082612,
        "mAP_EMA": 52.20825911892718,
        "mAP_per_class": {
            "C0": 52.77087134953234,
            "C1": 52.650508013228134,
            "C2": 47.11005801971789
        },
        "mAP_per_class_EMA": {
            "C0": 54.805556659702106,
            "C1": 54.1430689749834,
            "C2": 47.67615172209604
        }
    },
    "CholecT50": {
        "AP": {
            "AP_i": 59.024144014523934,
            "AP_v": 42.78053968493488,
            "AP_t": 28.60321831025209,
            "AP_iv": 25.14339905137138,
            "AP_it": 24.935285061313724,
            "AP_ivt": 20.7330958950534
        },
        "AP_EMA": {
            "AP_i": 65.33129038050781,
            "AP_v": 46.859937791184294,
            "AP_t": 31.43222472806787,
            "AP_iv": 29.647425572877268,
            "AP_it": 27.69275185816507,
            "AP_ivt": 23.12459690278914
        }
    }
}