{
    "Test": false,
    "Cholec80": {
        "F1_score": 60.25660634647036,
        "F1_score_EMA": 72.15465215861644,
        "Per_video_f1": {
            "cholec80_video41": 75.48116551616427,
            "cholec80_video43": 36.13435376861741,
            "cholec80_video44": 82.19987397524892,
            "cholec80_video45": 78.005261503123,
            "cholec80_video46": 81.99251379384697,
            "cholec80_video47": 39.0657696357854,
            "cholec80_video48": 38.22094096095672,
            "cholec80_video49": 37.19387426517147,
            "cholec80_video50": 74.0157036993191
        },
        "Per_video_f1_EMA": {
            "cholec80_video41": 78.83895622132651,
            "cholec80_video43": 49.32347774321951,
            "cholec80_video44": 83.77313143004224,
            "cholec80_video45": 81.22630033469,
            "cholec80_video46": 82.93545141681129,
            "cholec80_video47": 60.108690202572234,
            "cholec80_video48": 63.217111845142284,
            "cholec80_video49": 69.26923513022423,
            "cholec80_video50": 80.69951510351974
        }
    },
    "Endoscapes": {
        "mAP": 50.40861608724147,
        "mAP_EMA": 51.660215259310924,
        "mAP_per_class": {
            "C0": 52.67317643476319,
            "C1": 50.248312439042856,
            "C2": 48.30435938791837
        },
        "mAP_per_class_EMA": {
            "C0": 53.673238835531755,
            "C1": 53.01752895477381,
            "C2": 48.2898779876272
        }
    },
    "CholecT50": {
        "AP": {
            "AP_i": 63.32696895250055,
            "AP_v": 47.70405879312796,
            "AP_t": 30.022423384043005,
            "AP_iv": 28.051802004267877,
            "AP_it": 26.14547897050307,
            "AP_ivt": 21.97179035094057
        },
        "AP_EMA": {
            "AP_i": 69.2816164033171,
            "AP_v": 49.23445366330033,
            "AP_t": 34.9097999277298,
            "AP_iv": 30.211220112649016,
            "AP_it": 28.774839380971777,
            "AP_ivt": 23.666053594170304
        }
    }
}