{
    "Test": false,
    "Cholec80": {
        "F1_score": 73.29322094849323,
        "F1_score_EMA": 69.60458153539695,
        "Per_video_f1": {
            "cholec80_video41": 78.13539314284279,
            "cholec80_video43": 55.351959760265444,
            "cholec80_video44": 83.94006198676631,
            "cholec80_video45": 81.99661024565407,
            "cholec80_video46": 79.27432500208302,
            "cholec80_video47": 62.36701233604901,
            "cholec80_video48": 70.63498974377097,
            "cholec80_video49": 64.82582930162278,
            "cholec80_video50": 83.11280701738472
        },
        "Per_video_f1_EMA": {
            "cholec80_video41": 68.85552520969593,
            "cholec80_video43": 69.59991742443007,
            "cholec80_video44": 68.74032784220911,
            "cholec80_video45": 73.4322716221045,
            "cholec80_video46": 75.58732918040084,
            "cholec80_video47": 62.7446556425748,
            "cholec80_video48": 68.29120245479953,
            "cholec80_video49": 69.03164755845087,
            "cholec80_video50": 70.15835688390689
        }
    },
    "Endoscapes": {
        "mAP": 50.398345363480935,
        "mAP_EMA": 41.18623758420869,
        "mAP_per_class": {
            "C0": 49.936081327155115,
            "C1": 54.3305582334091,
            "C2": 46.92839652987859
        },
        "mAP_per_class_EMA": {
            "C0": 39.651765646659264,
            "C1": 41.14162329368525,
            "C2": 42.765323812281565
        }
    },
    "CholecT50": {
        "AP": {
            "AP_i": 64.4358116309157,
            "AP_v": 46.55803074494348,
            "AP_t": 35.96083380729832,
            "AP_iv": 28.536700521586447,
            "AP_it": 27.01377309608431,
            "AP_ivt": 22.73911900896362
        },
        "AP_EMA": {
            "AP_i": 66.13727913864122,
            "AP_v": 48.17570426437841,
            "AP_t": 38.00728365891312,
            "AP_iv": 29.494852205292467,
            "AP_it": 29.595096258409978,
            "AP_ivt": 24.93379785177999
        }
    }
}