{
    "Test": false,
    "Cholec80": {
        "F1_score": 74.03262819464823,
        "F1_score_EMA": 75.24093610763157,
        "Per_video_f1": {
            "cholec80_video41": 75.77917649004651,
            "cholec80_video43": 66.71258094718621,
            "cholec80_video44": 79.25557020992304,
            "cholec80_video45": 75.94787985239539,
            "cholec80_video46": 80.33196499852178,
            "cholec80_video47": 64.12327537308428,
            "cholec80_video48": 76.07794949138037
        },
        "Per_video_f1_EMA": {
            "cholec80_video41": 74.82389093495169,
            "cholec80_video43": 69.98755705650397,
            "cholec80_video44": 81.56710379851039,
            "cholec80_video45": 76.5746903746558,
            "cholec80_video46": 81.22112211626118,
            "cholec80_video47": 62.56872979092479,
            "cholec80_video48": 79.94345868161314
        }
    },
    "Endoscapes": {
        "mAP": 36.18722045392741,
        "mAP_EMA": 35.81363654707749,
        "mAP_per_class": {
            "C0": 40.51848963897756,
            "C1": 36.902779787489656,
            "C2": 31.140391935315016
        },
        "mAP_per_class_EMA": {
            "C0": 41.14471333262317,
            "C1": 34.577256640475206,
            "C2": 31.718939668134116
        }
    },
    "CholecT50": {
        "AP": {
            "AP_i": 70.69867495158668,
            "AP_v": 49.13229023348429,
            "AP_t": 34.79756538434866,
            "AP_iv": 29.86686757436682,
            "AP_it": 29.213161226365422,
            "AP_ivt": 24.74035791714938
        },
        "AP_EMA": {
            "AP_i": 82.34022372226788,
            "AP_v": 61.029245696419096,
            "AP_t": 43.530774690069066,
            "AP_iv": 38.128151084997256,
            "AP_it": 37.1905262937965,
            "AP_ivt": 32.35375473601619
        }
    }
}