{
    "Test": false,
    "Cholec80": {
        "F1_score": 71.90777208223545,
        "F1_score_EMA": 74.81003119458016,
        "Per_video_f1": {
            "cholec80_video41": 74.58616015708508,
            "cholec80_video43": 64.67640878308914,
            "cholec80_video44": 78.37336908439873,
            "cholec80_video45": 73.03512634615502,
            "cholec80_video46": 75.88364259907236,
            "cholec80_video47": 59.79635627675132,
            "cholec80_video48": 77.0033413290965
        },
        "Per_video_f1_EMA": {
            "cholec80_video41": 73.6205585803541,
            "cholec80_video43": 70.24695709001072,
            "cholec80_video44": 82.10280908951748,
            "cholec80_video45": 76.17887089058824,
            "cholec80_video46": 80.05184832380311,
            "cholec80_video47": 61.2471330583834,
            "cholec80_video48": 80.2220413294041
        }
    },
    "Endoscapes": {
        "mAP": 32.79627089507905,
        "mAP_EMA": 35.20540981786943,
        "mAP_per_class": {
            "C0": 39.686302145991945,
            "C1": 33.06080970555293,
            "C2": 25.641700833692273
        },
        "mAP_per_class_EMA": {
            "C0": 39.319237366567236,
            "C1": 33.13301435417336,
            "C2": 33.163977732867686
        }
    },
    "CholecT50": {
        "AP": {
            "AP_i": 78.47262288254662,
            "AP_v": 59.31255461708363,
            "AP_t": 38.761077993317755,
            "AP_iv": 37.44787515820115,
            "AP_it": 34.21288175533849,
            "AP_ivt": 30.164102156911436
        },
        "AP_EMA": {
            "AP_i": 83.2552842709834,
            "AP_v": 61.20509781922705,
            "AP_t": 43.98263446552865,
            "AP_iv": 38.28678928267004,
            "AP_it": 37.918050342452894,
            "AP_ivt": 32.97993626001378
        }
    }
}