{
    "Test": false,
    "Cholec80": {
        "F1_score": 66.60614900854358,
        "F1_score_EMA": 10.589160426866606,
        "Per_video_f1": {
            "cholec80_video41": 65.74735552651752,
            "cholec80_video43": 65.96553222811657,
            "cholec80_video44": 75.91439928430009,
            "cholec80_video45": 69.14744138599141,
            "cholec80_video46": 65.74856119075484,
            "cholec80_video47": 57.20031065077082,
            "cholec80_video48": 66.51944279335382
        },
        "Per_video_f1_EMA": {
            "cholec80_video41": 11.857733673896554,
            "cholec80_video43": 8.90689575790268,
            "cholec80_video44": 12.154120306200097,
            "cholec80_video45": 7.012160521616645,
            "cholec80_video46": 14.385724362164481,
            "cholec80_video47": 7.456248485507773,
            "cholec80_video48": 12.351239880778012
        }
    },
    "Endoscapes": {
        "mAP": 30.809380478042062,
        "mAP_EMA": 19.274005701700027,
        "mAP_per_class": {
            "C0": 31.57350686129348,
            "C1": 30.31386993753346,
            "C2": 30.540764635299244
        },
        "mAP_per_class_EMA": {
            "C0": 21.20665665262266,
            "C1": 15.197599929002726,
            "C2": 21.417760523474698
        }
    },
    "CholecT50": {
        "AP": {
            "AP_i": 68.11999321123177,
            "AP_v": 45.50873205172151,
            "AP_t": 34.700646193214624,
            "AP_iv": 28.116396661785153,
            "AP_it": 27.455585711739552,
            "AP_ivt": 23.991716301843326
        },
        "AP_EMA": {
            "AP_i": 27.619535149976524,
            "AP_v": 17.42737377849373,
            "AP_t": 13.144143137740421,
            "AP_iv": 10.038007047311053,
            "AP_it": 7.341842041730116,
            "AP_ivt": 6.3902909873597755
        }
    }
}