{
    "Test": false,
    "Cholec80": {
        "F1_score": 72.71635794742791,
        "F1_score_EMA": 74.91433666044522,
        "Per_video_f1": {
            "cholec80_video41": 74.03329561603783,
            "cholec80_video43": 66.32007228605961,
            "cholec80_video44": 75.79558461634846,
            "cholec80_video45": 71.6291670381709,
            "cholec80_video46": 78.64530466254041,
            "cholec80_video47": 66.01694221500352,
            "cholec80_video48": 76.57413919783464
        },
        "Per_video_f1_EMA": {
            "cholec80_video41": 75.66536938346049,
            "cholec80_video43": 68.94421887005166,
            "cholec80_video44": 80.11631525152943,
            "cholec80_video45": 75.76010353754545,
            "cholec80_video46": 80.29089151655747,
            "cholec80_video47": 63.40736599517784,
            "cholec80_video48": 80.21609206879414
        }
    },
    "Endoscapes": {
        "mAP": 26.529973478449254,
        "mAP_EMA": 35.08260927743792,
        "mAP_per_class": {
            "C0": 33.46405522317072,
            "C1": 23.067601598000344,
            "C2": 23.0582636141767
        },
        "mAP_per_class_EMA": {
            "C0": 41.71066337469124,
            "C1": 34.4224080832923,
            "C2": 29.114756374330224
        }
    },
    "CholecT50": {
        "AP": {
            "AP_i": 79.4128628858215,
            "AP_v": 57.12600231196402,
            "AP_t": 40.14149467149405,
            "AP_iv": 35.42517885649565,
            "AP_it": 32.54702352485667,
            "AP_ivt": 29.245134933206028
        },
        "AP_EMA": {
            "AP_i": 81.38351185210367,
            "AP_v": 60.77428304154688,
            "AP_t": 43.11945873357512,
            "AP_iv": 37.70858114048324,
            "AP_it": 36.12788327757344,
            "AP_ivt": 31.568677157110255
        }
    }
}