{
    "Test": false,
    "Cholec80": {
        "F1_score": 73.43937871236373,
        "F1_score_EMA": 64.62104379481639,
        "Per_video_f1": {
            "cholec80_video41": 73.11246381266324,
            "cholec80_video43": 68.70112113351665,
            "cholec80_video44": 76.62531324629087,
            "cholec80_video45": 76.28207020340642,
            "cholec80_video46": 78.76149092463397,
            "cholec80_video47": 65.24117400931992,
            "cholec80_video48": 75.35201765671509
        },
        "Per_video_f1_EMA": {
            "cholec80_video41": 65.83280595955164,
            "cholec80_video43": 62.968231829200526,
            "cholec80_video44": 76.7898566204282,
            "cholec80_video45": 66.62133526972286,
            "cholec80_video46": 68.94123113355512,
            "cholec80_video47": 50.38167086840421,
            "cholec80_video48": 60.81217488285212
        }
    },
    "Endoscapes": {
        "mAP": 39.419474794426684,
        "mAP_EMA": 32.672129291997734,
        "mAP_per_class": {
            "C0": 42.95773276535083,
            "C1": 37.756224511158756,
            "C2": 37.544467106770455
        },
        "mAP_per_class_EMA": {
            "C0": 32.93729296354215,
            "C1": 32.82067607716177,
            "C2": 32.25841883528929
        }
    },
    "CholecT50": {
        "AP": {
            "AP_i": 82.98610145212133,
            "AP_v": 59.428184554396935,
            "AP_t": 43.31651675785834,
            "AP_iv": 37.58488188141786,
            "AP_it": 36.25686793916587,
            "AP_ivt": 31.85842713789935
        },
        "AP_EMA": {
            "AP_i": 72.38351441218025,
            "AP_v": 50.83057163374893,
            "AP_t": 37.733514028223325,
            "AP_iv": 31.569534248445567,
            "AP_it": 32.52572837016137,
            "AP_ivt": 27.414045757406043
        }
    }
}