{
    "Test": false,
    "Cholec80": {
        "F1_score": 70.51833853950627,
        "F1_score_EMA": 35.71917918819407,
        "Per_video_f1": {
            "cholec80_video41": 70.66618225757561,
            "cholec80_video43": 66.95533054098945,
            "cholec80_video44": 77.23661396781945,
            "cholec80_video45": 72.69004362720685,
            "cholec80_video46": 70.52455143571335,
            "cholec80_video47": 61.67285015441247,
            "cholec80_video48": 73.88279779282675
        },
        "Per_video_f1_EMA": {
            "cholec80_video41": 41.905258460024505,
            "cholec80_video43": 32.590499320315445,
            "cholec80_video44": 43.178098300599075,
            "cholec80_video45": 35.92249316117778,
            "cholec80_video46": 44.84023681890319,
            "cholec80_video47": 20.806833987999514,
            "cholec80_video48": 30.790834268338944
        }
    },
    "Endoscapes": {
        "mAP": 33.835046361565915,
        "mAP_EMA": 23.317916105988946,
        "mAP_per_class": {
            "C0": 34.75698778049854,
            "C1": 32.81050392419122,
            "C2": 33.93764738000799
        },
        "mAP_per_class_EMA": {
            "C0": 26.45641283036211,
            "C1": 20.270130688087796,
            "C2": 23.227204799516933
        }
    },
    "CholecT50": {
        "AP": {
            "AP_i": 74.57400407251676,
            "AP_v": 50.07060541907708,
            "AP_t": 42.04117476196272,
            "AP_iv": 31.637315393474193,
            "AP_it": 34.85796780892913,
            "AP_ivt": 29.97602201224364
        },
        "AP_EMA": {
            "AP_i": 35.05030090525379,
            "AP_v": 22.12657855202911,
            "AP_t": 19.33265878866614,
            "AP_iv": 13.669536143720189,
            "AP_it": 12.4920245668097,
            "AP_ivt": 10.38418336549329
        }
    }
}