{
    "Test": false,
    "Cholec80": {
        "F1_score": 72.16749586661231,
        "F1_score_EMA": 73.21605521801352,
        "Per_video_f1": {
            "cholec80_video41": 71.41619591981446,
            "cholec80_video43": 71.1905141337528,
            "cholec80_video44": 75.51943905567042,
            "cholec80_video45": 70.8899623284254,
            "cholec80_video46": 79.94585940691664,
            "cholec80_video47": 59.55334466113854,
            "cholec80_video48": 76.65715556056794
        },
        "Per_video_f1_EMA": {
            "cholec80_video41": 71.0100038866209,
            "cholec80_video43": 70.7468665091123,
            "cholec80_video44": 82.81344098932178,
            "cholec80_video45": 75.2391811191641,
            "cholec80_video46": 79.02269543186576,
            "cholec80_video47": 58.21344455184947,
            "cholec80_video48": 75.46675403816036
        }
    },
    "Endoscapes": {
        "mAP": 39.588270306115234,
        "mAP_EMA": 35.14231059341484,
        "mAP_per_class": {
            "C0": 44.911821705651434,
            "C1": 37.23361507878151,
            "C2": 36.61937413391275
        },
        "mAP_per_class_EMA": {
            "C0": 36.562149798718565,
            "C1": 32.98341565349205,
            "C2": 35.881366328033906
        }
    },
    "CholecT50": {
        "AP": {
            "AP_i": 83.50594485364863,
            "AP_v": 59.939237837114796,
            "AP_t": 42.81328885399617,
            "AP_iv": 36.89275103775812,
            "AP_it": 35.59033720805273,
            "AP_ivt": 30.904727763333764
        },
        "AP_EMA": {
            "AP_i": 81.06439058654726,
            "AP_v": 57.346450419402046,
            "AP_t": 43.24014746484097,
            "AP_iv": 36.41564583924678,
            "AP_it": 37.6713431300008,
            "AP_ivt": 32.83227260947594
        }
    }
}