{
    "Test": true,
    "Cholec80": {
        "F1_score": 8.039096401981352,
        "F1_score_EMA": null,
        "Per_video_f1": {
            "cholec80_video51": 7.779493593360627,
            "cholec80_video53": 9.426191584876674,
            "cholec80_video54": 8.435284159764482,
            "cholec80_video55": 9.458599062660165,
            "cholec80_video58": 10.906601317241003,
            "cholec80_video59": 9.109454281868075,
            "cholec80_video61": 5.5693738213340405,
            "cholec80_video63": 5.249160818684862,
            "cholec80_video64": 4.50369395069856,
            "cholec80_video69": 8.870343060076857,
            "cholec80_video73": 11.85134586454977,
            "cholec80_video74": 6.678801245086939,
            "cholec80_video76": 12.062863954478004,
            "cholec80_video77": 7.3704259166493795,
            "cholec80_video80": 3.3148133983908354
        },
        "Per_video_f1_EMA": null
    },
    "Endoscapes": {
        "mAP": 23.758681722575332,
        "mAP_EMA": null,
        "mAP_per_class": {
            "C0": 24.494431716129867,
            "C1": 17.421806586262754,
            "C2": 29.359806865333372
        },
        "mAP_per_class_EMA": null
    },
    "CholecT50": {
        "AP": {
            "AP_i": 24.447960776567395,
            "AP_v": 15.79391766303947,
            "AP_t": 11.595886530584394,
            "AP_iv": 7.624372328389677,
            "AP_it": 4.571110628410423,
            "AP_ivt": 3.5348778960246108
        },
        "AP_EMA": null
    }
}