{
    "Test": false,
    "Cholec80": {
        "F1_score": 2.818891993575779,
        "F1_score_EMA": 1.2780244649530998,
        "Per_video_f1": {
            "cholec80_video41": 3.9876755804092645,
            "cholec80_video43": 2.549241193502466,
            "cholec80_video44": 2.538062766847018,
            "cholec80_video45": 1.4488780175764786,
            "cholec80_video46": 2.8309794743329184,
            "cholec80_video47": 3.092969750621909,
            "cholec80_video48": 3.284437171740396
        },
        "Per_video_f1_EMA": {
            "cholec80_video41": 1.1428571428571428,
            "cholec80_video43": 1.5675954001945194,
            "cholec80_video44": 0.4787498306309561,
            "cholec80_video45": 2.4163353533793956,
            "cholec80_video46": 1.6117990536595188,
            "cholec80_video47": 0.5346263831903518,
            "cholec80_video48": 1.194208090759815
        }
    },
    "Endoscapes": {
        "mAP": 15.334617860375328,
        "mAP_EMA": 20.527337753787425,
        "mAP_per_class": {
            "C0": 16.23950568960436,
            "C1": 12.790542797431131,
            "C2": 16.973805094090494
        },
        "mAP_per_class_EMA": {
            "C0": 21.386461726962736,
            "C1": 17.709125824053892,
            "C2": 22.48642571034565
        }
    },
    "CholecT50": {
        "AP": {
            "AP_i": 25.464840134675697,
            "AP_v": 15.807588539413477,
            "AP_t": 11.184154856105163,
            "AP_iv": 8.65570834134075,
            "AP_it": 5.846332023009407,
            "AP_ivt": 4.739715402026371
        },
        "AP_EMA": {
            "AP_i": 26.167871647620853,
            "AP_v": 16.172217505927243,
            "AP_t": 12.025564946663764,
            "AP_iv": 9.159630512040204,
            "AP_it": 6.468869376983749,
            "AP_ivt": 5.29715662074677
        }
    }
}