{
    "Test": false,
    "Cholec80": {
        "F1_score": 1.6213079003355233,
        "F1_score_EMA": 5.409371793006437,
        "Per_video_f1": {
            "cholec80_video41": 2.6626601560869747,
            "cholec80_video43": 0.9129747761456077,
            "cholec80_video44": 1.3489404290500848,
            "cholec80_video45": 0.667133385496026,
            "cholec80_video46": 1.6135604270230623,
            "cholec80_video47": 2.1185696728507053,
            "cholec80_video48": 2.0253164556962027
        },
        "Per_video_f1_EMA": {
            "cholec80_video41": 6.899319200752753,
            "cholec80_video43": 4.031264898981587,
            "cholec80_video44": 6.951085326541838,
            "cholec80_video45": 3.115244168849005,
            "cholec80_video46": 5.667482923439799,
            "cholec80_video47": 5.203666415539442,
            "cholec80_video48": 5.9975396169406325
        }
    },
    "Endoscapes": {
        "mAP": 15.172315172315171,
        "mAP_EMA": 16.734353794077553,
        "mAP_per_class": {
            "C0": 16.344916344916342,
            "C1": 12.483912483912484,
            "C2": 16.68811668811669
        },
        "mAP_per_class_EMA": {
            "C0": 17.978942322945844,
            "C1": 13.599778976496967,
            "C2": 18.624340082789843
        }
    },
    "CholecT50": {
        "AP": {
            "AP_i": 24.260625051054046,
            "AP_v": 15.064717262325482,
            "AP_t": 10.632181402302196,
            "AP_iv": 8.242115677346924,
            "AP_it": 5.518155397841308,
            "AP_ivt": 4.43868327051501
        },
        "AP_EMA": {
            "AP_i": 25.11847855553741,
            "AP_v": 15.563603086247511,
            "AP_t": 10.954205310920724,
            "AP_iv": 8.536334746621739,
            "AP_it": 5.690263185854205,
            "AP_ivt": 4.577740613827941
        }
    }
}