{
    "Test": false,
    "Cholec80": {
        "F1_score": 6.083056697026557,
        "F1_score_EMA": 14.637283923685489,
        "Per_video_f1": {
            "cholec80_video41": 8.317318932848009,
            "cholec80_video43": 5.921659508219538,
            "cholec80_video44": 7.187602845432521,
            "cholec80_video45": 3.9444208823833184,
            "cholec80_video46": 4.774893769036965,
            "cholec80_video47": 4.508960464749799,
            "cholec80_video48": 7.926540476515751
        },
        "Per_video_f1_EMA": {
            "cholec80_video41": 8.819832328144393,
            "cholec80_video43": 17.848861101091323,
            "cholec80_video44": 17.233372631426143,
            "cholec80_video45": 14.927830697711366,
            "cholec80_video46": 17.58295351185232,
            "cholec80_video47": 14.23207033114154,
            "cholec80_video48": 11.816066864431333
        }
    },
    "Endoscapes": {
        "mAP": 14.727938832539012,
        "mAP_EMA": 15.867996825329245,
        "mAP_per_class": {
            "C0": 15.416317234630128,
            "C1": 12.513976194895582,
            "C2": 16.253523068091326
        },
        "mAP_per_class_EMA": {
            "C0": 19.825397182979522,
            "C1": 10.952609011129114,
            "C2": 16.825984281879098
        }
    },
    "CholecT50": {
        "AP": {
            "AP_i": 24.339947247016084,
            "AP_v": 15.009666652520494,
            "AP_t": 10.625135117075883,
            "AP_iv": 8.264757495363133,
            "AP_it": 5.568729126687232,
            "AP_ivt": 4.510014159828419
        },
        "AP_EMA": {
            "AP_i": 34.01143183372327,
            "AP_v": 20.388101630626306,
            "AP_t": 18.184848835387257,
            "AP_iv": 12.592721089889006,
            "AP_it": 11.396353306576682,
            "AP_ivt": 9.44881823999506
        }
    }
}