{
    "Test": false,
    "Cholec80": {
        "F1_score": 1.6213079003355233,
        "F1_score_EMA": 1.602438522185638,
        "Per_video_f1": {
            "cholec80_video41": 2.6626601560869747,
            "cholec80_video43": 0.9129747761456077,
            "cholec80_video44": 1.3489404290500848,
            "cholec80_video45": 0.667133385496026,
            "cholec80_video46": 1.6135604270230623,
            "cholec80_video47": 2.1185696728507053,
            "cholec80_video48": 2.0253164556962027
        },
        "Per_video_f1_EMA": {
            "cholec80_video41": 2.5661453310411337,
            "cholec80_video43": 0.9129747761456077,
            "cholec80_video44": 1.340645947592931,
            "cholec80_video45": 0.6680963378422963,
            "cholec80_video46": 1.599086236436322,
            "cholec80_video47": 2.1037785743668094,
            "cholec80_video48": 2.026342451874367
        }
    },
    "Endoscapes": {
        "mAP": 15.172315172315171,
        "mAP_EMA": 16.705746111200988,
        "mAP_per_class": {
            "C0": 16.344916344916342,
            "C1": 12.483912483912484,
            "C2": 16.68811668811669
        },
        "mAP_per_class_EMA": {
            "C0": 18.02850006077483,
            "C1": 13.86466449792046,
            "C2": 18.224073774907673
        }
    },
    "CholecT50": {
        "AP": {
            "AP_i": 24.260625051054046,
            "AP_v": 15.064717262325482,
            "AP_t": 10.632181402302196,
            "AP_iv": 8.242115677346924,
            "AP_it": 5.518155397841308,
            "AP_ivt": 4.43868327051501
        },
        "AP_EMA": {
            "AP_i": 25.00762786689798,
            "AP_v": 15.522233608060148,
            "AP_t": 10.961939910183723,
            "AP_iv": 8.4980075923921,
            "AP_it": 5.691946217248164,
            "AP_ivt": 4.57881632717314
        }
    }
}