{
    "Test": false,
    "Cholec80": {
        "F1_score": 1.6194271458972287,
        "F1_score_EMA": 6.740304743303908,
        "Per_video_f1": {
            "cholec80_video41": 2.6475132584457346,
            "cholec80_video43": 0.9129747761456077,
            "cholec80_video44": 1.3489404290500848,
            "cholec80_video45": 0.6673257538309442,
            "cholec80_video46": 1.6144814090019568,
            "cholec80_video47": 2.11943793911007,
            "cholec80_video48": 2.0253164556962027
        },
        "Per_video_f1_EMA": {
            "cholec80_video41": 7.274094025591031,
            "cholec80_video43": 4.339814870616289,
            "cholec80_video44": 6.052638736898502,
            "cholec80_video45": 6.482955139851332,
            "cholec80_video46": 7.0638011902073705,
            "cholec80_video47": 7.006611145212934,
            "cholec80_video48": 8.962218094749899
        }
    },
    "Endoscapes": {
        "mAP": 15.172315172315171,
        "mAP_EMA": 16.179484300605797,
        "mAP_per_class": {
            "C0": 16.344916344916342,
            "C1": 12.483912483912484,
            "C2": 16.68811668811669
        },
        "mAP_per_class_EMA": {
            "C0": 17.442858623960987,
            "C1": 12.600478204129923,
            "C2": 18.495116073726482
        }
    },
    "CholecT50": {
        "AP": {
            "AP_i": 24.260625051054046,
            "AP_v": 15.064717262325482,
            "AP_t": 10.632181402302196,
            "AP_iv": 8.242115677346924,
            "AP_it": 5.518155397841308,
            "AP_ivt": 4.43868327051501
        },
        "AP_EMA": {
            "AP_i": 24.84374022165905,
            "AP_v": 15.43752076487668,
            "AP_t": 10.970038036646143,
            "AP_iv": 8.50020580279061,
            "AP_it": 5.65286942551896,
            "AP_ivt": 4.525127594001328
        }
    }
}