{
    "Test": false,
    "Dataset": "Cholec80",
    "Results": [
        1.6286141070433109,
        1.6515622948387307,
        {
            "cholec80_video41": 2.713392591332454,
            "cholec80_video43": 0.9129747761456077,
            "cholec80_video44": 1.349351440759119,
            "cholec80_video45": 0.667133385496026,
            "cholec80_video46": 1.6135604270230623,
            "cholec80_video47": 2.1185696728507053,
            "cholec80_video48": 2.0253164556962027
        },
        {
            "cholec80_video41": 2.847324496809033,
            "cholec80_video43": 0.9144732985520839,
            "cholec80_video44": 1.3559618581051525,
            "cholec80_video45": 0.670807453416149,
            "cholec80_video46": 1.6181758744687806,
            "cholec80_video47": 2.1185696728507053,
            "cholec80_video48": 2.035623409669211
        }
    ]
}