{
    "Test": false,
    "Dataset": "Cholec80",
    "Results": [
        1.7281470987957153,
        1.6597181215671641,
        {
            "cholec80_video41": 2.9765147789751105,
            "cholec80_video43": 0.9274121633672197,
            "cholec80_video44": 1.3576245949023387,
            "cholec80_video45": 0.8131457711289644,
            "cholec80_video46": 1.6570424303288978,
            "cholec80_video47": 2.1493884336777103,
            "cholec80_video48": 2.215901519189765
        },
        {
            "cholec80_video41": 2.87880155220648,
            "cholec80_video43": 0.9159767482825435,
            "cholec80_video44": 1.3714993584922355,
            "cholec80_video45": 0.6751125187531255,
            "cholec80_video46": 1.6172506738544474,
            "cholec80_video47": 2.1185696728507053,
            "cholec80_video48": 2.0408163265306123
        }
    ]
}