{
    "Test": false,
    "Cholec80": {
        "F1_score": 43.384361260918716,
        "F1_score_EMA": 48.04510929305728,
        "Per_video_f1": {
            "cholec80_video41": 64.60593590398786,
            "cholec80_video43": 39.655884977761836,
            "cholec80_video44": 34.229580709006314,
            "cholec80_video45": 63.69086572620999,
            "cholec80_video46": 42.7441546561953,
            "cholec80_video47": 22.98334651651815,
            "cholec80_video48": 35.78076033675158
        },
        "Per_video_f1_EMA": {
            "cholec80_video41": 69.8795362188882,
            "cholec80_video43": 34.6804470060346,
            "cholec80_video44": 48.01669691761784,
            "cholec80_video45": 72.50306061025167,
            "cholec80_video46": 55.053869021658286,
            "cholec80_video47": 28.972408476014564,
            "cholec80_video48": 27.209746800935775
        }
    },
    "Endoscapes": {
        "mAP": 39.4126616067233,
        "mAP_EMA": 43.325231977121554,
        "mAP_per_class": {
            "C0": 37.51221155062063,
            "C1": 37.027277999122084,
            "C2": 43.69849527042717
        },
        "mAP_per_class_EMA": {
            "C0": 42.661411076626955,
            "C1": 41.5124425219325,
            "C2": 45.8018423328052
        }
    },
    "CholecT50": {
        "AP": {
            "AP_i": 69.42673445606543,
            "AP_v": 47.28671935928815,
            "AP_t": 31.495936358197955,
            "AP_iv": 28.76013113075927,
            "AP_it": 24.99610484890702,
            "AP_ivt": 20.831834031671097
        },
        "AP_EMA": {
            "AP_i": 71.3648313396614,
            "AP_v": 46.52944608197142,
            "AP_t": 33.703343502644955,
            "AP_iv": 27.228050385376385,
            "AP_it": 24.417924898382314,
            "AP_ivt": 19.589464581166116
        }
    }
}