{
    "Test": false,
    "Cholec80": {
        "F1_score": 30.59768199257138,
        "F1_score_EMA": 41.76828601610483,
        "Per_video_f1": {
            "cholec80_video41": 53.191034406661565,
            "cholec80_video43": 23.897405039518773,
            "cholec80_video44": 16.25558341135452,
            "cholec80_video45": 43.89087880881551,
            "cholec80_video46": 42.90448832909483,
            "cholec80_video47": 20.057651679997157,
            "cholec80_video48": 13.986732272557322
        },
        "Per_video_f1_EMA": {
            "cholec80_video41": 67.76988015805807,
            "cholec80_video43": 27.134409988787557,
            "cholec80_video44": 19.521905357929327,
            "cholec80_video45": 72.795869286138,
            "cholec80_video46": 55.142860623113386,
            "cholec80_video47": 27.783185149931,
            "cholec80_video48": 22.229891548776486
        }
    },
    "Endoscapes": {
        "mAP": 44.96995440585699,
        "mAP_EMA": 46.18619508188545,
        "mAP_per_class": {
            "C0": 43.311221102068835,
            "C1": 44.12632290951704,
            "C2": 47.472319205985094
        },
        "mAP_per_class_EMA": {
            "C0": 44.351640005568925,
            "C1": 47.975674205512064,
            "C2": 46.23127103457537
        }
    },
    "CholecT50": {
        "AP": {
            "AP_i": 75.46366245538646,
            "AP_v": 50.45979222155063,
            "AP_t": 34.36489827106939,
            "AP_iv": 29.598132525730108,
            "AP_it": 26.186720371310884,
            "AP_ivt": 21.787950969648627
        },
        "AP_EMA": {
            "AP_i": 75.21471898124877,
            "AP_v": 51.40401283183146,
            "AP_t": 38.13299473247578,
            "AP_iv": 31.712500706038224,
            "AP_it": 29.77732726907442,
            "AP_ivt": 24.985359363523582
        }
    }
}