{
    "Test": true,
    "Cholec80": {
        "F1_score": 50.80155131976184,
        "F1_score_EMA": null,
        "Per_video_f1": {
            "cholec80_video51": 55.059613245907514,
            "cholec80_video53": 49.783520336320244,
            "cholec80_video54": 64.59247507592568,
            "cholec80_video55": 60.82678169694701,
            "cholec80_video58": 33.392898226864524,
            "cholec80_video59": 49.63568218116851,
            "cholec80_video61": 39.49787496649762,
            "cholec80_video63": 39.181419442188556,
            "cholec80_video64": 49.071788759408896,
            "cholec80_video69": 62.254438785146995,
            "cholec80_video73": 72.98845573839655,
            "cholec80_video74": 53.671984833561005,
            "cholec80_video76": 51.908914413783926,
            "cholec80_video77": 57.539834693558866,
            "cholec80_video80": 22.617587400751695
        },
        "Per_video_f1_EMA": null
    },
    "Endoscapes": {
        "mAP": 37.974688687177014,
        "mAP_EMA": null,
        "mAP_per_class": {
            "C0": 33.75997007421203,
            "C1": 26.299358915854064,
            "C2": 53.86473707146495
        },
        "mAP_per_class_EMA": null
    },
    "CholecT50": {
        "AP": {
            "AP_i": 73.45127013549984,
            "AP_v": 51.473876338578734,
            "AP_t": 36.71979665412762,
            "AP_iv": 29.499226312479955,
            "AP_it": 25.5009881244312,
            "AP_ivt": 20.232313676142777
        },
        "AP_EMA": null
    }
}