{
    "Test": false,
    "Cholec80": {
        "F1_score": 40.83589651591363,
        "F1_score_EMA": 33.13554076871516,
        "Per_video_f1": {
            "cholec80_video41": 67.11587515692779,
            "cholec80_video43": 27.20037566665079,
            "cholec80_video44": 15.354775853127766,
            "cholec80_video45": 74.2042495607795,
            "cholec80_video46": 41.762659121583376,
            "cholec80_video47": 23.91863333903644,
            "cholec80_video48": 36.29470691328977
        },
        "Per_video_f1_EMA": {
            "cholec80_video41": 65.80164335503159,
            "cholec80_video43": 16.107591739209308,
            "cholec80_video44": 7.969897057733888,
            "cholec80_video45": 71.38748463749235,
            "cholec80_video46": 39.19537456515182,
            "cholec80_video47": 11.183008743254355,
            "cholec80_video48": 20.303785283132797
        }
    },
    "Endoscapes": {
        "mAP": 37.561977988296064,
        "mAP_EMA": 42.26590739602699,
        "mAP_per_class": {
            "C0": 39.48976209823073,
            "C1": 36.52950210055328,
            "C2": 36.66666976610418
        },
        "mAP_per_class_EMA": {
            "C0": 40.78433305810295,
            "C1": 41.56234452674628,
            "C2": 44.45104460323173
        }
    },
    "CholecT50": {
        "AP": {
            "AP_i": 64.49983203970486,
            "AP_v": 42.957686161481945,
            "AP_t": 28.78334294772841,
            "AP_iv": 24.791572281179263,
            "AP_it": 21.552203513333577,
            "AP_ivt": 16.53985917152463
        },
        "AP_EMA": {
            "AP_i": 73.61479580105413,
            "AP_v": 49.06128607844617,
            "AP_t": 32.15121235348756,
            "AP_iv": 29.230799995302117,
            "AP_it": 25.277192116736067,
            "AP_ivt": 20.704762969190817
        }
    }
}