{
    "Test": false,
    "Cholec80": {
        "F1_score": 18.74305862271879,
        "F1_score_EMA": 34.82724723953875,
        "Per_video_f1": {
            "cholec80_video41": 49.527249951260224,
            "cholec80_video43": 8.570007817398416,
            "cholec80_video44": 4.538135023913024,
            "cholec80_video45": 38.31460360927112,
            "cholec80_video46": 18.775959571713337,
            "cholec80_video47": 4.674568686590341,
            "cholec80_video48": 6.8008856988850885
        },
        "Per_video_f1_EMA": {
            "cholec80_video41": 65.84266222026002,
            "cholec80_video43": 18.206539085856033,
            "cholec80_video44": 9.873759199592062,
            "cholec80_video45": 71.22535725337255,
            "cholec80_video46": 44.68993810842466,
            "cholec80_video47": 16.413978451047445,
            "cholec80_video48": 17.538496358218453
        }
    },
    "Endoscapes": {
        "mAP": 39.13380842857393,
        "mAP_EMA": 45.44245730469118,
        "mAP_per_class": {
            "C0": 37.46277277850443,
            "C1": 33.72367680492078,
            "C2": 46.21497570229657
        },
        "mAP_per_class_EMA": {
            "C0": 44.52897100831946,
            "C1": 43.52455554866729,
            "C2": 48.273845357086806
        }
    },
    "CholecT50": {
        "AP": {
            "AP_i": 72.99087987530298,
            "AP_v": 48.24719353203125,
            "AP_t": 34.33863498982187,
            "AP_iv": 28.77457379566529,
            "AP_it": 25.741595259666408,
            "AP_ivt": 21.69478573550538
        },
        "AP_EMA": {
            "AP_i": 75.31361495827056,
            "AP_v": 50.389162595934714,
            "AP_t": 35.38323250680844,
            "AP_iv": 31.36931452429758,
            "AP_it": 27.537311556733854,
            "AP_ivt": 22.89694390826962
        }
    }
}