{
    "Test": false,
    "Cholec80": {
        "F1_score": 37.473887147626165,
        "F1_score_EMA": 39.562468739987146,
        "Per_video_f1": {
            "cholec80_video41": 66.54437776785315,
            "cholec80_video43": 20.6144369633264,
            "cholec80_video44": 21.605442977149007,
            "cholec80_video45": 68.63478110607245,
            "cholec80_video46": 39.6507497420732,
            "cholec80_video47": 21.493563075647387,
            "cholec80_video48": 23.77385840126157
        },
        "Per_video_f1_EMA": {
            "cholec80_video41": 67.64441391001984,
            "cholec80_video43": 23.56617954777746,
            "cholec80_video44": 15.547667304579852,
            "cholec80_video45": 74.56245992121647,
            "cholec80_video46": 52.8283802735561,
            "cholec80_video47": 25.916104745103812,
            "cholec80_video48": 16.87207547765648
        }
    },
    "Endoscapes": {
        "mAP": 44.69433412844678,
        "mAP_EMA": 47.761886775017,
        "mAP_per_class": {
            "C0": 46.45313936021936,
            "C1": 47.45517566819789,
            "C2": 40.1746873569231
        },
        "mAP_per_class_EMA": {
            "C0": 45.37092256266524,
            "C1": 48.5709599765829,
            "C2": 49.34377778580286
        }
    },
    "CholecT50": {
        "AP": {
            "AP_i": 66.61222636290223,
            "AP_v": 44.54346456876867,
            "AP_t": 32.22493602748941,
            "AP_iv": 26.373852663940365,
            "AP_it": 23.45704267274042,
            "AP_ivt": 18.300183287616314
        },
        "AP_EMA": {
            "AP_i": 74.71258568491665,
            "AP_v": 50.12379784990999,
            "AP_t": 37.80883134035508,
            "AP_iv": 30.426192113851375,
            "AP_it": 28.39336330302496,
            "AP_ivt": 23.39257490340094
        }
    }
}