{
    "Test": false,
    "Cholec80": {
        "F1_score": 33.31308784706934,
        "F1_score_EMA": 30.180221890184445,
        "Per_video_f1": {
            "cholec80_video41": 63.15576013914017,
            "cholec80_video43": 22.89489045364125,
            "cholec80_video44": 12.058276060648701,
            "cholec80_video45": 56.645451254356985,
            "cholec80_video46": 36.92578353064853,
            "cholec80_video47": 19.287935765898247,
            "cholec80_video48": 22.223517725151474
        },
        "Per_video_f1_EMA": {
            "cholec80_video41": 63.51902015293158,
            "cholec80_video43": 12.644972349353337,
            "cholec80_video44": 5.709351044006256,
            "cholec80_video45": 64.27663195915116,
            "cholec80_video46": 39.253860015900685,
            "cholec80_video47": 11.84687948906594,
            "cholec80_video48": 14.010838220882155
        }
    },
    "Endoscapes": {
        "mAP": 34.1713222917832,
        "mAP_EMA": 36.798529854123906,
        "mAP_per_class": {
            "C0": 29.52834215244884,
            "C1": 30.171942821629905,
            "C2": 42.81368190127086
        },
        "mAP_per_class_EMA": {
            "C0": 32.97804850519137,
            "C1": 34.86681460535767,
            "C2": 42.550726451822676
        }
    },
    "CholecT50": {
        "AP": {
            "AP_i": 62.06384089399662,
            "AP_v": 40.289593769642835,
            "AP_t": 27.942284843824172,
            "AP_iv": 23.549784238031357,
            "AP_it": 22.59405705241926,
            "AP_ivt": 18.1112469193524
        },
        "AP_EMA": {
            "AP_i": 66.29980016246957,
            "AP_v": 43.711795794785274,
            "AP_t": 28.66594722268603,
            "AP_iv": 25.919858506728634,
            "AP_it": 23.20077431206928,
            "AP_ivt": 19.101316899552526
        }
    }
}