{
    "Test": false,
    "Cholec80": {
        "F1_score": 63.311778608613764,
        "F1_score_EMA": 71.66491649423116,
        "Per_video_f1": {
            "cholec80_video41": 62.17061229105105,
            "cholec80_video43": 52.48433181413915,
            "cholec80_video44": 64.69022027959402,
            "cholec80_video45": 73.35134354802142,
            "cholec80_video46": 66.99738964253031,
            "cholec80_video47": 59.34570248212202,
            "cholec80_video48": 64.14285020283839
        },
        "Per_video_f1_EMA": {
            "cholec80_video41": 70.25765192862112,
            "cholec80_video43": 59.430677252515174,
            "cholec80_video44": 78.6693786719791,
            "cholec80_video45": 82.88432881688409,
            "cholec80_video46": 71.93313097753965,
            "cholec80_video47": 65.47940304685763,
            "cholec80_video48": 72.99984476522144
        }
    },
    "Endoscapes": {
        "mAP": 32.26588556665114,
        "mAP_EMA": 35.98524179483683,
        "mAP_per_class": {
            "C0": 32.90053401267272,
            "C1": 31.95005988921938,
            "C2": 31.947062798061328
        },
        "mAP_per_class_EMA": {
            "C0": 35.17868171637144,
            "C1": 33.75699464540397,
            "C2": 39.02004902273508
        }
    },
    "CholecT50": {
        "AP": {
            "AP_i": 80.8233842199531,
            "AP_v": 58.01917448465368,
            "AP_t": 40.80064113976875,
            "AP_iv": 36.170667598119394,
            "AP_it": 34.896710202034356,
            "AP_ivt": 28.86893354856525
        },
        "AP_EMA": {
            "AP_i": 83.14852373928507,
            "AP_v": 62.3792819873138,
            "AP_t": 44.60564606642154,
            "AP_iv": 39.65244027799923,
            "AP_it": 40.32171195000832,
            "AP_ivt": 34.797899573032176
        }
    }
}