{
    "Test": true,
    "Cholec80": {
        "F1_score": 59.93740175092131,
        "F1_score_EMA": null,
        "Per_video_f1": {
            "cholec80_video51": 58.24787663902756,
            "cholec80_video53": 60.114097462497696,
            "cholec80_video54": 67.11411675956953,
            "cholec80_video55": 72.28498303816755,
            "cholec80_video58": 39.752777236885855,
            "cholec80_video59": 69.41736108072351,
            "cholec80_video61": 43.416437151180766,
            "cholec80_video63": 55.996897057566194,
            "cholec80_video64": 64.27345711424948,
            "cholec80_video69": 78.24336291150912,
            "cholec80_video73": 78.11686538376466,
            "cholec80_video74": 56.19747130058504,
            "cholec80_video76": 54.880876624686614,
            "cholec80_video77": 66.95042815964439,
            "cholec80_video80": 34.054018343761676
        },
        "Per_video_f1_EMA": null
    },
    "Endoscapes": {
        "mAP": 43.657549741459235,
        "mAP_EMA": null,
        "mAP_per_class": {
            "C0": 41.71149470158654,
            "C1": 32.77258347096648,
            "C2": 56.48857105182468
        },
        "mAP_per_class_EMA": null
    },
    "CholecT50": {
        "AP": {
            "AP_i": 79.3798965342923,
            "AP_v": 54.438772248473526,
            "AP_t": 36.8214554912498,
            "AP_iv": 32.83742207998558,
            "AP_it": 29.93345499134723,
            "AP_ivt": 23.335211633484494
        },
        "AP_EMA": null
    }
}