{
    "Test": false,
    "Cholec80": {
        "F1_score": 64.9999939842827,
        "F1_score_EMA": 70.89743742158338,
        "Per_video_f1": {
            "cholec80_video41": 67.23132027060082,
            "cholec80_video43": 50.07730409270877,
            "cholec80_video44": 70.368311969489,
            "cholec80_video45": 75.78725861066945,
            "cholec80_video46": 68.93698716684307,
            "cholec80_video47": 62.58644066981913,
            "cholec80_video48": 60.01233510984859
        },
        "Per_video_f1_EMA": {
            "cholec80_video41": 71.97620280685965,
            "cholec80_video43": 58.376212543593276,
            "cholec80_video44": 76.73390548457375,
            "cholec80_video45": 82.12058819626365,
            "cholec80_video46": 70.2732415621563,
            "cholec80_video47": 65.74170676313071,
            "cholec80_video48": 71.06020459450626
        }
    },
    "Endoscapes": {
        "mAP": 33.40200459646688,
        "mAP_EMA": 36.014027095937514,
        "mAP_per_class": {
            "C0": 34.435944065852546,
            "C1": 29.811795097822184,
            "C2": 35.958274625725906
        },
        "mAP_per_class_EMA": {
            "C0": 34.669566223733064,
            "C1": 32.9143640574067,
            "C2": 40.45815100667278
        }
    },
    "CholecT50": {
        "AP": {
            "AP_i": 79.06040130828505,
            "AP_v": 56.3537435622229,
            "AP_t": 41.82823755288499,
            "AP_iv": 34.79489670295562,
            "AP_it": 37.019882802445714,
            "AP_ivt": 31.10986160334087
        },
        "AP_EMA": {
            "AP_i": 81.8206534564349,
            "AP_v": 60.333161560268294,
            "AP_t": 44.355494972908886,
            "AP_iv": 38.29194434667671,
            "AP_it": 39.89877698187955,
            "AP_ivt": 34.884272116063556
        }
    }
}