{
    "Test": false,
    "Cholec80": {
        "F1_score": 61.601219722888445,
        "F1_score_EMA": 69.84347796763878,
        "Per_video_f1": {
            "cholec80_video41": 65.5788214329181,
            "cholec80_video43": 54.086210041435315,
            "cholec80_video44": 66.60620282439382,
            "cholec80_video45": 70.21069879880115,
            "cholec80_video46": 69.63348000406751,
            "cholec80_video47": 54.24705488761198,
            "cholec80_video48": 50.84607007099123
        },
        "Per_video_f1_EMA": {
            "cholec80_video41": 70.03412592891529,
            "cholec80_video43": 68.5229470643003,
            "cholec80_video44": 72.25241088289923,
            "cholec80_video45": 77.78116208192752,
            "cholec80_video46": 70.43018902040028,
            "cholec80_video47": 65.99805693299506,
            "cholec80_video48": 63.885453862033756
        }
    },
    "Endoscapes": {
        "mAP": 38.45501857474362,
        "mAP_EMA": 47.09282862615979,
        "mAP_per_class": {
            "C0": 35.21373464403796,
            "C1": 38.13648689105082,
            "C2": 42.01483418914207
        },
        "mAP_per_class_EMA": {
            "C0": 44.45157413729524,
            "C1": 49.96234479888893,
            "C2": 46.86456694229521
        }
    },
    "CholecT50": {
        "AP": {
            "AP_i": 78.12760242532288,
            "AP_v": 54.68029540196481,
            "AP_t": 41.886315518628685,
            "AP_iv": 34.53041188710371,
            "AP_it": 34.619422467873264,
            "AP_ivt": 28.690658433923126
        },
        "AP_EMA": {
            "AP_i": 85.13527971612378,
            "AP_v": 62.04947537287963,
            "AP_t": 45.00621109128521,
            "AP_iv": 39.73354994604015,
            "AP_it": 40.24871474120268,
            "AP_ivt": 34.8361169132142
        }
    }
}