{
    "Test": false,
    "Cholec80": {
        "F1_score": 66.37935753277293,
        "F1_score_EMA": 72.38313843927428,
        "Per_video_f1": {
            "cholec80_video41": 65.29259559588016,
            "cholec80_video43": 62.92526895474292,
            "cholec80_video44": 72.21421472169959,
            "cholec80_video45": 77.41709795237445,
            "cholec80_video46": 67.04002466938208,
            "cholec80_video47": 54.82344800056279,
            "cholec80_video48": 64.94285283476854
        },
        "Per_video_f1_EMA": {
            "cholec80_video41": 70.34803196024185,
            "cholec80_video43": 61.147878437591544,
            "cholec80_video44": 79.58786050158302,
            "cholec80_video45": 83.86231263292787,
            "cholec80_video46": 72.92531956525634,
            "cholec80_video47": 65.84847091499991,
            "cholec80_video48": 72.9620950623194
        }
    },
    "Endoscapes": {
        "mAP": 31.980652160956044,
        "mAP_EMA": 35.26788882003442,
        "mAP_per_class": {
            "C0": 37.20118726325546,
            "C1": 29.518806358638383,
            "C2": 29.221962860974287
        },
        "mAP_per_class_EMA": {
            "C0": 36.14108893190961,
            "C1": 33.35040378099379,
            "C2": 36.312173747199864
        }
    },
    "CholecT50": {
        "AP": {
            "AP_i": 80.69751661742937,
            "AP_v": 54.96685081533191,
            "AP_t": 39.01061877840339,
            "AP_iv": 33.446857041540206,
            "AP_it": 32.44463895589081,
            "AP_ivt": 27.26771834044212
        },
        "AP_EMA": {
            "AP_i": 83.74058549940577,
            "AP_v": 60.17823261335853,
            "AP_t": 43.70319345174882,
            "AP_iv": 37.578344146434674,
            "AP_it": 38.57748850107066,
            "AP_ivt": 32.572204865507366
        }
    }
}