{
    "Test": false,
    "Cholec80": {
        "F1_score": 61.18710330674157,
        "F1_score_EMA": 69.66486384378922,
        "Per_video_f1": {
            "cholec80_video41": 60.76301122845449,
            "cholec80_video43": 64.10546729429615,
            "cholec80_video44": 67.56117602148161,
            "cholec80_video45": 73.70119050423749,
            "cholec80_video46": 63.08468727546632,
            "cholec80_video47": 52.47837395385909,
            "cholec80_video48": 46.61581686939583
        },
        "Per_video_f1_EMA": {
            "cholec80_video41": 69.50773115465333,
            "cholec80_video43": 68.35666566433376,
            "cholec80_video44": 71.14942868122934,
            "cholec80_video45": 76.14173872074349,
            "cholec80_video46": 70.51696493150124,
            "cholec80_video47": 65.86176657358153,
            "cholec80_video48": 66.11975118048183
        }
    },
    "Endoscapes": {
        "mAP": 38.93386817749762,
        "mAP_EMA": 47.26822219044957,
        "mAP_per_class": {
            "C0": 40.38569037864433,
            "C1": 39.80170389529592,
            "C2": 36.61421025855262
        },
        "mAP_per_class_EMA": {
            "C0": 43.87815194163328,
            "C1": 49.4352561957981,
            "C2": 48.49125843391733
        }
    },
    "CholecT50": {
        "AP": {
            "AP_i": 80.53310391081976,
            "AP_v": 59.23121434026835,
            "AP_t": 41.236101957012615,
            "AP_iv": 37.33261332103134,
            "AP_it": 35.62910112509636,
            "AP_ivt": 30.521018454222936
        },
        "AP_EMA": {
            "AP_i": 84.95019992567006,
            "AP_v": 61.023668990560125,
            "AP_t": 44.94832417210354,
            "AP_iv": 39.05612875908408,
            "AP_it": 40.07538497268197,
            "AP_ivt": 34.40740056005442
        }
    }
}