{
    "Test": false,
    "Cholec80": {
        "F1_score": 64.29597322248623,
        "F1_score_EMA": 66.8208378231962,
        "Per_video_f1": {
            "cholec80_video41": 66.35888987667025,
            "cholec80_video43": 56.631030187527806,
            "cholec80_video44": 68.13343323347476,
            "cholec80_video45": 76.06724332061575,
            "cholec80_video46": 66.89904537207265,
            "cholec80_video47": 58.86929361666161,
            "cholec80_video48": 57.11287695038073
        },
        "Per_video_f1_EMA": {
            "cholec80_video41": 68.41946130725874,
            "cholec80_video43": 68.09941099531862,
            "cholec80_video44": 66.58921434482433,
            "cholec80_video45": 68.849277262067,
            "cholec80_video46": 62.92689964131666,
            "cholec80_video47": 66.90293906483035,
            "cholec80_video48": 65.95866214675766
        }
    },
    "Endoscapes": {
        "mAP": 45.70014135074748,
        "mAP_EMA": 44.81410395757716,
        "mAP_per_class": {
            "C0": 43.81473143725829,
            "C1": 45.210638327163736,
            "C2": 48.07505428782041
        },
        "mAP_per_class_EMA": {
            "C0": 38.942151713731086,
            "C1": 44.99717611799318,
            "C2": 50.502984041007224
        }
    },
    "CholecT50": {
        "AP": {
            "AP_i": 77.727192029338,
            "AP_v": 54.66736451415757,
            "AP_t": 38.542790189116616,
            "AP_iv": 34.19594330260336,
            "AP_it": 32.86624241873621,
            "AP_ivt": 28.15725149687396
        },
        "AP_EMA": {
            "AP_i": 77.8102404456463,
            "AP_v": 54.82680096759858,
            "AP_t": 40.85724506625082,
            "AP_iv": 34.08003584133609,
            "AP_it": 36.889881050687265,
            "AP_ivt": 30.490300159997272
        }
    }
}