{
    "Test": false,
    "Cholec80": {
        "F1_score": 66.40977747220654,
        "F1_score_EMA": 66.1876332351027,
        "Per_video_f1": {
            "cholec80_video41": 66.84291399258623,
            "cholec80_video43": 59.89424947313483,
            "cholec80_video44": 74.96376308400849,
            "cholec80_video45": 72.02723835786514,
            "cholec80_video46": 63.4681156927279,
            "cholec80_video47": 57.213672157251715,
            "cholec80_video48": 70.45848954787147
        },
        "Per_video_f1_EMA": {
            "cholec80_video41": 71.06663304061297,
            "cholec80_video43": 53.54832782774048,
            "cholec80_video44": 68.26102261127873,
            "cholec80_video45": 75.14282617853586,
            "cholec80_video46": 65.78796561734312,
            "cholec80_video47": 62.65771973765705,
            "cholec80_video48": 66.84893763255063
        }
    },
    "Endoscapes": {
        "mAP": 32.79020325997832,
        "mAP_EMA": 34.67582543242254,
        "mAP_per_class": {
            "C0": 36.56075228497241,
            "C1": 29.56692744358349,
            "C2": 32.242930051379055
        },
        "mAP_per_class_EMA": {
            "C0": 32.90620911234735,
            "C1": 30.50130144702465,
            "C2": 40.61996573789563
        }
    },
    "CholecT50": {
        "AP": {
            "AP_i": 81.94019636938502,
            "AP_v": 58.49377227042852,
            "AP_t": 41.49916841890218,
            "AP_iv": 35.4271626646077,
            "AP_it": 36.452666555774584,
            "AP_ivt": 30.334781690884423
        },
        "AP_EMA": {
            "AP_i": 76.09215216396922,
            "AP_v": 51.665300870281854,
            "AP_t": 40.07992430450019,
            "AP_iv": 32.4808954843034,
            "AP_it": 34.95756895809107,
            "AP_ivt": 29.964147064713213
        }
    }
}