{
    "Test": false,
    "Cholec80": {
        "F1_score": 55.94037443684036,
        "F1_score_EMA": 68.62754863932474,
        "Per_video_f1": {
            "cholec80_video41": 62.34231392014831,
            "cholec80_video43": 46.54878388741012,
            "cholec80_video44": 68.64156255003124,
            "cholec80_video45": 69.16868858369718,
            "cholec80_video46": 63.23929087459813,
            "cholec80_video47": 39.7445781395854,
            "cholec80_video48": 41.89740310241213
        },
        "Per_video_f1_EMA": {
            "cholec80_video41": 67.49220156746298,
            "cholec80_video43": 65.08561847967084,
            "cholec80_video44": 74.17400455028668,
            "cholec80_video45": 79.08695615084773,
            "cholec80_video46": 72.23494684052092,
            "cholec80_video47": 60.84849361755834,
            "cholec80_video48": 61.47061926892567
        }
    },
    "Endoscapes": {
        "mAP": 31.989659441214297,
        "mAP_EMA": 41.42895093975442,
        "mAP_per_class": {
            "C0": 35.97051796133671,
            "C1": 32.568539564694966,
            "C2": 27.429920797611214
        },
        "mAP_per_class_EMA": {
            "C0": 43.45092636111287,
            "C1": 40.869729937884685,
            "C2": 39.96619652026571
        }
    },
    "CholecT50": {
        "AP": {
            "AP_i": 75.44357399663045,
            "AP_v": 55.73927795234407,
            "AP_t": 37.62905804815274,
            "AP_iv": 32.99177355939021,
            "AP_it": 28.300168466954403,
            "AP_ivt": 24.1970746633962
        },
        "AP_EMA": {
            "AP_i": 80.99755437191101,
            "AP_v": 59.64085335700272,
            "AP_t": 41.52003868416041,
            "AP_iv": 37.324604914528344,
            "AP_it": 36.58863825386766,
            "AP_ivt": 32.6925371294335
        }
    }
}