{
    "Test": false,
    "Cholec80": {
        "F1_score": 69.7154624028309,
        "F1_score_EMA": 73.5628437061995,
        "Per_video_f1": {
            "cholec80_video41": 68.53368402540471,
            "cholec80_video43": 67.64638743782305,
            "cholec80_video44": 70.21552016958654,
            "cholec80_video45": 77.17382287004853,
            "cholec80_video46": 74.8024445184286,
            "cholec80_video47": 62.15973732926783,
            "cholec80_video48": 67.47664046925699
        },
        "Per_video_f1_EMA": {
            "cholec80_video41": 67.9659780712029,
            "cholec80_video43": 72.83499051541783,
            "cholec80_video44": 76.02126689284815,
            "cholec80_video45": 77.34223920623607,
            "cholec80_video46": 77.20741392697738,
            "cholec80_video47": 67.66097998986075,
            "cholec80_video48": 75.90703734085348
        }
    },
    "Endoscapes": {
        "mAP": 36.154788806176725,
        "mAP_EMA": 39.401889621860114,
        "mAP_per_class": {
            "C0": 43.92611838381286,
            "C1": 37.01850007499436,
            "C2": 27.519747959722952
        },
        "mAP_per_class_EMA": {
            "C0": 41.40002423502992,
            "C1": 47.16055920521567,
            "C2": 29.64508542533475
        }
    },
    "CholecT50": {
        "AP": {
            "AP_i": 68.91379569064439,
            "AP_v": 47.422492693251726,
            "AP_t": 36.257493602642384,
            "AP_iv": 31.09036706955094,
            "AP_it": 30.571215973844474,
            "AP_ivt": 24.673579741456123
        },
        "AP_EMA": {
            "AP_i": 72.58120274073066,
            "AP_v": 51.75026922916864,
            "AP_t": 38.92030712629769,
            "AP_iv": 33.728792261633835,
            "AP_it": 34.149594283774526,
            "AP_ivt": 28.29735778062947
        }
    }
}