{
    "Test": true,
    "Cholec80": {
        "F1_score": 62.716504330284614,
        "F1_score_EMA": null,
        "Per_video_f1": {
            "cholec80_video51": 70.88898881445714,
            "cholec80_video53": 66.6849142251659,
            "cholec80_video54": 59.86598936406907,
            "cholec80_video55": 76.24696962276465,
            "cholec80_video58": 42.625068768961114,
            "cholec80_video59": 66.75278815852532,
            "cholec80_video61": 51.21699677209733,
            "cholec80_video63": 49.283351962128016,
            "cholec80_video64": 62.366406726657864,
            "cholec80_video69": 81.25469322858625,
            "cholec80_video73": 78.45943375618913,
            "cholec80_video74": 59.188535479061656,
            "cholec80_video76": 57.056973860690086,
            "cholec80_video77": 76.91353905609347,
            "cholec80_video80": 41.94291515882222
        },
        "Per_video_f1_EMA": null
    },
    "Endoscapes": {
        "mAP": 43.64117389726032,
        "mAP_EMA": null,
        "mAP_per_class": {
            "C0": 42.76959880054329,
            "C1": 36.654798452776305,
            "C2": 51.499124438461365
        },
        "mAP_per_class_EMA": null
    },
    "CholecT50": {
        "AP": {
            "AP_i": 75.32949225666185,
            "AP_v": 52.052002739541194,
            "AP_t": 38.46034253139228,
            "AP_iv": 30.92431486617464,
            "AP_it": 29.231234816379335,
            "AP_ivt": 23.471240683732923
        },
        "AP_EMA": null
    }
}