{
    "Test": false,
    "Cholec80": {
        "F1_score": 66.1458967952059,
        "F1_score_EMA": 73.577255712412,
        "Per_video_f1": {
            "cholec80_video41": 61.20951468756173,
            "cholec80_video43": 66.64944893593592,
            "cholec80_video44": 63.61522056873189,
            "cholec80_video45": 72.92616727056553,
            "cholec80_video46": 73.00007690163822,
            "cholec80_video47": 55.45422990580339,
            "cholec80_video48": 70.16661929620464
        },
        "Per_video_f1_EMA": {
            "cholec80_video41": 68.46853553588062,
            "cholec80_video43": 72.5442258301329,
            "cholec80_video44": 76.18912447354343,
            "cholec80_video45": 77.32334211487817,
            "cholec80_video46": 77.35473386430047,
            "cholec80_video47": 67.43936159282147,
            "cholec80_video48": 75.72146657532687
        }
    },
    "Endoscapes": {
        "mAP": 36.082984412078446,
        "mAP_EMA": 38.89149193457429,
        "mAP_per_class": {
            "C0": 36.91494768914085,
            "C1": 39.73143182535858,
            "C2": 31.60257372173591
        },
        "mAP_per_class_EMA": {
            "C0": 41.20663839120132,
            "C1": 45.84514461559416,
            "C2": 29.622692796927396
        }
    },
    "CholecT50": {
        "AP": {
            "AP_i": 73.8752797567319,
            "AP_v": 53.344286871523934,
            "AP_t": 36.41229331591032,
            "AP_iv": 34.27501314411808,
            "AP_it": 30.819117863274982,
            "AP_ivt": 26.22388981242127
        },
        "AP_EMA": {
            "AP_i": 72.2696755047074,
            "AP_v": 51.12498067422874,
            "AP_t": 38.52588244533108,
            "AP_iv": 33.622787262608654,
            "AP_it": 33.76190103692314,
            "AP_ivt": 27.993512351655507
        }
    }
}