{
    "Test": false,
    "Cholec80": {
        "F1_score": 67.52812074212274,
        "F1_score_EMA": 71.43761119166506,
        "Per_video_f1": {
            "cholec80_video41": 61.890022813744416,
            "cholec80_video43": 66.64716577237152,
            "cholec80_video44": 70.35406912505098,
            "cholec80_video45": 67.76530919905088,
            "cholec80_video46": 73.16817783320461,
            "cholec80_video47": 64.64462957101115,
            "cholec80_video48": 68.2274708804256
        },
        "Per_video_f1_EMA": {
            "cholec80_video41": 63.06296441157132,
            "cholec80_video43": 75.82024402554035,
            "cholec80_video44": 72.51392979269822,
            "cholec80_video45": 69.91199209829591,
            "cholec80_video46": 73.99201498962255,
            "cholec80_video47": 69.1498185664142,
            "cholec80_video48": 75.61231445751287
        }
    },
    "Endoscapes": {
        "mAP": 44.27101723792809,
        "mAP_EMA": 45.71371820605559,
        "mAP_per_class": {
            "C0": 45.631935096233846,
            "C1": 49.110577285514104,
            "C2": 38.070539332036326
        },
        "mAP_per_class_EMA": {
            "C0": 41.7510808652615,
            "C1": 49.49277701728967,
            "C2": 45.89729673561559
        }
    },
    "CholecT50": {
        "AP": {
            "AP_i": 79.23645402743395,
            "AP_v": 59.08519763821427,
            "AP_t": 41.98892950545387,
            "AP_iv": 37.65850832913598,
            "AP_it": 38.19112192501607,
            "AP_ivt": 31.57814713675775
        },
        "AP_EMA": {
            "AP_i": 74.89318966004969,
            "AP_v": 53.56071707627386,
            "AP_t": 42.84946214889752,
            "AP_iv": 34.56532557251517,
            "AP_it": 37.24975384405408,
            "AP_ivt": 32.71723275041943
        }
    }
}