{
    "Test": false,
    "Cholec80": {
        "F1_score": 68.97332633124715,
        "F1_score_EMA": 73.78414621314408,
        "Per_video_f1": {
            "cholec80_video41": 63.17710905619506,
            "cholec80_video43": 67.33054750372209,
            "cholec80_video44": 73.45718677934124,
            "cholec80_video45": 69.76886406791716,
            "cholec80_video46": 69.41062154038386,
            "cholec80_video47": 68.5198920062165,
            "cholec80_video48": 71.14906336495412
        },
        "Per_video_f1_EMA": {
            "cholec80_video41": 68.16306355454262,
            "cholec80_video43": 73.92947697137258,
            "cholec80_video44": 77.18068878933506,
            "cholec80_video45": 75.88439555968796,
            "cholec80_video46": 77.61782966000185,
            "cholec80_video47": 69.27958886549703,
            "cholec80_video48": 74.43398009157151
        }
    },
    "Endoscapes": {
        "mAP": 39.25388288468436,
        "mAP_EMA": 44.85832210668585,
        "mAP_per_class": {
            "C0": 45.91772779431541,
            "C1": 42.46835052786936,
            "C2": 29.375570331868296
        },
        "mAP_per_class_EMA": {
            "C0": 43.38068783318728,
            "C1": 53.54232695922862,
            "C2": 37.65195152764165
        }
    },
    "CholecT50": {
        "AP": {
            "AP_i": 70.6376179977116,
            "AP_v": 52.04173552751921,
            "AP_t": 36.35830626743819,
            "AP_iv": 33.31779576079581,
            "AP_it": 30.46186589771532,
            "AP_ivt": 26.0669892280446
        },
        "AP_EMA": {
            "AP_i": 76.9169046522753,
            "AP_v": 57.904157723133096,
            "AP_t": 42.58703068652486,
            "AP_iv": 37.216370645293516,
            "AP_it": 37.185818853987854,
            "AP_ivt": 31.450717698729424
        }
    }
}