{
    "Test": false,
    "Cholec80": {
        "F1_score": 70.98977438178582,
        "F1_score_EMA": 72.7162812214163,
        "Per_video_f1": {
            "cholec80_video41": 68.19952793178223,
            "cholec80_video43": 69.89682609697222,
            "cholec80_video44": 67.79710613644097,
            "cholec80_video45": 77.99068415893284,
            "cholec80_video46": 75.97994508795372,
            "cholec80_video47": 64.40885915214221,
            "cholec80_video48": 72.65547210827657
        },
        "Per_video_f1_EMA": {
            "cholec80_video41": 65.57439069112333,
            "cholec80_video43": 75.27232145939156,
            "cholec80_video44": 74.27378629592921,
            "cholec80_video45": 72.41368889627672,
            "cholec80_video46": 75.47061786316955,
            "cholec80_video47": 70.14577867012999,
            "cholec80_video48": 75.86338467389375
        }
    },
    "Endoscapes": {
        "mAP": 42.31095289195759,
        "mAP_EMA": 46.2577221687666,
        "mAP_per_class": {
            "C0": 40.05886849841199,
            "C1": 52.21132923405111,
            "C2": 34.662660943409676
        },
        "mAP_per_class_EMA": {
            "C0": 42.80577306417093,
            "C1": 52.14776287156848,
            "C2": 43.81963057056038
        }
    },
    "CholecT50": {
        "AP": {
            "AP_i": 80.86978389135203,
            "AP_v": 58.42340100307773,
            "AP_t": 40.32970906138086,
            "AP_iv": 37.10126760014345,
            "AP_it": 36.43203211965886,
            "AP_ivt": 29.98318333957945
        },
        "AP_EMA": {
            "AP_i": 77.21161254928121,
            "AP_v": 55.748447981804006,
            "AP_t": 43.58595051799697,
            "AP_iv": 35.96710540981077,
            "AP_it": 37.78116455382861,
            "AP_ivt": 32.510726855970844
        }
    }
}