{
    "Test": false,
    "Cholec80": {
        "F1_score": 68.3292772542,
        "F1_score_EMA": 69.30924313051841,
        "Per_video_f1": {
            "cholec80_video41": 66.7290163031857,
            "cholec80_video43": 57.82286359009973,
            "cholec80_video44": 72.93349125846879,
            "cholec80_video45": 75.34873813896834,
            "cholec80_video46": 67.8119208528701,
            "cholec80_video47": 64.84902331544403,
            "cholec80_video48": 72.80988732036322
        },
        "Per_video_f1_EMA": {
            "cholec80_video41": 69.12494638204406,
            "cholec80_video43": 63.746386125170595,
            "cholec80_video44": 71.18051274830664,
            "cholec80_video45": 70.62930575935658,
            "cholec80_video46": 70.41333655309982,
            "cholec80_video47": 67.42883484981432,
            "cholec80_video48": 72.64137949583687
        }
    },
    "Endoscapes": {
        "mAP": 33.70990943153406,
        "mAP_EMA": 38.97624762777563,
        "mAP_per_class": {
            "C0": 36.96577269186514,
            "C1": 30.678757886593257,
            "C2": 33.48519771614377
        },
        "mAP_per_class_EMA": {
            "C0": 36.86713505563289,
            "C1": 38.586923742563556,
            "C2": 41.47468408513044
        }
    },
    "CholecT50": {
        "AP": {
            "AP_i": 73.110691102217,
            "AP_v": 53.016048290426816,
            "AP_t": 37.504900047739994,
            "AP_iv": 33.21534083305679,
            "AP_it": 31.421554103520933,
            "AP_ivt": 27.207964190674474
        },
        "AP_EMA": {
            "AP_i": 78.45097113827126,
            "AP_v": 57.74468573029403,
            "AP_t": 40.90540746984467,
            "AP_iv": 36.33149168758099,
            "AP_it": 35.41064206389875,
            "AP_ivt": 30.83081376967237
        }
    }
}