{
    "Test": false,
    "Cholec80": {
        "F1_score": 59.618913390282195,
        "F1_score_EMA": 68.5620618115789,
        "Per_video_f1": {
            "cholec80_video41": 67.05696673989019,
            "cholec80_video43": 50.033106394366044,
            "cholec80_video44": 63.26792026368978,
            "cholec80_video45": 64.31446061611553,
            "cholec80_video46": 59.32850080587829,
            "cholec80_video47": 57.252091442434235,
            "cholec80_video48": 56.0793474696013
        },
        "Per_video_f1_EMA": {
            "cholec80_video41": 68.52145033243474,
            "cholec80_video43": 62.78816852506777,
            "cholec80_video44": 70.29533547583871,
            "cholec80_video45": 69.05530258996222,
            "cholec80_video46": 69.21287438779471,
            "cholec80_video47": 67.36960723121666,
            "cholec80_video48": 72.69169413873746
        }
    },
    "Endoscapes": {
        "mAP": 36.91741931636371,
        "mAP_EMA": 39.43342908891325,
        "mAP_per_class": {
            "C0": 39.537175377498926,
            "C1": 34.385982573555815,
            "C2": 36.829099998036405
        },
        "mAP_per_class_EMA": {
            "C0": 37.18843087889525,
            "C1": 38.61739455532169,
            "C2": 42.49446183252281
        }
    },
    "CholecT50": {
        "AP": {
            "AP_i": 78.22555403350297,
            "AP_v": 55.0728408431375,
            "AP_t": 38.928446967142726,
            "AP_iv": 34.45401191526827,
            "AP_it": 33.392139512043876,
            "AP_ivt": 29.322736298319622
        },
        "AP_EMA": {
            "AP_i": 78.99416930064878,
            "AP_v": 58.285835474113426,
            "AP_t": 41.03075325558109,
            "AP_iv": 36.92952893869948,
            "AP_it": 35.76804253808898,
            "AP_ivt": 31.779391405100192
        }
    }
}