{
    "Test": false,
    "Cholec80": {
        "F1_score": 65.0644105529845,
        "F1_score_EMA": 49.98083244402879,
        "Per_video_f1": {
            "cholec80_video41": 66.7051658112243,
            "cholec80_video43": 61.19810359322872,
            "cholec80_video44": 58.32394468380464,
            "cholec80_video45": 67.53492027368642,
            "cholec80_video46": 73.72099000811156,
            "cholec80_video47": 60.224400044453134,
            "cholec80_video48": 67.74334945638275
        },
        "Per_video_f1_EMA": {
            "cholec80_video41": 51.97561479449264,
            "cholec80_video43": 58.321654812173726,
            "cholec80_video44": 40.96683211144284,
            "cholec80_video45": 43.5614435909537,
            "cholec80_video46": 54.55683537726792,
            "cholec80_video47": 51.03721193693157,
            "cholec80_video48": 49.44623448493913
        }
    },
    "Endoscapes": {
        "mAP": 39.96223235121772,
        "mAP_EMA": 25.15683055613502,
        "mAP_per_class": {
            "C0": 35.255384913626195,
            "C1": 41.182542393364436,
            "C2": 43.44876974666253
        },
        "mAP_per_class_EMA": {
            "C0": 22.8432898588321,
            "C1": 22.33714946885784,
            "C2": 30.290052340715114
        }
    },
    "CholecT50": {
        "AP": {
            "AP_i": 77.9482173049587,
            "AP_v": 55.50129249831609,
            "AP_t": 39.7176506665782,
            "AP_iv": 35.89808414181348,
            "AP_it": 34.241940827346674,
            "AP_ivt": 29.54279895183363
        },
        "AP_EMA": {
            "AP_i": 58.240334225800986,
            "AP_v": 39.69332673716713,
            "AP_t": 29.253644019615027,
            "AP_iv": 22.788954122908095,
            "AP_it": 22.70411857027603,
            "AP_ivt": 19.55258237559532
        }
    }
}