{
    "Test": false,
    "Cholec80": {
        "F1_score": 69.3822266041574,
        "F1_score_EMA": 52.04047917216778,
        "Per_video_f1": {
            "cholec80_video41": 64.12204797049935,
            "cholec80_video43": 67.27825790705407,
            "cholec80_video44": 78.54658106587841,
            "cholec80_video45": 72.09509243504799,
            "cholec80_video46": 71.82424760611661,
            "cholec80_video47": 58.197025656801415,
            "cholec80_video48": 73.61233358770393
        },
        "Per_video_f1_EMA": {
            "cholec80_video41": 50.05609898867925,
            "cholec80_video43": 53.02299833706064,
            "cholec80_video44": 48.31557785484939,
            "cholec80_video45": 53.1866333105098,
            "cholec80_video46": 56.804313179143705,
            "cholec80_video47": 50.73948303696297,
            "cholec80_video48": 52.15824949796869
        }
    },
    "Endoscapes": {
        "mAP": 48.52928934785704,
        "mAP_EMA": 16.431458127564333,
        "mAP_per_class": {
            "C0": 53.162698417402645,
            "C1": 46.53994569569154,
            "C2": 45.885223930476926
        },
        "mAP_per_class_EMA": {
            "C0": 16.136281367996176,
            "C1": 13.444121846213744,
            "C2": 19.71397116848308
        }
    },
    "CholecT50": {
        "AP": {
            "AP_i": 88.20504838115482,
            "AP_v": 63.82863873860381,
            "AP_t": 43.254174219919754,
            "AP_iv": 41.859968908086536,
            "AP_it": 38.78308803272856,
            "AP_ivt": 34.31549587504235
        },
        "AP_EMA": {
            "AP_i": 57.50194227957365,
            "AP_v": 44.26815802721272,
            "AP_t": 29.156815612047897,
            "AP_iv": 27.25315701839006,
            "AP_it": 22.250628589165004,
            "AP_ivt": 18.879034236766906
        }
    }
}