{
    "Test": false,
    "Cholec80": {
        "F1_score": 69.84235294671039,
        "F1_score_EMA": 73.58784683562828,
        "Per_video_f1": {
            "cholec80_video41": 67.57285728503732,
            "cholec80_video43": 66.97054424404688,
            "cholec80_video44": 77.65310829468908,
            "cholec80_video45": 76.3379008004019,
            "cholec80_video46": 66.34091982257668,
            "cholec80_video47": 59.50383968378051,
            "cholec80_video48": 74.51730049644037
        },
        "Per_video_f1_EMA": {
            "cholec80_video41": 69.34219050132364,
            "cholec80_video43": 71.9593913522929,
            "cholec80_video44": 82.46892783105854,
            "cholec80_video45": 82.82496043900885,
            "cholec80_video46": 71.70386408704516,
            "cholec80_video47": 62.66211884275925,
            "cholec80_video48": 74.1534747959096
        }
    },
    "Endoscapes": {
        "mAP": 37.20591787284048,
        "mAP_EMA": 45.29037856675334,
        "mAP_per_class": {
            "C0": 48.97061202622517,
            "C1": 33.47052489525666,
            "C2": 29.176616697039613
        },
        "mAP_per_class_EMA": {
            "C0": 49.56881910748644,
            "C1": 43.295173761193496,
            "C2": 43.00714283158009
        }
    },
    "CholecT50": {
        "AP": {
            "AP_i": 88.062606314279,
            "AP_v": 61.58145359428512,
            "AP_t": 40.06481314429524,
            "AP_iv": 40.634079506766945,
            "AP_it": 38.88738136997294,
            "AP_ivt": 34.348025066976454
        },
        "AP_EMA": {
            "AP_i": 90.03898148189909,
            "AP_v": 67.75954284783867,
            "AP_t": 44.78859576843801,
            "AP_iv": 44.73162821684641,
            "AP_it": 43.390624647190116,
            "AP_ivt": 38.09926719970536
        }
    }
}