{
    "Test": false,
    "Cholec80": {
        "F1_score": 69.7862716974059,
        "F1_score_EMA": 12.048720650601506,
        "Per_video_f1": {
            "cholec80_video41": 61.750852101826425,
            "cholec80_video43": 71.34469058760271,
            "cholec80_video44": 79.73584220841252,
            "cholec80_video45": 78.62796871840672,
            "cholec80_video46": 65.72369501205586,
            "cholec80_video47": 60.64291326751523,
            "cholec80_video48": 70.67793998602181
        },
        "Per_video_f1_EMA": {
            "cholec80_video41": 10.542585552468797,
            "cholec80_video43": 11.85575268395674,
            "cholec80_video44": 13.376642064412419,
            "cholec80_video45": 10.247005015931201,
            "cholec80_video46": 15.696455004628737,
            "cholec80_video47": 8.156261903216128,
            "cholec80_video48": 14.466342329596523
        }
    },
    "Endoscapes": {
        "mAP": 44.99737546479427,
        "mAP_EMA": 13.257186369634391,
        "mAP_per_class": {
            "C0": 43.650546223545724,
            "C1": 45.35984004321861,
            "C2": 45.98174012761847
        },
        "mAP_per_class_EMA": {
            "C0": 15.178106404412834,
            "C1": 10.788037311542759,
            "C2": 13.805415392947584
        }
    },
    "CholecT50": {
        "AP": {
            "AP_i": 88.18357693455944,
            "AP_v": 63.85390156497065,
            "AP_t": 44.79108958875219,
            "AP_iv": 39.844595609942246,
            "AP_it": 40.062481817661705,
            "AP_ivt": 34.98344158370175
        },
        "AP_EMA": {
            "AP_i": 25.076464624569258,
            "AP_v": 16.001590969924568,
            "AP_t": 12.524615971446698,
            "AP_iv": 9.042800111405027,
            "AP_it": 6.866545729026832,
            "AP_ivt": 5.526382466465721
        }
    }
}