{
    "Test": false,
    "Cholec80": {
        "F1_score": 67.13896342998741,
        "F1_score_EMA": 72.34977641556858,
        "Per_video_f1": {
            "cholec80_video41": 62.779314087033974,
            "cholec80_video43": 67.51807706007646,
            "cholec80_video44": 70.31558453028131,
            "cholec80_video45": 76.19747312480581,
            "cholec80_video46": 67.88590996651301,
            "cholec80_video47": 59.99043651275049,
            "cholec80_video48": 65.28594872845085
        },
        "Per_video_f1_EMA": {
            "cholec80_video41": 68.2978249920325,
            "cholec80_video43": 70.22556971034534,
            "cholec80_video44": 80.52032835650543,
            "cholec80_video45": 81.63542832354044,
            "cholec80_video46": 69.71524619975162,
            "cholec80_video47": 61.642914443151774,
            "cholec80_video48": 74.41112288365295
        }
    },
    "Endoscapes": {
        "mAP": 42.28355426507684,
        "mAP_EMA": 46.10448621242273,
        "mAP_per_class": {
            "C0": 42.55264904343364,
            "C1": 45.02090131187629,
            "C2": 39.27711243992058
        },
        "mAP_per_class_EMA": {
            "C0": 48.909867858739,
            "C1": 43.741960190488214,
            "C2": 45.66163058804098
        }
    },
    "CholecT50": {
        "AP": {
            "AP_i": 84.70491517037,
            "AP_v": 64.64767322662762,
            "AP_t": 42.867740470181175,
            "AP_iv": 40.95053041726246,
            "AP_it": 40.36960477222661,
            "AP_ivt": 34.31007243035651
        },
        "AP_EMA": {
            "AP_i": 88.10041473184339,
            "AP_v": 67.43945944472429,
            "AP_t": 44.4382619531402,
            "AP_iv": 44.00576354556294,
            "AP_it": 41.84308872874169,
            "AP_ivt": 37.17096767072308
        }
    }
}