{
    "Test": false,
    "Cholec80": {
        "F1_score": 68.89145139721022,
        "F1_score_EMA": 68.88348172730998,
        "Per_video_f1": {
            "cholec80_video41": 67.62169342489554,
            "cholec80_video43": 57.99990827361995,
            "cholec80_video44": 80.6169863906984,
            "cholec80_video45": 65.52769215338212,
            "cholec80_video46": 76.35855264465343,
            "cholec80_video47": 60.52911733520608,
            "cholec80_video48": 73.58620955801605
        },
        "Per_video_f1_EMA": {
            "cholec80_video41": 65.10622147949744,
            "cholec80_video43": 59.73732370322911,
            "cholec80_video44": 78.99015871310475,
            "cholec80_video45": 69.32071702728753,
            "cholec80_video46": 71.8139000981474,
            "cholec80_video47": 64.70945951426499,
            "cholec80_video48": 72.5065915556387
        }
    },
    "Endoscapes": {
        "mAP": 31.680303368402516,
        "mAP_EMA": 37.26586184834217,
        "mAP_per_class": {
            "C0": 28.727259999042005,
            "C1": 31.25556005795267,
            "C2": 35.05809004821287
        },
        "mAP_per_class_EMA": {
            "C0": 33.09480858627168,
            "C1": 38.926006570020995,
            "C2": 39.77677038873384
        }
    },
    "CholecT50": {
        "AP": {
            "AP_i": 60.39573752069634,
            "AP_v": 42.820692809406324,
            "AP_t": 31.135402187578787,
            "AP_iv": 26.41346787077316,
            "AP_it": 25.194354266026064,
            "AP_ivt": 22.930385798007144
        },
        "AP_EMA": {
            "AP_i": 66.95507223642215,
            "AP_v": 46.20524442826765,
            "AP_t": 35.690134110943035,
            "AP_iv": 28.608258302132178,
            "AP_it": 29.859153699125617,
            "AP_ivt": 26.06995489895343
        }
    }
}