{
    "Test": false,
    "Cholec80": {
        "F1_score": 67.63226434750806,
        "F1_score_EMA": 68.78754385091042,
        "Per_video_f1": {
            "cholec80_video41": 65.19950147262257,
            "cholec80_video43": 56.08449522614875,
            "cholec80_video44": 79.29583966692564,
            "cholec80_video45": 63.34811457730722,
            "cholec80_video46": 76.27045985765074,
            "cholec80_video47": 60.20053836762914,
            "cholec80_video48": 73.02690126427234
        },
        "Per_video_f1_EMA": {
            "cholec80_video41": 65.97757396974531,
            "cholec80_video43": 57.67704400523045,
            "cholec80_video44": 79.71223368740692,
            "cholec80_video45": 65.93568959519963,
            "cholec80_video46": 75.78850695235315,
            "cholec80_video47": 62.40603609227312,
            "cholec80_video48": 74.01572265416442
        }
    },
    "Endoscapes": {
        "mAP": 34.07866336935172,
        "mAP_EMA": 32.79344118935725,
        "mAP_per_class": {
            "C0": 28.29699094134648,
            "C1": 34.45111391549634,
            "C2": 39.48788525121234
        },
        "mAP_per_class_EMA": {
            "C0": 28.13245455510474,
            "C1": 33.857688890443,
            "C2": 36.390180122524015
        }
    },
    "CholecT50": {
        "AP": {
            "AP_i": 56.828987859615694,
            "AP_v": 40.615599598496715,
            "AP_t": 28.809992863006826,
            "AP_iv": 26.197444220883977,
            "AP_it": 23.95467287161564,
            "AP_ivt": 21.357256908164608
        },
        "AP_EMA": {
            "AP_i": 62.09116660160172,
            "AP_v": 42.832696523623184,
            "AP_t": 31.08235285829499,
            "AP_iv": 27.90321262169233,
            "AP_it": 25.999660397225274,
            "AP_ivt": 23.275714764925013
        }
    }
}