{
    "Test": false,
    "Cholec80": {
        "F1_score": 68.31306062164794,
        "F1_score_EMA": 68.52378683500764,
        "Per_video_f1": {
            "cholec80_video41": 65.73252048900844,
            "cholec80_video43": 56.64373689063519,
            "cholec80_video44": 77.49904341658458,
            "cholec80_video45": 64.99740558134687,
            "cholec80_video46": 74.93690959673131,
            "cholec80_video47": 63.72005657320307,
            "cholec80_video48": 74.66175180402604
        },
        "Per_video_f1_EMA": {
            "cholec80_video41": 66.12586254058117,
            "cholec80_video43": 57.53259115831406,
            "cholec80_video44": 79.8084193431217,
            "cholec80_video45": 64.96419648948202,
            "cholec80_video46": 76.01200905994607,
            "cholec80_video47": 61.209820575459275,
            "cholec80_video48": 74.01360867814917
        }
    },
    "Endoscapes": {
        "mAP": 31.28217342078097,
        "mAP_EMA": 31.953150933421615,
        "mAP_per_class": {
            "C0": 27.922181021067978,
            "C1": 34.39691019025876,
            "C2": 31.52742905101618
        },
        "mAP_per_class_EMA": {
            "C0": 27.42827222954962,
            "C1": 32.88593187400451,
            "C2": 35.54524869671071
        }
    },
    "CholecT50": {
        "AP": {
            "AP_i": 55.81002208244755,
            "AP_v": 38.33472513699846,
            "AP_t": 27.648115602766854,
            "AP_iv": 23.84717872150846,
            "AP_it": 23.678131248841247,
            "AP_ivt": 19.901962632744446
        },
        "AP_EMA": {
            "AP_i": 60.17841245614259,
            "AP_v": 42.114011448479914,
            "AP_t": 29.896257707621302,
            "AP_iv": 27.354238097413162,
            "AP_it": 25.03289781012007,
            "AP_ivt": 22.06577412368983
        }
    }
}