{
    "Test": false,
    "Cholec80": {
        "F1_score": 67.75869622867364,
        "F1_score_EMA": 69.35491403131097,
        "Per_video_f1": {
            "cholec80_video41": 64.74674986071864,
            "cholec80_video43": 57.538265428284475,
            "cholec80_video44": 78.33638574101599,
            "cholec80_video45": 63.387255999921585,
            "cholec80_video46": 76.68841631480761,
            "cholec80_video47": 61.638018385837746,
            "cholec80_video48": 71.97578187012942
        },
        "Per_video_f1_EMA": {
            "cholec80_video41": 66.60065439590822,
            "cholec80_video43": 58.89304890479533,
            "cholec80_video44": 79.65207735821896,
            "cholec80_video45": 68.48324060295276,
            "cholec80_video46": 74.86531457764747,
            "cholec80_video47": 62.9910679129701,
            "cholec80_video48": 73.99899446668397
        }
    },
    "Endoscapes": {
        "mAP": 29.48169901115594,
        "mAP_EMA": 34.40171985288558,
        "mAP_per_class": {
            "C0": 25.962712015936717,
            "C1": 28.987977109192652,
            "C2": 33.494407908338445
        },
        "mAP_per_class_EMA": {
            "C0": 29.531439932105236,
            "C1": 36.112640864200515,
            "C2": 37.561078762350974
        }
    },
    "CholecT50": {
        "AP": {
            "AP_i": 61.909529294079995,
            "AP_v": 40.15453762519412,
            "AP_t": 29.45615522331195,
            "AP_iv": 25.847836476104895,
            "AP_it": 25.714113467275467,
            "AP_ivt": 21.82654237053971
        },
        "AP_EMA": {
            "AP_i": 66.2697529195013,
            "AP_v": 45.11951017999078,
            "AP_t": 33.49958374494312,
            "AP_iv": 28.561325737982457,
            "AP_it": 28.40643521759472,
            "AP_ivt": 24.377880323060996
        }
    }
}