{
    "Test": false,
    "Cholec80": {
        "F1_score": 69.46880045779011,
        "F1_score_EMA": 63.888071691963724,
        "Per_video_f1": {
            "cholec80_video41": 67.27149579563202,
            "cholec80_video43": 59.33632128117272,
            "cholec80_video44": 78.72069687928375,
            "cholec80_video45": 69.35725255970425,
            "cholec80_video46": 75.47929433631238,
            "cholec80_video47": 63.97582718978444,
            "cholec80_video48": 72.14071516264123
        },
        "Per_video_f1_EMA": {
            "cholec80_video41": 57.70950412076169,
            "cholec80_video43": 60.02716845579636,
            "cholec80_video44": 76.05005316364351,
            "cholec80_video45": 64.60996202653607,
            "cholec80_video46": 65.4805900192738,
            "cholec80_video47": 61.16025944476332,
            "cholec80_video48": 62.1789646129713
        }
    },
    "Endoscapes": {
        "mAP": 34.053976752268305,
        "mAP_EMA": 36.632739306728325,
        "mAP_per_class": {
            "C0": 30.561685735205184,
            "C1": 33.00021337589131,
            "C2": 38.600031145708414
        },
        "mAP_per_class_EMA": {
            "C0": 34.168516490109155,
            "C1": 37.24786625658735,
            "C2": 38.48183517348848
        }
    },
    "CholecT50": {
        "AP": {
            "AP_i": 64.36057415757476,
            "AP_v": 43.67738610210203,
            "AP_t": 32.93591554945148,
            "AP_iv": 27.150209179166733,
            "AP_it": 28.490203716026542,
            "AP_ivt": 24.804298612994724
        },
        "AP_EMA": {
            "AP_i": 61.36671601499876,
            "AP_v": 43.947950726148164,
            "AP_t": 34.001436417086126,
            "AP_iv": 26.82416279959661,
            "AP_it": 27.65925751029097,
            "AP_ivt": 23.561884105230202
        }
    }
}