{
    "Test": false,
    "Cholec80": {
        "F1_score": 69.2170355156882,
        "F1_score_EMA": 58.86664086128658,
        "Per_video_f1": {
            "cholec80_video41": 69.62542617832705,
            "cholec80_video43": 59.093152720975354,
            "cholec80_video44": 76.0712389608946,
            "cholec80_video45": 77.30815655288096,
            "cholec80_video46": 66.65816684436571,
            "cholec80_video47": 64.66344176303849,
            "cholec80_video48": 71.0996655893352
        },
        "Per_video_f1_EMA": {
            "cholec80_video41": 64.43442829039515,
            "cholec80_video43": 58.27109573888156,
            "cholec80_video44": 62.39774514780837,
            "cholec80_video45": 51.19942455636078,
            "cholec80_video46": 59.7337074848503,
            "cholec80_video47": 59.28707506126274,
            "cholec80_video48": 56.74300974944714
        }
    },
    "Endoscapes": {
        "mAP": 47.82830875805801,
        "mAP_EMA": 32.17972270184206,
        "mAP_per_class": {
            "C0": 51.79925171426102,
            "C1": 54.54695056805793,
            "C2": 37.13872399185508
        },
        "mAP_per_class_EMA": {
            "C0": 31.61403400330528,
            "C1": 32.35455154435319,
            "C2": 32.57058255786771
        }
    },
    "CholecT50": {
        "AP": {
            "AP_i": 79.44750301143031,
            "AP_v": 59.10419572552113,
            "AP_t": 38.242839780288655,
            "AP_iv": 36.81116372040282,
            "AP_it": 33.31074592275502,
            "AP_ivt": 29.057755152043537
        },
        "AP_EMA": {
            "AP_i": 71.22320931083965,
            "AP_v": 51.30800810385803,
            "AP_t": 36.28283003087243,
            "AP_iv": 32.24314321370286,
            "AP_it": 31.310725716607095,
            "AP_ivt": 27.45922275443784
        }
    }
}