{
    "Test": false,
    "Cholec80": {
        "F1_score": 69.75215660526996,
        "F1_score_EMA": 72.15524794461498,
        "Per_video_f1": {
            "cholec80_video41": 71.9433403474385,
            "cholec80_video43": 62.646826076078355,
            "cholec80_video44": 73.50311178487627,
            "cholec80_video45": 74.64558190902432,
            "cholec80_video46": 66.98159629464489,
            "cholec80_video47": 65.37862015384925,
            "cholec80_video48": 73.16601967097814
        },
        "Per_video_f1_EMA": {
            "cholec80_video41": 73.06785172560646,
            "cholec80_video43": 65.81358664472116,
            "cholec80_video44": 79.96887493288985,
            "cholec80_video45": 75.7525850770575,
            "cholec80_video46": 70.60648808729869,
            "cholec80_video47": 68.05817126013035,
            "cholec80_video48": 71.81917788460093
        }
    },
    "Endoscapes": {
        "mAP": 39.086449417088176,
        "mAP_EMA": 43.7494504711918,
        "mAP_per_class": {
            "C0": 34.07822336108832,
            "C1": 42.329084400809236,
            "C2": 40.85204048936698
        },
        "mAP_per_class_EMA": {
            "C0": 44.32248826840044,
            "C1": 51.726976871925366,
            "C2": 35.198886273249585
        }
    },
    "CholecT50": {
        "AP": {
            "AP_i": 74.59578621016622,
            "AP_v": 55.37788378518074,
            "AP_t": 39.07048452209433,
            "AP_iv": 33.14164222865886,
            "AP_it": 31.46853743959172,
            "AP_ivt": 27.894162555108903
        },
        "AP_EMA": {
            "AP_i": 80.41853772883626,
            "AP_v": 57.17763621895959,
            "AP_t": 39.9481155783158,
            "AP_iv": 35.964757669202896,
            "AP_it": 33.761550207748144,
            "AP_ivt": 29.05273370526421
        }
    }
}