{
    "Test": false,
    "Cholec80": {
        "F1_score": 75.55028514018241,
        "F1_score_EMA": 76.72715899666183,
        "Per_video_f1": {
            "cholec80_video41": 77.53515021362495,
            "cholec80_video43": 71.7828676690795,
            "cholec80_video44": 81.60772632899942,
            "cholec80_video45": 76.93626598980484,
            "cholec80_video46": 81.88771210198176,
            "cholec80_video47": 62.05284638538665,
            "cholec80_video48": 77.04942729239971
        },
        "Per_video_f1_EMA": {
            "cholec80_video41": 76.09868143344389,
            "cholec80_video43": 70.85449131786612,
            "cholec80_video44": 83.79085206133772,
            "cholec80_video45": 79.92715567565732,
            "cholec80_video46": 83.84792541843711,
            "cholec80_video47": 61.008860998310766,
            "cholec80_video48": 81.56214607157986
        }
    },
    "Endoscapes": {
        "mAP": 44.42247437133271,
        "mAP_EMA": 46.714982213668776,
        "mAP_per_class": {
            "C0": 47.32002955677722,
            "C1": 44.82558848842867,
            "C2": 41.12180506879224
        },
        "mAP_per_class_EMA": {
            "C0": 49.23526857325397,
            "C1": 45.31105110967968,
            "C2": 45.59862695807267
        }
    },
    "CholecT50": {
        "AP": {
            "AP_i": 87.0122724465249,
            "AP_v": 60.596544484299365,
            "AP_t": 42.79703399006113,
            "AP_iv": 39.359516664574606,
            "AP_it": 38.422703574063455,
            "AP_ivt": 32.062226267497394
        },
        "AP_EMA": {
            "AP_i": 93.22005086163792,
            "AP_v": 67.14825904130234,
            "AP_t": 50.87587334726239,
            "AP_iv": 44.31295859975666,
            "AP_it": 46.56910299192736,
            "AP_ivt": 40.19961559921671
        }
    }
}