{
    "Test": false,
    "Cholec80": {
        "F1_score": 77.24424086737555,
        "F1_score_EMA": 77.90352924797098,
        "Per_video_f1": {
            "cholec80_video41": 78.39720993096267,
            "cholec80_video43": 71.3117706028806,
            "cholec80_video44": 83.6393172573966,
            "cholec80_video45": 83.46018117008327,
            "cholec80_video46": 83.89272458427445,
            "cholec80_video47": 60.36816941496516,
            "cholec80_video48": 79.64031311106613
        },
        "Per_video_f1_EMA": {
            "cholec80_video41": 79.37405303106769,
            "cholec80_video43": 71.39509910691932,
            "cholec80_video44": 85.74439348739816,
            "cholec80_video45": 82.19725897723367,
            "cholec80_video46": 84.0221973940067,
            "cholec80_video47": 60.95456817483651,
            "cholec80_video48": 81.63713456433481
        }
    },
    "Endoscapes": {
        "mAP": 42.61700072828321,
        "mAP_EMA": 46.35471518159537,
        "mAP_per_class": {
            "C0": 42.53835187015172,
            "C1": 40.36668675692321,
            "C2": 44.945963557774704
        },
        "mAP_per_class_EMA": {
            "C0": 43.542980980366266,
            "C1": 45.9585209184328,
            "C2": 49.56264364598703
        }
    },
    "CholecT50": {
        "AP": {
            "AP_i": 87.76669118862793,
            "AP_v": 61.90922457522161,
            "AP_t": 44.61590123478666,
            "AP_iv": 40.070032316197064,
            "AP_it": 39.297225971799826,
            "AP_ivt": 33.23416475641927
        },
        "AP_EMA": {
            "AP_i": 90.93290610710397,
            "AP_v": 67.7203814796972,
            "AP_t": 47.75086893780146,
            "AP_iv": 46.28843823854513,
            "AP_it": 45.422041902990145,
            "AP_ivt": 40.50174198427362
        }
    }
}