{
    "Test": false,
    "Cholec80": {
        "F1_score": 78.70990032166634,
        "F1_score_EMA": 42.32999050631531,
        "Per_video_f1": {
            "cholec80_video41": 79.3914520181012,
            "cholec80_video43": 68.37244007972056,
            "cholec80_video44": 82.74538978566875,
            "cholec80_video45": 83.21964325995441,
            "cholec80_video46": 84.555628956743,
            "cholec80_video47": 69.13397363043919,
            "cholec80_video48": 83.55077452103724
        },
        "Per_video_f1_EMA": {
            "cholec80_video41": 45.078504138485705,
            "cholec80_video43": 51.94311538363434,
            "cholec80_video44": 52.58083893893083,
            "cholec80_video45": 35.24637515880983,
            "cholec80_video46": 47.45932852183508,
            "cholec80_video47": 26.84952979904947,
            "cholec80_video48": 37.15224160346192
        }
    },
    "Endoscapes": {
        "mAP": 42.76595044264975,
        "mAP_EMA": 29.235219573951227,
        "mAP_per_class": {
            "C0": 43.07372187159798,
            "C1": 42.17594062310101,
            "C2": 43.048188833250265
        },
        "mAP_per_class_EMA": {
            "C0": 28.898101909231823,
            "C1": 25.760134227179527,
            "C2": 33.04742258544233
        }
    },
    "CholecT50": {
        "AP": {
            "AP_i": 91.2839724427567,
            "AP_v": 64.25660693887721,
            "AP_t": 50.35036041599327,
            "AP_iv": 41.98612406876011,
            "AP_it": 45.35931052730344,
            "AP_ivt": 39.95143843556905
        },
        "AP_EMA": {
            "AP_i": 55.17896181506717,
            "AP_v": 43.41787199441221,
            "AP_t": 37.61450510877352,
            "AP_iv": 27.002994309154133,
            "AP_it": 27.293935999171932,
            "AP_ivt": 23.271002377518705
        }
    }
}