{
    "Test": true,
    "Cholec80": {
        "F1_score": 73.35884917524528,
        "F1_score_EMA": null,
        "Per_video_f1": {
            "cholec80_video51": 80.41984480278667,
            "cholec80_video53": 74.47010515449651,
            "cholec80_video54": 71.34625043847397,
            "cholec80_video55": 82.92123828639822,
            "cholec80_video58": 60.41843822289158,
            "cholec80_video59": 86.69364033630879,
            "cholec80_video61": 71.94690785196099,
            "cholec80_video63": 67.56010246438031,
            "cholec80_video64": 83.35670939813909,
            "cholec80_video69": 83.59493604838654,
            "cholec80_video73": 86.35206585295468,
            "cholec80_video74": 66.52008729158602,
            "cholec80_video76": 75.68783081519874,
            "cholec80_video77": 79.70355423565192,
            "cholec80_video80": 29.39102642906515
        },
        "Per_video_f1_EMA": null
    },
    "Endoscapes": {
        "mAP": 55.74918944931552,
        "mAP_EMA": null,
        "mAP_per_class": {
            "C0": 55.07835133199499,
            "C1": 45.605526642226636,
            "C2": 66.56369037372494
        },
        "mAP_per_class_EMA": null
    },
    "CholecT50": {
        "AP": {
            "AP_i": 88.59306512948369,
            "AP_v": 63.735624949719025,
            "AP_t": 43.40751605716623,
            "AP_iv": 39.58513404870256,
            "AP_it": 35.98137959263172,
            "AP_ivt": 29.35597817816631
        },
        "AP_EMA": null
    }
}