{
    "Test": false,
    "Cholec80": {
        "F1_score": 74.57712074656683,
        "F1_score_EMA": 76.82493812710418,
        "Per_video_f1": {
            "cholec80_video41": 72.62141991989022,
            "cholec80_video43": 70.36589443450002,
            "cholec80_video44": 85.23841804354136,
            "cholec80_video45": 70.50568281770475,
            "cholec80_video46": 80.03490543222372,
            "cholec80_video47": 65.29808294718153,
            "cholec80_video48": 77.9754416309262
        },
        "Per_video_f1_EMA": {
            "cholec80_video41": 76.86100514203493,
            "cholec80_video43": 69.7711756222467,
            "cholec80_video44": 85.30326715730648,
            "cholec80_video45": 79.86478155672259,
            "cholec80_video46": 84.32643114228398,
            "cholec80_video47": 62.37055663520997,
            "cholec80_video48": 79.27734963392457
        }
    },
    "Endoscapes": {
        "mAP": 42.93577534103517,
        "mAP_EMA": 45.19211975725475,
        "mAP_per_class": {
            "C0": 44.78644785223938,
            "C1": 43.35775993055111,
            "C2": 40.66311824031502
        },
        "mAP_per_class_EMA": {
            "C0": 46.18336830951589,
            "C1": 46.445786454336975,
            "C2": 42.947204507911394
        }
    },
    "CholecT50": {
        "AP": {
            "AP_i": 79.27656945371841,
            "AP_v": 58.8892439421724,
            "AP_t": 40.917187328012055,
            "AP_iv": 35.42848668969905,
            "AP_it": 34.029800330943964,
            "AP_ivt": 28.35778533785368
        },
        "AP_EMA": {
            "AP_i": 86.76395638191798,
            "AP_v": 63.199651036688735,
            "AP_t": 42.78864842030579,
            "AP_iv": 39.412560448448374,
            "AP_it": 36.680203190502525,
            "AP_ivt": 31.212449351525887
        }
    }
}