{
    "Test": false,
    "Cholec80": {
        "F1_score": 77.08831412338297,
        "F1_score_EMA": 77.7914506032145,
        "Per_video_f1": {
            "cholec80_video41": 75.06089484023921,
            "cholec80_video43": 71.65078270924167,
            "cholec80_video44": 84.04451102955531,
            "cholec80_video45": 82.20174475809443,
            "cholec80_video46": 84.56720069791822,
            "cholec80_video47": 60.47766795999502,
            "cholec80_video48": 81.6153968686369
        },
        "Per_video_f1_EMA": {
            "cholec80_video41": 78.91936062857442,
            "cholec80_video43": 71.47896704593984,
            "cholec80_video44": 86.03885956454947,
            "cholec80_video45": 81.50134700339503,
            "cholec80_video46": 83.42768696554391,
            "cholec80_video47": 61.09553824027623,
            "cholec80_video48": 82.07839477422256
        }
    },
    "Endoscapes": {
        "mAP": 38.73456871814324,
        "mAP_EMA": 44.82722294418558,
        "mAP_per_class": {
            "C0": 38.31565264326934,
            "C1": 37.709650645645745,
            "C2": 40.17840286551463
        },
        "mAP_per_class_EMA": {
            "C0": 41.41998419285747,
            "C1": 45.14933743900585,
            "C2": 47.91234720069341
        }
    },
    "CholecT50": {
        "AP": {
            "AP_i": 84.67582838732277,
            "AP_v": 58.267795633232176,
            "AP_t": 40.39432593595856,
            "AP_iv": 37.17522697894929,
            "AP_it": 36.90048489972402,
            "AP_ivt": 30.159482198684042
        },
        "AP_EMA": {
            "AP_i": 90.53630598927826,
            "AP_v": 67.1100697452741,
            "AP_t": 46.882559926762376,
            "AP_iv": 45.324548249158134,
            "AP_it": 44.043522361804015,
            "AP_ivt": 39.010148148740136
        }
    }
}