{
    "Test": false,
    "Cholec80": {
        "F1_score": 77.37155516320645,
        "F1_score_EMA": 73.02234242821952,
        "Per_video_f1": {
            "cholec80_video41": 78.3778221308108,
            "cholec80_video43": 68.53136461735188,
            "cholec80_video44": 84.69962962517118,
            "cholec80_video45": 82.99997710237189,
            "cholec80_video46": 82.53786245919247,
            "cholec80_video47": 64.03292704833,
            "cholec80_video48": 80.42130315921699
        },
        "Per_video_f1_EMA": {
            "cholec80_video41": 75.56069830465268,
            "cholec80_video43": 72.52256668864102,
            "cholec80_video44": 77.81790607665232,
            "cholec80_video45": 72.95799903861318,
            "cholec80_video46": 78.57490635893838,
            "cholec80_video47": 58.354496109906094,
            "cholec80_video48": 75.36782442013295
        }
    },
    "Endoscapes": {
        "mAP": 46.16053906190597,
        "mAP_EMA": 40.789935359623726,
        "mAP_per_class": {
            "C0": 46.066983737342284,
            "C1": 46.094325988090986,
            "C2": 46.32030746028464
        },
        "mAP_per_class_EMA": {
            "C0": 40.84133577679897,
            "C1": 39.638158334256474,
            "C2": 41.890311967815734
        }
    },
    "CholecT50": {
        "AP": {
            "AP_i": 91.11378839517458,
            "AP_v": 63.52328430700136,
            "AP_t": 47.317581307380905,
            "AP_iv": 41.86391012440299,
            "AP_it": 43.55481448264324,
            "AP_ivt": 37.99287521307022
        },
        "AP_EMA": {
            "AP_i": 84.4940648796478,
            "AP_v": 59.78044182700755,
            "AP_t": 48.03993373186451,
            "AP_iv": 37.46427481473264,
            "AP_it": 41.035944071056015,
            "AP_ivt": 35.82377296583548
        }
    }
}