{
    "Test": false,
    "Cholec80": {
        "F1_score": 74.79766206425738,
        "F1_score_EMA": 77.58693208449294,
        "Per_video_f1": {
            "cholec80_video41": 77.90244499551558,
            "cholec80_video43": 69.77533747252565,
            "cholec80_video44": 82.25668775177434,
            "cholec80_video45": 76.88853878101402,
            "cholec80_video46": 80.38510845117565,
            "cholec80_video47": 56.8760432943878,
            "cholec80_video48": 79.49947370340863
        },
        "Per_video_f1_EMA": {
            "cholec80_video41": 79.45575417290783,
            "cholec80_video43": 71.89382699571266,
            "cholec80_video44": 85.20586203882904,
            "cholec80_video45": 81.6185054197648,
            "cholec80_video46": 83.15783135237825,
            "cholec80_video47": 61.40628525424895,
            "cholec80_video48": 80.37045935760906
        }
    },
    "Endoscapes": {
        "mAP": 46.09815738757711,
        "mAP_EMA": 49.899517208810735,
        "mAP_per_class": {
            "C0": 41.484561952121524,
            "C1": 44.695703175971566,
            "C2": 52.11420703463825
        },
        "mAP_per_class_EMA": {
            "C0": 50.52684959516927,
            "C1": 48.42481113446875,
            "C2": 50.746890896794184
        }
    },
    "CholecT50": {
        "AP": {
            "AP_i": 89.30505771880865,
            "AP_v": 61.36330054517448,
            "AP_t": 45.86675013490146,
            "AP_iv": 43.672435393060894,
            "AP_it": 42.76282342994524,
            "AP_ivt": 38.35389349057673
        },
        "AP_EMA": {
            "AP_i": 93.4361578086138,
            "AP_v": 67.39812538900723,
            "AP_t": 49.91632294919722,
            "AP_iv": 46.94639936132039,
            "AP_it": 48.3584027831226,
            "AP_ivt": 41.13824541208336
        }
    }
}