{
    "Test": false,
    "Cholec80": {
        "F1_score": 74.80623674510161,
        "F1_score_EMA": 77.01858102618222,
        "Per_video_f1": {
            "cholec80_video41": 72.78010316575046,
            "cholec80_video43": 68.21282509033843,
            "cholec80_video44": 81.85473360924436,
            "cholec80_video45": 77.73376642363174,
            "cholec80_video46": 82.9699182482299,
            "cholec80_video47": 61.077336675435724,
            "cholec80_video48": 79.01497400308067
        },
        "Per_video_f1_EMA": {
            "cholec80_video41": 75.7470872761009,
            "cholec80_video43": 69.57761480260768,
            "cholec80_video44": 84.71700811159018,
            "cholec80_video45": 80.07255317357195,
            "cholec80_video46": 83.73563182016836,
            "cholec80_video47": 63.44183164633785,
            "cholec80_video48": 81.83834035289858
        }
    },
    "Endoscapes": {
        "mAP": 36.13406509166362,
        "mAP_EMA": 42.700226873135165,
        "mAP_per_class": {
            "C0": 37.07235380495044,
            "C1": 33.42119776703871,
            "C2": 37.908643703001715
        },
        "mAP_per_class_EMA": {
            "C0": 43.41164133702152,
            "C1": 43.25645043630516,
            "C2": 41.43258884607882
        }
    },
    "CholecT50": {
        "AP": {
            "AP_i": 81.07076809720486,
            "AP_v": 55.29998875103348,
            "AP_t": 38.870482217563435,
            "AP_iv": 35.721799463910344,
            "AP_it": 33.445110164947764,
            "AP_ivt": 27.53117988464643
        },
        "AP_EMA": {
            "AP_i": 91.54082101431908,
            "AP_v": 66.29424991008379,
            "AP_t": 46.67106903578887,
            "AP_iv": 42.61618796188776,
            "AP_it": 42.985390127821184,
            "AP_ivt": 35.68023522784887
        }
    }
}