{
    "Test": false,
    "Cholec80": {
        "F1_score": 76.25731480227647,
        "F1_score_EMA": 77.58720379160607,
        "Per_video_f1": {
            "cholec80_video41": 76.22559141560765,
            "cholec80_video43": 71.27615151048332,
            "cholec80_video44": 84.43381652743528,
            "cholec80_video45": 80.49057435059666,
            "cholec80_video46": 79.57099706355714,
            "cholec80_video47": 62.15660700550637,
            "cholec80_video48": 79.64746574274889
        },
        "Per_video_f1_EMA": {
            "cholec80_video41": 77.49594883879121,
            "cholec80_video43": 71.74720263569864,
            "cholec80_video44": 84.8994671174626,
            "cholec80_video45": 81.81877908407333,
            "cholec80_video46": 82.50210095593864,
            "cholec80_video47": 63.82957765014281,
            "cholec80_video48": 80.81735025913524
        }
    },
    "Endoscapes": {
        "mAP": 41.05860438638274,
        "mAP_EMA": 46.45236962496851,
        "mAP_per_class": {
            "C0": 40.12799125024814,
            "C1": 46.349948803310426,
            "C2": 36.69787310558966
        },
        "mAP_per_class_EMA": {
            "C0": 48.175463488101926,
            "C1": 48.47030313589177,
            "C2": 42.711342250911834
        }
    },
    "CholecT50": {
        "AP": {
            "AP_i": 87.69015296035933,
            "AP_v": 60.9081211880529,
            "AP_t": 43.97910397627423,
            "AP_iv": 38.588652563773984,
            "AP_it": 38.8164835195315,
            "AP_ivt": 31.96325730541035
        },
        "AP_EMA": {
            "AP_i": 91.04145681559653,
            "AP_v": 64.8107860021557,
            "AP_t": 48.49913913824619,
            "AP_iv": 42.27283341932022,
            "AP_it": 43.04289567747071,
            "AP_ivt": 36.3468514158683
        }
    }
}