{
    "Test": false,
    "Cholec80": {
        "F1_score": 75.87239693233799,
        "F1_score_EMA": 76.89866664862838,
        "Per_video_f1": {
            "cholec80_video41": 76.12441059432498,
            "cholec80_video43": 70.12915467047448,
            "cholec80_video44": 79.80049795867423,
            "cholec80_video45": 77.7291996442569,
            "cholec80_video46": 82.62965716851328,
            "cholec80_video47": 63.08864876362469,
            "cholec80_video48": 81.60520972649742
        },
        "Per_video_f1_EMA": {
            "cholec80_video41": 76.16044488791616,
            "cholec80_video43": 70.72015585272938,
            "cholec80_video44": 83.34723861195317,
            "cholec80_video45": 80.71799796777252,
            "cholec80_video46": 84.00362232946406,
            "cholec80_video47": 61.827277544465616,
            "cholec80_video48": 81.51392934609774
        }
    },
    "Endoscapes": {
        "mAP": 43.107877734675036,
        "mAP_EMA": 46.468174123224706,
        "mAP_per_class": {
            "C0": 46.874635899898834,
            "C1": 44.79456179731313,
            "C2": 37.654435506813144
        },
        "mAP_per_class_EMA": {
            "C0": 48.941883507798465,
            "C1": 44.943112357788756,
            "C2": 45.519526504086905
        }
    },
    "CholecT50": {
        "AP": {
            "AP_i": 89.11260694856041,
            "AP_v": 66.53445269661657,
            "AP_t": 45.55540582992312,
            "AP_iv": 44.822234838028926,
            "AP_it": 42.65314143782464,
            "AP_ivt": 35.873186699834086
        },
        "AP_EMA": {
            "AP_i": 93.48326022517489,
            "AP_v": 67.65047210740109,
            "AP_t": 49.94380750538873,
            "AP_iv": 44.25117714327935,
            "AP_it": 46.19093253222376,
            "AP_ivt": 39.44104729016117
        }
    }
}