{
    "Test": false,
    "Cholec80": {
        "F1_score": 75.494322625993,
        "F1_score_EMA": 76.95770595670834,
        "Per_video_f1": {
            "cholec80_video41": 76.61008971442769,
            "cholec80_video43": 69.28996353680158,
            "cholec80_video44": 80.89045519805786,
            "cholec80_video45": 79.42947468675008,
            "cholec80_video46": 83.54495897908978,
            "cholec80_video47": 61.169604064975225,
            "cholec80_video48": 77.52571220184873
        },
        "Per_video_f1_EMA": {
            "cholec80_video41": 77.25788231915853,
            "cholec80_video43": 70.88887650665477,
            "cholec80_video44": 85.10847358627042,
            "cholec80_video45": 79.52475346225512,
            "cholec80_video46": 84.3922737049345,
            "cholec80_video47": 62.514455827810245,
            "cholec80_video48": 79.01722628987476
        }
    },
    "Endoscapes": {
        "mAP": 41.031575344599034,
        "mAP_EMA": 45.02973599221677,
        "mAP_per_class": {
            "C0": 43.95321959051404,
            "C1": 36.75797490661344,
            "C2": 42.383531536669615
        },
        "mAP_per_class_EMA": {
            "C0": 46.10225691735688,
            "C1": 44.855971334513676,
            "C2": 44.13097972477976
        }
    },
    "CholecT50": {
        "AP": {
            "AP_i": 85.14461253269324,
            "AP_v": 58.70975070549232,
            "AP_t": 41.570509188947874,
            "AP_iv": 36.658214372720565,
            "AP_it": 34.88636495641914,
            "AP_ivt": 29.112032733552258
        },
        "AP_EMA": {
            "AP_i": 87.79078582968104,
            "AP_v": 62.8960458339857,
            "AP_t": 43.475047839779194,
            "AP_iv": 39.227165140055355,
            "AP_it": 37.65487263398972,
            "AP_ivt": 31.91003377262675
        }
    }
}