{
    "Test": true,
    "Cholec80": {
        "F1_score": 72.62653363985858,
        "F1_score_EMA": null,
        "Per_video_f1": {
            "cholec80_video51": 80.17584190667935,
            "cholec80_video53": 74.94275042347998,
            "cholec80_video54": 68.13623176872,
            "cholec80_video55": 81.20314839676593,
            "cholec80_video58": 54.020873759564246,
            "cholec80_video59": 86.54080055350363,
            "cholec80_video61": 71.01273307212492,
            "cholec80_video63": 66.81338963965418,
            "cholec80_video64": 82.76613633475873,
            "cholec80_video69": 82.14289061834253,
            "cholec80_video73": 83.72563670311685,
            "cholec80_video74": 65.17133109795058,
            "cholec80_video76": 71.21026232353397,
            "cholec80_video77": 78.72001563435647,
            "cholec80_video80": 42.815962365327415
        },
        "Per_video_f1_EMA": null
    },
    "Endoscapes": {
        "mAP": 52.13495251540907,
        "mAP_EMA": null,
        "mAP_per_class": {
            "C0": 52.14813661600015,
            "C1": 38.80650023974442,
            "C2": 65.45022069048264
        },
        "mAP_per_class_EMA": null
    },
    "CholecT50": {
        "AP": {
            "AP_i": 87.73327902002568,
            "AP_v": 61.169745233715716,
            "AP_t": 42.71665233603387,
            "AP_iv": 38.00480030693177,
            "AP_it": 34.92726655046439,
            "AP_ivt": 29.02086999265408
        },
        "AP_EMA": null
    }
}