{
    "Test": false,
    "Cholec80": {
        "F1_score": 77.18144355445703,
        "F1_score_EMA": 77.51225163006717,
        "Per_video_f1": {
            "cholec80_video41": 76.85884240921716,
            "cholec80_video43": 69.2811673322498,
            "cholec80_video44": 87.207065723587,
            "cholec80_video45": 81.82261612711993,
            "cholec80_video46": 81.55734710939056,
            "cholec80_video47": 65.40503180753605,
            "cholec80_video48": 78.13803437209872
        },
        "Per_video_f1_EMA": {
            "cholec80_video41": 78.13188870407714,
            "cholec80_video43": 71.3398722602889,
            "cholec80_video44": 84.31607999544514,
            "cholec80_video45": 81.7257833987337,
            "cholec80_video46": 82.7464549718141,
            "cholec80_video47": 63.73268131384799,
            "cholec80_video48": 80.59300076626324
        }
    },
    "Endoscapes": {
        "mAP": 39.32629501033883,
        "mAP_EMA": 47.85107939820584,
        "mAP_per_class": {
            "C0": 39.7589149029984,
            "C1": 42.06800887841361,
            "C2": 36.15196124960448
        },
        "mAP_per_class_EMA": {
            "C0": 50.238323768447934,
            "C1": 49.168592705582036,
            "C2": 44.14632172058756
        }
    },
    "CholecT50": {
        "AP": {
            "AP_i": 87.90085378918643,
            "AP_v": 63.00098324764961,
            "AP_t": 45.213856885590126,
            "AP_iv": 39.77442826774111,
            "AP_it": 39.98062170343643,
            "AP_ivt": 33.972820098203016
        },
        "AP_EMA": {
            "AP_i": 91.66556789633258,
            "AP_v": 65.03644075857844,
            "AP_t": 48.89897518026817,
            "AP_iv": 42.26353634786619,
            "AP_it": 43.39585937879517,
            "AP_ivt": 36.73769235841516
        }
    }
}