{
    "Test": false,
    "Cholec80": {
        "F1_score": 76.20295101461024,
        "F1_score_EMA": 77.88703565835425,
        "Per_video_f1": {
            "cholec80_video41": 79.99175844208789,
            "cholec80_video43": 67.89015171086217,
            "cholec80_video44": 81.0856139189179,
            "cholec80_video45": 79.0432718184676,
            "cholec80_video46": 80.85963742531855,
            "cholec80_video47": 64.4175294046655,
            "cholec80_video48": 80.13269438195204
        },
        "Per_video_f1_EMA": {
            "cholec80_video41": 79.58458977531505,
            "cholec80_video43": 72.49455192271382,
            "cholec80_video44": 83.73110529166537,
            "cholec80_video45": 81.19980072683893,
            "cholec80_video46": 82.80425763474085,
            "cholec80_video47": 65.12725359275873,
            "cholec80_video48": 80.26769066444696
        }
    },
    "Endoscapes": {
        "mAP": 42.58323819087105,
        "mAP_EMA": 49.44329612140867,
        "mAP_per_class": {
            "C0": 42.756829006478256,
            "C1": 48.42295559510978,
            "C2": 36.56992997102512
        },
        "mAP_per_class_EMA": {
            "C0": 50.76734402890587,
            "C1": 52.584980461106966,
            "C2": 44.97756387421319
        }
    },
    "CholecT50": {
        "AP": {
            "AP_i": 87.26874719033496,
            "AP_v": 64.90495364213677,
            "AP_t": 43.680689245763396,
            "AP_iv": 44.167871462130925,
            "AP_it": 40.211447309592494,
            "AP_ivt": 34.363785345004906
        },
        "AP_EMA": {
            "AP_i": 91.1571078360749,
            "AP_v": 70.01957533183045,
            "AP_t": 47.83669914344801,
            "AP_iv": 49.77512532939996,
            "AP_it": 44.29151320714361,
            "AP_ivt": 39.595406892433935
        }
    }
}