{
    "Test": false,
    "Cholec80": {
        "F1_score": 75.8051861206074,
        "F1_score_EMA": 77.41984695402952,
        "Per_video_f1": {
            "cholec80_video41": 73.94943772623607,
            "cholec80_video43": 68.17301447050149,
            "cholec80_video44": 83.05316558526721,
            "cholec80_video45": 79.79472333902315,
            "cholec80_video46": 81.61970440485064,
            "cholec80_video47": 62.98272710616235,
            "cholec80_video48": 81.0635302122109
        },
        "Per_video_f1_EMA": {
            "cholec80_video41": 76.15479944248546,
            "cholec80_video43": 70.67704520803497,
            "cholec80_video44": 84.10924776752876,
            "cholec80_video45": 80.25529886798604,
            "cholec80_video46": 83.66737607424703,
            "cholec80_video47": 64.11518645634195,
            "cholec80_video48": 82.95997486158245
        }
    },
    "Endoscapes": {
        "mAP": 38.254697836192264,
        "mAP_EMA": 42.94254209938239,
        "mAP_per_class": {
            "C0": 39.29260394802233,
            "C1": 37.69806168295055,
            "C2": 37.77342787760391
        },
        "mAP_per_class_EMA": {
            "C0": 44.255182290867815,
            "C1": 42.129033459807694,
            "C2": 42.44341054747168
        }
    },
    "CholecT50": {
        "AP": {
            "AP_i": 81.82524279794613,
            "AP_v": 61.867920196954195,
            "AP_t": 39.0994835270491,
            "AP_iv": 39.89343552111659,
            "AP_it": 33.3912353962275,
            "AP_ivt": 29.018727714548888
        },
        "AP_EMA": {
            "AP_i": 87.83581032605127,
            "AP_v": 64.86844042922266,
            "AP_t": 43.19331562989725,
            "AP_iv": 41.533044870978635,
            "AP_it": 38.480230879030216,
            "AP_ivt": 32.33408959224652
        }
    }
}