{
    "Test": false,
    "Cholec80": {
        "F1_score": 76.40481927162907,
        "F1_score_EMA": 54.82055138710715,
        "Per_video_f1": {
            "cholec80_video41": 80.51025964826167,
            "cholec80_video43": 65.7520787769581,
            "cholec80_video44": 83.81150906451495,
            "cholec80_video45": 79.87664913447009,
            "cholec80_video46": 81.83766556393763,
            "cholec80_video47": 63.774224283435565,
            "cholec80_video48": 79.27134842982542
        },
        "Per_video_f1_EMA": {
            "cholec80_video41": 60.76017579163062,
            "cholec80_video43": 53.74725622241348,
            "cholec80_video44": 62.28460826827644,
            "cholec80_video45": 52.279805669082656,
            "cholec80_video46": 50.003455473829014,
            "cholec80_video47": 50.89680860027028,
            "cholec80_video48": 53.77174968424755
        }
    },
    "Endoscapes": {
        "mAP": 47.917070913490626,
        "mAP_EMA": 26.411385971717362,
        "mAP_per_class": {
            "C0": 47.6470836098568,
            "C1": 45.14073096951319,
            "C2": 50.96339816110188
        },
        "mAP_per_class_EMA": {
            "C0": 24.16493139671232,
            "C1": 24.23858030495652,
            "C2": 30.83064621348325
        }
    },
    "CholecT50": {
        "AP": {
            "AP_i": 92.9104542564475,
            "AP_v": 68.15750241580365,
            "AP_t": 49.931432300970634,
            "AP_iv": 47.51088835552899,
            "AP_it": 46.95055347438054,
            "AP_ivt": 44.36495423573276
        },
        "AP_EMA": {
            "AP_i": 65.82853993360412,
            "AP_v": 45.137445622395056,
            "AP_t": 32.81890335824728,
            "AP_iv": 28.555878812699856,
            "AP_it": 27.712335087870297,
            "AP_ivt": 22.863353126550024
        }
    }
}