{
    "Test": false,
    "Cholec80": {
        "F1_score": 76.83117865180219,
        "F1_score_EMA": 31.906016921785348,
        "Per_video_f1": {
            "cholec80_video41": 74.48029993556018,
            "cholec80_video43": 72.30198142058684,
            "cholec80_video44": 84.80243017097948,
            "cholec80_video45": 77.40697323663862,
            "cholec80_video46": 82.26022039750343,
            "cholec80_video47": 68.08093767918521,
            "cholec80_video48": 78.48540772216153
        },
        "Per_video_f1_EMA": {
            "cholec80_video41": 38.67620270522155,
            "cholec80_video43": 25.98942564473389,
            "cholec80_video44": 32.60442956902004,
            "cholec80_video45": 31.297938154637073,
            "cholec80_video46": 28.354083212586463,
            "cholec80_video47": 27.593640189223205,
            "cholec80_video48": 38.82639897707521
        }
    },
    "Endoscapes": {
        "mAP": 49.56788928559117,
        "mAP_EMA": 24.570578671448683,
        "mAP_per_class": {
            "C0": 51.510323660395294,
            "C1": 47.35693460451431,
            "C2": 49.83640959186392
        },
        "mAP_per_class_EMA": {
            "C0": 25.759917607247402,
            "C1": 19.660057292030057,
            "C2": 28.291761115068585
        }
    },
    "CholecT50": {
        "AP": {
            "AP_i": 92.200958872875,
            "AP_v": 65.61819072301469,
            "AP_t": 49.93209992581549,
            "AP_iv": 45.61019193911789,
            "AP_it": 46.84785682539857,
            "AP_ivt": 41.52458037360049
        },
        "AP_EMA": {
            "AP_i": 60.67668474059274,
            "AP_v": 42.47659580505281,
            "AP_t": 33.9225453026655,
            "AP_iv": 26.73010921154044,
            "AP_it": 27.62600017463266,
            "AP_ivt": 23.674393965758416
        }
    }
}