{
    "Test": false,
    "Cholec80": {
        "F1_score": 76.85985648910989,
        "F1_score_EMA": 77.8143594724549,
        "Per_video_f1": {
            "cholec80_video41": 78.54216132584149,
            "cholec80_video43": 70.75351326508611,
            "cholec80_video44": 83.71153643398198,
            "cholec80_video45": 81.37308662436267,
            "cholec80_video46": 82.14753999220707,
            "cholec80_video47": 61.910923539421184,
            "cholec80_video48": 79.58023424286871
        },
        "Per_video_f1_EMA": {
            "cholec80_video41": 79.04213771468417,
            "cholec80_video43": 71.02177208709435,
            "cholec80_video44": 86.53287236118155,
            "cholec80_video45": 82.10161710118345,
            "cholec80_video46": 82.60515616208949,
            "cholec80_video47": 61.39834278574535,
            "cholec80_video48": 81.99861809520596
        }
    },
    "Endoscapes": {
        "mAP": 34.48838794795427,
        "mAP_EMA": 43.6926705346451,
        "mAP_per_class": {
            "C0": 31.758402223932354,
            "C1": 30.578500401553093,
            "C2": 41.128261218377375
        },
        "mAP_per_class_EMA": {
            "C0": 40.128282115253164,
            "C1": 44.73533857411894,
            "C2": 46.21439091456321
        }
    },
    "CholecT50": {
        "AP": {
            "AP_i": 85.84644946435783,
            "AP_v": 61.55139276358248,
            "AP_t": 42.093451538556685,
            "AP_iv": 42.04178456247278,
            "AP_it": 36.22424603236421,
            "AP_ivt": 32.21304126666011
        },
        "AP_EMA": {
            "AP_i": 89.75540171016495,
            "AP_v": 65.90979367666378,
            "AP_t": 46.02261301906129,
            "AP_iv": 44.25962493384531,
            "AP_it": 43.17509547597985,
            "AP_ivt": 37.92365791470182
        }
    }
}