{
    "Test": false,
    "Cholec80": {
        "F1_score": 76.34265230500705,
        "F1_score_EMA": 75.29586134132785,
        "Per_video_f1": {
            "cholec80_video41": 82.14680376294821,
            "cholec80_video43": 61.54160772890985,
            "cholec80_video44": 83.3506947459259,
            "cholec80_video45": 78.19642979842799,
            "cholec80_video46": 81.16005792859357,
            "cholec80_video47": 67.04138856707145,
            "cholec80_video48": 80.96158360317239
        },
        "Per_video_f1_EMA": {
            "cholec80_video41": 77.91754009864455,
            "cholec80_video43": 72.91766931844238,
            "cholec80_video44": 78.83157514347184,
            "cholec80_video45": 79.26291404369506,
            "cholec80_video46": 79.34928541011271,
            "cholec80_video47": 63.74574047644553,
            "cholec80_video48": 75.04630489848284
        }
    },
    "Endoscapes": {
        "mAP": 48.218696907867816,
        "mAP_EMA": 45.51895212518859,
        "mAP_per_class": {
            "C0": 46.63629672248387,
            "C1": 50.05205210817347,
            "C2": 47.9677418929461
        },
        "mAP_per_class_EMA": {
            "C0": 44.96732563142629,
            "C1": 43.6446758500738,
            "C2": 47.94485489406567
        }
    },
    "CholecT50": {
        "AP": {
            "AP_i": 91.6279799587288,
            "AP_v": 70.52633836702562,
            "AP_t": 49.53676718610859,
            "AP_iv": 46.47263801845249,
            "AP_it": 46.20357420465481,
            "AP_ivt": 38.94113989687966
        },
        "AP_EMA": {
            "AP_i": 87.63620196609834,
            "AP_v": 60.908910363514586,
            "AP_t": 46.6766566776901,
            "AP_iv": 40.33204209105372,
            "AP_it": 42.450778121933766,
            "AP_ivt": 35.46688400867262
        }
    }
}