{
    "Test": false,
    "Cholec80": {
        "F1_score": 74.78664156891998,
        "F1_score_EMA": 77.1844466387668,
        "Per_video_f1": {
            "cholec80_video41": 74.78367077420216,
            "cholec80_video43": 70.7735382859342,
            "cholec80_video44": 79.16192265768724,
            "cholec80_video45": 78.7212272561003,
            "cholec80_video46": 79.38944329713422,
            "cholec80_video47": 64.3262573833565,
            "cholec80_video48": 76.35043132802517
        },
        "Per_video_f1_EMA": {
            "cholec80_video41": 76.82627900863535,
            "cholec80_video43": 70.59953980959216,
            "cholec80_video44": 84.67021324795626,
            "cholec80_video45": 81.18144310459692,
            "cholec80_video46": 82.2315922067966,
            "cholec80_video47": 63.70374875179543,
            "cholec80_video48": 81.0783103419949
        }
    },
    "Endoscapes": {
        "mAP": 40.99881909618765,
        "mAP_EMA": 43.60679153315371,
        "mAP_per_class": {
            "C0": 46.28762029751101,
            "C1": 35.61281451251222,
            "C2": 41.096022478539716
        },
        "mAP_per_class_EMA": {
            "C0": 45.94844140523452,
            "C1": 44.803774908901765,
            "C2": 40.06815828532484
        }
    },
    "CholecT50": {
        "AP": {
            "AP_i": 82.20588849909785,
            "AP_v": 57.616683860915714,
            "AP_t": 42.33973959066067,
            "AP_iv": 36.14150483627916,
            "AP_it": 35.424680772732565,
            "AP_ivt": 29.583225120171367
        },
        "AP_EMA": {
            "AP_i": 88.53226739957626,
            "AP_v": 63.731423454110384,
            "AP_t": 46.037031303336036,
            "AP_iv": 40.34900428662781,
            "AP_it": 39.80825931042827,
            "AP_ivt": 33.4895612034746
        }
    }
}