{
    "Test": false,
    "Cholec80": {
        "F1_score": 76.41915516556224,
        "F1_score_EMA": 7.873757357055706,
        "Per_video_f1": {
            "cholec80_video41": 80.09361788642288,
            "cholec80_video43": 72.70981236539072,
            "cholec80_video44": 83.8475977263768,
            "cholec80_video45": 78.87546578464041,
            "cholec80_video46": 79.54712115967216,
            "cholec80_video47": 63.91077199855787,
            "cholec80_video48": 75.94969923787484
        },
        "Per_video_f1_EMA": {
            "cholec80_video41": 8.264572356430392,
            "cholec80_video43": 8.762317927642089,
            "cholec80_video44": 8.754311281927832,
            "cholec80_video45": 5.8831412489949075,
            "cholec80_video46": 7.595162613070248,
            "cholec80_video47": 5.744680851063831,
            "cholec80_video48": 10.112115220260643
        }
    },
    "Endoscapes": {
        "mAP": 40.53971226075495,
        "mAP_EMA": 12.258863738955581,
        "mAP_per_class": {
            "C0": 42.8687347676013,
            "C1": 39.37025349263646,
            "C2": 39.380148522027106
        },
        "mAP_per_class_EMA": {
            "C0": 13.602541488437444,
            "C1": 10.324787490109676,
            "C2": 12.849262238319625
        }
    },
    "CholecT50": {
        "AP": {
            "AP_i": 88.29885590216936,
            "AP_v": 64.85548844903964,
            "AP_t": 49.69842435990259,
            "AP_iv": 42.193005174018914,
            "AP_it": 43.92117072211974,
            "AP_ivt": 39.11554918554023
        },
        "AP_EMA": {
            "AP_i": 23.23101728442812,
            "AP_v": 16.01202383181588,
            "AP_t": 13.231236780114228,
            "AP_iv": 9.36546707150091,
            "AP_it": 7.3767071847719,
            "AP_ivt": 5.960443864066903
        }
    }
}