{
    "Test": false,
    "Cholec80": {
        "F1_score": 75.28972640541049,
        "F1_score_EMA": 77.55295100167712,
        "Per_video_f1": {
            "cholec80_video41": 75.35512208378947,
            "cholec80_video43": 68.92671265227975,
            "cholec80_video44": 81.2620002289742,
            "cholec80_video45": 77.15520201581634,
            "cholec80_video46": 83.05803358783862,
            "cholec80_video47": 62.087832419238765,
            "cholec80_video48": 79.1831818499363
        },
        "Per_video_f1_EMA": {
            "cholec80_video41": 78.2331969086628,
            "cholec80_video43": 71.82031704873715,
            "cholec80_video44": 83.46785274415384,
            "cholec80_video45": 81.53557206489201,
            "cholec80_video46": 83.06694584744966,
            "cholec80_video47": 64.05668307200398,
            "cholec80_video48": 80.69008932584036
        }
    },
    "Endoscapes": {
        "mAP": 46.279620538726164,
        "mAP_EMA": 49.27872582856312,
        "mAP_per_class": {
            "C0": 50.520337830407456,
            "C1": 48.242829907961244,
            "C2": 40.07569387780979
        },
        "mAP_per_class_EMA": {
            "C0": 51.73051702131257,
            "C1": 49.82400996173405,
            "C2": 46.281650502642734
        }
    },
    "CholecT50": {
        "AP": {
            "AP_i": 88.76260303207458,
            "AP_v": 62.547452064482094,
            "AP_t": 45.357462003397025,
            "AP_iv": 40.30918919269508,
            "AP_it": 40.528256464373854,
            "AP_ivt": 34.850075254948194
        },
        "AP_EMA": {
            "AP_i": 92.24331471191003,
            "AP_v": 65.37397253760858,
            "AP_t": 49.07596408880148,
            "AP_iv": 42.247798796917344,
            "AP_it": 43.92727915728571,
            "AP_ivt": 37.44057747456402
        }
    }
}