{
    "Test": false,
    "Cholec80": {
        "F1_score": 74.2597337981287,
        "F1_score_EMA": 77.68418341816343,
        "Per_video_f1": {
            "cholec80_video41": 76.90809089180884,
            "cholec80_video43": 70.58455786981838,
            "cholec80_video44": 76.90715113272411,
            "cholec80_video45": 77.10912620257388,
            "cholec80_video46": 81.13522303753874,
            "cholec80_video47": 60.38053418177222,
            "cholec80_video48": 76.79345327066477
        },
        "Per_video_f1_EMA": {
            "cholec80_video41": 79.57786370195545,
            "cholec80_video43": 72.35634114517298,
            "cholec80_video44": 83.625730847891,
            "cholec80_video45": 80.04380888174244,
            "cholec80_video46": 83.33346323036702,
            "cholec80_video47": 64.63538955326403,
            "cholec80_video48": 80.21668656675112
        }
    },
    "Endoscapes": {
        "mAP": 46.91062205263225,
        "mAP_EMA": 47.34965700970385,
        "mAP_per_class": {
            "C0": 48.64240719134886,
            "C1": 49.109161476045664,
            "C2": 42.98029749050223
        },
        "mAP_per_class_EMA": {
            "C0": 47.873151996317006,
            "C1": 52.44970431871874,
            "C2": 41.7261147140758
        }
    },
    "CholecT50": {
        "AP": {
            "AP_i": 84.82681104064544,
            "AP_v": 59.46455920810213,
            "AP_t": 42.76371461729219,
            "AP_iv": 40.68786555055815,
            "AP_it": 37.32345853083237,
            "AP_ivt": 31.40674207101671
        },
        "AP_EMA": {
            "AP_i": 89.20152577016016,
            "AP_v": 68.66155812490014,
            "AP_t": 45.99443532404363,
            "AP_iv": 49.654739455130596,
            "AP_it": 41.731274949691134,
            "AP_ivt": 38.10298672472418
        }
    }
}