{
    "Test": false,
    "Cholec80": {
        "F1_score": 74.17095529811263,
        "F1_score_EMA": 76.93295563550001,
        "Per_video_f1": {
            "cholec80_video41": 72.60616425772277,
            "cholec80_video43": 67.2211588002799,
            "cholec80_video44": 81.86652265572295,
            "cholec80_video45": 78.48348469428338,
            "cholec80_video46": 82.55578367202811,
            "cholec80_video47": 55.335601883093254,
            "cholec80_video48": 81.1279711236581
        },
        "Per_video_f1_EMA": {
            "cholec80_video41": 75.70518029067591,
            "cholec80_video43": 69.87228538579399,
            "cholec80_video44": 83.361279250128,
            "cholec80_video45": 79.8285627114042,
            "cholec80_video46": 83.72213464390877,
            "cholec80_video47": 63.7113090635282,
            "cholec80_video48": 82.329938103061
        }
    },
    "Endoscapes": {
        "mAP": 43.08122649819996,
        "mAP_EMA": 42.05095003281921,
        "mAP_per_class": {
            "C0": 41.91694853259836,
            "C1": 40.94382428959509,
            "C2": 46.382906672406435
        },
        "mAP_per_class_EMA": {
            "C0": 42.43194231100862,
            "C1": 41.86390515807382,
            "C2": 41.857002629375195
        }
    },
    "CholecT50": {
        "AP": {
            "AP_i": 80.86877972154802,
            "AP_v": 57.32744696105635,
            "AP_t": 40.91325199179979,
            "AP_iv": 35.9604282125978,
            "AP_it": 33.363651699564166,
            "AP_ivt": 28.614363925800397
        },
        "AP_EMA": {
            "AP_i": 85.6428715428245,
            "AP_v": 64.68011213901971,
            "AP_t": 42.422463448740444,
            "AP_iv": 41.626490972780395,
            "AP_it": 37.42530293630224,
            "AP_ivt": 31.606469288732992
        }
    }
}