{
    "Test": false,
    "Cholec80": {
        "F1_score": 76.12099658367552,
        "F1_score_EMA": 77.53352901175715,
        "Per_video_f1": {
            "cholec80_video41": 76.8574811409788,
            "cholec80_video43": 68.62406496866542,
            "cholec80_video44": 86.25735090586653,
            "cholec80_video45": 77.3617072594915,
            "cholec80_video46": 82.14173581670892,
            "cholec80_video47": 62.60845754440177,
            "cholec80_video48": 78.99617844961566
        },
        "Per_video_f1_EMA": {
            "cholec80_video41": 79.04432895842369,
            "cholec80_video43": 71.25793487837512,
            "cholec80_video44": 85.81801315996016,
            "cholec80_video45": 81.15036267262703,
            "cholec80_video46": 83.78494788217992,
            "cholec80_video47": 60.862202404733154,
            "cholec80_video48": 80.81691312600103
        }
    },
    "Endoscapes": {
        "mAP": 41.559612916168355,
        "mAP_EMA": 42.809719492414445,
        "mAP_per_class": {
            "C0": 35.55869925858947,
            "C1": 45.74001383272962,
            "C2": 43.38012565718598
        },
        "mAP_per_class_EMA": {
            "C0": 40.32618383378369,
            "C1": 42.74113977985456,
            "C2": 45.3618348636051
        }
    },
    "CholecT50": {
        "AP": {
            "AP_i": 85.79150541779944,
            "AP_v": 61.94288456899212,
            "AP_t": 42.09012436435747,
            "AP_iv": 44.58698866778061,
            "AP_it": 35.94337154800348,
            "AP_ivt": 30.629055360522724
        },
        "AP_EMA": {
            "AP_i": 87.75480744103163,
            "AP_v": 64.70496693600867,
            "AP_t": 44.02238095486758,
            "AP_iv": 44.552642320193954,
            "AP_it": 40.44227017592728,
            "AP_ivt": 35.98123985261192
        }
    }
}