{
    "Test": false,
    "Cholec80": {
        "F1_score": 74.58381980428612,
        "F1_score_EMA": 78.07267532878512,
        "Per_video_f1": {
            "cholec80_video41": 72.61485883194813,
            "cholec80_video43": 71.93928238628922,
            "cholec80_video44": 79.72347007794224,
            "cholec80_video45": 74.45177772483032,
            "cholec80_video46": 80.65913197348024,
            "cholec80_video47": 62.022304080433685,
            "cholec80_video48": 80.67591355507899
        },
        "Per_video_f1_EMA": {
            "cholec80_video41": 79.24407754549301,
            "cholec80_video43": 72.39499062160544,
            "cholec80_video44": 83.23849853938835,
            "cholec80_video45": 81.47152788860214,
            "cholec80_video46": 83.78129853630665,
            "cholec80_video47": 65.17147593528304,
            "cholec80_video48": 81.20685823481726
        }
    },
    "Endoscapes": {
        "mAP": 43.217281126055,
        "mAP_EMA": 46.18236326873438,
        "mAP_per_class": {
            "C0": 43.556216958396206,
            "C1": 42.736884785152895,
            "C2": 43.3587416346159
        },
        "mAP_per_class_EMA": {
            "C0": 47.03896483652744,
            "C1": 49.12297152993542,
            "C2": 42.38515343974028
        }
    },
    "CholecT50": {
        "AP": {
            "AP_i": 85.02366484395151,
            "AP_v": 60.832029505440815,
            "AP_t": 40.833917460684624,
            "AP_iv": 38.999067350450304,
            "AP_it": 37.37225419759412,
            "AP_ivt": 31.350851881616908
        },
        "AP_EMA": {
            "AP_i": 86.3470532717674,
            "AP_v": 63.087902017166016,
            "AP_t": 44.25520272268471,
            "AP_iv": 44.66190849757381,
            "AP_it": 39.59270054470284,
            "AP_ivt": 34.358488384543065
        }
    }
}