{
    "Test": false,
    "Cholec80": {
        "F1_score": 74.19346712955438,
        "F1_score_EMA": 77.23715050352752,
        "Per_video_f1": {
            "cholec80_video41": 72.31371556117757,
            "cholec80_video43": 74.77802976512604,
            "cholec80_video44": 81.38198552551928,
            "cholec80_video45": 70.5112000263073,
            "cholec80_video46": 82.99694361328139,
            "cholec80_video47": 61.88427811160675,
            "cholec80_video48": 75.4881173038623
        },
        "Per_video_f1_EMA": {
            "cholec80_video41": 76.93551745337918,
            "cholec80_video43": 72.47777894356503,
            "cholec80_video44": 86.28739129288505,
            "cholec80_video45": 79.81633715658342,
            "cholec80_video46": 84.92961142958761,
            "cholec80_video47": 60.77509301443654,
            "cholec80_video48": 79.43832423425582
        }
    },
    "Endoscapes": {
        "mAP": 43.68977804686008,
        "mAP_EMA": 46.62841822458309,
        "mAP_per_class": {
            "C0": 44.94408131916157,
            "C1": 42.672171789835254,
            "C2": 43.4530810315834
        },
        "mAP_per_class_EMA": {
            "C0": 47.6145676874596,
            "C1": 47.3301451044535,
            "C2": 44.94054188183618
        }
    },
    "CholecT50": {
        "AP": {
            "AP_i": 83.06311023113409,
            "AP_v": 60.57180724367869,
            "AP_t": 41.33661750759715,
            "AP_iv": 38.018538494713034,
            "AP_it": 36.78213965534612,
            "AP_ivt": 30.895561247332044
        },
        "AP_EMA": {
            "AP_i": 91.3447314442301,
            "AP_v": 66.31927933633021,
            "AP_t": 45.86946328848486,
            "AP_iv": 42.664643861345375,
            "AP_it": 42.38085929739591,
            "AP_ivt": 36.1914876402361
        }
    }
}