{
    "Test": true,
    "Cholec80": {
        "F1_score": 71.793374684919,
        "F1_score_EMA": null,
        "Per_video_f1": {
            "cholec80_video51": 78.36529745306979,
            "cholec80_video53": 71.28742098134605,
            "cholec80_video54": 77.65323930371585,
            "cholec80_video55": 82.56397849441638,
            "cholec80_video58": 61.88405149360021,
            "cholec80_video59": 78.24657323956927,
            "cholec80_video61": 62.97323038019662,
            "cholec80_video63": 65.6631971480795,
            "cholec80_video64": 80.35923899738536,
            "cholec80_video69": 86.68320871659404,
            "cholec80_video73": 82.28769521127562,
            "cholec80_video74": 66.34108167570331,
            "cholec80_video76": 67.9359375636715,
            "cholec80_video77": 80.92330926207694,
            "cholec80_video80": 33.733160353084635
        },
        "Per_video_f1_EMA": null
    },
    "Endoscapes": {
        "mAP": 47.72832407624154,
        "mAP_EMA": null,
        "mAP_per_class": {
            "C0": 51.146083871585134,
            "C1": 36.158384957177056,
            "C2": 55.88050339996244
        },
        "mAP_per_class_EMA": null
    },
    "CholecT50": {
        "AP": {
            "AP_i": 85.42051187092598,
            "AP_v": 59.89116985026116,
            "AP_t": 39.87529092971038,
            "AP_iv": 37.63902587057363,
            "AP_it": 33.922277521301716,
            "AP_ivt": 27.163966822902616
        },
        "AP_EMA": null
    }
}