{
    "Test": false,
    "Cholec80": {
        "F1_score": 75.73838665289908,
        "F1_score_EMA": 77.67805530943646,
        "Per_video_f1": {
            "cholec80_video41": 78.89358363387295,
            "cholec80_video43": 70.80971668821938,
            "cholec80_video44": 83.35187215691728,
            "cholec80_video45": 76.7835444795692,
            "cholec80_video46": 79.70871240031109,
            "cholec80_video47": 61.9578023723742,
            "cholec80_video48": 78.6634748390295
        },
        "Per_video_f1_EMA": {
            "cholec80_video41": 78.70288681922062,
            "cholec80_video43": 72.57650485071349,
            "cholec80_video44": 83.6656443003707,
            "cholec80_video45": 81.5199495141066,
            "cholec80_video46": 82.15702832330135,
            "cholec80_video47": 64.45991604673586,
            "cholec80_video48": 80.66445731160663
        }
    },
    "Endoscapes": {
        "mAP": 44.04864765576874,
        "mAP_EMA": 50.51762309706196,
        "mAP_per_class": {
            "C0": 43.495920341631184,
            "C1": 47.888164930324365,
            "C2": 40.76185769535067
        },
        "mAP_per_class_EMA": {
            "C0": 52.44633028292887,
            "C1": 52.97930890498888,
            "C2": 46.12723010326811
        }
    },
    "CholecT50": {
        "AP": {
            "AP_i": 87.71257151553708,
            "AP_v": 62.503324177552635,
            "AP_t": 45.11595950671093,
            "AP_iv": 40.590760525841496,
            "AP_it": 40.77112651032065,
            "AP_ivt": 33.93599688711272
        },
        "AP_EMA": {
            "AP_i": 92.47446362494884,
            "AP_v": 70.43832700023913,
            "AP_t": 48.847575170488895,
            "AP_iv": 49.57284463083442,
            "AP_it": 46.06958574862833,
            "AP_ivt": 40.68531731500184
        }
    }
}