{
    "Test": false,
    "Cholec80": {
        "F1_score": 73.93604219251185,
        "F1_score_EMA": 7.701319867436828,
        "Per_video_f1": {
            "cholec80_video41": 76.07216801015679,
            "cholec80_video43": 71.03829756320904,
            "cholec80_video44": 81.22872009397346,
            "cholec80_video45": 79.38197711496888,
            "cholec80_video46": 77.47611085724067,
            "cholec80_video47": 57.84627866110578,
            "cholec80_video48": 74.50874304692833
        },
        "Per_video_f1_EMA": {
            "cholec80_video41": 8.245445829338447,
            "cholec80_video43": 8.38881671997368,
            "cholec80_video44": 8.370090527657013,
            "cholec80_video45": 5.8831412489949075,
            "cholec80_video46": 7.060485892702493,
            "cholec80_video47": 5.845937203169732,
            "cholec80_video48": 10.115321650221523
        }
    },
    "Endoscapes": {
        "mAP": 47.16800522834224,
        "mAP_EMA": 14.467405496605583,
        "mAP_per_class": {
            "C0": 46.54620042849567,
            "C1": 45.08464231721388,
            "C2": 49.873172939317165
        },
        "mAP_per_class_EMA": {
            "C0": 15.943255075809159,
            "C1": 12.601483468509697,
            "C2": 14.857477945497893
        }
    },
    "CholecT50": {
        "AP": {
            "AP_i": 90.38255531068734,
            "AP_v": 64.39604242654576,
            "AP_t": 49.06244689180432,
            "AP_iv": 41.7834934598495,
            "AP_it": 45.353610690807784,
            "AP_ivt": 40.61418086821447
        },
        "AP_EMA": {
            "AP_i": 26.430487128829796,
            "AP_v": 18.319450882605118,
            "AP_t": 15.034731769602882,
            "AP_iv": 10.72614348642159,
            "AP_it": 8.368338506885587,
            "AP_ivt": 6.8770993517846355
        }
    }
}