{
    "Test": false,
    "Cholec80": {
        "F1_score": 74.87872689874429,
        "F1_score_EMA": 77.62419198978895,
        "Per_video_f1": {
            "cholec80_video41": 70.61773242437582,
            "cholec80_video43": 72.16436104464543,
            "cholec80_video44": 82.44868137641649,
            "cholec80_video45": 73.16610276633992,
            "cholec80_video46": 83.15756800896345,
            "cholec80_video47": 64.13490024936326,
            "cholec80_video48": 78.46174242110563
        },
        "Per_video_f1_EMA": {
            "cholec80_video41": 79.5288473454373,
            "cholec80_video43": 71.92333967064147,
            "cholec80_video44": 84.79659511168164,
            "cholec80_video45": 81.90742791046601,
            "cholec80_video46": 83.30216589128376,
            "cholec80_video47": 61.00491997524175,
            "cholec80_video48": 80.90604802377074
        }
    },
    "Endoscapes": {
        "mAP": 43.20983035299348,
        "mAP_EMA": 49.30550963576121,
        "mAP_per_class": {
            "C0": 38.56231687551688,
            "C1": 44.19659545208566,
            "C2": 46.87057873137789
        },
        "mAP_per_class_EMA": {
            "C0": 48.46625056524046,
            "C1": 47.661019627754506,
            "C2": 51.789258714288664
        }
    },
    "CholecT50": {
        "AP": {
            "AP_i": 91.1378705087795,
            "AP_v": 66.62588100026129,
            "AP_t": 45.223333584636016,
            "AP_iv": 43.77104088837348,
            "AP_it": 40.08675046844203,
            "AP_ivt": 34.52358858635816
        },
        "AP_EMA": {
            "AP_i": 92.87940304621974,
            "AP_v": 67.9831277259199,
            "AP_t": 49.35213905230147,
            "AP_iv": 46.73250247075059,
            "AP_it": 47.13224984883052,
            "AP_ivt": 40.74648036635125
        }
    }
}