{
    "Test": false,
    "Cholec80": {
        "F1_score": 75.91932498176374,
        "F1_score_EMA": 77.42543491762484,
        "Per_video_f1": {
            "cholec80_video41": 76.4915895382664,
            "cholec80_video43": 70.72434968515891,
            "cholec80_video44": 79.2414863606189,
            "cholec80_video45": 84.86826749096778,
            "cholec80_video46": 78.35909399603217,
            "cholec80_video47": 62.8492565704522,
            "cholec80_video48": 78.90123123084983
        },
        "Per_video_f1_EMA": {
            "cholec80_video41": 78.3987228393376,
            "cholec80_video43": 72.62160350015233,
            "cholec80_video44": 82.17562397341315,
            "cholec80_video45": 81.05542045603134,
            "cholec80_video46": 82.87832296641024,
            "cholec80_video47": 64.42237342661382,
            "cholec80_video48": 80.42597726141543
        }
    },
    "Endoscapes": {
        "mAP": 47.524596567616776,
        "mAP_EMA": 50.32450367672372,
        "mAP_per_class": {
            "C0": 49.64460645238125,
            "C1": 50.23629593915009,
            "C2": 42.692887311318984
        },
        "mAP_per_class_EMA": {
            "C0": 51.85042237394518,
            "C1": 50.79484398082388,
            "C2": 48.32824467540212
        }
    },
    "CholecT50": {
        "AP": {
            "AP_i": 89.77625593874681,
            "AP_v": 64.06969863429173,
            "AP_t": 45.472718074274674,
            "AP_iv": 39.70430679600173,
            "AP_it": 38.92568498884572,
            "AP_ivt": 32.65592851045114
        },
        "AP_EMA": {
            "AP_i": 91.9538979233845,
            "AP_v": 65.54179951140551,
            "AP_t": 49.47326553542826,
            "AP_iv": 42.10316804464447,
            "AP_it": 44.644917286484095,
            "AP_ivt": 38.2351321112049
        }
    }
}