{
    "Test": false,
    "Cholec80": {
        "F1_score": 70.80897569372937,
        "F1_score_EMA": 74.72738817128098,
        "Per_video_f1": {
            "cholec80_video41": 74.48135225812328,
            "cholec80_video43": 64.19615323226387,
            "cholec80_video44": 74.35049529483267,
            "cholec80_video45": 80.02365092699881,
            "cholec80_video46": 67.2140107130961,
            "cholec80_video47": 63.953732012459206,
            "cholec80_video48": 71.44343541833166
        },
        "Per_video_f1_EMA": {
            "cholec80_video41": 75.60346648405428,
            "cholec80_video43": 70.16175556073986,
            "cholec80_video44": 84.08545600550251,
            "cholec80_video45": 80.35943228516635,
            "cholec80_video46": 75.08410698932764,
            "cholec80_video47": 64.04727064938834,
            "cholec80_video48": 73.7502292247879
        }
    },
    "Endoscapes": {
        "mAP": 38.888887039025995,
        "mAP_EMA": 40.96532617195554,
        "mAP_per_class": {
            "C0": 44.23170953747031,
            "C1": 34.68997191727975,
            "C2": 37.74497966232793
        },
        "mAP_per_class_EMA": {
            "C0": 47.68543298466747,
            "C1": 37.975253248524695,
            "C2": 37.23529228267445
        }
    },
    "CholecT50": {
        "AP": {
            "AP_i": 76.27014715656765,
            "AP_v": 48.580146057852495,
            "AP_t": 37.29341352055537,
            "AP_iv": 30.633407363186805,
            "AP_it": 31.37653377696911,
            "AP_ivt": 26.742121553606747
        },
        "AP_EMA": {
            "AP_i": 84.80895778296257,
            "AP_v": 57.710421706995575,
            "AP_t": 42.39194228333614,
            "AP_iv": 36.36024385515346,
            "AP_it": 36.830848901856804,
            "AP_ivt": 31.489411249113868
        }
    }
}