{
    "Test": false,
    "Cholec80": {
        "F1_score": 68.97502128799124,
        "F1_score_EMA": 61.83761065394407,
        "Per_video_f1": {
            "cholec80_video41": 60.37180597791826,
            "cholec80_video43": 65.41280144353013,
            "cholec80_video44": 75.1048217218466,
            "cholec80_video45": 79.26239671179674,
            "cholec80_video46": 71.89979648756713,
            "cholec80_video47": 66.76225462740504,
            "cholec80_video48": 64.01127204587475
        },
        "Per_video_f1_EMA": {
            "cholec80_video41": 61.580864960171446,
            "cholec80_video43": 65.68862761208881,
            "cholec80_video44": 65.61458875118923,
            "cholec80_video45": 55.84270334251331,
            "cholec80_video46": 56.69752354752211,
            "cholec80_video47": 62.34070617769791,
            "cholec80_video48": 65.09826018642568
        }
    },
    "Endoscapes": {
        "mAP": 42.10472606770586,
        "mAP_EMA": 47.8920025303622,
        "mAP_per_class": {
            "C0": 50.67651203240491,
            "C1": 39.040867523027494,
            "C2": 36.596798647685176
        },
        "mAP_per_class_EMA": {
            "C0": 51.53995423688623,
            "C1": 43.57479836913928,
            "C2": 48.561254985061076
        }
    },
    "CholecT50": {
        "AP": {
            "AP_i": 86.83731652696703,
            "AP_v": 61.11328159057523,
            "AP_t": 44.44936708652956,
            "AP_iv": 39.07580037834447,
            "AP_it": 40.560224484795555,
            "AP_ivt": 34.59339105388004
        },
        "AP_EMA": {
            "AP_i": 85.25227367749545,
            "AP_v": 59.966722501693596,
            "AP_t": 45.06728116145629,
            "AP_iv": 38.68490841287178,
            "AP_it": 39.30715308156645,
            "AP_ivt": 35.04941532282082
        }
    }
}