{
    "Test": false,
    "Cholec80": {
        "F1_score": 71.52207932302873,
        "F1_score_EMA": 72.91004058748558,
        "Per_video_f1": {
            "cholec80_video41": 74.61600823626424,
            "cholec80_video43": 70.40787779702885,
            "cholec80_video44": 79.85418456795301,
            "cholec80_video45": 75.00784939034257,
            "cholec80_video46": 68.93222375443759,
            "cholec80_video47": 60.48508429868669,
            "cholec80_video48": 71.35132721648822
        },
        "Per_video_f1_EMA": {
            "cholec80_video41": 73.52957394277169,
            "cholec80_video43": 74.45269844381134,
            "cholec80_video44": 81.63935254056126,
            "cholec80_video45": 70.50198264720852,
            "cholec80_video46": 69.96614726312889,
            "cholec80_video47": 66.96916629096201,
            "cholec80_video48": 73.31136298395532
        }
    },
    "Endoscapes": {
        "mAP": 40.33564931758019,
        "mAP_EMA": 48.42161813144162,
        "mAP_per_class": {
            "C0": 51.114423524558504,
            "C1": 38.84810820688494,
            "C2": 31.044416221297137
        },
        "mAP_per_class_EMA": {
            "C0": 53.52574876813727,
            "C1": 44.546607807236924,
            "C2": 47.19249781895067
        }
    },
    "CholecT50": {
        "AP": {
            "AP_i": 83.48366163993711,
            "AP_v": 54.49237659662274,
            "AP_t": 42.17293423631377,
            "AP_iv": 36.58401325711461,
            "AP_it": 37.16102885671167,
            "AP_ivt": 31.471283002693635
        },
        "AP_EMA": {
            "AP_i": 88.54079945945034,
            "AP_v": 64.83829019955625,
            "AP_t": 46.422618844930376,
            "AP_iv": 42.05898858514461,
            "AP_it": 41.69148446226008,
            "AP_ivt": 37.619100081659646
        }
    }
}