{
    "Test": false,
    "Cholec80": {
        "F1_score": 11.941681947254667,
        "F1_score_EMA": 7.57696784622359,
        "Per_video_f1": {
            "cholec80_video41": 11.238095944816386,
            "cholec80_video43": 14.96265874770961,
            "cholec80_video44": 13.005608809441622,
            "cholec80_video45": 11.950697674418606,
            "cholec80_video46": 11.325860165767358,
            "cholec80_video47": 9.556570656968526,
            "cholec80_video48": 16.666781365296018,
            "cholec80_video49": 8.782473329334582,
            "cholec80_video50": 9.9863908315393
        },
        "Per_video_f1_EMA": {
            "cholec80_video41": 8.190476190476192,
            "cholec80_video43": 8.027832137421179,
            "cholec80_video44": 7.579215896885071,
            "cholec80_video45": 5.881761848936526,
            "cholec80_video46": 6.481357744220233,
            "cholec80_video47": 5.7324840764331215,
            "cholec80_video48": 9.58592132505176,
            "cholec80_video49": 5.2822299651567945,
            "cholec80_video50": 11.431431431431431
        }
    },
    "Endoscapes": {
        "mAP": 24.092074534045643,
        "mAP_EMA": 14.94718044840824,
        "mAP_per_class": {
            "C0": 20.59041242979161,
            "C1": 17.611038699166485,
            "C2": 34.07477247317884
        },
        "mAP_per_class_EMA": {
            "C0": 17.78023452017926,
            "C1": 12.593325337879376,
            "C2": 14.467981487166082
        }
    },
    "CholecT50": {
        "AP": {
            "AP_i": 41.90297057792754,
            "AP_v": 28.94961962013167,
            "AP_t": 26.604544371951796,
            "AP_iv": 16.88037348167398,
            "AP_it": 15.846207566361056,
            "AP_ivt": 14.561095877725212
        },
        "AP_EMA": {
            "AP_i": 25.68769816787544,
            "AP_v": 16.989501410122514,
            "AP_t": 12.916124200952323,
            "AP_iv": 9.44365500226012,
            "AP_it": 7.227869167395295,
            "AP_ivt": 5.949225321353878
        }
    }
}