{
    "Test": false,
    "Cholec80": {
        "F1_score": 8.137344398256158,
        "F1_score_EMA": 11.276122664910073,
        "Per_video_f1": {
            "cholec80_video41": 11.912265918780578,
            "cholec80_video43": 8.055689330589729,
            "cholec80_video44": 7.586345921247144,
            "cholec80_video45": 5.892815195140776,
            "cholec80_video46": 6.7736185383244205,
            "cholec80_video47": 6.2033582089552235,
            "cholec80_video48": 9.58946713663695,
            "cholec80_video49": 5.287388392857143,
            "cholec80_video50": 11.93515094177346
        },
        "Per_video_f1_EMA": {
            "cholec80_video41": 10.469167762824592,
            "cholec80_video43": 8.605076927031018,
            "cholec80_video44": 9.780275567357343,
            "cholec80_video45": 11.554283429480403,
            "cholec80_video46": 12.418240759220208,
            "cholec80_video47": 6.586601871545507,
            "cholec80_video48": 13.88474630872576,
            "cholec80_video49": 10.963629315387612,
            "cholec80_video50": 17.223082042618213
        }
    },
    "Endoscapes": {
        "mAP": 15.674063650635881,
        "mAP_EMA": 13.069862144642297,
        "mAP_per_class": {
            "C0": 16.344916344916342,
            "C1": 12.483912483912484,
            "C2": 18.193362123078817
        },
        "mAP_per_class_EMA": {
            "C0": 14.134760180775155,
            "C1": 9.679814972442474,
            "C2": 15.395011280709264
        }
    },
    "CholecT50": {
        "AP": {
            "AP_i": 24.289984847311516,
            "AP_v": 15.023010126845733,
            "AP_t": 10.694851708939172,
            "AP_iv": 8.235260583463054,
            "AP_it": 5.554917867315943,
            "AP_ivt": 4.472470636755099
        },
        "AP_EMA": {
            "AP_i": 20.723058287511364,
            "AP_v": 13.125397735525814,
            "AP_t": 10.540241457179748,
            "AP_iv": 7.298710215035943,
            "AP_it": 5.490583534782595,
            "AP_ivt": 4.394700430773626
        }
    }
}