{
    "Test": false,
    "Cholec80": {
        "F1_score": 70.54014432776833,
        "F1_score_EMA": 72.21848369854786,
        "Per_video_f1": {
            "cholec80_video41": 69.11834732849911,
            "cholec80_video43": 67.69329689966622,
            "cholec80_video44": 78.73638275284762,
            "cholec80_video45": 77.11261117143007,
            "cholec80_video46": 73.12103131896383,
            "cholec80_video47": 56.176905612018736,
            "cholec80_video48": 71.82243521095273
        },
        "Per_video_f1_EMA": {
            "cholec80_video41": 67.14366707093133,
            "cholec80_video43": 71.1486311382964,
            "cholec80_video44": 81.7339122371186,
            "cholec80_video45": 76.37071599400603,
            "cholec80_video46": 72.78315188422351,
            "cholec80_video47": 61.483192219286764,
            "cholec80_video48": 74.86611534597237
        }
    },
    "Endoscapes": {
        "mAP": 44.1726360015825,
        "mAP_EMA": 50.42516240238313,
        "mAP_per_class": {
            "C0": 40.471387328850504,
            "C1": 47.547422726593084,
            "C2": 44.499097949303895
        },
        "mAP_per_class_EMA": {
            "C0": 46.77593819882205,
            "C1": 53.96537599393327,
            "C2": 50.53417301439408
        }
    },
    "CholecT50": {
        "AP": {
            "AP_i": 81.55963277615946,
            "AP_v": 54.72369271309675,
            "AP_t": 40.82509723653008,
            "AP_iv": 35.66002737060625,
            "AP_it": 36.22356864583648,
            "AP_ivt": 30.645213538823874
        },
        "AP_EMA": {
            "AP_i": 86.30427083389436,
            "AP_v": 61.62559406279407,
            "AP_t": 45.444637923097915,
            "AP_iv": 38.395174502453756,
            "AP_it": 42.860470355447454,
            "AP_ivt": 35.362117471011395
        }
    }
}