{
    "Test": false,
    "Cholec80": {
        "F1_score": 71.14293196394566,
        "F1_score_EMA": 72.51744028646549,
        "Per_video_f1": {
            "cholec80_video41": 66.00444185059172,
            "cholec80_video43": 71.6418263564833,
            "cholec80_video44": 78.98151904242748,
            "cholec80_video45": 76.67652492785875,
            "cholec80_video46": 73.61943022558617,
            "cholec80_video47": 59.59244605597619,
            "cholec80_video48": 71.48433528869595
        },
        "Per_video_f1_EMA": {
            "cholec80_video41": 67.36971402547172,
            "cholec80_video43": 70.71614016500055,
            "cholec80_video44": 81.06652815260843,
            "cholec80_video45": 78.33106617977201,
            "cholec80_video46": 75.34589990757637,
            "cholec80_video47": 61.10391328889504,
            "cholec80_video48": 73.68882028593426
        }
    },
    "Endoscapes": {
        "mAP": 38.45530349195334,
        "mAP_EMA": 45.447533366881885,
        "mAP_per_class": {
            "C0": 42.62814913015468,
            "C1": 35.522966783939545,
            "C2": 37.21479456176579
        },
        "mAP_per_class_EMA": {
            "C0": 43.19247755725426,
            "C1": 52.07186057828839,
            "C2": 41.07826196510301
        }
    },
    "CholecT50": {
        "AP": {
            "AP_i": 81.3036833429979,
            "AP_v": 55.87285711570148,
            "AP_t": 42.70521776467633,
            "AP_iv": 35.845259159913624,
            "AP_it": 38.04742651633748,
            "AP_ivt": 32.21707220048504
        },
        "AP_EMA": {
            "AP_i": 86.21613471451144,
            "AP_v": 61.01528332457529,
            "AP_t": 45.75392958513611,
            "AP_iv": 38.838623245992075,
            "AP_it": 43.28033184245036,
            "AP_ivt": 35.49543550352169
        }
    }
}