{
    "Test": false,
    "Cholec80": {
        "F1_score": 70.13829647149109,
        "F1_score_EMA": 72.89020637034781,
        "Per_video_f1": {
            "cholec80_video41": 66.19154791670174,
            "cholec80_video43": 69.80718326459889,
            "cholec80_video44": 74.1911374451927,
            "cholec80_video45": 75.74106663131673,
            "cholec80_video46": 75.1279857449907,
            "cholec80_video47": 58.41042799422781,
            "cholec80_video48": 71.49872630340904
        },
        "Per_video_f1_EMA": {
            "cholec80_video41": 67.68382835799181,
            "cholec80_video43": 70.82619585671883,
            "cholec80_video44": 81.75403757442339,
            "cholec80_video45": 78.6900355234088,
            "cholec80_video46": 75.3054531850117,
            "cholec80_video47": 61.22146596663504,
            "cholec80_video48": 74.7504281282451
        }
    },
    "Endoscapes": {
        "mAP": 40.97265846347662,
        "mAP_EMA": 47.899839595007876,
        "mAP_per_class": {
            "C0": 46.69987645693059,
            "C1": 38.90014844498925,
            "C2": 37.31795048851002
        },
        "mAP_per_class_EMA": {
            "C0": 45.051837618739334,
            "C1": 53.24367900983978,
            "C2": 45.40400215644451
        }
    },
    "CholecT50": {
        "AP": {
            "AP_i": 82.81376316242947,
            "AP_v": 58.96446038774118,
            "AP_t": 42.24818808603766,
            "AP_iv": 35.881016601463685,
            "AP_it": 37.531545883275164,
            "AP_ivt": 31.612168152746825
        },
        "AP_EMA": {
            "AP_i": 86.05160991862529,
            "AP_v": 60.80302664877679,
            "AP_t": 45.32765809720203,
            "AP_iv": 38.157440571114414,
            "AP_it": 42.910847943474934,
            "AP_ivt": 35.16157964680829
        }
    }
}