{
    "Test": false,
    "Cholec80": {
        "F1_score": 67.96226410362316,
        "F1_score_EMA": 66.54817851577995,
        "Per_video_f1": {
            "cholec80_video41": 68.8117546291951,
            "cholec80_video43": 60.32747743633682,
            "cholec80_video44": 74.41958736462503,
            "cholec80_video45": 71.06631417985474,
            "cholec80_video46": 66.91597084854564,
            "cholec80_video47": 60.8670949263314,
            "cholec80_video48": 73.32764934047337
        },
        "Per_video_f1_EMA": {
            "cholec80_video41": 65.47748209001743,
            "cholec80_video43": 69.38038049705374,
            "cholec80_video44": 71.01914406880493,
            "cholec80_video45": 66.38933863433056,
            "cholec80_video46": 60.825948278096064,
            "cholec80_video47": 60.862981878858214,
            "cholec80_video48": 71.88197416329871
        }
    },
    "Endoscapes": {
        "mAP": 43.5859671391278,
        "mAP_EMA": 51.038761008397366,
        "mAP_per_class": {
            "C0": 44.71281782585057,
            "C1": 47.96115647795875,
            "C2": 38.08392711357409
        },
        "mAP_per_class_EMA": {
            "C0": 47.54228401657419,
            "C1": 50.73957007901721,
            "C2": 54.8344289296007
        }
    },
    "CholecT50": {
        "AP": {
            "AP_i": 84.65939087142685,
            "AP_v": 59.21689778084958,
            "AP_t": 44.59843995313796,
            "AP_iv": 38.468645803318566,
            "AP_it": 39.205035200381765,
            "AP_ivt": 33.153018394965585
        },
        "AP_EMA": {
            "AP_i": 81.74268404144793,
            "AP_v": 58.41533507381272,
            "AP_t": 43.44042811777414,
            "AP_iv": 36.33253590060667,
            "AP_it": 39.79868428626478,
            "AP_ivt": 33.123614276443675
        }
    }
}