{
    "Test": false,
    "Cholec80": {
        "F1_score": 69.80729750785417,
        "F1_score_EMA": 71.6216496586475,
        "Per_video_f1": {
            "cholec80_video41": 61.70277646905375,
            "cholec80_video43": 70.74146845872481,
            "cholec80_video44": 79.19428801506214,
            "cholec80_video45": 75.03508782465549,
            "cholec80_video46": 69.20245925860208,
            "cholec80_video47": 60.38717313358354,
            "cholec80_video48": 72.38782939529737
        },
        "Per_video_f1_EMA": {
            "cholec80_video41": 67.23828673206476,
            "cholec80_video43": 70.86914840224384,
            "cholec80_video44": 80.30454959140553,
            "cholec80_video45": 75.8952119387987,
            "cholec80_video46": 70.41160178103398,
            "cholec80_video47": 61.76359172023662,
            "cholec80_video48": 74.8691574447491
        }
    },
    "Endoscapes": {
        "mAP": 45.725979224223,
        "mAP_EMA": 50.86888064250416,
        "mAP_per_class": {
            "C0": 42.477081465602154,
            "C1": 44.918660565106265,
            "C2": 49.782195641960584
        },
        "mAP_per_class_EMA": {
            "C0": 47.25941289869673,
            "C1": 53.51091838577984,
            "C2": 51.83631064303591
        }
    },
    "CholecT50": {
        "AP": {
            "AP_i": 78.16630773774936,
            "AP_v": 55.39990406284198,
            "AP_t": 40.45259086709196,
            "AP_iv": 34.42914924076444,
            "AP_it": 34.929194411009234,
            "AP_ivt": 29.439683568106428
        },
        "AP_EMA": {
            "AP_i": 85.80435347454325,
            "AP_v": 63.113606786906686,
            "AP_t": 45.387626426970165,
            "AP_iv": 39.037083372136586,
            "AP_it": 42.53957338518602,
            "AP_ivt": 35.49143050236407
        }
    }
}