{
    "Test": false,
    "Cholec80": {
        "F1_score": 70.20808700337967,
        "F1_score_EMA": 72.79001715442645,
        "Per_video_f1": {
            "cholec80_video41": 67.05148199906567,
            "cholec80_video43": 59.302975713077814,
            "cholec80_video44": 77.90083655759334,
            "cholec80_video45": 75.35922488890435,
            "cholec80_video46": 72.8454128878342,
            "cholec80_video47": 63.87936107833162,
            "cholec80_video48": 75.11731589885075
        },
        "Per_video_f1_EMA": {
            "cholec80_video41": 67.4545970594284,
            "cholec80_video43": 70.65184988757557,
            "cholec80_video44": 82.91536437336772,
            "cholec80_video45": 77.58366462633288,
            "cholec80_video46": 74.64806287186279,
            "cholec80_video47": 61.69023388164655,
            "cholec80_video48": 74.58634738077123
        }
    },
    "Endoscapes": {
        "mAP": 47.491880370843575,
        "mAP_EMA": 49.47012507714685,
        "mAP_per_class": {
            "C0": 45.72434416123844,
            "C1": 49.480129239952866,
            "C2": 47.27116771133942
        },
        "mAP_per_class_EMA": {
            "C0": 45.935073365069776,
            "C1": 53.34884316306508,
            "C2": 49.12645870330568
        }
    },
    "CholecT50": {
        "AP": {
            "AP_i": 81.99210395532748,
            "AP_v": 57.740853125710565,
            "AP_t": 41.60802216981324,
            "AP_iv": 36.439498578036456,
            "AP_it": 42.26899655469137,
            "AP_ivt": 36.52063845536542
        },
        "AP_EMA": {
            "AP_i": 86.34609997996289,
            "AP_v": 61.03060487494622,
            "AP_t": 45.55882589334369,
            "AP_iv": 38.04798281412229,
            "AP_it": 42.92399580594014,
            "AP_ivt": 35.222585067105676
        }
    }
}