{
    "Test": false,
    "Dataset": "Endoscapes",
    "Results": [
        34.81417486697702,
        15.203494403313435,
        {
            "C0": 43.5993176962965,
            "C1": 35.33758465718696,
            "C2": 25.505622247447597
        },
        {
            "C0": 15.134293024718081,
            "C1": 13.425424456932117,
            "C2": 17.050765728290106
        }
    ]
}