{
    "Test": false,
    "Dataset": "Endoscapes",
    "Results": [
        34.203351813944074,
        15.811618463332707,
        {
            "C0": 29.793718312666627,
            "C1": 39.14668907800719,
            "C2": 33.669648051158404
        },
        {
            "C0": 15.491060629876502,
            "C1": 13.975073908050625,
            "C2": 17.968720852070994
        }
    ]
}