{
    "Test": false,
    "Dataset": "Endoscapes",
    "Results": [
        35.23868046641396,
        17.230714791883347,
        {
            "C0": 30.782406667400664,
            "C1": 29.22054935628065,
            "C2": 45.71308537556057
        },
        {
            "C0": 17.777431293610746,
            "C1": 15.61372349356455,
            "C2": 18.300989588474742
        }
    ]
}