{
    "Test": true,
    "Cholec80": {
        "F1_score": 3.1076360553395608,
        "F1_score_EMA": null,
        "Per_video_f1": {
            "cholec80_video51": 0.7783378304435683,
            "cholec80_video53": 1.1164688698935274,
            "cholec80_video54": 1.7637170088651195,
            "cholec80_video55": 6.113965532731144,
            "cholec80_video58": 1.8820203008140461,
            "cholec80_video59": 2.5418874673880105,
            "cholec80_video61": 3.1484032317853052,
            "cholec80_video63": 2.1432672311832697,
            "cholec80_video64": 2.298981019054633,
            "cholec80_video69": 6.033014731035817,
            "cholec80_video73": 3.9309957886167153,
            "cholec80_video74": 1.545737276542529,
            "cholec80_video76": 8.943246032735388,
            "cholec80_video77": 1.938899166111268,
            "cholec80_video80": 2.43559934289307
        },
        "Per_video_f1_EMA": null
    },
    "Endoscapes": {
        "mAP": 22.77949409574025,
        "mAP_EMA": null,
        "mAP_per_class": {
            "C0": 27.626709859285913,
            "C1": 15.142991840470174,
            "C2": 25.568780587464662
        },
        "mAP_per_class_EMA": null
    },
    "CholecT50": {
        "AP": {
            "AP_i": 27.729357599444672,
            "AP_v": 18.223944351219277,
            "AP_t": 12.801276868085877,
            "AP_iv": 9.651145660940994,
            "AP_it": 5.393120512848086,
            "AP_ivt": 4.355427502760659
        },
        "AP_EMA": null
    }
}