{
    "Test": false,
    "Cholec80": {
        "F1_score": 1.580944263659072,
        "F1_score_EMA": 1.5780822051217922,
        "Per_video_f1": {
            "cholec80_video41": 2.467264536230054,
            "cholec80_video43": 0.9129747761456077,
            "cholec80_video44": 1.3526485731739244,
            "cholec80_video45": 0.670613072815333,
            "cholec80_video46": 1.4872345699413367,
            "cholec80_video47": 2.1177166518781423,
            "cholec80_video48": 2.0581576654291056
        },
        "Per_video_f1_EMA": {
            "cholec80_video41": 2.367564368156259,
            "cholec80_video43": 0.9133489461358313,
            "cholec80_video44": 1.351822780394209,
            "cholec80_video45": 0.669449150791355,
            "cholec80_video46": 1.573641504794689,
            "cholec80_video47": 2.111596083520113,
            "cholec80_video48": 2.0591526020600885
        }
    },
    "Endoscapes": {
        "mAP": 14.695246570051594,
        "mAP_EMA": 18.62671848215524,
        "mAP_per_class": {
            "C0": 15.851476889310225,
            "C1": 11.764591382893464,
            "C2": 16.469671437951096
        },
        "mAP_per_class_EMA": {
            "C0": 18.106385105831727,
            "C1": 13.8912118836311,
            "C2": 23.882558457002894
        }
    },
    "CholecT50": {
        "AP": {
            "AP_i": 24.482427729432676,
            "AP_v": 15.144280310402412,
            "AP_t": 10.65025374211541,
            "AP_iv": 8.423337932757542,
            "AP_it": 5.7188268158198525,
            "AP_ivt": 4.620791780953601
        },
        "AP_EMA": {
            "AP_i": 24.437471453344425,
            "AP_v": 15.253036001893609,
            "AP_t": 11.115734275382291,
            "AP_iv": 8.457841635317052,
            "AP_it": 5.93732643994738,
            "AP_ivt": 4.795447130283683
        }
    }
}