{
    "Test": false,
    "Cholec80": {
        "F1_score": 56.81818336238568,
        "F1_score_EMA": 12.64164656593123,
        "Per_video_f1": {
            "cholec80_video41": 55.36901584124545,
            "cholec80_video43": 59.65442655733667,
            "cholec80_video44": 55.86497631544357,
            "cholec80_video45": 55.15230106814817,
            "cholec80_video46": 61.04477808782548,
            "cholec80_video47": 50.92266554583542,
            "cholec80_video48": 59.719120120865036
        },
        "Per_video_f1_EMA": {
            "cholec80_video41": 12.28136449397106,
            "cholec80_video43": 16.37527451635051,
            "cholec80_video44": 9.112623962938365,
            "cholec80_video45": 13.19166242987267,
            "cholec80_video46": 15.130097941047119,
            "cholec80_video47": 12.32132867433401,
            "cholec80_video48": 10.079173943004879
        }
    },
    "Endoscapes": {
        "mAP": 34.50924283024859,
        "mAP_EMA": 13.684946133829198,
        "mAP_per_class": {
            "C0": 35.104459319805706,
            "C1": 29.695115034181914,
            "C2": 38.72815413675815
        },
        "mAP_per_class_EMA": {
            "C0": 15.103538202572128,
            "C1": 11.331184974174894,
            "C2": 14.620115224740571
        }
    },
    "CholecT50": {
        "AP": {
            "AP_i": 72.38216076002927,
            "AP_v": 49.285906942418535,
            "AP_t": 41.99497880879009,
            "AP_iv": 31.182968297624974,
            "AP_it": 35.55719661074048,
            "AP_ivt": 29.6197881992707
        },
        "AP_EMA": {
            "AP_i": 21.598597275380083,
            "AP_v": 14.278648974054011,
            "AP_t": 12.230173877012836,
            "AP_iv": 8.089183426866953,
            "AP_it": 6.523370270027824,
            "AP_ivt": 5.246905651409678
        }
    }
}