{
    "Test": false,
    "Cholec80": {
        "F1_score": 7.365319008966916,
        "F1_score_EMA": 12.683535929317067,
        "Per_video_f1": {
            "cholec80_video41": 8.279761904761905,
            "cholec80_video43": 8.025389096600296,
            "cholec80_video44": 7.577435484412229,
            "cholec80_video45": 5.880383095572968,
            "cholec80_video46": 6.481357744220233,
            "cholec80_video47": 5.730456314113902,
            "cholec80_video48": 9.582449423086873
        },
        "Per_video_f1_EMA": {
            "cholec80_video41": 13.756371860020852,
            "cholec80_video43": 11.228202048947036,
            "cholec80_video44": 10.326232669235601,
            "cholec80_video45": 10.430459186784853,
            "cholec80_video46": 14.706835805515256,
            "cholec80_video47": 14.945995762993714,
            "cholec80_video48": 13.390654171722154
        }
    },
    "Endoscapes": {
        "mAP": 14.864586264223211,
        "mAP_EMA": 13.6671599023252,
        "mAP_per_class": {
            "C0": 13.121635432173706,
            "C1": 12.839584618701613,
            "C2": 18.632538741794317
        },
        "mAP_per_class_EMA": {
            "C0": 15.300719728017489,
            "C1": 10.935705161565851,
            "C2": 14.765054817392256
        }
    },
    "CholecT50": {
        "AP": {
            "AP_i": 25.723094337671707,
            "AP_v": 15.925602048697971,
            "AP_t": 11.265251011698982,
            "AP_iv": 8.87773774335057,
            "AP_it": 7.192528316125149,
            "AP_ivt": 6.0599546467296115
        },
        "AP_EMA": {
            "AP_i": 29.85976386647512,
            "AP_v": 17.07784377203759,
            "AP_t": 12.866020153886637,
            "AP_iv": 10.562564323305155,
            "AP_it": 9.997640559750051,
            "AP_ivt": 8.220080011883722
        }
    }
}