{
    "Test": false,
    "Cholec80": {
        "F1_score": 6.2224010175769,
        "F1_score_EMA": 13.386475390887004,
        "Per_video_f1": {
            "cholec80_video41": 6.535653824785985,
            "cholec80_video43": 6.266265683122617,
            "cholec80_video44": 3.709526314982995,
            "cholec80_video45": 6.53641502250374,
            "cholec80_video46": 7.241008218766895,
            "cholec80_video47": 6.58334416436897,
            "cholec80_video48": 6.684593894507097
        },
        "Per_video_f1_EMA": {
            "cholec80_video41": 15.430985439773535,
            "cholec80_video43": 9.65447889838011,
            "cholec80_video44": 11.317433786634767,
            "cholec80_video45": 14.040802845357728,
            "cholec80_video46": 14.491196188416202,
            "cholec80_video47": 10.234960847998163,
            "cholec80_video48": 18.535469729648515
        }
    },
    "Endoscapes": {
        "mAP": 17.34468560392759,
        "mAP_EMA": 22.379363681507627,
        "mAP_per_class": {
            "C0": 17.90249894614192,
            "C1": 14.107238365135263,
            "C2": 20.02431950050559
        },
        "mAP_per_class_EMA": {
            "C0": 22.2012579279494,
            "C1": 19.052162645279108,
            "C2": 25.884670471294374
        }
    },
    "CholecT50": {
        "AP": {
            "AP_i": 55.59408928551111,
            "AP_v": 32.524531924695935,
            "AP_t": 15.750932373973468,
            "AP_iv": 20.181798401625954,
            "AP_it": 16.661969671172674,
            "AP_ivt": 13.741172920440533
        },
        "AP_EMA": {
            "AP_i": 54.0437582161284,
            "AP_v": 30.5969823724945,
            "AP_t": 23.05113089966551,
            "AP_iv": 19.570528262720178,
            "AP_it": 17.937051383820435,
            "AP_ivt": 15.554071330931784
        }
    }
}