{
    "Test": false,
    "Cholec80": {
        "F1_score": 76.2738851993144,
        "F1_score_EMA": 78.219549714244,
        "Per_video_f1": {
            "cholec80_video41": 71.80445092116658,
            "cholec80_video43": 69.97763124077879,
            "cholec80_video44": 86.99589718683998,
            "cholec80_video45": 74.7388151791067,
            "cholec80_video46": 83.92796209995586,
            "cholec80_video47": 67.40803753131222,
            "cholec80_video48": 79.06440223604075
        },
        "Per_video_f1_EMA": {
            "cholec80_video41": 73.73933397212481,
            "cholec80_video43": 74.56768776959885,
            "cholec80_video44": 86.5476936569074,
            "cholec80_video45": 82.20393252266149,
            "cholec80_video46": 84.23724065166179,
            "cholec80_video47": 66.03237005517852,
            "cholec80_video48": 80.20858937157509
        }
    },
    "Endoscapes": {
        "mAP": 49.744739440682366,
        "mAP_EMA": 49.95089975334006,
        "mAP_per_class": {
            "C0": 49.05669526748761,
            "C1": 52.53690638841088,
            "C2": 47.6406166661486
        },
        "mAP_per_class_EMA": {
            "C0": 50.49045715481307,
            "C1": 51.69776511264508,
            "C2": 47.66447699256204
        }
    },
    "CholecT50": {
        "AP": {
            "AP_i": 92.6151826786479,
            "AP_v": 70.09362993890376,
            "AP_t": 50.5135864662546,
            "AP_iv": 45.76605929653637,
            "AP_it": 46.56301482520761,
            "AP_ivt": 40.409543157406794
        },
        "AP_EMA": {
            "AP_i": 90.37406113816964,
            "AP_v": 67.35660034789221,
            "AP_t": 49.396774674457816,
            "AP_iv": 44.25634610740341,
            "AP_it": 44.27660281262638,
            "AP_ivt": 39.44201005173402
        }
    }
}