{
    "Test": false,
    "Cholec80": {
        "F1_score": 77.46197953090012,
        "F1_score_EMA": 79.08817585698183,
        "Per_video_f1": {
            "cholec80_video41": 75.17212911482385,
            "cholec80_video43": 72.20702832811978,
            "cholec80_video44": 82.90517316815996,
            "cholec80_video45": 82.48287365916237,
            "cholec80_video46": 83.73195720016643,
            "cholec80_video47": 66.07849379082641,
            "cholec80_video48": 79.65620145504204
        },
        "Per_video_f1_EMA": {
            "cholec80_video41": 77.82580085057292,
            "cholec80_video43": 74.92146105383151,
            "cholec80_video44": 85.67341131374609,
            "cholec80_video45": 82.78925811541349,
            "cholec80_video46": 85.35114930692035,
            "cholec80_video47": 66.05803051565306,
            "cholec80_video48": 80.99811984273539
        }
    },
    "Endoscapes": {
        "mAP": 45.76072697605577,
        "mAP_EMA": 46.3199375845014,
        "mAP_per_class": {
            "C0": 48.04322977420161,
            "C1": 44.73218356816942,
            "C2": 44.50676758579629
        },
        "mAP_per_class_EMA": {
            "C0": 48.10667453570583,
            "C1": 45.89575118229237,
            "C2": 44.95738703550602
        }
    },
    "CholecT50": {
        "AP": {
            "AP_i": 92.76294407247462,
            "AP_v": 67.22306404593151,
            "AP_t": 47.27049823738036,
            "AP_iv": 44.377338927688946,
            "AP_it": 44.46395688342259,
            "AP_ivt": 38.403513486650276
        },
        "AP_EMA": {
            "AP_i": 92.54633615384758,
            "AP_v": 68.22146958599892,
            "AP_t": 49.5667934564996,
            "AP_iv": 45.067684806176224,
            "AP_it": 47.107331158132716,
            "AP_ivt": 41.141922682004
        }
    }
}