{
    "Test": true,
    "Cholec80": {
        "F1_score": 67.99896792174836,
        "F1_score_EMA": null,
        "Per_video_f1": {
            "cholec80_video51": 70.23017033719017,
            "cholec80_video53": 69.45576923349067,
            "cholec80_video54": 72.11028161343627,
            "cholec80_video55": 81.87744270120268,
            "cholec80_video58": 55.24127428681375,
            "cholec80_video59": 72.90988166373106,
            "cholec80_video61": 63.39825888445036,
            "cholec80_video63": 71.5569809925913,
            "cholec80_video64": 75.92232485732244,
            "cholec80_video69": 79.25893083801114,
            "cholec80_video73": 79.76704753583651,
            "cholec80_video74": 60.18665426562328,
            "cholec80_video76": 57.60582678884464,
            "cholec80_video77": 74.96996860699358,
            "cholec80_video80": 35.493706220687606
        },
        "Per_video_f1_EMA": null
    },
    "Endoscapes": {
        "mAP": 51.01499510440954,
        "mAP_EMA": null,
        "mAP_per_class": {
            "C0": 53.33310078637944,
            "C1": 48.008979331601175,
            "C2": 51.702905195248015
        },
        "mAP_per_class_EMA": null
    },
    "CholecT50": {
        "AP": {
            "AP_i": 87.93007933869914,
            "AP_v": 61.15900555417471,
            "AP_t": 44.23526329641782,
            "AP_iv": 39.54870182459832,
            "AP_it": 36.58066172017548,
            "AP_ivt": 30.83715539327567
        },
        "AP_EMA": null
    }
}