{
    "Test": false,
    "Cholec80": {
        "F1_score": 74.95298039068831,
        "F1_score_EMA": 78.70682672198633,
        "Per_video_f1": {
            "cholec80_video41": 77.68128978579047,
            "cholec80_video43": 67.67532277373938,
            "cholec80_video44": 78.03273263792781,
            "cholec80_video45": 78.46531795772259,
            "cholec80_video46": 80.60621988300761,
            "cholec80_video47": 61.0985170916465,
            "cholec80_video48": 81.11146260498379
        },
        "Per_video_f1_EMA": {
            "cholec80_video41": 79.08626915115352,
            "cholec80_video43": 70.5195182512426,
            "cholec80_video44": 88.26912414126099,
            "cholec80_video45": 82.03747437991345,
            "cholec80_video46": 84.47238836361073,
            "cholec80_video47": 66.12780491255877,
            "cholec80_video48": 80.43520785416426
        }
    },
    "Endoscapes": {
        "mAP": 47.85483343732563,
        "mAP_EMA": 50.78931514544144,
        "mAP_per_class": {
            "C0": 48.343591183425886,
            "C1": 53.7433019784737,
            "C2": 41.477607150077304
        },
        "mAP_per_class_EMA": {
            "C0": 50.41430384920306,
            "C1": 55.165333269005046,
            "C2": 46.78830831811622
        }
    },
    "CholecT50": {
        "AP": {
            "AP_i": 88.09008715234995,
            "AP_v": 64.15137362125992,
            "AP_t": 49.14080554131686,
            "AP_iv": 42.04224758140671,
            "AP_it": 41.59906552991178,
            "AP_ivt": 34.93739545441947
        },
        "AP_EMA": {
            "AP_i": 91.28904765347632,
            "AP_v": 68.38233198173482,
            "AP_t": 50.23212195794799,
            "AP_iv": 45.71289297846312,
            "AP_it": 44.34873911159821,
            "AP_ivt": 37.88111516176045
        }
    }
}