{
    "Test": false,
    "Cholec80": {
        "F1_score": 77.20519523377548,
        "F1_score_EMA": 79.30175453652063,
        "Per_video_f1": {
            "cholec80_video41": 78.42787847364451,
            "cholec80_video43": 67.95776938691294,
            "cholec80_video44": 85.76577428582614,
            "cholec80_video45": 82.64938755159517,
            "cholec80_video46": 85.3565818673015,
            "cholec80_video47": 60.46314345161525,
            "cholec80_video48": 79.81583161953291
        },
        "Per_video_f1_EMA": {
            "cholec80_video41": 79.8330946916299,
            "cholec80_video43": 67.98716933493887,
            "cholec80_video44": 90.72032025476757,
            "cholec80_video45": 83.8645750239093,
            "cholec80_video46": 86.47827831292538,
            "cholec80_video47": 65.14280181632296,
            "cholec80_video48": 81.08604232115043
        }
    },
    "Endoscapes": {
        "mAP": 48.195204313333996,
        "mAP_EMA": 55.22430793022397,
        "mAP_per_class": {
            "C0": 50.50069054998255,
            "C1": 51.26641994274418,
            "C2": 42.81850244727526
        },
        "mAP_per_class_EMA": {
            "C0": 55.72824258688664,
            "C1": 58.7049608285109,
            "C2": 51.23972037527438
        }
    },
    "CholecT50": {
        "AP": {
            "AP_i": 91.4646109337685,
            "AP_v": 67.79966893093312,
            "AP_t": 46.675133595229994,
            "AP_iv": 45.691048348067085,
            "AP_it": 43.94229782455303,
            "AP_ivt": 39.45455609334659
        },
        "AP_EMA": {
            "AP_i": 93.48267304246525,
            "AP_v": 67.00213225329881,
            "AP_t": 49.62342671802985,
            "AP_iv": 46.415502378372196,
            "AP_it": 47.97731096947493,
            "AP_ivt": 41.89276584492978
        }
    }
}