{
    "Test": false,
    "Cholec80": {
        "F1_score": 77.74677960205307,
        "F1_score_EMA": 17.910415015611434,
        "Per_video_f1": {
            "cholec80_video41": 79.94161805041132,
            "cholec80_video43": 69.11803768739186,
            "cholec80_video44": 86.85064548577085,
            "cholec80_video45": 84.08800560496368,
            "cholec80_video46": 81.83387363077556,
            "cholec80_video47": 66.32915258810232,
            "cholec80_video48": 76.06612416695586
        },
        "Per_video_f1_EMA": {
            "cholec80_video41": 18.858736936841368,
            "cholec80_video43": 20.65781512588007,
            "cholec80_video44": 18.12075835366181,
            "cholec80_video45": 17.7390167889816,
            "cholec80_video46": 17.72195054522683,
            "cholec80_video47": 15.05686332011508,
            "cholec80_video48": 17.21776403857329
        }
    },
    "Endoscapes": {
        "mAP": 47.41429955651383,
        "mAP_EMA": 19.55649268037982,
        "mAP_per_class": {
            "C0": 47.16503360259677,
            "C1": 48.09331279521668,
            "C2": 46.98455227172805
        },
        "mAP_per_class_EMA": {
            "C0": 19.124032023870253,
            "C1": 15.7522833621751,
            "C2": 23.7931626550941
        }
    },
    "CholecT50": {
        "AP": {
            "AP_i": 83.80568890899774,
            "AP_v": 59.144516864369926,
            "AP_t": 48.38868001318865,
            "AP_iv": 39.65579583102711,
            "AP_it": 43.165162607948496,
            "AP_ivt": 37.25882550009194
        },
        "AP_EMA": {
            "AP_i": 40.227370340739476,
            "AP_v": 25.86188214725298,
            "AP_t": 23.45037792844623,
            "AP_iv": 15.355346826547212,
            "AP_it": 14.031610755746424,
            "AP_ivt": 11.706836021589735
        }
    }
}