{
    "Test": false,
    "Cholec80": {
        "F1_score": 77.42765495387745,
        "F1_score_EMA": 78.70506771617565,
        "Per_video_f1": {
            "cholec80_video41": 76.39748342185933,
            "cholec80_video43": 72.6023160318235,
            "cholec80_video44": 86.44585047176196,
            "cholec80_video45": 78.1197576656962,
            "cholec80_video46": 83.9319795109136,
            "cholec80_video47": 67.27598484505742,
            "cholec80_video48": 77.22021273003016
        },
        "Per_video_f1_EMA": {
            "cholec80_video41": 78.16215183767801,
            "cholec80_video43": 71.61712874302971,
            "cholec80_video44": 87.53010845857803,
            "cholec80_video45": 81.40685564771023,
            "cholec80_video46": 85.26428140757452,
            "cholec80_video47": 65.98171409332092,
            "cholec80_video48": 80.97323382533817
        }
    },
    "Endoscapes": {
        "mAP": 38.196165231072726,
        "mAP_EMA": 46.72430993340244,
        "mAP_per_class": {
            "C0": 41.38868410115403,
            "C1": 39.80404111123702,
            "C2": 33.395770480827125
        },
        "mAP_per_class_EMA": {
            "C0": 46.299739630057616,
            "C1": 48.24078158653387,
            "C2": 45.632408583615835
        }
    },
    "CholecT50": {
        "AP": {
            "AP_i": 90.57054111145705,
            "AP_v": 66.9327195574921,
            "AP_t": 45.20492995203954,
            "AP_iv": 43.9317700436506,
            "AP_it": 39.837720196061255,
            "AP_ivt": 33.76220218150196
        },
        "AP_EMA": {
            "AP_i": 92.09060623933237,
            "AP_v": 68.417868462572,
            "AP_t": 48.64871891672797,
            "AP_iv": 45.815600633116375,
            "AP_it": 43.64644184906513,
            "AP_ivt": 37.53999630635274
        }
    }
}