{
    "Test": false,
    "Cholec80": {
        "F1_score": 78.20310656033347,
        "F1_score_EMA": 79.51351595715006,
        "Per_video_f1": {
            "cholec80_video41": 74.50231661606243,
            "cholec80_video43": 72.27722594831116,
            "cholec80_video44": 87.3722255232985,
            "cholec80_video45": 83.07491182213789,
            "cholec80_video46": 86.50416216536716,
            "cholec80_video47": 63.91324464365161,
            "cholec80_video48": 79.77765920350554
        },
        "Per_video_f1_EMA": {
            "cholec80_video41": 81.03812228052902,
            "cholec80_video43": 69.03626840198893,
            "cholec80_video44": 90.74238842076078,
            "cholec80_video45": 84.16063803448412,
            "cholec80_video46": 86.28219624429886,
            "cholec80_video47": 64.3958728318554,
            "cholec80_video48": 80.93912548613335
        }
    },
    "Endoscapes": {
        "mAP": 49.03364398115861,
        "mAP_EMA": 55.85400494478679,
        "mAP_per_class": {
            "C0": 50.267878487258365,
            "C1": 50.49969789602158,
            "C2": 46.33335556019589
        },
        "mAP_per_class_EMA": {
            "C0": 56.285471661826634,
            "C1": 59.22000015908273,
            "C2": 52.056543013451
        }
    },
    "CholecT50": {
        "AP": {
            "AP_i": 93.17397424429372,
            "AP_v": 66.5908379413076,
            "AP_t": 45.45300933449422,
            "AP_iv": 44.76931789949546,
            "AP_it": 45.364002175769215,
            "AP_ivt": 38.53366172693304
        },
        "AP_EMA": {
            "AP_i": 94.01633543129857,
            "AP_v": 66.96689472724869,
            "AP_t": 49.76362273170624,
            "AP_iv": 45.73195829267561,
            "AP_it": 46.30374556637612,
            "AP_ivt": 39.66666708070765
        }
    }
}