{
    "Test": false,
    "Cholec80": {
        "F1_score": 77.2864456514521,
        "F1_score_EMA": 78.57193430621288,
        "Per_video_f1": {
            "cholec80_video41": 76.73984719207621,
            "cholec80_video43": 66.05990399269564,
            "cholec80_video44": 87.16281179658637,
            "cholec80_video45": 84.2574792851735,
            "cholec80_video46": 82.65586589925512,
            "cholec80_video47": 66.05186732673108,
            "cholec80_video48": 78.07734406764672
        },
        "Per_video_f1_EMA": {
            "cholec80_video41": 76.20974507443688,
            "cholec80_video43": 69.80967587703935,
            "cholec80_video44": 88.35651299433374,
            "cholec80_video45": 82.83039918004451,
            "cholec80_video46": 85.3998436580257,
            "cholec80_video47": 66.54228040625169,
            "cholec80_video48": 80.85508295335825
        }
    },
    "Endoscapes": {
        "mAP": 51.21319214459729,
        "mAP_EMA": 52.019158596151726,
        "mAP_per_class": {
            "C0": 54.165725955328625,
            "C1": 54.66726914363681,
            "C2": 44.80658133482644
        },
        "mAP_per_class_EMA": {
            "C0": 53.573902268705034,
            "C1": 56.48972764966157,
            "C2": 45.99384587008857
        }
    },
    "CholecT50": {
        "AP": {
            "AP_i": 91.96759370718549,
            "AP_v": 71.97263183066417,
            "AP_t": 49.26732442329886,
            "AP_iv": 44.87273640982145,
            "AP_it": 42.509637287608996,
            "AP_ivt": 37.104506511221345
        },
        "AP_EMA": {
            "AP_i": 92.53279381632701,
            "AP_v": 70.42529014714174,
            "AP_t": 51.28388093623504,
            "AP_iv": 49.21274838765207,
            "AP_it": 45.934175231494436,
            "AP_ivt": 40.40651415031231
        }
    }
}