{
    "Test": false,
    "Cholec80": {
        "F1_score": 76.75408062246784,
        "F1_score_EMA": 78.03948361391278,
        "Per_video_f1": {
            "cholec80_video41": 75.43912549111045,
            "cholec80_video43": 72.63136258545988,
            "cholec80_video44": 84.10013035657408,
            "cholec80_video45": 78.88580430278118,
            "cholec80_video46": 84.03309745293737,
            "cholec80_video47": 65.00988618488304,
            "cholec80_video48": 77.17915798352888
        },
        "Per_video_f1_EMA": {
            "cholec80_video41": 82.06669142466274,
            "cholec80_video43": 73.99005238868737,
            "cholec80_video44": 85.21302884994579,
            "cholec80_video45": 79.4812140274381,
            "cholec80_video46": 83.87102522819877,
            "cholec80_video47": 63.71613249306354,
            "cholec80_video48": 77.93824088539314
        }
    },
    "Endoscapes": {
        "mAP": 52.67328527750871,
        "mAP_EMA": 47.329914322779835,
        "mAP_per_class": {
            "C0": 55.091073786878994,
            "C1": 55.2091000768108,
            "C2": 47.71968196883633
        },
        "mAP_per_class_EMA": {
            "C0": 47.51314981923747,
            "C1": 46.59470308652113,
            "C2": 47.881890062580915
        }
    },
    "CholecT50": {
        "AP": {
            "AP_i": 89.86781962089181,
            "AP_v": 66.77568596666124,
            "AP_t": 49.205893088867384,
            "AP_iv": 44.753842800376056,
            "AP_it": 44.24423323009163,
            "AP_ivt": 38.39276051191606
        },
        "AP_EMA": {
            "AP_i": 92.7692719502008,
            "AP_v": 66.37184683957234,
            "AP_t": 49.31139883368855,
            "AP_iv": 45.3649190094859,
            "AP_it": 49.11399414196839,
            "AP_ivt": 42.288521299850856
        }
    }
}