{
    "Test": false,
    "Cholec80": {
        "F1_score": 76.06528815896446,
        "F1_score_EMA": 78.7315176348041,
        "Per_video_f1": {
            "cholec80_video41": 71.28411189812518,
            "cholec80_video43": 70.78885723510867,
            "cholec80_video44": 86.61127614837388,
            "cholec80_video45": 78.34622681726664,
            "cholec80_video46": 81.89307837938681,
            "cholec80_video47": 64.75290627431136,
            "cholec80_video48": 78.78056036017868
        },
        "Per_video_f1_EMA": {
            "cholec80_video41": 79.91227108457704,
            "cholec80_video43": 71.47208915885072,
            "cholec80_video44": 86.99203968446712,
            "cholec80_video45": 81.58492890672031,
            "cholec80_video46": 85.46503284287284,
            "cholec80_video47": 65.19378395165674,
            "cholec80_video48": 80.50047781448396
        }
    },
    "Endoscapes": {
        "mAP": 46.45015055224431,
        "mAP_EMA": 50.49459503428614,
        "mAP_per_class": {
            "C0": 47.19240553317601,
            "C1": 46.69389925857294,
            "C2": 45.46414686498398
        },
        "mAP_per_class_EMA": {
            "C0": 51.276372923665626,
            "C1": 51.48058587949944,
            "C2": 48.72682629969335
        }
    },
    "CholecT50": {
        "AP": {
            "AP_i": 90.85577229623311,
            "AP_v": 66.72421941338351,
            "AP_t": 47.30011048589309,
            "AP_iv": 44.61548326563045,
            "AP_it": 46.01817566225088,
            "AP_ivt": 37.944693218988796
        },
        "AP_EMA": {
            "AP_i": 92.87610558445725,
            "AP_v": 69.55897169726947,
            "AP_t": 49.437457982862355,
            "AP_iv": 47.232099248145076,
            "AP_it": 45.89406559095029,
            "AP_ivt": 39.901656903535816
        }
    }
}