{
    "Test": false,
    "Cholec80": {
        "F1_score": 75.54157100505678,
        "F1_score_EMA": 74.52560796864061,
        "Per_video_f1": {
            "cholec80_video41": 81.88851841013062,
            "cholec80_video43": 66.97220310596828,
            "cholec80_video44": 82.2345518600753,
            "cholec80_video45": 76.84933410401626,
            "cholec80_video46": 80.20755947822205,
            "cholec80_video47": 65.18985253846239,
            "cholec80_video48": 75.44897753852256
        },
        "Per_video_f1_EMA": {
            "cholec80_video41": 73.19437227846036,
            "cholec80_video43": 74.85542593187188,
            "cholec80_video44": 81.40718146227147,
            "cholec80_video45": 76.10922199101508,
            "cholec80_video46": 77.34552062866392,
            "cholec80_video47": 64.25729198219852,
            "cholec80_video48": 74.51024150600308
        }
    },
    "Endoscapes": {
        "mAP": 42.872864063882865,
        "mAP_EMA": 40.72375724431406,
        "mAP_per_class": {
            "C0": 44.353268014066494,
            "C1": 42.73803137250074,
            "C2": 41.52729280508135
        },
        "mAP_per_class_EMA": {
            "C0": 41.02961952153918,
            "C1": 39.88666696681521,
            "C2": 41.25498524458778
        }
    },
    "CholecT50": {
        "AP": {
            "AP_i": 90.81575143762073,
            "AP_v": 64.18817306461635,
            "AP_t": 48.06128987799577,
            "AP_iv": 42.506562096183195,
            "AP_it": 43.568051731170314,
            "AP_ivt": 37.311378081026994
        },
        "AP_EMA": {
            "AP_i": 86.45544869188579,
            "AP_v": 59.54704350793729,
            "AP_t": 48.17074163373393,
            "AP_iv": 39.17511468106945,
            "AP_it": 42.09208741740354,
            "AP_ivt": 36.54515373289633
        }
    }
}