{
    "Test": false,
    "Cholec80": {
        "F1_score": 76.7667355077308,
        "F1_score_EMA": 78.67430937437116,
        "Per_video_f1": {
            "cholec80_video41": 77.31118090259775,
            "cholec80_video43": 69.22717444760481,
            "cholec80_video44": 84.36320130406611,
            "cholec80_video45": 75.42993678030402,
            "cholec80_video46": 83.84993776750362,
            "cholec80_video47": 65.28385860622657,
            "cholec80_video48": 81.90185874581273
        },
        "Per_video_f1_EMA": {
            "cholec80_video41": 77.8655551285864,
            "cholec80_video43": 71.1999152974523,
            "cholec80_video44": 88.22593287741206,
            "cholec80_video45": 81.26887465254475,
            "cholec80_video46": 85.17235898037232,
            "cholec80_video47": 65.7520820739818,
            "cholec80_video48": 81.23544661024849
        }
    },
    "Endoscapes": {
        "mAP": 41.74989280459792,
        "mAP_EMA": 47.47315642012226,
        "mAP_per_class": {
            "C0": 40.84948164005142,
            "C1": 42.69913833066897,
            "C2": 41.70105844307336
        },
        "mAP_per_class_EMA": {
            "C0": 47.59155214418928,
            "C1": 48.80463562473906,
            "C2": 46.02328149143843
        }
    },
    "CholecT50": {
        "AP": {
            "AP_i": 90.15080403525201,
            "AP_v": 64.91417365709512,
            "AP_t": 46.60869420324291,
            "AP_iv": 44.38491197086552,
            "AP_it": 43.33089431547008,
            "AP_ivt": 36.87334221199811
        },
        "AP_EMA": {
            "AP_i": 92.12588833898441,
            "AP_v": 69.9725221690127,
            "AP_t": 48.761660379756414,
            "AP_iv": 46.982449324812684,
            "AP_it": 43.5864480143687,
            "AP_ivt": 37.969583325208944
        }
    }
}