{
    "Test": false,
    "Cholec80": {
        "F1_score": 76.54901521638169,
        "F1_score_EMA": 47.58647732366371,
        "Per_video_f1": {
            "cholec80_video41": 72.49370181536608,
            "cholec80_video43": 71.49503487585382,
            "cholec80_video44": 86.21963349347398,
            "cholec80_video45": 79.7878874310959,
            "cholec80_video46": 82.75449177133237,
            "cholec80_video47": 65.29138400598214,
            "cholec80_video48": 77.80097312156754
        },
        "Per_video_f1_EMA": {
            "cholec80_video41": 44.49444376274429,
            "cholec80_video43": 47.04743382991539,
            "cholec80_video44": 50.81530097126199,
            "cholec80_video45": 44.7406044371494,
            "cholec80_video46": 51.61306495073396,
            "cholec80_video47": 56.40971367414781,
            "cholec80_video48": 37.98477963969313
        }
    },
    "Endoscapes": {
        "mAP": 47.10390450374494,
        "mAP_EMA": 31.764293727648244,
        "mAP_per_class": {
            "C0": 47.65585422941855,
            "C1": 44.54452436685063,
            "C2": 49.111334914965646
        },
        "mAP_per_class_EMA": {
            "C0": 29.438302309956672,
            "C1": 31.255984936805486,
            "C2": 34.598593936182574
        }
    },
    "CholecT50": {
        "AP": {
            "AP_i": 89.57172960901049,
            "AP_v": 65.91996834221698,
            "AP_t": 48.04542601384753,
            "AP_iv": 42.047392536636366,
            "AP_it": 42.05833615511911,
            "AP_ivt": 36.74043079691506
        },
        "AP_EMA": {
            "AP_i": 73.06079110425615,
            "AP_v": 48.995973754767675,
            "AP_t": 42.098758016879984,
            "AP_iv": 31.26516885922484,
            "AP_it": 35.10188692067112,
            "AP_ivt": 29.767985586089257
        }
    }
}