{
    "Test": false,
    "Cholec80": {
        "F1_score": 76.3868433200336,
        "F1_score_EMA": 74.96856112500022,
        "Per_video_f1": {
            "cholec80_video41": 78.20684576583295,
            "cholec80_video43": 67.58947652113348,
            "cholec80_video44": 86.99137187955232,
            "cholec80_video45": 75.52827716032678,
            "cholec80_video46": 84.60800528147064,
            "cholec80_video47": 64.50647255783683,
            "cholec80_video48": 77.27745407408227
        },
        "Per_video_f1_EMA": {
            "cholec80_video41": 64.60100015491795,
            "cholec80_video43": 76.07026175331121,
            "cholec80_video44": 82.88847654462252,
            "cholec80_video45": 78.84264967728922,
            "cholec80_video46": 80.93382073663228,
            "cholec80_video47": 65.92516118667866,
            "cholec80_video48": 75.51855782154973
        }
    },
    "Endoscapes": {
        "mAP": 49.3993285384465,
        "mAP_EMA": 44.444636211799036,
        "mAP_per_class": {
            "C0": 49.87863645569529,
            "C1": 52.45488503009433,
            "C2": 45.864464129549866
        },
        "mAP_per_class_EMA": {
            "C0": 42.97278259179699,
            "C1": 45.58018421629534,
            "C2": 44.78094182730478
        }
    },
    "CholecT50": {
        "AP": {
            "AP_i": 92.81844993809447,
            "AP_v": 67.81454355191538,
            "AP_t": 48.85080075036623,
            "AP_iv": 46.75976579222049,
            "AP_it": 45.29877364299268,
            "AP_ivt": 39.95246577752089
        },
        "AP_EMA": {
            "AP_i": 84.11978237458156,
            "AP_v": 58.710397910372706,
            "AP_t": 47.85381315961661,
            "AP_iv": 38.51858389768632,
            "AP_it": 40.92406944414832,
            "AP_ivt": 35.61528521701678
        }
    }
}