{
    "Test": false,
    "Cholec80": {
        "F1_score": 77.24383630966722,
        "F1_score_EMA": 78.77276028082613,
        "Per_video_f1": {
            "cholec80_video41": 76.83888246475357,
            "cholec80_video43": 66.15720996660066,
            "cholec80_video44": 85.59931077249135,
            "cholec80_video45": 81.92365527524169,
            "cholec80_video46": 85.18745915326387,
            "cholec80_video47": 67.25860858018582,
            "cholec80_video48": 77.74172795513358
        },
        "Per_video_f1_EMA": {
            "cholec80_video41": 75.8786854302099,
            "cholec80_video43": 70.69167611375795,
            "cholec80_video44": 88.61057034209786,
            "cholec80_video45": 83.3554727002198,
            "cholec80_video46": 85.85301952906423,
            "cholec80_video47": 66.44368974358035,
            "cholec80_video48": 80.57620810685285
        }
    },
    "Endoscapes": {
        "mAP": 52.24690231581673,
        "mAP_EMA": 52.66119308712381,
        "mAP_per_class": {
            "C0": 54.75925531698292,
            "C1": 55.08816072923417,
            "C2": 46.893290901233115
        },
        "mAP_per_class_EMA": {
            "C0": 53.8149272546248,
            "C1": 57.10011938057667,
            "C2": 47.06853262616997
        }
    },
    "CholecT50": {
        "AP": {
            "AP_i": 91.7647696727106,
            "AP_v": 68.67634138587265,
            "AP_t": 47.57420128847001,
            "AP_iv": 45.90116717905222,
            "AP_it": 43.35476874387045,
            "AP_ivt": 37.16992216567778
        },
        "AP_EMA": {
            "AP_i": 92.76278636236982,
            "AP_v": 70.47011586678632,
            "AP_t": 51.391649269972895,
            "AP_iv": 48.78080413502003,
            "AP_it": 46.52996562287994,
            "AP_ivt": 40.76054836124189
        }
    }
}