{
    "Test": true,
    "Cholec80": {
        "F1_score": 75.15515053726926,
        "F1_score_EMA": null,
        "Per_video_f1": {
            "cholec80_video51": 81.20176881216506,
            "cholec80_video53": 77.0124376774198,
            "cholec80_video54": 77.16659054988318,
            "cholec80_video55": 83.8221791712552,
            "cholec80_video58": 57.9711975537024,
            "cholec80_video59": 88.72027572740778,
            "cholec80_video61": 73.99078125599213,
            "cholec80_video63": 68.08144005078631,
            "cholec80_video64": 83.68675556033108,
            "cholec80_video69": 82.70144062124646,
            "cholec80_video73": 89.33711102829521,
            "cholec80_video74": 70.31601848275851,
            "cholec80_video76": 76.27579764767887,
            "cholec80_video77": 80.44816376878629,
            "cholec80_video80": 36.59530015133069
        },
        "Per_video_f1_EMA": null
    },
    "Endoscapes": {
        "mAP": 51.883100484171294,
        "mAP_EMA": null,
        "mAP_per_class": {
            "C0": 47.235788927046016,
            "C1": 49.46855211622076,
            "C2": 58.9449604092471
        },
        "mAP_per_class_EMA": null
    },
    "CholecT50": {
        "AP": {
            "AP_i": 89.46789117626138,
            "AP_v": 62.56326988127031,
            "AP_t": 45.079314925920414,
            "AP_iv": 40.37493587503815,
            "AP_it": 36.89923166119943,
            "AP_ivt": 31.670584082198328
        },
        "AP_EMA": null
    }
}