{
    "Test": false,
    "Cholec80": {
        "F1_score": 77.9324979772065,
        "F1_score_EMA": 79.41697025772007,
        "Per_video_f1": {
            "cholec80_video41": 77.99348908402315,
            "cholec80_video43": 68.08080130741106,
            "cholec80_video44": 85.59643064935744,
            "cholec80_video45": 80.51025991372872,
            "cholec80_video46": 83.31832357574899,
            "cholec80_video47": 68.42760570931293,
            "cholec80_video48": 81.60057560086317
        },
        "Per_video_f1_EMA": {
            "cholec80_video41": 82.14466195478414,
            "cholec80_video43": 70.86155145683394,
            "cholec80_video44": 88.07200960667863,
            "cholec80_video45": 82.83978217818509,
            "cholec80_video46": 85.1754257742144,
            "cholec80_video47": 64.58476477129936,
            "cholec80_video48": 82.24059606204493
        }
    },
    "Endoscapes": {
        "mAP": 44.319603363990964,
        "mAP_EMA": 50.332538775783306,
        "mAP_per_class": {
            "C0": 46.96038386687259,
            "C1": 44.377116159877545,
            "C2": 41.62131006522276
        },
        "mAP_per_class_EMA": {
            "C0": 52.0006185752038,
            "C1": 52.57180258729299,
            "C2": 46.425195164853115
        }
    },
    "CholecT50": {
        "AP": {
            "AP_i": 90.6089380847058,
            "AP_v": 65.41176870226982,
            "AP_t": 47.37382135226592,
            "AP_iv": 41.9261894918981,
            "AP_it": 41.46940536366198,
            "AP_ivt": 34.23846279881178
        },
        "AP_EMA": {
            "AP_i": 93.63595007845707,
            "AP_v": 70.94135848087656,
            "AP_t": 49.431501610733065,
            "AP_iv": 46.307453106306255,
            "AP_it": 44.88633891423728,
            "AP_ivt": 38.75394968604432
        }
    }
}