{
    "Test": false,
    "Cholec80": {
        "F1_score": 76.76522775373535,
        "F1_score_EMA": 79.70781624899153,
        "Per_video_f1": {
            "cholec80_video41": 81.15771983299688,
            "cholec80_video43": 68.11202012451429,
            "cholec80_video44": 84.43724080949363,
            "cholec80_video45": 78.12326430573891,
            "cholec80_video46": 82.57028964873936,
            "cholec80_video47": 65.13703048373397,
            "cholec80_video48": 77.81902907093041
        },
        "Per_video_f1_EMA": {
            "cholec80_video41": 78.83225329947122,
            "cholec80_video43": 73.07267195766212,
            "cholec80_video44": 86.92081669771015,
            "cholec80_video45": 84.63156257995834,
            "cholec80_video46": 86.65285444693404,
            "cholec80_video47": 66.88729637435894,
            "cholec80_video48": 80.95725838684594
        }
    },
    "Endoscapes": {
        "mAP": 46.14985391038121,
        "mAP_EMA": 47.518477441461066,
        "mAP_per_class": {
            "C0": 47.41363859536545,
            "C1": 48.15562796383946,
            "C2": 42.880295171938734
        },
        "mAP_per_class_EMA": {
            "C0": 47.67098801151766,
            "C1": 49.710476753399064,
            "C2": 45.17396755946648
        }
    },
    "CholecT50": {
        "AP": {
            "AP_i": 90.95689406978504,
            "AP_v": 65.58870748027707,
            "AP_t": 47.22362777382975,
            "AP_iv": 43.255365924708244,
            "AP_it": 44.61884241143588,
            "AP_ivt": 37.4526608423763
        },
        "AP_EMA": {
            "AP_i": 93.08352294634024,
            "AP_v": 69.52157090458027,
            "AP_t": 48.834214023009395,
            "AP_iv": 45.66473295567186,
            "AP_it": 47.95476411538178,
            "AP_ivt": 41.06585085657651
        }
    }
}