{
    "Test": false,
    "Cholec80": {
        "F1_score": 77.36958360275185,
        "F1_score_EMA": 79.1696331446193,
        "Per_video_f1": {
            "cholec80_video41": 78.2941438516503,
            "cholec80_video43": 69.01473282829288,
            "cholec80_video44": 85.59242516847601,
            "cholec80_video45": 78.64946171577405,
            "cholec80_video46": 84.47297086993957,
            "cholec80_video47": 65.74349854534394,
            "cholec80_video48": 79.8198522397862
        },
        "Per_video_f1_EMA": {
            "cholec80_video41": 78.9045651938278,
            "cholec80_video43": 68.22698325452359,
            "cholec80_video44": 90.64337804185226,
            "cholec80_video45": 83.53832380049172,
            "cholec80_video46": 86.02917353855142,
            "cholec80_video47": 64.84704612307304,
            "cholec80_video48": 81.99796206001521
        }
    },
    "Endoscapes": {
        "mAP": 52.60822018095644,
        "mAP_EMA": 56.7665520089407,
        "mAP_per_class": {
            "C0": 53.43275059493706,
            "C1": 56.22692255417777,
            "C2": 48.16498739375447
        },
        "mAP_per_class_EMA": {
            "C0": 56.57568724375482,
            "C1": 61.1234836602565,
            "C2": 52.60048512281078
        }
    },
    "CholecT50": {
        "AP": {
            "AP_i": 91.96965794172202,
            "AP_v": 63.787034783948215,
            "AP_t": 47.083539971346795,
            "AP_iv": 42.58977392091771,
            "AP_it": 40.663466579002694,
            "AP_ivt": 34.169220474130526
        },
        "AP_EMA": {
            "AP_i": 92.68731329939259,
            "AP_v": 68.05038438428629,
            "AP_t": 49.556737657112684,
            "AP_iv": 47.12001605459466,
            "AP_it": 44.76934690620111,
            "AP_ivt": 39.53094619710007
        }
    }
}