{
    "Test": false,
    "Cholec80": {
        "F1_score": 74.82256354012392,
        "F1_score_EMA": 78.63111897635412,
        "Per_video_f1": {
            "cholec80_video41": 73.59763722392944,
            "cholec80_video43": 69.23446319759252,
            "cholec80_video44": 79.34006235175494,
            "cholec80_video45": 76.64766254689344,
            "cholec80_video46": 79.78844862670665,
            "cholec80_video47": 64.36376955989213,
            "cholec80_video48": 80.78590127409832
        },
        "Per_video_f1_EMA": {
            "cholec80_video41": 79.12335204810515,
            "cholec80_video43": 70.95872678098223,
            "cholec80_video44": 87.75878395739603,
            "cholec80_video45": 81.1346808835305,
            "cholec80_video46": 85.27010551193092,
            "cholec80_video47": 65.4717419638273,
            "cholec80_video48": 80.70044168870668
        }
    },
    "Endoscapes": {
        "mAP": 42.03287591793401,
        "mAP_EMA": 49.02010191695917,
        "mAP_per_class": {
            "C0": 42.745219561255865,
            "C1": 40.541878623129136,
            "C2": 42.811529569417026
        },
        "mAP_per_class_EMA": {
            "C0": 49.36229853819803,
            "C1": 50.15445422448492,
            "C2": 47.543552988194556
        }
    },
    "CholecT50": {
        "AP": {
            "AP_i": 88.2550788036646,
            "AP_v": 66.80538121213864,
            "AP_t": 46.308834078900496,
            "AP_iv": 44.85333429134198,
            "AP_it": 43.457459506474606,
            "AP_ivt": 37.1612595779857
        },
        "AP_EMA": {
            "AP_i": 92.5607489261788,
            "AP_v": 70.5043881154517,
            "AP_t": 49.08653149325925,
            "AP_iv": 47.375789595498894,
            "AP_it": 44.922887009705164,
            "AP_ivt": 39.151473294966976
        }
    }
}