{
    "Test": false,
    "Cholec80": {
        "F1_score": 78.24683657650246,
        "F1_score_EMA": 79.037103448165,
        "Per_video_f1": {
            "cholec80_video41": 79.63083980333992,
            "cholec80_video43": 70.10512837680336,
            "cholec80_video44": 85.52690988202814,
            "cholec80_video45": 80.39792347242198,
            "cholec80_video46": 84.63905892040327,
            "cholec80_video47": 68.62003675187658,
            "cholec80_video48": 78.80795882864395
        },
        "Per_video_f1_EMA": {
            "cholec80_video41": 79.7933101801459,
            "cholec80_video43": 70.67323688265303,
            "cholec80_video44": 87.38183128746392,
            "cholec80_video45": 82.75939089281746,
            "cholec80_video46": 85.89420840849995,
            "cholec80_video47": 66.1214259531386,
            "cholec80_video48": 80.63632053243614
        }
    },
    "Endoscapes": {
        "mAP": 45.5091480545406,
        "mAP_EMA": 48.15216950702877,
        "mAP_per_class": {
            "C0": 46.34978175314295,
            "C1": 47.986391073869235,
            "C2": 42.19127133660963
        },
        "mAP_per_class_EMA": {
            "C0": 48.968923891950055,
            "C1": 51.09248800253879,
            "C2": 44.39509662659747
        }
    },
    "CholecT50": {
        "AP": {
            "AP_i": 91.64298741068235,
            "AP_v": 68.93599728638351,
            "AP_t": 46.74830128233247,
            "AP_iv": 44.314295531969094,
            "AP_it": 41.46494320787406,
            "AP_ivt": 35.79622154303044
        },
        "AP_EMA": {
            "AP_i": 93.55190935059994,
            "AP_v": 69.01347056292916,
            "AP_t": 48.61228369107502,
            "AP_iv": 45.11492733063796,
            "AP_it": 46.09186357211521,
            "AP_ivt": 39.02864679777714
        }
    }
}