{
    "Test": false,
    "Cholec80": {
        "F1_score": 78.73807206901517,
        "F1_score_EMA": 79.1910939196293,
        "Per_video_f1": {
            "cholec80_video41": 80.21046288386906,
            "cholec80_video43": 68.43749651469822,
            "cholec80_video44": 84.71215719656693,
            "cholec80_video45": 84.60519684657525,
            "cholec80_video46": 82.86242062547242,
            "cholec80_video47": 69.22313908012548,
            "cholec80_video48": 81.11563133579885
        },
        "Per_video_f1_EMA": {
            "cholec80_video41": 78.50371697435453,
            "cholec80_video43": 68.18203496422491,
            "cholec80_video44": 90.65095812163412,
            "cholec80_video45": 83.29477635458728,
            "cholec80_video46": 86.20360906426095,
            "cholec80_video47": 65.48911883116375,
            "cholec80_video48": 82.01344312717957
        }
    },
    "Endoscapes": {
        "mAP": 50.93620900312784,
        "mAP_EMA": 56.1195482022371,
        "mAP_per_class": {
            "C0": 52.69735855737879,
            "C1": 53.15041997061643,
            "C2": 46.96084848138831
        },
        "mAP_per_class_EMA": {
            "C0": 55.965127778476685,
            "C1": 60.337665923057315,
            "C2": 52.0558509051773
        }
    },
    "CholecT50": {
        "AP": {
            "AP_i": 91.18222474013076,
            "AP_v": 66.42987683891988,
            "AP_t": 47.90264617784064,
            "AP_iv": 43.071704839310065,
            "AP_it": 42.084353143746014,
            "AP_ivt": 35.123749625137506
        },
        "AP_EMA": {
            "AP_i": 92.71740388808314,
            "AP_v": 68.26567354794204,
            "AP_t": 50.04210899262781,
            "AP_iv": 46.40096519302436,
            "AP_it": 44.86759275906185,
            "AP_ivt": 39.061945384951294
        }
    }
}