{
    "Test": false,
    "Cholec80": {
        "F1_score": 76.54102911956522,
        "F1_score_EMA": 38.41910287077422,
        "Per_video_f1": {
            "cholec80_video41": 83.00014371330552,
            "cholec80_video43": 70.02449640122967,
            "cholec80_video44": 83.9524986424481,
            "cholec80_video45": 73.69242998376521,
            "cholec80_video46": 81.26607383190364,
            "cholec80_video47": 64.54747245903339,
            "cholec80_video48": 79.30408880527101
        },
        "Per_video_f1_EMA": {
            "cholec80_video41": 39.474556093610644,
            "cholec80_video43": 40.63147198601026,
            "cholec80_video44": 43.34143740580996,
            "cholec80_video45": 36.359177824903924,
            "cholec80_video46": 44.375405330371265,
            "cholec80_video47": 34.23447834391819,
            "cholec80_video48": 30.517193110795294
        }
    },
    "Endoscapes": {
        "mAP": 48.969713982198684,
        "mAP_EMA": 33.00899054366917,
        "mAP_per_class": {
            "C0": 51.07915540943084,
            "C1": 49.21646818964018,
            "C2": 46.61351834752503
        },
        "mAP_per_class_EMA": {
            "C0": 31.62546960254463,
            "C1": 32.040778168064996,
            "C2": 35.3607238603979
        }
    },
    "CholecT50": {
        "AP": {
            "AP_i": 90.33912062847496,
            "AP_v": 65.27890120352848,
            "AP_t": 49.030135077996256,
            "AP_iv": 43.41565756864682,
            "AP_it": 41.82854046347152,
            "AP_ivt": 36.81679476659478
        },
        "AP_EMA": {
            "AP_i": 74.55644193149573,
            "AP_v": 49.48975743828316,
            "AP_t": 42.976990195431725,
            "AP_iv": 32.433532420592044,
            "AP_it": 34.2898528892573,
            "AP_ivt": 30.1838544569591
        }
    }
}