{
    "Test": false,
    "Cholec80": {
        "F1_score": 76.99718917887591,
        "F1_score_EMA": 78.9724277663193,
        "Per_video_f1": {
            "cholec80_video41": 77.89496866531795,
            "cholec80_video43": 71.0889443486542,
            "cholec80_video44": 84.39771330798796,
            "cholec80_video45": 76.34552915568788,
            "cholec80_video46": 83.91568705763342,
            "cholec80_video47": 64.05691835672155,
            "cholec80_video48": 81.28056336012848
        },
        "Per_video_f1_EMA": {
            "cholec80_video41": 78.9135203449426,
            "cholec80_video43": 70.86703045995574,
            "cholec80_video44": 86.5776666245193,
            "cholec80_video45": 84.11847649565846,
            "cholec80_video46": 85.14347530750914,
            "cholec80_video47": 66.49646379861912,
            "cholec80_video48": 80.6903613330308
        }
    },
    "Endoscapes": {
        "mAP": 45.80389535623415,
        "mAP_EMA": 48.02079798905553,
        "mAP_per_class": {
            "C0": 47.14437793228617,
            "C1": 47.670646719594814,
            "C2": 42.596661416821476
        },
        "mAP_per_class_EMA": {
            "C0": 48.7958989974305,
            "C1": 50.7860882311168,
            "C2": 44.480406738619294
        }
    },
    "CholecT50": {
        "AP": {
            "AP_i": 92.35972590409428,
            "AP_v": 65.62600758880008,
            "AP_t": 46.22952418790722,
            "AP_iv": 43.39223549754905,
            "AP_it": 43.74706057341665,
            "AP_ivt": 36.88270424292908
        },
        "AP_EMA": {
            "AP_i": 93.51179250527277,
            "AP_v": 69.22532615008092,
            "AP_t": 48.55163797804558,
            "AP_iv": 45.14349800349479,
            "AP_it": 45.22216758186928,
            "AP_ivt": 38.30297517280014
        }
    }
}