{
    "Test": false,
    "Cholec80": {
        "F1_score": 76.73458212693137,
        "F1_score_EMA": 11.568860053728908,
        "Per_video_f1": {
            "cholec80_video41": 75.06490100422269,
            "cholec80_video43": 71.81943911957138,
            "cholec80_video44": 85.21012702580875,
            "cholec80_video45": 77.27493403362563,
            "cholec80_video46": 83.04142571832556,
            "cholec80_video47": 66.14916284433156,
            "cholec80_video48": 78.58208514263404
        },
        "Per_video_f1_EMA": {
            "cholec80_video41": 13.267733348647873,
            "cholec80_video43": 16.1013761013761,
            "cholec80_video44": 8.323968402679206,
            "cholec80_video45": 12.15761210952185,
            "cholec80_video46": 10.56738884065939,
            "cholec80_video47": 6.458661762129971,
            "cholec80_video48": 14.105279811087962
        }
    },
    "Endoscapes": {
        "mAP": 40.545642464403905,
        "mAP_EMA": 19.23253094039415,
        "mAP_per_class": {
            "C0": 42.855700881080885,
            "C1": 40.34262145756465,
            "C2": 38.438605054566175
        },
        "mAP_per_class_EMA": {
            "C0": 20.750873398350087,
            "C1": 13.031776337736689,
            "C2": 23.914943085095665
        }
    },
    "CholecT50": {
        "AP": {
            "AP_i": 84.4571259431037,
            "AP_v": 64.34312611350545,
            "AP_t": 46.94512644419113,
            "AP_iv": 42.460087330047195,
            "AP_it": 40.565607007808005,
            "AP_ivt": 36.523873224606184
        },
        "AP_EMA": {
            "AP_i": 39.68826947577769,
            "AP_v": 26.573068955700155,
            "AP_t": 24.91801169078611,
            "AP_iv": 15.43743396436431,
            "AP_it": 14.405887713393582,
            "AP_ivt": 11.71901807588484
        }
    }
}