{
    "Test": false,
    "Cholec80": {
        "F1_score": 75.78310171680906,
        "F1_score_EMA": 10.159076354695326,
        "Per_video_f1": {
            "cholec80_video41": 72.79073429403697,
            "cholec80_video43": 71.05521826768924,
            "cholec80_video44": 83.66941661472515,
            "cholec80_video45": 81.08205942007672,
            "cholec80_video46": 81.93963023804423,
            "cholec80_video47": 65.88305955493362,
            "cholec80_video48": 74.06159362815744
        },
        "Per_video_f1_EMA": {
            "cholec80_video41": 10.166667176208888,
            "cholec80_video43": 13.379585023066564,
            "cholec80_video44": 10.558112790773746,
            "cholec80_video45": 8.732030892866684,
            "cholec80_video46": 10.514151998253087,
            "cholec80_video47": 5.940384289890297,
            "cholec80_video48": 11.82260231180802
        }
    },
    "Endoscapes": {
        "mAP": 44.0499929540834,
        "mAP_EMA": 15.710092733081765,
        "mAP_per_class": {
            "C0": 45.1637976640651,
            "C1": 42.92140918351266,
            "C2": 44.06477201467245
        },
        "mAP_per_class_EMA": {
            "C0": 16.074054682839904,
            "C1": 14.144077202764263,
            "C2": 16.912146313641127
        }
    },
    "CholecT50": {
        "AP": {
            "AP_i": 90.37884367235169,
            "AP_v": 66.21523558903527,
            "AP_t": 48.68308354736977,
            "AP_iv": 45.486745299299336,
            "AP_it": 42.48840242685158,
            "AP_ivt": 37.635356641708064
        },
        "AP_EMA": {
            "AP_i": 43.73395637031141,
            "AP_v": 28.892122926044017,
            "AP_t": 23.350606572050385,
            "AP_iv": 16.94427550387177,
            "AP_it": 14.341575006358624,
            "AP_ivt": 11.975137477385461
        }
    }
}