{
    "Test": false,
    "Cholec80": {
        "F1_score": 76.7151143457501,
        "F1_score_EMA": 79.27050732399529,
        "Per_video_f1": {
            "cholec80_video41": 76.93846680490472,
            "cholec80_video43": 65.22850598380188,
            "cholec80_video44": 85.21112369571802,
            "cholec80_video45": 79.52414061972678,
            "cholec80_video46": 82.39268190226257,
            "cholec80_video47": 66.54392110616169,
            "cholec80_video48": 81.16696030767498
        },
        "Per_video_f1_EMA": {
            "cholec80_video41": 80.87233041123633,
            "cholec80_video43": 70.04338863723515,
            "cholec80_video44": 87.5013097917977,
            "cholec80_video45": 83.50668186666842,
            "cholec80_video46": 85.6676466764726,
            "cholec80_video47": 65.23566960117851,
            "cholec80_video48": 82.0665242833783
        }
    },
    "Endoscapes": {
        "mAP": 49.617340512968475,
        "mAP_EMA": 49.07988515984137,
        "mAP_per_class": {
            "C0": 51.04529696990953,
            "C1": 50.156904454755036,
            "C2": 47.64982011424087
        },
        "mAP_per_class_EMA": {
            "C0": 50.97205572581819,
            "C1": 51.425885370551214,
            "C2": 44.841714383154695
        }
    },
    "CholecT50": {
        "AP": {
            "AP_i": 92.53210048305039,
            "AP_v": 71.56162149488003,
            "AP_t": 46.46257170346376,
            "AP_iv": 45.40441104078009,
            "AP_it": 41.41602873943647,
            "AP_ivt": 35.4940263643388
        },
        "AP_EMA": {
            "AP_i": 93.03548060188253,
            "AP_v": 69.104782588145,
            "AP_t": 49.72692261377873,
            "AP_iv": 45.03381901221455,
            "AP_it": 46.79003915666896,
            "AP_ivt": 39.121374877918015
        }
    }
}