{
    "Test": false,
    "Cholec80": {
        "F1_score": 70.84949874630892,
        "F1_score_EMA": 70.8617754426201,
        "Per_video_f1": {
            "cholec80_video41": 69.37109958111964,
            "cholec80_video43": 66.73845815153898,
            "cholec80_video44": 67.2708237040927,
            "cholec80_video45": 77.35277803920181,
            "cholec80_video46": 74.97521109052597,
            "cholec80_video47": 64.79143351817058,
            "cholec80_video48": 75.4466871395128
        },
        "Per_video_f1_EMA": {
            "cholec80_video41": 63.69417064671863,
            "cholec80_video43": 80.12550735671343,
            "cholec80_video44": 66.97527154659788,
            "cholec80_video45": 64.72267044270498,
            "cholec80_video46": 70.42844690087578,
            "cholec80_video47": 74.18792300070808,
            "cholec80_video48": 75.8984382040219
        }
    },
    "Endoscapes": {
        "mAP": 45.74413429688294,
        "mAP_EMA": 42.70082266080051,
        "mAP_per_class": {
            "C0": 46.91188957056166,
            "C1": 45.84575087478727,
            "C2": 44.47476244529989
        },
        "mAP_per_class_EMA": {
            "C0": 39.960623253016216,
            "C1": 41.87300903763676,
            "C2": 46.26883569174855
        }
    },
    "CholecT50": {
        "AP": {
            "AP_i": 81.46220411011073,
            "AP_v": 57.19338968338228,
            "AP_t": 41.52819236160671,
            "AP_iv": 39.7280243830024,
            "AP_it": 36.029936429016956,
            "AP_ivt": 31.342401663238846
        },
        "AP_EMA": {
            "AP_i": 78.19135826438229,
            "AP_v": 54.165326062320375,
            "AP_t": 43.74371487180513,
            "AP_iv": 37.87230482133818,
            "AP_it": 38.67624097356453,
            "AP_ivt": 34.46186729551647
        }
    }
}