{
    "Test": false,
    "Cholec80": {
        "F1_score": 65.36723933392764,
        "F1_score_EMA": 70.86932890969577,
        "Per_video_f1": {
            "cholec80_video41": 66.07645109563391,
            "cholec80_video43": 59.45323580587293,
            "cholec80_video44": 66.52059068041257,
            "cholec80_video45": 75.88831148020638,
            "cholec80_video46": 73.8214648896635,
            "cholec80_video47": 45.60804610930768,
            "cholec80_video48": 70.20257527639657
        },
        "Per_video_f1_EMA": {
            "cholec80_video41": 70.95843899379562,
            "cholec80_video43": 63.9477754822818,
            "cholec80_video44": 75.11888647946289,
            "cholec80_video45": 79.46856497231785,
            "cholec80_video46": 77.82837862059718,
            "cholec80_video47": 53.67077776180097,
            "cholec80_video48": 75.09248005761405
        }
    },
    "Endoscapes": {
        "mAP": 35.49493381541914,
        "mAP_EMA": 45.20530047008473,
        "mAP_per_class": {
            "C0": 31.75373041236127,
            "C1": 42.63145923061059,
            "C2": 32.099611803285555
        },
        "mAP_per_class_EMA": {
            "C0": 42.834570160285914,
            "C1": 52.24669278998889,
            "C2": 40.534638459979384
        }
    },
    "CholecT50": {
        "AP": {
            "AP_i": 77.86791121033185,
            "AP_v": 50.841182716432364,
            "AP_t": 38.22621245435561,
            "AP_iv": 32.17040051064996,
            "AP_it": 29.427194360610038,
            "AP_ivt": 24.69434687175409
        },
        "AP_EMA": {
            "AP_i": 82.91994647619907,
            "AP_v": 59.48008558627846,
            "AP_t": 41.45919558381529,
            "AP_iv": 38.644197976541385,
            "AP_it": 35.402962607188364,
            "AP_ivt": 30.379071738414908
        }
    }
}