{
    "Test": false,
    "Cholec80": {
        "F1_score": 58.57732420365948,
        "F1_score_EMA": 75.11368943092094,
        "Per_video_f1": {
            "cholec80_video41": 64.77555751285793,
            "cholec80_video43": 52.87709131902201,
            "cholec80_video44": 61.56138948261205,
            "cholec80_video45": 67.57122500826752,
            "cholec80_video46": 70.69865297078643,
            "cholec80_video47": 35.94033646710485,
            "cholec80_video48": 56.61701666496556
        },
        "Per_video_f1_EMA": {
            "cholec80_video41": 69.24515422522333,
            "cholec80_video43": 75.93339982259565,
            "cholec80_video44": 72.15757044411745,
            "cholec80_video45": 77.89115419758637,
            "cholec80_video46": 76.91438429770527,
            "cholec80_video47": 75.2610578713505,
            "cholec80_video48": 78.39310515786798
        }
    },
    "Endoscapes": {
        "mAP": 45.20229874821292,
        "mAP_EMA": 51.8759745548223,
        "mAP_per_class": {
            "C0": 42.370253711132534,
            "C1": 47.47385543377528,
            "C2": 45.76278709973094
        },
        "mAP_per_class_EMA": {
            "C0": 50.171285440409754,
            "C1": 55.81563120800271,
            "C2": 49.64100701605444
        }
    },
    "CholecT50": {
        "AP": {
            "AP_i": 82.82606667363552,
            "AP_v": 59.58890864308205,
            "AP_t": 41.96363171564643,
            "AP_iv": 39.56792073292373,
            "AP_it": 37.58176899022353,
            "AP_ivt": 32.41328063945691
        },
        "AP_EMA": {
            "AP_i": 85.18181629608513,
            "AP_v": 59.970391746620905,
            "AP_t": 44.909977786613226,
            "AP_iv": 40.42522781274803,
            "AP_it": 40.73726772926706,
            "AP_ivt": 35.66119613729565
        }
    }
}