{
    "Test": false,
    "Cholec80": {
        "F1_score": 61.75388080910558,
        "F1_score_EMA": 74.86952228534854,
        "Per_video_f1": {
            "cholec80_video41": 52.26420781333826,
            "cholec80_video43": 62.682121973049796,
            "cholec80_video44": 63.1829431027518,
            "cholec80_video45": 64.58639667090223,
            "cholec80_video46": 67.02026661022745,
            "cholec80_video47": 56.74307665388266,
            "cholec80_video48": 65.79815283958688
        },
        "Per_video_f1_EMA": {
            "cholec80_video41": 70.30537728478254,
            "cholec80_video43": 73.17595808259809,
            "cholec80_video44": 72.21588605750576,
            "cholec80_video45": 79.41850511828993,
            "cholec80_video46": 78.22966187162098,
            "cholec80_video47": 73.03863468144603,
            "cholec80_video48": 77.70263290119647
        }
    },
    "Endoscapes": {
        "mAP": 43.972043900040575,
        "mAP_EMA": 52.04468344403955,
        "mAP_per_class": {
            "C0": 45.321252971070024,
            "C1": 46.44844218580181,
            "C2": 40.14643654324989
        },
        "mAP_per_class_EMA": {
            "C0": 50.66323690485771,
            "C1": 56.59278953284037,
            "C2": 48.878023894420565
        }
    },
    "CholecT50": {
        "AP": {
            "AP_i": 79.25872295420298,
            "AP_v": 53.49449596368551,
            "AP_t": 40.166895038593445,
            "AP_iv": 35.529975522794786,
            "AP_it": 33.091790797506675,
            "AP_ivt": 28.062208035820902
        },
        "AP_EMA": {
            "AP_i": 85.90990225662641,
            "AP_v": 61.08104796177008,
            "AP_t": 44.85620843062633,
            "AP_iv": 41.413265823977866,
            "AP_it": 41.13342596699479,
            "AP_ivt": 35.323027172251756
        }
    }
}