{
    "Test": false,
    "Cholec80": {
        "F1_score": 66.00004278429964,
        "F1_score_EMA": 72.23007960031245,
        "Per_video_f1": {
            "cholec80_video41": 64.45798656169644,
            "cholec80_video43": 60.395094525465275,
            "cholec80_video44": 66.30694101939618,
            "cholec80_video45": 76.95700504548967,
            "cholec80_video46": 73.96705032766478,
            "cholec80_video47": 52.01858910338638,
            "cholec80_video48": 67.89763290699877
        },
        "Per_video_f1_EMA": {
            "cholec80_video41": 70.85445051565502,
            "cholec80_video43": 65.39074436830658,
            "cholec80_video44": 74.29640475353597,
            "cholec80_video45": 79.64305512706079,
            "cholec80_video46": 76.31434345183601,
            "cholec80_video47": 62.60895305492073,
            "cholec80_video48": 76.50260593087202
        }
    },
    "Endoscapes": {
        "mAP": 41.65402717030768,
        "mAP_EMA": 49.15531542217351,
        "mAP_per_class": {
            "C0": 38.17057579745662,
            "C1": 49.13322381706351,
            "C2": 37.658281896402904
        },
        "mAP_per_class_EMA": {
            "C0": 47.05745712274757,
            "C1": 54.286981118463984,
            "C2": 46.12150802530896
        }
    },
    "CholecT50": {
        "AP": {
            "AP_i": 84.33307312871646,
            "AP_v": 59.92447062064933,
            "AP_t": 40.53630454935285,
            "AP_iv": 36.433688944759545,
            "AP_it": 35.025998137469905,
            "AP_ivt": 29.899445790650365
        },
        "AP_EMA": {
            "AP_i": 84.0360589287772,
            "AP_v": 60.35370779096369,
            "AP_t": 43.05020447240871,
            "AP_iv": 39.56718873971053,
            "AP_it": 39.778046126345366,
            "AP_ivt": 31.72462108355129
        }
    }
}