{
    "Test": false,
    "Cholec80": {
        "F1_score": 67.32942625773242,
        "F1_score_EMA": 76.73882167406934,
        "Per_video_f1": {
            "cholec80_video41": 63.67576499078432,
            "cholec80_video43": 51.37374176208319,
            "cholec80_video44": 71.6363095162956,
            "cholec80_video45": 78.44117159309518,
            "cholec80_video46": 71.50202022136222,
            "cholec80_video47": 68.54665426460652,
            "cholec80_video48": 66.1303214558999
        },
        "Per_video_f1_EMA": {
            "cholec80_video41": 67.9832298925403,
            "cholec80_video43": 78.90754652006126,
            "cholec80_video44": 77.25555597025881,
            "cholec80_video45": 79.71165323681957,
            "cholec80_video46": 73.85134836478609,
            "cholec80_video47": 80.13872676062725,
            "cholec80_video48": 79.32369097339208
        }
    },
    "Endoscapes": {
        "mAP": 42.27221814744108,
        "mAP_EMA": 49.968657002748046,
        "mAP_per_class": {
            "C0": 47.992089535405306,
            "C1": 46.050684929679605,
            "C2": 32.77387997723834
        },
        "mAP_per_class_EMA": {
            "C0": 49.14091974986976,
            "C1": 55.33488928630565,
            "C2": 45.43016197206873
        }
    },
    "CholecT50": {
        "AP": {
            "AP_i": 78.89602479074183,
            "AP_v": 58.73898729373411,
            "AP_t": 37.97535815893187,
            "AP_iv": 37.66909140567586,
            "AP_it": 30.083829232961776,
            "AP_ivt": 25.861249437108544
        },
        "AP_EMA": {
            "AP_i": 83.27311362428456,
            "AP_v": 60.97082913613851,
            "AP_t": 42.24718010391091,
            "AP_iv": 39.718197855522625,
            "AP_it": 34.51445793526157,
            "AP_ivt": 30.100217937079094
        }
    }
}