{
    "Test": false,
    "Cholec80": {
        "F1_score": 74.24113732875395,
        "F1_score_EMA": 76.9609720534025,
        "Per_video_f1": {
            "cholec80_video41": 67.22321167823527,
            "cholec80_video43": 75.12904966074183,
            "cholec80_video44": 68.72606175620456,
            "cholec80_video45": 76.15663846841649,
            "cholec80_video46": 73.10983656000361,
            "cholec80_video47": 80.76684204335423,
            "cholec80_video48": 78.57632113432167
        },
        "Per_video_f1_EMA": {
            "cholec80_video41": 67.11122673327931,
            "cholec80_video43": 90.81709671222553,
            "cholec80_video44": 72.97185119288734,
            "cholec80_video45": 72.85958531737288,
            "cholec80_video46": 74.26561134970716,
            "cholec80_video47": 81.17885594937,
            "cholec80_video48": 79.52257711897529
        }
    },
    "Endoscapes": {
        "mAP": 48.21893174942048,
        "mAP_EMA": 49.638406681631196,
        "mAP_per_class": {
            "C0": 45.247649728435896,
            "C1": 52.585610285426256,
            "C2": 46.82353523439928
        },
        "mAP_per_class_EMA": {
            "C0": 44.84137674313632,
            "C1": 51.679688026043316,
            "C2": 52.39415527571395
        }
    },
    "CholecT50": {
        "AP": {
            "AP_i": 81.52313344809333,
            "AP_v": 58.68352543473877,
            "AP_t": 40.54384838141284,
            "AP_iv": 36.84845705903962,
            "AP_it": 32.81992644688307,
            "AP_ivt": 28.286926270048294
        },
        "AP_EMA": {
            "AP_i": 79.31111373234721,
            "AP_v": 53.123301373478135,
            "AP_t": 42.394537105661925,
            "AP_iv": 34.979593232341,
            "AP_it": 36.60179990468418,
            "AP_ivt": 31.50812187759327
        }
    }
}