{
    "Test": false,
    "Cholec80": {
        "F1_score": 67.15333538404438,
        "F1_score_EMA": 74.74533282477343,
        "Per_video_f1": {
            "cholec80_video41": 69.58205792309808,
            "cholec80_video43": 50.72615380670864,
            "cholec80_video44": 67.46760699106977,
            "cholec80_video45": 77.28754077004805,
            "cholec80_video46": 73.49125548970979,
            "cholec80_video47": 62.39001967837429,
            "cholec80_video48": 69.12871302930206
        },
        "Per_video_f1_EMA": {
            "cholec80_video41": 66.41673602163812,
            "cholec80_video43": 71.50961959165124,
            "cholec80_video44": 76.40184389528562,
            "cholec80_video45": 80.66416416280522,
            "cholec80_video46": 74.58268073428732,
            "cholec80_video47": 77.13599555155483,
            "cholec80_video48": 76.50628981619168
        }
    },
    "Endoscapes": {
        "mAP": 40.9612124238402,
        "mAP_EMA": 46.59587019160368,
        "mAP_per_class": {
            "C0": 42.333141510916754,
            "C1": 43.19699645704175,
            "C2": 37.353499303562096
        },
        "mAP_per_class_EMA": {
            "C0": 48.457046803664625,
            "C1": 52.29135512541486,
            "C2": 39.03920864573156
        }
    },
    "CholecT50": {
        "AP": {
            "AP_i": 76.68697464616768,
            "AP_v": 52.31970563138822,
            "AP_t": 39.07714182819903,
            "AP_iv": 31.253357966438415,
            "AP_it": 31.757959151630267,
            "AP_ivt": 25.81814038986919
        },
        "AP_EMA": {
            "AP_i": 82.32855297228976,
            "AP_v": 60.69094314531564,
            "AP_t": 41.22335919910318,
            "AP_iv": 39.75378221291201,
            "AP_it": 32.96980218221422,
            "AP_ivt": 28.86898441530745
        }
    }
}