{
    "Test": false,
    "Cholec80": {
        "F1_score": 74.48739847816293,
        "F1_score_EMA": 79.11280218785086,
        "Per_video_f1": {
            "cholec80_video41": 68.72093908972268,
            "cholec80_video43": 75.29335420294264,
            "cholec80_video44": 74.35582829774135,
            "cholec80_video45": 80.92360390380232,
            "cholec80_video46": 72.6983184281358,
            "cholec80_video47": 74.25130703162789,
            "cholec80_video48": 75.16843839316783
        },
        "Per_video_f1_EMA": {
            "cholec80_video41": 68.86563216198066,
            "cholec80_video43": 87.51231992976146,
            "cholec80_video44": 75.74109287330589,
            "cholec80_video45": 81.4612514744452,
            "cholec80_video46": 75.19336292658048,
            "cholec80_video47": 82.23725645467864,
            "cholec80_video48": 82.77869949420368
        }
    },
    "Endoscapes": {
        "mAP": 47.34333565667946,
        "mAP_EMA": 51.803662417008326,
        "mAP_per_class": {
            "C0": 48.65078780184003,
            "C1": 51.31276215277888,
            "C2": 42.066457015419466
        },
        "mAP_per_class_EMA": {
            "C0": 49.395463215441296,
            "C1": 55.39366441648036,
            "C2": 50.62185961910332
        }
    },
    "CholecT50": {
        "AP": {
            "AP_i": 77.69730198572837,
            "AP_v": 56.32936000292606,
            "AP_t": 37.069026954762656,
            "AP_iv": 34.784980248116966,
            "AP_it": 31.20015357078582,
            "AP_ivt": 27.91585171040717
        },
        "AP_EMA": {
            "AP_i": 84.34514978396747,
            "AP_v": 58.7540660761108,
            "AP_t": 43.66672475705323,
            "AP_iv": 38.440455290929734,
            "AP_it": 37.762743096685796,
            "AP_ivt": 32.236467612469006
        }
    }
}