{
    "Test": false,
    "Cholec80": {
        "F1_score": 71.81898226918186,
        "F1_score_EMA": 79.14111782714912,
        "Per_video_f1": {
            "cholec80_video41": 63.69747499600506,
            "cholec80_video43": 71.12564190369709,
            "cholec80_video44": 73.05037170303693,
            "cholec80_video45": 74.25340350263434,
            "cholec80_video46": 75.6898633335024,
            "cholec80_video47": 76.45608746060137,
            "cholec80_video48": 68.4600329847958
        },
        "Per_video_f1_EMA": {
            "cholec80_video41": 68.44677255199562,
            "cholec80_video43": 90.49730628548296,
            "cholec80_video44": 76.1010859951256,
            "cholec80_video45": 79.24189851125254,
            "cholec80_video46": 74.93877367712018,
            "cholec80_video47": 83.34036194417921,
            "cholec80_video48": 81.42162582488766
        }
    },
    "Endoscapes": {
        "mAP": 48.22052519399613,
        "mAP_EMA": 50.631846114290866,
        "mAP_per_class": {
            "C0": 43.524984399492645,
            "C1": 50.0801429891822,
            "C2": 51.05644819331354
        },
        "mAP_per_class_EMA": {
            "C0": 46.85475811232662,
            "C1": 53.335840911693296,
            "C2": 51.704939318852674
        }
    },
    "CholecT50": {
        "AP": {
            "AP_i": 82.09135469463872,
            "AP_v": 57.2237220556608,
            "AP_t": 38.92302977541117,
            "AP_iv": 36.66892816955759,
            "AP_it": 34.141026626230854,
            "AP_ivt": 29.481399436186187
        },
        "AP_EMA": {
            "AP_i": 83.225564492249,
            "AP_v": 55.91961541355289,
            "AP_t": 43.31079615315116,
            "AP_iv": 36.95253939342615,
            "AP_it": 38.23366402641175,
            "AP_ivt": 32.248844423328244
        }
    }
}