{
    "Test": true,
    "Cholec80": {
        "F1_score": 58.21385805614116,
        "F1_score_EMA": null,
        "Per_video_f1": {
            "cholec80_video51": 66.22546514195272,
            "cholec80_video53": 52.480834381769945,
            "cholec80_video54": 56.112029292240976,
            "cholec80_video55": 77.51564498881453,
            "cholec80_video58": 42.16698677608338,
            "cholec80_video59": 57.7957207716257,
            "cholec80_video61": 43.9272817276901,
            "cholec80_video63": 48.20342364378793,
            "cholec80_video64": 69.89408427458895,
            "cholec80_video69": 77.32621628418664,
            "cholec80_video73": 77.24319334034023,
            "cholec80_video74": 60.16118336136057,
            "cholec80_video76": 58.04458538340204,
            "cholec80_video77": 60.402762918691444,
            "cholec80_video80": 25.708458555582236
        },
        "Per_video_f1_EMA": null
    },
    "Endoscapes": {
        "mAP": 47.960351143503495,
        "mAP_EMA": null,
        "mAP_per_class": {
            "C0": 44.42702674174124,
            "C1": 39.20314639233747,
            "C2": 60.250880296431774
        },
        "mAP_per_class_EMA": null
    },
    "CholecT50": {
        "AP": {
            "AP_i": 74.04412977939101,
            "AP_v": 50.756861779859484,
            "AP_t": 35.56527803137683,
            "AP_iv": 28.9931056401201,
            "AP_it": 25.04285977932911,
            "AP_ivt": 19.194863158422024
        },
        "AP_EMA": null
    }
}