{
    "Test": false,
    "Cholec80": {
        "F1_score": 68.4717686925484,
        "F1_score_EMA": 78.58238731692818,
        "Per_video_f1": {
            "cholec80_video41": 65.17813330676817,
            "cholec80_video43": 63.98143122640582,
            "cholec80_video44": 68.60940342109043,
            "cholec80_video45": 72.09120311910874,
            "cholec80_video46": 72.59260546817912,
            "cholec80_video47": 69.04010291963523,
            "cholec80_video48": 67.80950138665128
        },
        "Per_video_f1_EMA": {
            "cholec80_video41": 67.97248187000552,
            "cholec80_video43": 84.19698750754222,
            "cholec80_video44": 77.30751997175206,
            "cholec80_video45": 81.93100767461318,
            "cholec80_video46": 74.12560871124374,
            "cholec80_video47": 81.8090503262827,
            "cholec80_video48": 82.7340551570578
        }
    },
    "Endoscapes": {
        "mAP": 43.320009314967855,
        "mAP_EMA": 51.6877553148729,
        "mAP_per_class": {
            "C0": 42.84572264259132,
            "C1": 47.3489190568628,
            "C2": 39.765386245449456
        },
        "mAP_per_class_EMA": {
            "C0": 50.88623387188851,
            "C1": 56.455231927035676,
            "C2": 47.72180014569452
        }
    },
    "CholecT50": {
        "AP": {
            "AP_i": 76.67812386807005,
            "AP_v": 58.28041106853054,
            "AP_t": 36.67993560920428,
            "AP_iv": 34.920278500118194,
            "AP_it": 27.656484347658015,
            "AP_ivt": 24.43604607080295
        },
        "AP_EMA": {
            "AP_i": 83.58965028924263,
            "AP_v": 59.373400113984516,
            "AP_t": 43.01918167402881,
            "AP_iv": 38.960107573703226,
            "AP_it": 36.201337041319704,
            "AP_ivt": 31.213444318013252
        }
    }
}