{
    "Test": true,
    "Cholec80": {
        "F1_score": 59.804615073910604,
        "F1_score_EMA": null,
        "Per_video_f1": {
            "cholec80_video51": 65.85619340607852,
            "cholec80_video53": 62.29244548586371,
            "cholec80_video54": 69.9841824441663,
            "cholec80_video55": 73.2950854428862,
            "cholec80_video58": 37.45563690608032,
            "cholec80_video59": 67.15525022427119,
            "cholec80_video61": 53.41181996485778,
            "cholec80_video63": 50.92965868751841,
            "cholec80_video64": 55.910692955292504,
            "cholec80_video69": 68.9607428315828,
            "cholec80_video73": 72.14134230320177,
            "cholec80_video74": 59.474322453119235,
            "cholec80_video76": 56.64408499133474,
            "cholec80_video77": 74.29563059852875,
            "cholec80_video80": 29.262137413876832
        },
        "Per_video_f1_EMA": null
    },
    "Endoscapes": {
        "mAP": 44.33457949060736,
        "mAP_EMA": null,
        "mAP_per_class": {
            "C0": 41.46175413128471,
            "C1": 37.248274989405935,
            "C2": 54.29370935113145
        },
        "mAP_per_class_EMA": null
    },
    "CholecT50": {
        "AP": {
            "AP_i": 78.75521378005949,
            "AP_v": 55.03880144616194,
            "AP_t": 39.40820679368339,
            "AP_iv": 32.69785609594293,
            "AP_it": 31.44021191180688,
            "AP_ivt": 26.497283036266733
        },
        "AP_EMA": null
    }
}