{
    "Test": false,
    "Cholec80": {
        "F1_score": 67.70046896358318,
        "F1_score_EMA": 55.86069203661749,
        "Per_video_f1": {
            "cholec80_video41": 66.76384195815099,
            "cholec80_video43": 64.12279933776568,
            "cholec80_video44": 69.09243703415594,
            "cholec80_video45": 76.65683744694414,
            "cholec80_video46": 68.92188673795471,
            "cholec80_video47": 58.905116744218745,
            "cholec80_video48": 69.44036348589205
        },
        "Per_video_f1_EMA": {
            "cholec80_video41": 53.14042496847768,
            "cholec80_video43": 66.55307664670282,
            "cholec80_video44": 57.44185679338909,
            "cholec80_video45": 46.2394054293435,
            "cholec80_video46": 55.219568094464066,
            "cholec80_video47": 53.59922945519592,
            "cholec80_video48": 58.83128286874939
        }
    },
    "Endoscapes": {
        "mAP": 40.85022633563987,
        "mAP_EMA": 38.38414459759478,
        "mAP_per_class": {
            "C0": 37.03540380059431,
            "C1": 44.95610751439095,
            "C2": 40.55916769193435
        },
        "mAP_per_class_EMA": {
            "C0": 34.99016131353933,
            "C1": 38.78735060341001,
            "C2": 41.374921875835014
        }
    },
    "CholecT50": {
        "AP": {
            "AP_i": 84.27442462018205,
            "AP_v": 60.169506302770024,
            "AP_t": 41.7124660457165,
            "AP_iv": 37.46783188342665,
            "AP_it": 35.01393808135342,
            "AP_ivt": 28.92611840108702
        },
        "AP_EMA": {
            "AP_i": 74.64590978379799,
            "AP_v": 53.34179686381143,
            "AP_t": 38.535866607450835,
            "AP_iv": 32.73706635488246,
            "AP_it": 33.126769381896736,
            "AP_ivt": 28.218588062647623
        }
    }
}