{
    "Test": false,
    "Cholec80": {
        "F1_score": 68.02737711784285,
        "F1_score_EMA": 66.28129815771702,
        "Per_video_f1": {
            "cholec80_video41": 68.87363328127041,
            "cholec80_video43": 60.61361551377408,
            "cholec80_video44": 72.09331692721899,
            "cholec80_video45": 72.13939298084037,
            "cholec80_video46": 66.10542141944535,
            "cholec80_video47": 67.15932189292243,
            "cholec80_video48": 69.20693780942828
        },
        "Per_video_f1_EMA": {
            "cholec80_video41": 64.10775820478575,
            "cholec80_video43": 73.25086819443294,
            "cholec80_video44": 67.55744956412047,
            "cholec80_video45": 62.23815180778429,
            "cholec80_video46": 67.34643671835873,
            "cholec80_video47": 59.80165569118879,
            "cholec80_video48": 69.66676692334815
        }
    },
    "Endoscapes": {
        "mAP": 37.18249403908207,
        "mAP_EMA": 41.20645785951954,
        "mAP_per_class": {
            "C0": 35.89738753178477,
            "C1": 37.355188464031855,
            "C2": 38.29490612142959
        },
        "mAP_per_class_EMA": {
            "C0": 37.95039966765347,
            "C1": 42.55787962635157,
            "C2": 43.11109428455358
        }
    },
    "CholecT50": {
        "AP": {
            "AP_i": 80.7578442988122,
            "AP_v": 55.78416953602067,
            "AP_t": 39.65972390044619,
            "AP_iv": 35.41252413236135,
            "AP_it": 33.38840501740811,
            "AP_ivt": 27.359080960358526
        },
        "AP_EMA": {
            "AP_i": 79.8169697186393,
            "AP_v": 57.703410939893935,
            "AP_t": 41.73254249997156,
            "AP_iv": 36.11501448424221,
            "AP_it": 36.52281171198657,
            "AP_ivt": 30.804966277885384
        }
    }
}