{
    "Test": false,
    "Cholec80": {
        "F1_score": 68.42091768977285,
        "F1_score_EMA": 71.997499873603,
        "Per_video_f1": {
            "cholec80_video41": 65.77127113066375,
            "cholec80_video43": 67.61120640152478,
            "cholec80_video44": 69.657118594627,
            "cholec80_video45": 74.9118538902927,
            "cholec80_video46": 66.61363004427342,
            "cholec80_video47": 66.5589429261768,
            "cholec80_video48": 67.82240084085149
        },
        "Per_video_f1_EMA": {
            "cholec80_video41": 71.7023039914045,
            "cholec80_video43": 70.73388670451328,
            "cholec80_video44": 75.25254199784342,
            "cholec80_video45": 76.26010379207138,
            "cholec80_video46": 74.92717382936823,
            "cholec80_video47": 62.45528969371815,
            "cholec80_video48": 72.6511991063021
        }
    },
    "Endoscapes": {
        "mAP": 33.106720064682385,
        "mAP_EMA": 42.55414177996915,
        "mAP_per_class": {
            "C0": 34.90732676981618,
            "C1": 36.84415336682662,
            "C2": 27.568680057404364
        },
        "mAP_per_class_EMA": {
            "C0": 40.476427837351316,
            "C1": 45.40131441106905,
            "C2": 41.78468309148708
        }
    },
    "CholecT50": {
        "AP": {
            "AP_i": 72.40438960876486,
            "AP_v": 51.93147811776004,
            "AP_t": 33.82024465119567,
            "AP_iv": 33.03981192577533,
            "AP_it": 28.41521239846744,
            "AP_ivt": 24.355303033842503
        },
        "AP_EMA": {
            "AP_i": 81.66904086678421,
            "AP_v": 59.03752091619528,
            "AP_t": 42.014822301318425,
            "AP_iv": 37.20885959954175,
            "AP_it": 36.10552294647324,
            "AP_ivt": 29.978075990893036
        }
    }
}