{
    "Test": false,
    "Cholec80": {
        "F1_score": 65.54964864011878,
        "F1_score_EMA": 8.07415875748234,
        "Per_video_f1": {
            "cholec80_video41": 60.344540612801886,
            "cholec80_video43": 61.27933362812401,
            "cholec80_video44": 54.46496171114824,
            "cholec80_video45": 76.52112326627376,
            "cholec80_video46": 70.54401308170304,
            "cholec80_video47": 64.41875176971288,
            "cholec80_video48": 71.27481641106762
        },
        "Per_video_f1_EMA": {
            "cholec80_video41": 9.47096426684357,
            "cholec80_video43": 8.219191186943684,
            "cholec80_video44": 9.113391477888756,
            "cholec80_video45": 6.096281507729049,
            "cholec80_video46": 6.781977241261384,
            "cholec80_video47": 7.227010359398696,
            "cholec80_video48": 9.610295262311244
        }
    },
    "Endoscapes": {
        "mAP": 41.354056773977874,
        "mAP_EMA": 16.66155672244242,
        "mAP_per_class": {
            "C0": 41.36005538396951,
            "C1": 31.209876279154898,
            "C2": 51.49223865880922
        },
        "mAP_per_class_EMA": {
            "C0": 16.791089639451712,
            "C1": 15.410559243528315,
            "C2": 17.783021284347235
        }
    },
    "CholecT50": {
        "AP": {
            "AP_i": 72.64284715773461,
            "AP_v": 48.90227872467615,
            "AP_t": 41.329074864985195,
            "AP_iv": 33.38481385571827,
            "AP_it": 35.111189102362786,
            "AP_ivt": 28.92451556141799
        },
        "AP_EMA": {
            "AP_i": 32.19403059156028,
            "AP_v": 21.741014476168388,
            "AP_t": 17.046076012640718,
            "AP_iv": 12.516771559871673,
            "AP_it": 9.582102407325642,
            "AP_ivt": 7.672603114033649
        }
    }
}