{
    "Test": false,
    "Cholec80": {
        "F1_score": 68.62622788939748,
        "F1_score_EMA": 65.31763454891448,
        "Per_video_f1": {
            "cholec80_video41": 69.21533782945517,
            "cholec80_video43": 63.170248070375756,
            "cholec80_video44": 72.99117850952952,
            "cholec80_video45": 77.50595292567904,
            "cholec80_video46": 71.71987160027352,
            "cholec80_video47": 62.11579482183733,
            "cholec80_video48": 63.66521146863205
        },
        "Per_video_f1_EMA": {
            "cholec80_video41": 65.56707814527243,
            "cholec80_video43": 68.39198979621207,
            "cholec80_video44": 60.49323531453069,
            "cholec80_video45": 62.06106471937689,
            "cholec80_video46": 67.0274289654938,
            "cholec80_video47": 60.286623294730326,
            "cholec80_video48": 73.39602160678514
        }
    },
    "Endoscapes": {
        "mAP": 40.37966071872382,
        "mAP_EMA": 35.25572502778226,
        "mAP_per_class": {
            "C0": 37.657606684588316,
            "C1": 37.6463384731561,
            "C2": 45.83503699842705
        },
        "mAP_per_class_EMA": {
            "C0": 31.058275528279587,
            "C1": 29.473193974475215,
            "C2": 45.235705580591976
        }
    },
    "CholecT50": {
        "AP": {
            "AP_i": 71.7365589066765,
            "AP_v": 49.858817048196315,
            "AP_t": 40.466301991811186,
            "AP_iv": 30.9119212399743,
            "AP_it": 33.542901483554495,
            "AP_ivt": 27.113961726127265
        },
        "AP_EMA": {
            "AP_i": 72.83483007100767,
            "AP_v": 49.64844972772862,
            "AP_t": 40.906337841994905,
            "AP_iv": 31.23728149252532,
            "AP_it": 32.7207679309519,
            "AP_ivt": 27.906427944399834
        }
    }
}