{
    "Test": false,
    "Cholec80": {
        "F1_score": 66.47349900430075,
        "F1_score_EMA": 8.233845332668428,
        "Per_video_f1": {
            "cholec80_video41": 61.621359199856585,
            "cholec80_video43": 67.10273621171343,
            "cholec80_video44": 65.34368030210248,
            "cholec80_video45": 76.44241381463252,
            "cholec80_video46": 61.070665123144586,
            "cholec80_video47": 65.00523501246643,
            "cholec80_video48": 68.72840336618923
        },
        "Per_video_f1_EMA": {
            "cholec80_video41": 8.190476190476192,
            "cholec80_video43": 8.027832137421179,
            "cholec80_video44": 11.280125317850851,
            "cholec80_video45": 6.118213868898459,
            "cholec80_video46": 7.124494285434611,
            "cholec80_video47": 7.313326105510829,
            "cholec80_video48": 9.582449423086873
        }
    },
    "Endoscapes": {
        "mAP": 38.372249371985426,
        "mAP_EMA": 13.95391562960561,
        "mAP_per_class": {
            "C0": 37.023641054317395,
            "C1": 34.5730327339643,
            "C2": 43.52007432767459
        },
        "mAP_per_class_EMA": {
            "C0": 14.34065497717796,
            "C1": 12.508853169958838,
            "C2": 15.012238741680035
        }
    },
    "CholecT50": {
        "AP": {
            "AP_i": 75.340339130828,
            "AP_v": 50.5443380112378,
            "AP_t": 42.00371742019198,
            "AP_iv": 31.656771157227467,
            "AP_it": 34.627601457934645,
            "AP_ivt": 29.316591513322933
        },
        "AP_EMA": {
            "AP_i": 25.659464733950003,
            "AP_v": 17.350997781778702,
            "AP_t": 13.470771760139316,
            "AP_iv": 9.954461818806275,
            "AP_it": 7.287181841549713,
            "AP_ivt": 5.882130677795604
        }
    }
}