{
    "Test": false,
    "Cholec80": {
        "F1_score": 39.94514992078776,
        "F1_score_EMA": 4.9449596920812136,
        "Per_video_f1": {
            "cholec80_video41": 43.426749685443966,
            "cholec80_video43": 42.83475072499377,
            "cholec80_video44": 38.79426291595646,
            "cholec80_video45": 34.39022193571324,
            "cholec80_video46": 33.21016204862832,
            "cholec80_video47": 43.990596517004185,
            "cholec80_video48": 42.9693056177744
        },
        "Per_video_f1_EMA": {
            "cholec80_video41": 3.817579020490574,
            "cholec80_video43": 4.782227858729458,
            "cholec80_video44": 3.946221363398852,
            "cholec80_video45": 2.79300332029622,
            "cholec80_video46": 10.037859841942673,
            "cholec80_video47": 5.513053453850186,
            "cholec80_video48": 3.7247729858605347
        }
    },
    "Endoscapes": {
        "mAP": 34.944141799807134,
        "mAP_EMA": 14.539193719020433,
        "mAP_per_class": {
            "C0": 32.89294360941285,
            "C1": 32.24726315624567,
            "C2": 39.69221863376288
        },
        "mAP_per_class_EMA": {
            "C0": 14.798528882417727,
            "C1": 13.092144596003429,
            "C2": 15.726907678640146
        }
    },
    "CholecT50": {
        "AP": {
            "AP_i": 70.12977194699612,
            "AP_v": 46.63865326876435,
            "AP_t": 36.391691802556814,
            "AP_iv": 28.395269477255713,
            "AP_it": 30.75863034606189,
            "AP_ivt": 25.24471903347652
        },
        "AP_EMA": {
            "AP_i": 22.219805341913442,
            "AP_v": 14.266055138955704,
            "AP_t": 11.172199679200142,
            "AP_iv": 8.04137041656972,
            "AP_it": 6.007662843868849,
            "AP_ivt": 4.838862474657061
        }
    }
}