{
    "Test": false,
    "Cholec80": {
        "F1_score": 61.11149133630106,
        "F1_score_EMA": 57.649353935216254,
        "Per_video_f1": {
            "cholec80_video41": 62.19674630937707,
            "cholec80_video43": 49.56988704891222,
            "cholec80_video44": 69.13886345821936,
            "cholec80_video45": 66.84665737663921,
            "cholec80_video46": 61.86139485574079,
            "cholec80_video47": 61.148327505276825,
            "cholec80_video48": 57.018562799941904
        },
        "Per_video_f1_EMA": {
            "cholec80_video41": 53.5555880002689,
            "cholec80_video43": 62.723822630748906,
            "cholec80_video44": 59.681911482701075,
            "cholec80_video45": 43.51295789240171,
            "cholec80_video46": 55.66173520994979,
            "cholec80_video47": 58.473517422803276,
            "cholec80_video48": 69.9359449076401
        }
    },
    "Endoscapes": {
        "mAP": 40.1622704167197,
        "mAP_EMA": 29.72075116164225,
        "mAP_per_class": {
            "C0": 39.439145871029275,
            "C1": 34.24309775533356,
            "C2": 46.80456762379626
        },
        "mAP_per_class_EMA": {
            "C0": 26.038367092085558,
            "C1": 25.119943194451988,
            "C2": 38.00394319838921
        }
    },
    "CholecT50": {
        "AP": {
            "AP_i": 74.49872051024086,
            "AP_v": 51.899459859437016,
            "AP_t": 40.44001019109414,
            "AP_iv": 32.264728918629686,
            "AP_it": 33.450220509469794,
            "AP_ivt": 27.567192952229643
        },
        "AP_EMA": {
            "AP_i": 68.74175305437517,
            "AP_v": 46.678128348157905,
            "AP_t": 37.526342030241146,
            "AP_iv": 28.71572140755909,
            "AP_it": 29.304154481311787,
            "AP_ivt": 25.32060722005589
        }
    }
}