{
    "Test": false,
    "Cholec80": {
        "F1_score": 67.04844274742507,
        "F1_score_EMA": 70.60823800221023,
        "Per_video_f1": {
            "cholec80_video41": 65.23107995304488,
            "cholec80_video43": 59.82297264804984,
            "cholec80_video44": 70.43543484322242,
            "cholec80_video45": 79.07800455928502,
            "cholec80_video46": 64.65114699786933,
            "cholec80_video47": 64.86002795614168,
            "cholec80_video48": 65.26043227436232
        },
        "Per_video_f1_EMA": {
            "cholec80_video41": 69.40059346921618,
            "cholec80_video43": 66.65087647342031,
            "cholec80_video44": 70.72982049766658,
            "cholec80_video45": 77.83619506964536,
            "cholec80_video46": 73.64285647386917,
            "cholec80_video47": 65.1840190756721,
            "cholec80_video48": 70.81330495598188
        }
    },
    "Endoscapes": {
        "mAP": 35.95534635964372,
        "mAP_EMA": 38.58235239455863,
        "mAP_per_class": {
            "C0": 33.168093340307045,
            "C1": 34.44858380097229,
            "C2": 40.24936193765182
        },
        "mAP_per_class_EMA": {
            "C0": 35.01866085637524,
            "C1": 35.74959296290143,
            "C2": 44.97880336439922
        }
    },
    "CholecT50": {
        "AP": {
            "AP_i": 70.41711767235368,
            "AP_v": 50.53082406971922,
            "AP_t": 37.628235994879816,
            "AP_iv": 30.926030613951422,
            "AP_it": 30.309566263577008,
            "AP_ivt": 27.605752604124373
        },
        "AP_EMA": {
            "AP_i": 76.81422178246733,
            "AP_v": 54.2874155895164,
            "AP_t": 39.67910283335338,
            "AP_iv": 33.04940401693529,
            "AP_it": 33.58874462899829,
            "AP_ivt": 27.429281034371716
        }
    }
}