{
    "Test": false,
    "Cholec80": {
        "F1_score": 57.62180482439083,
        "F1_score_EMA": 70.63965213033295,
        "Per_video_f1": {
            "cholec80_video41": 62.61064526029864,
            "cholec80_video43": 48.03183125921669,
            "cholec80_video44": 65.20750934477482,
            "cholec80_video45": 67.7110379057069,
            "cholec80_video46": 63.632071765921694,
            "cholec80_video47": 50.57880033081455,
            "cholec80_video48": 45.5807379040025
        },
        "Per_video_f1_EMA": {
            "cholec80_video41": 69.20340153661326,
            "cholec80_video43": 67.07244129656694,
            "cholec80_video44": 70.21176794584673,
            "cholec80_video45": 78.37324551922656,
            "cholec80_video46": 73.43638884282353,
            "cholec80_video47": 65.22868942544561,
            "cholec80_video48": 70.95163034580798
        }
    },
    "Endoscapes": {
        "mAP": 34.14778618889633,
        "mAP_EMA": 38.886900362002855,
        "mAP_per_class": {
            "C0": 30.577752613435226,
            "C1": 32.745730729696106,
            "C2": 39.119875223557656
        },
        "mAP_per_class_EMA": {
            "C0": 35.373616550316655,
            "C1": 35.50957502601919,
            "C2": 45.77750950967272
        }
    },
    "CholecT50": {
        "AP": {
            "AP_i": 72.22361407182912,
            "AP_v": 49.648587509141905,
            "AP_t": 38.47300080877766,
            "AP_iv": 30.085498016441516,
            "AP_it": 30.37713205710086,
            "AP_ivt": 24.54521036732699
        },
        "AP_EMA": {
            "AP_i": 76.23365474176894,
            "AP_v": 53.686297316985204,
            "AP_t": 39.87212224846001,
            "AP_iv": 32.87266333123426,
            "AP_it": 33.755920280817804,
            "AP_ivt": 27.626868649117206
        }
    }
}