{
    "Test": false,
    "Cholec80": {
        "F1_score": 65.62514803850227,
        "F1_score_EMA": 72.01340639889642,
        "Per_video_f1": {
            "cholec80_video41": 64.66022515328646,
            "cholec80_video43": 61.9417617064154,
            "cholec80_video44": 69.46680253908582,
            "cholec80_video45": 69.75394840803905,
            "cholec80_video46": 65.0893353011122,
            "cholec80_video47": 60.2217576410918,
            "cholec80_video48": 68.24220552048519
        },
        "Per_video_f1_EMA": {
            "cholec80_video41": 73.2288169414703,
            "cholec80_video43": 65.85794577863186,
            "cholec80_video44": 80.08517219594206,
            "cholec80_video45": 75.00883393665968,
            "cholec80_video46": 70.47126554886776,
            "cholec80_video47": 67.5860501873417,
            "cholec80_video48": 71.85576020336157
        }
    },
    "Endoscapes": {
        "mAP": 36.67658190367832,
        "mAP_EMA": 44.762267863497286,
        "mAP_per_class": {
            "C0": 41.04215751673107,
            "C1": 41.01141869753077,
            "C2": 27.976169496773114
        },
        "mAP_per_class_EMA": {
            "C0": 45.18649096423248,
            "C1": 52.35992665016247,
            "C2": 36.74038597609691
        }
    },
    "CholecT50": {
        "AP": {
            "AP_i": 80.51790708843846,
            "AP_v": 57.59726149639262,
            "AP_t": 38.81826630966524,
            "AP_iv": 34.752527418736804,
            "AP_it": 30.924263137970485,
            "AP_ivt": 26.92769481995557
        },
        "AP_EMA": {
            "AP_i": 80.95297053182641,
            "AP_v": 57.80794319685377,
            "AP_t": 40.27231961362831,
            "AP_iv": 36.32302022395027,
            "AP_it": 34.39425361670605,
            "AP_ivt": 29.583200738364635
        }
    }
}