{
    "Test": true,
    "Cholec80": {
        "F1_score": 58.79119792687992,
        "F1_score_EMA": null,
        "Per_video_f1": {
            "cholec80_video51": 61.47017893566014,
            "cholec80_video53": 63.21794122549578,
            "cholec80_video54": 66.14884890042477,
            "cholec80_video55": 69.09302922967237,
            "cholec80_video58": 43.584293265002486,
            "cholec80_video59": 66.62864312901047,
            "cholec80_video61": 54.955667834425526,
            "cholec80_video63": 59.811231579796534,
            "cholec80_video64": 63.63459687333037,
            "cholec80_video69": 72.9054449236581,
            "cholec80_video73": 72.25330826412811,
            "cholec80_video74": 49.83828671883157,
            "cholec80_video76": 56.3794659865562,
            "cholec80_video77": 62.49935983085927,
            "cholec80_video80": 19.447672206347093
        },
        "Per_video_f1_EMA": null
    },
    "Endoscapes": {
        "mAP": 50.42678686853693,
        "mAP_EMA": null,
        "mAP_per_class": {
            "C0": 52.07423815182928,
            "C1": 39.87204747446559,
            "C2": 59.33407497931593
        },
        "mAP_per_class_EMA": null
    },
    "CholecT50": {
        "AP": {
            "AP_i": 76.41456378305175,
            "AP_v": 53.02396696491267,
            "AP_t": 37.02591898825532,
            "AP_iv": 31.359406699730037,
            "AP_it": 29.191705541915766,
            "AP_ivt": 23.6100151511754
        },
        "AP_EMA": null
    }
}