{
    "Test": false,
    "Cholec80": {
        "F1_score": 55.73502700564655,
        "F1_score_EMA": 70.04620327436314,
        "Per_video_f1": {
            "cholec80_video41": 56.583127847016435,
            "cholec80_video43": 47.50676160115868,
            "cholec80_video44": 59.19774261178732,
            "cholec80_video45": 63.29415416626068,
            "cholec80_video46": 59.59583797192575,
            "cholec80_video47": 47.84526203347332,
            "cholec80_video48": 56.12230280790366
        },
        "Per_video_f1_EMA": {
            "cholec80_video41": 67.88696819154593,
            "cholec80_video43": 60.28147908427675,
            "cholec80_video44": 74.22438185196751,
            "cholec80_video45": 73.86916234078977,
            "cholec80_video46": 72.75789487604409,
            "cholec80_video47": 68.41302939494479,
            "cholec80_video48": 72.89050718097309
        }
    },
    "Endoscapes": {
        "mAP": 28.48439690785542,
        "mAP_EMA": 26.700706499600855,
        "mAP_per_class": {
            "C0": 29.248138035221693,
            "C1": 25.052881226288555,
            "C2": 31.15217146205601
        },
        "mAP_per_class_EMA": {
            "C0": 27.70941558560481,
            "C1": 23.76724032179532,
            "C2": 28.625463591402433
        }
    },
    "CholecT50": {
        "AP": {
            "AP_i": 64.6059564102189,
            "AP_v": 43.10199279776133,
            "AP_t": 35.1724843407442,
            "AP_iv": 28.003234078691722,
            "AP_it": 26.62574492881966,
            "AP_ivt": 22.89581861218235
        },
        "AP_EMA": {
            "AP_i": 70.51908126306783,
            "AP_v": 48.70059992349184,
            "AP_t": 39.11613197042981,
            "AP_iv": 32.33148554602938,
            "AP_it": 32.32849251838222,
            "AP_ivt": 27.366368958145323
        }
    }
}