{
    "Test": true,
    "Cholec80": {
        "F1_score": 57.99639141306598,
        "F1_score_EMA": null,
        "Per_video_f1": {
            "cholec80_video51": 68.19858603566814,
            "cholec80_video53": 67.33611732872619,
            "cholec80_video54": 61.07967814474197,
            "cholec80_video55": 72.63956771409015,
            "cholec80_video58": 37.08248757350286,
            "cholec80_video59": 51.30625344512592,
            "cholec80_video61": 56.40287000518322,
            "cholec80_video63": 46.10888520619533,
            "cholec80_video64": 60.35946928984342,
            "cholec80_video69": 71.08649061877571,
            "cholec80_video73": 70.15505201262765,
            "cholec80_video74": 52.547610224920085,
            "cholec80_video76": 62.62527981989733,
            "cholec80_video77": 64.37765038787141,
            "cholec80_video80": 28.639873388820327
        },
        "Per_video_f1_EMA": null
    },
    "Endoscapes": {
        "mAP": 39.68887440147981,
        "mAP_EMA": null,
        "mAP_per_class": {
            "C0": 34.08679527161579,
            "C1": 28.237491858972387,
            "C2": 56.74233607385125
        },
        "mAP_per_class_EMA": null
    },
    "CholecT50": {
        "AP": {
            "AP_i": 71.55262730693751,
            "AP_v": 49.966175608187186,
            "AP_t": 36.896452417756095,
            "AP_iv": 29.124193287357873,
            "AP_it": 24.496285531790086,
            "AP_ivt": 18.993516341589622
        },
        "AP_EMA": null
    }
}