{
    "Test": false,
    "Cholec80": {
        "F1_score": 61.14870849822054,
        "F1_score_EMA": 70.10665996121101,
        "Per_video_f1": {
            "cholec80_video41": 60.19281036078711,
            "cholec80_video43": 52.23205860486517,
            "cholec80_video44": 62.02963008517459,
            "cholec80_video45": 66.17551916539695,
            "cholec80_video46": 63.575234829034976,
            "cholec80_video47": 60.573896585289,
            "cholec80_video48": 63.261809856995995
        },
        "Per_video_f1_EMA": {
            "cholec80_video41": 68.51830422320985,
            "cholec80_video43": 60.94887369585342,
            "cholec80_video44": 74.54676686034455,
            "cholec80_video45": 73.37767545625294,
            "cholec80_video46": 72.07205463865323,
            "cholec80_video47": 68.35173512959636,
            "cholec80_video48": 72.93120972456667
        }
    },
    "Endoscapes": {
        "mAP": 27.864145894913293,
        "mAP_EMA": 26.554290714393684,
        "mAP_per_class": {
            "C0": 27.976489946208595,
            "C1": 24.55881163174796,
            "C2": 31.057136106783318
        },
        "mAP_per_class_EMA": {
            "C0": 27.622498295872823,
            "C1": 23.84060788320042,
            "C2": 28.199765964107804
        }
    },
    "CholecT50": {
        "AP": {
            "AP_i": 65.78368035175836,
            "AP_v": 45.889559162369736,
            "AP_t": 36.3445337180606,
            "AP_iv": 30.194301316514576,
            "AP_it": 29.71918691761735,
            "AP_ivt": 23.79775377467312
        },
        "AP_EMA": {
            "AP_i": 72.2718525828969,
            "AP_v": 49.99489706718725,
            "AP_t": 40.179888912963534,
            "AP_iv": 33.09941077665828,
            "AP_it": 33.36749041254253,
            "AP_ivt": 28.147963976819753
        }
    }
}