{
    "Test": false,
    "Cholec80": {
        "F1_score": 54.645425648599016,
        "F1_score_EMA": 7.628925988934881,
        "Per_video_f1": {
            "cholec80_video41": 53.88264291338499,
            "cholec80_video43": 45.63546913005187,
            "cholec80_video44": 54.32346267050009,
            "cholec80_video45": 58.721245785000185,
            "cholec80_video46": 58.357208072331105,
            "cholec80_video47": 58.36684506095959,
            "cholec80_video48": 53.2311059079653
        },
        "Per_video_f1_EMA": {
            "cholec80_video41": 8.230208230208229,
            "cholec80_video43": 8.226654087666006,
            "cholec80_video44": 7.762366080035253,
            "cholec80_video45": 6.075568833800254,
            "cholec80_video46": 7.445887445887446,
            "cholec80_video47": 5.756929637526652,
            "cholec80_video48": 9.904867607420327
        }
    },
    "Endoscapes": {
        "mAP": 31.195349408859347,
        "mAP_EMA": 13.939276126020575,
        "mAP_per_class": {
            "C0": 27.101513421735422,
            "C1": 29.079625093501043,
            "C2": 37.404909711341574
        },
        "mAP_per_class_EMA": {
            "C0": 14.816454990440395,
            "C1": 12.495579499654639,
            "C2": 14.505793887966693
        }
    },
    "CholecT50": {
        "AP": {
            "AP_i": 74.97294055088314,
            "AP_v": 51.36901113461302,
            "AP_t": 41.752216688694006,
            "AP_iv": 31.495667590215625,
            "AP_it": 33.73176635404518,
            "AP_ivt": 28.41068412485566
        },
        "AP_EMA": {
            "AP_i": 21.956700965295468,
            "AP_v": 15.015934426813667,
            "AP_t": 12.061076908466447,
            "AP_iv": 8.359164683845123,
            "AP_it": 6.418206820908292,
            "AP_ivt": 5.23260534315871
        }
    }
}