{
    "Test": false,
    "Cholec80": {
        "F1_score": 58.70900395835403,
        "F1_score_EMA": 56.94812621589104,
        "Per_video_f1": {
            "cholec80_video41": 56.023901220555814,
            "cholec80_video43": 56.860605870060596,
            "cholec80_video44": 61.163602111635626,
            "cholec80_video45": 71.55832913802354,
            "cholec80_video46": 55.29497796570577,
            "cholec80_video47": 55.61823047662059,
            "cholec80_video48": 54.44338092587627
        },
        "Per_video_f1_EMA": {
            "cholec80_video41": 58.78764588680648,
            "cholec80_video43": 62.21912038783701,
            "cholec80_video44": 63.57202614411749,
            "cholec80_video45": 48.74247508229747,
            "cholec80_video46": 47.852976524565314,
            "cholec80_video47": 56.3583393946959,
            "cholec80_video48": 61.104300090917604
        }
    },
    "Endoscapes": {
        "mAP": 29.459995082680244,
        "mAP_EMA": 31.917741265821043,
        "mAP_per_class": {
            "C0": 30.5988906668422,
            "C1": 27.33117470051485,
            "C2": 30.449919880683684
        },
        "mAP_per_class_EMA": {
            "C0": 29.78779491496766,
            "C1": 28.53044415509542,
            "C2": 37.43498472740005
        }
    },
    "CholecT50": {
        "AP": {
            "AP_i": 71.03018437084575,
            "AP_v": 48.3980355407232,
            "AP_t": 38.30537061639117,
            "AP_iv": 31.21803702540865,
            "AP_it": 31.532456961076583,
            "AP_ivt": 26.298831015996452
        },
        "AP_EMA": {
            "AP_i": 76.70774428252547,
            "AP_v": 52.27115583722021,
            "AP_t": 44.57526278719445,
            "AP_iv": 33.07702760740818,
            "AP_it": 36.59847232902802,
            "AP_ivt": 31.483266648560218
        }
    }
}