{
    "Test": false,
    "Cholec80": {
        "F1_score": 67.20207476991473,
        "F1_score_EMA": 70.41249461659986,
        "Per_video_f1": {
            "cholec80_video41": 68.79366800940852,
            "cholec80_video43": 54.1792760003913,
            "cholec80_video44": 70.5406159954315,
            "cholec80_video45": 77.3697575160216,
            "cholec80_video46": 71.04205566279936,
            "cholec80_video47": 61.98191592608239,
            "cholec80_video48": 66.50723427926842
        },
        "Per_video_f1_EMA": {
            "cholec80_video41": 69.5526582643522,
            "cholec80_video43": 60.24093594857359,
            "cholec80_video44": 74.38765087745406,
            "cholec80_video45": 73.7458253544996,
            "cholec80_video46": 72.4504871731165,
            "cholec80_video47": 69.18493937872061,
            "cholec80_video48": 73.32496531948246
        }
    },
    "Endoscapes": {
        "mAP": 28.729393662920955,
        "mAP_EMA": 26.52392933817721,
        "mAP_per_class": {
            "C0": 27.992130739142628,
            "C1": 25.753353717198664,
            "C2": 32.44269653242158
        },
        "mAP_per_class_EMA": {
            "C0": 27.475561144252687,
            "C1": 23.826401310992516,
            "C2": 28.269825559286428
        }
    },
    "CholecT50": {
        "AP": {
            "AP_i": 64.28623671777963,
            "AP_v": 43.826712170793336,
            "AP_t": 35.44566193292012,
            "AP_iv": 27.905930231037747,
            "AP_it": 27.616499993710804,
            "AP_ivt": 22.721379084791764
        },
        "AP_EMA": {
            "AP_i": 73.19248860558348,
            "AP_v": 50.66934634702056,
            "AP_t": 40.86837951296253,
            "AP_iv": 34.100186643509815,
            "AP_it": 34.15693571704325,
            "AP_ivt": 29.104019392472445
        }
    }
}