{
    "Test": false,
    "Cholec80": {
        "F1_score": 51.014166656589744,
        "F1_score_EMA": 2.887689252161286,
        "Per_video_f1": {
            "cholec80_video41": 44.6458998751771,
            "cholec80_video43": 43.94922212266304,
            "cholec80_video44": 57.87426789009268,
            "cholec80_video45": 56.416447789887094,
            "cholec80_video46": 51.13782388890568,
            "cholec80_video47": 48.790992693443656,
            "cholec80_video48": 54.28451233595896
        },
        "Per_video_f1_EMA": {
            "cholec80_video41": 4.2613661224624435,
            "cholec80_video43": 2.0325700430693927,
            "cholec80_video44": 0.9645782178543172,
            "cholec80_video45": 0.875159770140237,
            "cholec80_video46": 4.557334649939686,
            "cholec80_video47": 2.823079649869009,
            "cholec80_video48": 4.699736311793917
        }
    },
    "Endoscapes": {
        "mAP": 32.62383912690474,
        "mAP_EMA": 14.260207419522208,
        "mAP_per_class": {
            "C0": 27.949973400086037,
            "C1": 31.805284224777886,
            "C2": 38.116259755850294
        },
        "mAP_per_class_EMA": {
            "C0": 15.081579272123843,
            "C1": 12.620633921445549,
            "C2": 15.078409064997233
        }
    },
    "CholecT50": {
        "AP": {
            "AP_i": 66.04855424405127,
            "AP_v": 46.63014434295562,
            "AP_t": 38.844731157148395,
            "AP_iv": 28.397103198088374,
            "AP_it": 28.933922346887865,
            "AP_ivt": 24.622022399736025
        },
        "AP_EMA": {
            "AP_i": 22.58326235476061,
            "AP_v": 14.657043233420817,
            "AP_t": 11.719373246150953,
            "AP_iv": 8.264466320728676,
            "AP_it": 6.239301706599705,
            "AP_ivt": 5.098304247818348
        }
    }
}