{
    "Test": false,
    "Cholec80": {
        "F1_score": 65.60837142151625,
        "F1_score_EMA": 61.95213709788294,
        "Per_video_f1": {
            "cholec80_video41": 61.936315323704605,
            "cholec80_video43": 60.490043758808746,
            "cholec80_video44": 64.25892016059105,
            "cholec80_video45": 67.41432074982826,
            "cholec80_video46": 69.27770518432685,
            "cholec80_video47": 62.869247538240515,
            "cholec80_video48": 73.01204723511373
        },
        "Per_video_f1_EMA": {
            "cholec80_video41": 61.65653537920679,
            "cholec80_video43": 59.42657765912101,
            "cholec80_video44": 52.32112928674565,
            "cholec80_video45": 61.388033516001585,
            "cholec80_video46": 69.86683597203866,
            "cholec80_video47": 58.89739676228742,
            "cholec80_video48": 70.10845110977947
        }
    },
    "Endoscapes": {
        "mAP": 37.64713307912173,
        "mAP_EMA": 37.065305178634176,
        "mAP_per_class": {
            "C0": 36.053024127312874,
            "C1": 34.50044886787567,
            "C2": 42.387926242176654
        },
        "mAP_per_class_EMA": {
            "C0": 33.65213607146716,
            "C1": 36.917195542544896,
            "C2": 40.62658392189048
        }
    },
    "CholecT50": {
        "AP": {
            "AP_i": 71.93889076550225,
            "AP_v": 49.47958990250507,
            "AP_t": 37.14367379210084,
            "AP_iv": 30.89904669910708,
            "AP_it": 29.716488167993948,
            "AP_ivt": 24.91002971046744
        },
        "AP_EMA": {
            "AP_i": 74.33880095454548,
            "AP_v": 51.80179322063202,
            "AP_t": 41.939555091565936,
            "AP_iv": 32.352089116075646,
            "AP_it": 32.234280416809156,
            "AP_ivt": 27.851435612161254
        }
    }
}