{
    "Test": false,
    "Cholec80": {
        "F1_score": 61.85013212564168,
        "F1_score_EMA": 66.26392408220768,
        "Per_video_f1": {
            "cholec80_video41": 56.45101441149839,
            "cholec80_video43": 56.35804556309668,
            "cholec80_video44": 64.4312053425768,
            "cholec80_video45": 60.81282642801561,
            "cholec80_video46": 65.56785748986397,
            "cholec80_video47": 62.94762378845817,
            "cholec80_video48": 66.38235185598211
        },
        "Per_video_f1_EMA": {
            "cholec80_video41": 64.60497659977862,
            "cholec80_video43": 60.24789871327017,
            "cholec80_video44": 63.315680530104935,
            "cholec80_video45": 69.88136170145678,
            "cholec80_video46": 71.95658640179897,
            "cholec80_video47": 62.252654419049705,
            "cholec80_video48": 71.58831020999455
        }
    },
    "Endoscapes": {
        "mAP": 36.53559890247482,
        "mAP_EMA": 39.192303900281615,
        "mAP_per_class": {
            "C0": 36.99190755276973,
            "C1": 33.36086453335761,
            "C2": 39.25402462129711
        },
        "mAP_per_class_EMA": {
            "C0": 36.490702050352624,
            "C1": 39.10889824663548,
            "C2": 41.977311403856746
        }
    },
    "CholecT50": {
        "AP": {
            "AP_i": 70.15346774431133,
            "AP_v": 48.98731733186897,
            "AP_t": 32.05978385759569,
            "AP_iv": 29.233352976115007,
            "AP_it": 25.591013624886646,
            "AP_ivt": 21.440155918938714
        },
        "AP_EMA": {
            "AP_i": 79.06066598247905,
            "AP_v": 54.71397688518891,
            "AP_t": 41.45104098748786,
            "AP_iv": 34.40824400253032,
            "AP_it": 33.4188341648686,
            "AP_ivt": 27.928019002001143
        }
    }
}