{
    "Test": false,
    "Cholec80": {
        "F1_score": 59.76579870133607,
        "F1_score_EMA": 67.37872987726426,
        "Per_video_f1": {
            "cholec80_video41": 60.426913951138225,
            "cholec80_video43": 52.11568238142951,
            "cholec80_video44": 55.56097089398347,
            "cholec80_video45": 70.67526074998628,
            "cholec80_video46": 62.041768593420784,
            "cholec80_video47": 53.493942320824274,
            "cholec80_video48": 64.04605201856991
        },
        "Per_video_f1_EMA": {
            "cholec80_video41": 65.28087558720846,
            "cholec80_video43": 61.49746545599382,
            "cholec80_video44": 66.46015203933996,
            "cholec80_video45": 71.06810462712666,
            "cholec80_video46": 72.25053859823038,
            "cholec80_video47": 62.966078117835146,
            "cholec80_video48": 72.12789471511543
        }
    },
    "Endoscapes": {
        "mAP": 34.512781157836564,
        "mAP_EMA": 40.02453781183417,
        "mAP_per_class": {
            "C0": 34.57167100402617,
            "C1": 33.199555764457656,
            "C2": 35.767116705025856
        },
        "mAP_per_class_EMA": {
            "C0": 37.57949452299509,
            "C1": 39.95732479492206,
            "C2": 42.53679411758536
        }
    },
    "CholecT50": {
        "AP": {
            "AP_i": 74.68635937728838,
            "AP_v": 49.75215062678383,
            "AP_t": 35.4360205536185,
            "AP_iv": 31.466971909459698,
            "AP_it": 31.533800705210876,
            "AP_ivt": 25.803907359603965
        },
        "AP_EMA": {
            "AP_i": 79.9631566186596,
            "AP_v": 55.878368373440196,
            "AP_t": 40.66710254107082,
            "AP_iv": 35.32185031404949,
            "AP_it": 33.25348716699634,
            "AP_ivt": 28.085300534530425
        }
    }
}