{
    "Test": false,
    "Cholec80": {
        "F1_score": 63.842210513081575,
        "F1_score_EMA": 9.130190282737473,
        "Per_video_f1": {
            "cholec80_video41": 62.660080951026366,
            "cholec80_video43": 51.788342657503286,
            "cholec80_video44": 67.00061903072113,
            "cholec80_video45": 64.20514576868543,
            "cholec80_video46": 68.00153947124356,
            "cholec80_video47": 66.50047848658632,
            "cholec80_video48": 66.73926722580495
        },
        "Per_video_f1_EMA": {
            "cholec80_video41": 7.559639597916028,
            "cholec80_video43": 6.137426978316939,
            "cholec80_video44": 7.414262036580908,
            "cholec80_video45": 5.657982679098713,
            "cholec80_video46": 14.673659798284158,
            "cholec80_video47": 11.714070083466378,
            "cholec80_video48": 10.754290805499187
        }
    },
    "Endoscapes": {
        "mAP": 28.661404249467783,
        "mAP_EMA": 15.15091497391723,
        "mAP_per_class": {
            "C0": 26.60692387993544,
            "C1": 25.447437940539714,
            "C2": 33.92985092792819
        },
        "mAP_per_class_EMA": {
            "C0": 16.40940650319793,
            "C1": 13.281031580266264,
            "C2": 15.762306838287499
        }
    },
    "CholecT50": {
        "AP": {
            "AP_i": 69.91739569558598,
            "AP_v": 48.90600136331521,
            "AP_t": 42.14700623595367,
            "AP_iv": 30.821660449583018,
            "AP_it": 34.39972865227424,
            "AP_ivt": 29.968295693138653
        },
        "AP_EMA": {
            "AP_i": 22.193088411237994,
            "AP_v": 15.205106261269364,
            "AP_t": 12.158584867245057,
            "AP_iv": 8.756118222945268,
            "AP_it": 6.448585047229643,
            "AP_ivt": 5.3152213542413245
        }
    }
}