{
    "Test": false,
    "Cholec80": {
        "F1_score": 60.31693503597775,
        "F1_score_EMA": 68.0755777328271,
        "Per_video_f1": {
            "cholec80_video41": 61.461424051486965,
            "cholec80_video43": 51.159112981649756,
            "cholec80_video44": 58.99810074220157,
            "cholec80_video45": 66.88291977063898,
            "cholec80_video46": 66.66108657757923,
            "cholec80_video47": 53.974855541589164,
            "cholec80_video48": 63.0810455866986
        },
        "Per_video_f1_EMA": {
            "cholec80_video41": 65.91540329184367,
            "cholec80_video43": 62.218941968352915,
            "cholec80_video44": 66.93657140588843,
            "cholec80_video45": 72.69934958811396,
            "cholec80_video46": 72.1558369054724,
            "cholec80_video47": 63.207467407593676,
            "cholec80_video48": 73.3954735625246
        }
    },
    "Endoscapes": {
        "mAP": 38.66821357112523,
        "mAP_EMA": 41.05303753421047,
        "mAP_per_class": {
            "C0": 39.120424155675295,
            "C1": 36.848010844496585,
            "C2": 40.03620571320381
        },
        "mAP_per_class_EMA": {
            "C0": 39.209749704921656,
            "C1": 41.0108199079893,
            "C2": 42.938542989720446
        }
    },
    "CholecT50": {
        "AP": {
            "AP_i": 72.22332285205418,
            "AP_v": 48.53982101302303,
            "AP_t": 34.78954735797687,
            "AP_iv": 29.985189833353395,
            "AP_it": 29.450808372886478,
            "AP_ivt": 24.12539370978029
        },
        "AP_EMA": {
            "AP_i": 80.75081308850567,
            "AP_v": 56.061866905681235,
            "AP_t": 39.16538581017617,
            "AP_iv": 34.98912774767714,
            "AP_it": 32.28867296331849,
            "AP_ivt": 27.009853229649433
        }
    }
}