{
    "Test": true,
    "Cholec80": {
        "F1_score": 51.86058300643296,
        "F1_score_EMA": null,
        "Per_video_f1": {
            "cholec80_video51": 63.776530350936625,
            "cholec80_video53": 54.06386238388819,
            "cholec80_video54": 58.67608806217179,
            "cholec80_video55": 69.09059993491977,
            "cholec80_video58": 34.09981676593408,
            "cholec80_video59": 50.466575968349105,
            "cholec80_video61": 34.55272072135009,
            "cholec80_video63": 40.6378424016394,
            "cholec80_video64": 49.19777839201878,
            "cholec80_video69": 62.87775511332514,
            "cholec80_video73": 69.07016813277924,
            "cholec80_video74": 58.81267912856066,
            "cholec80_video76": 52.771350175472975,
            "cholec80_video77": 55.887574379142045,
            "cholec80_video80": 23.927403186006522
        },
        "Per_video_f1_EMA": null
    },
    "Endoscapes": {
        "mAP": 47.097325372188884,
        "mAP_EMA": null,
        "mAP_per_class": {
            "C0": 42.769850591692496,
            "C1": 36.040475323952364,
            "C2": 62.4816502009218
        },
        "mAP_per_class_EMA": null
    },
    "CholecT50": {
        "AP": {
            "AP_i": 81.18195860262081,
            "AP_v": 55.41916711814099,
            "AP_t": 39.283599316060474,
            "AP_iv": 34.115627662738035,
            "AP_it": 31.985103872939217,
            "AP_ivt": 25.745910895458252
        },
        "AP_EMA": null
    }
}