{
    "Test": false,
    "Cholec80": {
        "F1_score": 60.894205167612554,
        "F1_score_EMA": 53.05214661131548,
        "Per_video_f1": {
            "cholec80_video41": 61.852366737043,
            "cholec80_video43": 53.63958431480259,
            "cholec80_video44": 59.48773084259901,
            "cholec80_video45": 76.96123143118514,
            "cholec80_video46": 68.48175034058464,
            "cholec80_video47": 53.48307949526549,
            "cholec80_video48": 52.35369301180802
        },
        "Per_video_f1_EMA": {
            "cholec80_video41": 57.37288766229689,
            "cholec80_video43": 52.232297364560196,
            "cholec80_video44": 49.593130491392365,
            "cholec80_video45": 57.933498117799566,
            "cholec80_video46": 47.74850356157219,
            "cholec80_video47": 59.312453236516575,
            "cholec80_video48": 47.17225584507059
        }
    },
    "Endoscapes": {
        "mAP": 39.135222729593735,
        "mAP_EMA": 39.25028495344022,
        "mAP_per_class": {
            "C0": 41.86419384265206,
            "C1": 34.32028466436899,
            "C2": 41.221189681760166
        },
        "mAP_per_class_EMA": {
            "C0": 41.187775983103094,
            "C1": 37.443143980696625,
            "C2": 39.119934896520945
        }
    },
    "CholecT50": {
        "AP": {
            "AP_i": 81.5607539215878,
            "AP_v": 60.56172709481383,
            "AP_t": 38.93791795701908,
            "AP_iv": 36.967199387446136,
            "AP_it": 34.43687957453165,
            "AP_ivt": 29.857833593635096
        },
        "AP_EMA": {
            "AP_i": 65.2117421144731,
            "AP_v": 48.25243547007116,
            "AP_t": 33.86187723531713,
            "AP_iv": 30.68124286544528,
            "AP_it": 28.949387397060782,
            "AP_ivt": 26.73211424376868
        }
    }
}