{
    "Test": false,
    "Cholec80": {
        "F1_score": 56.372268248376905,
        "F1_score_EMA": 69.02879970399327,
        "Per_video_f1": {
            "cholec80_video41": 65.8530409168103,
            "cholec80_video43": 41.37633697339923,
            "cholec80_video44": 61.28289517876308,
            "cholec80_video45": 69.25379901469222,
            "cholec80_video46": 67.00575153324286,
            "cholec80_video47": 39.64998245702182,
            "cholec80_video48": 50.18407166470881
        },
        "Per_video_f1_EMA": {
            "cholec80_video41": 68.2898198032503,
            "cholec80_video43": 60.71745838919445,
            "cholec80_video44": 66.98746168985456,
            "cholec80_video45": 80.69329142151611,
            "cholec80_video46": 73.89402882764799,
            "cholec80_video47": 64.11608347019975,
            "cholec80_video48": 68.5034543262898
        }
    },
    "Endoscapes": {
        "mAP": 41.76244100013874,
        "mAP_EMA": 47.223565925183465,
        "mAP_per_class": {
            "C0": 42.47959480955904,
            "C1": 38.96489934413652,
            "C2": 43.842828846720664
        },
        "mAP_per_class_EMA": {
            "C0": 52.96261787416483,
            "C1": 45.852978411059006,
            "C2": 42.85510149032656
        }
    },
    "CholecT50": {
        "AP": {
            "AP_i": 77.36123979803769,
            "AP_v": 56.45189152271536,
            "AP_t": 39.24307123906297,
            "AP_iv": 34.3121446785101,
            "AP_it": 35.483466897433054,
            "AP_ivt": 29.76177622325198
        },
        "AP_EMA": {
            "AP_i": 85.34672845539086,
            "AP_v": 62.97445859993254,
            "AP_t": 41.107711784392464,
            "AP_iv": 40.62190755052664,
            "AP_it": 38.39506126593241,
            "AP_ivt": 34.518853616214244
        }
    }
}