{
    "Test": false,
    "Cholec80": {
        "F1_score": 56.192228709941,
        "F1_score_EMA": 7.369905933675213,
        "Per_video_f1": {
            "cholec80_video41": 47.47779092386478,
            "cholec80_video43": 62.68763322008025,
            "cholec80_video44": 56.577252044983894,
            "cholec80_video45": 61.40110196411139,
            "cholec80_video46": 57.72604724693758,
            "cholec80_video47": 52.37401925918448,
            "cholec80_video48": 55.10175631042459
        },
        "Per_video_f1_EMA": {
            "cholec80_video41": 6.650791851609725,
            "cholec80_video43": 6.179071973757842,
            "cholec80_video44": 3.9027493330483227,
            "cholec80_video45": 6.208789829940613,
            "cholec80_video46": 12.592258029116637,
            "cholec80_video47": 8.71645160529304,
            "cholec80_video48": 7.339228912960312
        }
    },
    "Endoscapes": {
        "mAP": 34.469137131309004,
        "mAP_EMA": 13.542732745372549,
        "mAP_per_class": {
            "C0": 32.38042961947669,
            "C1": 35.87737051888179,
            "C2": 35.14961125556854
        },
        "mAP_per_class_EMA": {
            "C0": 15.05460000414533,
            "C1": 10.317914988244208,
            "C2": 15.255683243728107
        }
    },
    "CholecT50": {
        "AP": {
            "AP_i": 72.11598944238357,
            "AP_v": 50.13076246590251,
            "AP_t": 37.30471068275359,
            "AP_iv": 31.711732118231303,
            "AP_it": 32.19940995234386,
            "AP_ivt": 27.993127842070155
        },
        "AP_EMA": {
            "AP_i": 21.759929060052425,
            "AP_v": 14.190916864705509,
            "AP_t": 10.590665873358367,
            "AP_iv": 7.884516422694851,
            "AP_it": 5.674990104802065,
            "AP_ivt": 4.701947127707184
        }
    }
}