{
    "Test": false,
    "Cholec80": {
        "F1_score": 54.520276754017,
        "F1_score_EMA": 72.65771842843824,
        "Per_video_f1": {
            "cholec80_video41": 76.32955037195453,
            "cholec80_video43": 32.30697687134445,
            "cholec80_video44": 84.7074149814056,
            "cholec80_video45": 83.06311031537372,
            "cholec80_video46": 83.51925396655805,
            "cholec80_video47": 28.073161976908512,
            "cholec80_video48": 32.17417135932064,
            "cholec80_video49": 34.02400243353321,
            "cholec80_video50": 36.484848509754265
        },
        "Per_video_f1_EMA": {
            "cholec80_video41": 76.61629356087883,
            "cholec80_video43": 51.168322470707125,
            "cholec80_video44": 85.1880163107605,
            "cholec80_video45": 86.30908033031389,
            "cholec80_video46": 82.82321193853589,
            "cholec80_video47": 56.494325201623084,
            "cholec80_video48": 68.36265824115746,
            "cholec80_video49": 68.4947330005145,
            "cholec80_video50": 78.46282480145294
        }
    },
    "Endoscapes": {
        "mAP": 48.927957447208414,
        "mAP_EMA": 50.0364222380048,
        "mAP_per_class": {
            "C0": 51.81759820743076,
            "C1": 52.19406913900022,
            "C2": 42.77220499519425
        },
        "mAP_per_class_EMA": {
            "C0": 50.847019323339005,
            "C1": 51.9632804632223,
            "C2": 47.29896692745311
        }
    },
    "CholecT50": {
        "AP": {
            "AP_i": 62.84517001840975,
            "AP_v": 46.30087383127152,
            "AP_t": 29.641726033903034,
            "AP_iv": 28.50781732760302,
            "AP_it": 26.8025029954987,
            "AP_ivt": 22.427515499731665
        },
        "AP_EMA": {
            "AP_i": 69.0563005633523,
            "AP_v": 52.95765536785219,
            "AP_t": 32.03890853522774,
            "AP_iv": 32.84913459897796,
            "AP_it": 30.921899249380676,
            "AP_ivt": 26.25121241162843
        }
    }
}