{
    "Test": false,
    "Cholec80": {
        "F1_score": 64.66604167962153,
        "F1_score_EMA": 71.33158227022584,
        "Per_video_f1": {
            "cholec80_video41": 76.27490262432978,
            "cholec80_video43": 40.49914099877144,
            "cholec80_video44": 82.80944641856227,
            "cholec80_video45": 77.7859073780072,
            "cholec80_video46": 82.09727041723714,
            "cholec80_video47": 48.982597456423974,
            "cholec80_video48": 53.79220844301425,
            "cholec80_video49": 55.130715777544715,
            "cholec80_video50": 64.62218560270301
        },
        "Per_video_f1_EMA": {
            "cholec80_video41": 79.5111948458452,
            "cholec80_video43": 51.726481000371216,
            "cholec80_video44": 84.45900776912573,
            "cholec80_video45": 86.80420364494225,
            "cholec80_video46": 82.37775390527344,
            "cholec80_video47": 51.6939923213106,
            "cholec80_video48": 64.06420319185919,
            "cholec80_video49": 64.37785626668668,
            "cholec80_video50": 76.9695474866182
        }
    },
    "Endoscapes": {
        "mAP": 51.30530911244568,
        "mAP_EMA": 55.19537409973467,
        "mAP_per_class": {
            "C0": 52.96506148763935,
            "C1": 54.81806873488326,
            "C2": 46.132797114814416
        },
        "mAP_per_class_EMA": {
            "C0": 53.45168381045771,
            "C1": 58.41461880262737,
            "C2": 53.71981968611893
        }
    },
    "CholecT50": {
        "AP": {
            "AP_i": 57.310673369538705,
            "AP_v": 43.85360189903465,
            "AP_t": 27.100445621089822,
            "AP_iv": 29.421658246878486,
            "AP_it": 26.74450797421007,
            "AP_ivt": 22.82184981366557
        },
        "AP_EMA": {
            "AP_i": 65.33953274217026,
            "AP_v": 49.56748457753304,
            "AP_t": 30.70516833088715,
            "AP_iv": 31.54671878484754,
            "AP_it": 31.567536224379232,
            "AP_ivt": 26.63107351188943
        }
    }
}