{
    "Test": false,
    "Cholec80": {
        "F1_score": 69.99500760029896,
        "F1_score_EMA": 54.90937828642677,
        "Per_video_f1": {
            "cholec80_video41": 73.84758752533361,
            "cholec80_video43": 54.168961340481644,
            "cholec80_video44": 86.78581483499512,
            "cholec80_video45": 85.6567609196886,
            "cholec80_video46": 79.39671989761888,
            "cholec80_video47": 59.85075412172368,
            "cholec80_video48": 62.90238203284797,
            "cholec80_video49": 63.95778432963546,
            "cholec80_video50": 63.388303400365686
        },
        "Per_video_f1_EMA": {
            "cholec80_video41": 58.19668680448361,
            "cholec80_video43": 56.81785626896353,
            "cholec80_video44": 53.63323204562388,
            "cholec80_video45": 53.69721935288183,
            "cholec80_video46": 53.10375848271006,
            "cholec80_video47": 52.1532080964179,
            "cholec80_video48": 53.90841146255085,
            "cholec80_video49": 60.95863315810853,
            "cholec80_video50": 51.71539890610077
        }
    },
    "Endoscapes": {
        "mAP": 51.35658684991707,
        "mAP_EMA": 41.12121156330712,
        "mAP_per_class": {
            "C0": 53.48192165269001,
            "C1": 53.54106257636212,
            "C2": 47.046776320699074
        },
        "mAP_per_class_EMA": {
            "C0": 39.55714044879058,
            "C1": 44.587336520431556,
            "C2": 39.21915772069923
        }
    },
    "CholecT50": {
        "AP": {
            "AP_i": 67.74592993225185,
            "AP_v": 51.24427597511859,
            "AP_t": 31.60119305496259,
            "AP_iv": 30.209127287758022,
            "AP_it": 29.112854129649232,
            "AP_ivt": 24.652448333331087
        },
        "AP_EMA": {
            "AP_i": 58.76081916149092,
            "AP_v": 46.56958062897951,
            "AP_t": 36.36693125922003,
            "AP_iv": 29.209245779445514,
            "AP_it": 29.548169605709084,
            "AP_ivt": 24.64884542036997
        }
    }
}