{
    "Test": false,
    "Cholec80": {
        "F1_score": 70.72674476807724,
        "F1_score_EMA": 66.94231704916241,
        "Per_video_f1": {
            "cholec80_video41": 78.50046171585664,
            "cholec80_video43": 52.64546939170105,
            "cholec80_video44": 81.15689551944175,
            "cholec80_video45": 84.13764164947962,
            "cholec80_video46": 76.83903564295986,
            "cholec80_video47": 57.494587661899224,
            "cholec80_video48": 68.09811770753028,
            "cholec80_video49": 66.88751569220587,
            "cholec80_video50": 70.78097793162085
        },
        "Per_video_f1_EMA": {
            "cholec80_video41": 69.77503230046229,
            "cholec80_video43": 73.41626352008677,
            "cholec80_video44": 63.873341078464065,
            "cholec80_video45": 67.15906403415165,
            "cholec80_video46": 63.019790283688614,
            "cholec80_video47": 61.26706315198368,
            "cholec80_video48": 66.99720807833948,
            "cholec80_video49": 71.94219560671182,
            "cholec80_video50": 65.03089538857338
        }
    },
    "Endoscapes": {
        "mAP": 52.52531643770404,
        "mAP_EMA": 40.57548516899321,
        "mAP_per_class": {
            "C0": 53.528437812947075,
            "C1": 54.87582946342789,
            "C2": 49.17168203673716
        },
        "mAP_per_class_EMA": {
            "C0": 37.41027801894402,
            "C1": 42.64234332132001,
            "C2": 41.673834166715594
        }
    },
    "CholecT50": {
        "AP": {
            "AP_i": 65.15026640330656,
            "AP_v": 48.60126914939433,
            "AP_t": 30.93984953901224,
            "AP_iv": 29.079781131234576,
            "AP_it": 31.06472970437654,
            "AP_ivt": 26.693467339002208
        },
        "AP_EMA": {
            "AP_i": 72.22225523089547,
            "AP_v": 53.41591533327215,
            "AP_t": 39.99378328913827,
            "AP_iv": 33.202755804499894,
            "AP_it": 32.159638255809924,
            "AP_ivt": 27.42464234392918
        }
    }
}