{
    "Test": false,
    "Cholec80": {
        "F1_score": 47.56170062036444,
        "F1_score_EMA": 50.2274131242977,
        "Per_video_f1": {
            "cholec80_video41": 73.66872447969038,
            "cholec80_video43": 21.74330293397224,
            "cholec80_video44": 83.5216801592391,
            "cholec80_video45": 67.4168585769186,
            "cholec80_video46": 81.81984094784681,
            "cholec80_video47": 18.649943598075367,
            "cholec80_video48": 19.235224312404707,
            "cholec80_video49": 17.175072622489115,
            "cholec80_video50": 44.82465795264367
        },
        "Per_video_f1_EMA": {
            "cholec80_video41": 74.10320627332652,
            "cholec80_video43": 23.5172943249172,
            "cholec80_video44": 84.1109809438846,
            "cholec80_video45": 74.29666928467299,
            "cholec80_video46": 82.60316220095048,
            "cholec80_video47": 21.304187339400546,
            "cholec80_video48": 26.97694992726843,
            "cholec80_video49": 20.499685225461057,
            "cholec80_video50": 44.63458259879749
        }
    },
    "Endoscapes": {
        "mAP": 48.32447883419059,
        "mAP_EMA": 49.88466771964843,
        "mAP_per_class": {
            "C0": 48.87619677941513,
            "C1": 53.94090781025505,
            "C2": 42.1563319129016
        },
        "mAP_per_class_EMA": {
            "C0": 49.98642114277397,
            "C1": 55.678984798440155,
            "C2": 43.98859721773115
        }
    },
    "CholecT50": {
        "AP": {
            "AP_i": 43.299267224661044,
            "AP_v": 30.02656391724192,
            "AP_t": 22.157516254886577,
            "AP_iv": 18.101019570600226,
            "AP_it": 19.59632153891839,
            "AP_ivt": 16.245738290525022
        },
        "AP_EMA": {
            "AP_i": 47.98910869380037,
            "AP_v": 33.525106732673535,
            "AP_t": 23.378536182304664,
            "AP_iv": 20.194144656471547,
            "AP_it": 21.342815857925263,
            "AP_ivt": 17.77069538234811
        }
    }
}