{
    "Test": false,
    "Cholec80": {
        "F1_score": 73.83639660886757,
        "F1_score_EMA": 7.82907173158051,
        "Per_video_f1": {
            "cholec80_video41": 76.36858146111143,
            "cholec80_video43": 55.9884347875604,
            "cholec80_video44": 81.79619621430481,
            "cholec80_video45": 87.14009378244673,
            "cholec80_video46": 79.81906696887255,
            "cholec80_video47": 63.036972543056734,
            "cholec80_video48": 69.44011778539728,
            "cholec80_video49": 70.87341799917529,
            "cholec80_video50": 80.0646879378829
        },
        "Per_video_f1_EMA": {
            "cholec80_video41": 8.229104288467719,
            "cholec80_video43": 8.404572997951087,
            "cholec80_video44": 7.748683583584806,
            "cholec80_video45": 6.645375110280802,
            "cholec80_video46": 6.536100074468851,
            "cholec80_video47": 5.734513274336283,
            "cholec80_video48": 9.740528643677202,
            "cholec80_video49": 5.366194607963813,
            "cholec80_video50": 12.056573003494027
        }
    },
    "Endoscapes": {
        "mAP": 50.89475699086819,
        "mAP_EMA": 15.396762375960556,
        "mAP_per_class": {
            "C0": 50.784388873435326,
            "C1": 53.49684420453124,
            "C2": 48.40303789463799
        },
        "mAP_per_class_EMA": {
            "C0": 17.127796116619486,
            "C1": 14.52429586213532,
            "C2": 14.538195149126864
        }
    },
    "CholecT50": {
        "AP": {
            "AP_i": 74.05582013066355,
            "AP_v": 55.47132577382882,
            "AP_t": 36.41168331836636,
            "AP_iv": 33.82218623159601,
            "AP_it": 33.29233830969943,
            "AP_ivt": 29.44186304801062
        },
        "AP_EMA": {
            "AP_i": 30.173827910033364,
            "AP_v": 20.96927127942846,
            "AP_t": 16.302020086610636,
            "AP_iv": 12.059923931406924,
            "AP_it": 9.380660883941697,
            "AP_ivt": 7.837723543632557
        }
    }
}