{
    "Test": false,
    "Cholec80": {
        "F1_score": 54.50216117255921,
        "F1_score_EMA": 70.7313702372758,
        "Per_video_f1": {
            "cholec80_video41": 67.61256345053407,
            "cholec80_video43": 45.278417126037496,
            "cholec80_video44": 52.67766381834449,
            "cholec80_video45": 65.6824982759989,
            "cholec80_video46": 55.483014978666986,
            "cholec80_video47": 41.41304190371749,
            "cholec80_video48": 53.367928654615056
        },
        "Per_video_f1_EMA": {
            "cholec80_video41": 69.49652908129998,
            "cholec80_video43": 69.6105309407226,
            "cholec80_video44": 73.13318262146838,
            "cholec80_video45": 80.0915663097042,
            "cholec80_video46": 69.44092108377913,
            "cholec80_video47": 62.206484077397825,
            "cholec80_video48": 71.14037754655843
        }
    },
    "Endoscapes": {
        "mAP": 37.38615911795652,
        "mAP_EMA": 39.347671536712916,
        "mAP_per_class": {
            "C0": 39.76176296157552,
            "C1": 33.512999395596935,
            "C2": 38.88371499669709
        },
        "mAP_per_class_EMA": {
            "C0": 40.4195444205394,
            "C1": 39.798832043193016,
            "C2": 37.824638146406336
        }
    },
    "CholecT50": {
        "AP": {
            "AP_i": 81.59712898903187,
            "AP_v": 55.1355120620055,
            "AP_t": 39.32456942583537,
            "AP_iv": 36.674378168716586,
            "AP_it": 34.21819998399395,
            "AP_ivt": 29.75558582102201
        },
        "AP_EMA": {
            "AP_i": 85.39910243233287,
            "AP_v": 63.51242650715666,
            "AP_t": 43.37204851546907,
            "AP_iv": 41.238292751463916,
            "AP_it": 38.43286075108415,
            "AP_ivt": 32.346153375579554
        }
    }
}