{
    "Test": false,
    "Cholec80": {
        "F1_score": 62.17746061404926,
        "F1_score_EMA": 13.497546725080394,
        "Per_video_f1": {
            "cholec80_video41": 62.00211317555985,
            "cholec80_video43": 59.46630968224829,
            "cholec80_video44": 68.29194782181271,
            "cholec80_video45": 71.49967289875285,
            "cholec80_video46": 64.18924881899996,
            "cholec80_video47": 55.18979045459136,
            "cholec80_video48": 54.60314144637978
        },
        "Per_video_f1_EMA": {
            "cholec80_video41": 12.152010326833175,
            "cholec80_video43": 13.181688193247052,
            "cholec80_video44": 14.505409947523093,
            "cholec80_video45": 12.899253561214245,
            "cholec80_video46": 18.8148527674268,
            "cholec80_video47": 9.609336099950175,
            "cholec80_video48": 13.320276179368223
        }
    },
    "Endoscapes": {
        "mAP": 32.20811895049612,
        "mAP_EMA": 12.355621199496625,
        "mAP_per_class": {
            "C0": 32.77640312114802,
            "C1": 33.477896224085356,
            "C2": 30.370057506254984
        },
        "mAP_per_class_EMA": {
            "C0": 13.98288893138537,
            "C1": 9.976562199091639,
            "C2": 13.107412468012866
        }
    },
    "CholecT50": {
        "AP": {
            "AP_i": 79.09353991320884,
            "AP_v": 53.31892726097469,
            "AP_t": 42.603302338631586,
            "AP_iv": 34.475617512847485,
            "AP_it": 34.98266367403401,
            "AP_ivt": 30.535625777424908
        },
        "AP_EMA": {
            "AP_i": 25.042886654821302,
            "AP_v": 16.27990253492484,
            "AP_t": 12.560738600928175,
            "AP_iv": 9.111099494909316,
            "AP_it": 6.857028428021635,
            "AP_ivt": 5.576657283173005
        }
    }
}