{
    "Test": true,
    "Cholec80": {
        "F1_score": 53.5474161258874,
        "F1_score_EMA": null,
        "Per_video_f1": {
            "cholec80_video51": 62.365471751267606,
            "cholec80_video53": 50.63869033631323,
            "cholec80_video54": 60.751259369353704,
            "cholec80_video55": 66.72920730658512,
            "cholec80_video58": 31.735727584592816,
            "cholec80_video59": 68.09002844215095,
            "cholec80_video61": 40.91150512572543,
            "cholec80_video63": 47.332331249944275,
            "cholec80_video64": 53.850566050276036,
            "cholec80_video69": 65.27958533355468,
            "cholec80_video73": 70.22477717643868,
            "cholec80_video74": 56.67244425285871,
            "cholec80_video76": 42.79019435677068,
            "cholec80_video77": 54.431398713266354,
            "cholec80_video80": 31.408054839212785
        },
        "Per_video_f1_EMA": null
    },
    "Endoscapes": {
        "mAP": 44.18922903399161,
        "mAP_EMA": null,
        "mAP_per_class": {
            "C0": 41.01861794749412,
            "C1": 28.90098151650443,
            "C2": 62.64808763797627
        },
        "mAP_per_class_EMA": null
    },
    "CholecT50": {
        "AP": {
            "AP_i": 75.46073103041367,
            "AP_v": 51.01127244190836,
            "AP_t": 35.48975438523079,
            "AP_iv": 29.902701702650955,
            "AP_it": 28.299834151101617,
            "AP_ivt": 23.20169722151135
        },
        "AP_EMA": null
    }
}