{
    "Test": false,
    "Cholec80": {
        "F1_score": 57.640380591489716,
        "F1_score_EMA": 70.631529019114,
        "Per_video_f1": {
            "cholec80_video41": 67.85861967721466,
            "cholec80_video43": 47.42814506028877,
            "cholec80_video44": 62.96345037481414,
            "cholec80_video45": 69.47006533297441,
            "cholec80_video46": 64.39978299957534,
            "cholec80_video47": 43.02122912716987,
            "cholec80_video48": 48.34137156839083
        },
        "Per_video_f1_EMA": {
            "cholec80_video41": 69.17363675293285,
            "cholec80_video43": 68.71057687952344,
            "cholec80_video44": 73.28671177669302,
            "cholec80_video45": 80.72142702271931,
            "cholec80_video46": 69.24680914402369,
            "cholec80_video47": 61.91075390056378,
            "cholec80_video48": 71.37078765734192
        }
    },
    "Endoscapes": {
        "mAP": 30.701843145281455,
        "mAP_EMA": 39.70976089599668,
        "mAP_per_class": {
            "C0": 33.145876764559276,
            "C1": 29.864485486095006,
            "C2": 29.09516718519008
        },
        "mAP_per_class_EMA": {
            "C0": 41.90469099547048,
            "C1": 39.23731838952568,
            "C2": 37.987273302993884
        }
    },
    "CholecT50": {
        "AP": {
            "AP_i": 77.38229076623385,
            "AP_v": 52.971213087111835,
            "AP_t": 36.5836446644415,
            "AP_iv": 35.4223753446536,
            "AP_it": 31.044541102743956,
            "AP_ivt": 27.358848675791577
        },
        "AP_EMA": {
            "AP_i": 85.80341736286364,
            "AP_v": 62.88524239449227,
            "AP_t": 42.070085324210886,
            "AP_iv": 40.8757432308031,
            "AP_it": 37.582281852664046,
            "AP_ivt": 31.707661638587034
        }
    }
}