{
    "Test": false,
    "Cholec80": {
        "F1_score": 65.95922109359773,
        "F1_score_EMA": 28.336021038609477,
        "Per_video_f1": {
            "cholec80_video41": 64.77242567470591,
            "cholec80_video43": 63.567531484712866,
            "cholec80_video44": 69.74659120786454,
            "cholec80_video45": 77.07729176915515,
            "cholec80_video46": 64.1854716173975,
            "cholec80_video47": 51.83770259292151,
            "cholec80_video48": 70.52753330842665
        },
        "Per_video_f1_EMA": {
            "cholec80_video41": 18.520999681832244,
            "cholec80_video43": 34.41765837945453,
            "cholec80_video44": 27.67780121373314,
            "cholec80_video45": 27.871873543978058,
            "cholec80_video46": 36.51288502548176,
            "cholec80_video47": 28.65778041215254,
            "cholec80_video48": 24.69314901363408
        }
    },
    "Endoscapes": {
        "mAP": 35.57080759924745,
        "mAP_EMA": 24.30001738311491,
        "mAP_per_class": {
            "C0": 35.306720957250526,
            "C1": 34.422363366531386,
            "C2": 36.98333847396044
        },
        "mAP_per_class_EMA": {
            "C0": 23.03428310406176,
            "C1": 21.260885446345394,
            "C2": 28.60488359893757
        }
    },
    "CholecT50": {
        "AP": {
            "AP_i": 82.08688705305288,
            "AP_v": 59.31725161200369,
            "AP_t": 38.58463858403923,
            "AP_iv": 37.9617772143111,
            "AP_it": 33.751494826982395,
            "AP_ivt": 29.078370657399205
        },
        "AP_EMA": {
            "AP_i": 54.57168782994176,
            "AP_v": 37.5150898109262,
            "AP_t": 30.23182154998206,
            "AP_iv": 23.0192335888644,
            "AP_it": 21.589731924535094,
            "AP_ivt": 18.39237910311598
        }
    }
}