{
    "Test": false,
    "Cholec80": {
        "F1_score": 57.186124191198914,
        "F1_score_EMA": 70.27574884490298,
        "Per_video_f1": {
            "cholec80_video41": 64.08986734827005,
            "cholec80_video43": 54.87027799541063,
            "cholec80_video44": 64.14926707516572,
            "cholec80_video45": 63.56784453552944,
            "cholec80_video46": 64.75857179243701,
            "cholec80_video47": 41.90202866772199,
            "cholec80_video48": 46.96501192385753
        },
        "Per_video_f1_EMA": {
            "cholec80_video41": 68.5008945111692,
            "cholec80_video43": 67.18203204403365,
            "cholec80_video44": 72.98196193157452,
            "cholec80_video45": 80.82093959218145,
            "cholec80_video46": 69.31682187058861,
            "cholec80_video47": 61.64742069820836,
            "cholec80_video48": 71.48017126656512
        }
    },
    "Endoscapes": {
        "mAP": 31.89899160782805,
        "mAP_EMA": 39.02979525478083,
        "mAP_per_class": {
            "C0": 35.495320525166804,
            "C1": 26.670608083392178,
            "C2": 33.531046214925176
        },
        "mAP_per_class_EMA": {
            "C0": 41.907136169269506,
            "C1": 38.025606848821255,
            "C2": 37.156642746251734
        }
    },
    "CholecT50": {
        "AP": {
            "AP_i": 77.26580443018385,
            "AP_v": 54.496246565588095,
            "AP_t": 39.673072994260494,
            "AP_iv": 34.25140912011931,
            "AP_it": 32.934322210754374,
            "AP_ivt": 27.79359154389128
        },
        "AP_EMA": {
            "AP_i": 85.3272104073609,
            "AP_v": 62.011697825149916,
            "AP_t": 41.55882787965853,
            "AP_iv": 41.03899668182504,
            "AP_it": 37.40790455695481,
            "AP_ivt": 31.35232767647254
        }
    }
}