{
    "Test": false,
    "Cholec80": {
        "F1_score": 67.74867871363249,
        "F1_score_EMA": 62.1315944228259,
        "Per_video_f1": {
            "cholec80_video41": 63.29218440804452,
            "cholec80_video43": 71.45023559252107,
            "cholec80_video44": 71.38175208870469,
            "cholec80_video45": 73.23541754205932,
            "cholec80_video46": 66.19803299861343,
            "cholec80_video47": 62.47567639723387,
            "cholec80_video48": 66.20745196825048
        },
        "Per_video_f1_EMA": {
            "cholec80_video41": 62.24057042248864,
            "cholec80_video43": 65.54360071445026,
            "cholec80_video44": 66.66746048104093,
            "cholec80_video45": 67.71826588896012,
            "cholec80_video46": 59.126267458381264,
            "cholec80_video47": 55.32355869235269,
            "cholec80_video48": 58.30143730210736
        }
    },
    "Endoscapes": {
        "mAP": 39.4588878611816,
        "mAP_EMA": 34.55069466901999,
        "mAP_per_class": {
            "C0": 39.43927204040472,
            "C1": 41.27065053741748,
            "C2": 37.66674100572261
        },
        "mAP_per_class_EMA": {
            "C0": 32.21497876090775,
            "C1": 33.95719658932125,
            "C2": 37.47990865683097
        }
    },
    "CholecT50": {
        "AP": {
            "AP_i": 78.39792150267077,
            "AP_v": 55.339837547229386,
            "AP_t": 38.77198838935423,
            "AP_iv": 37.925130143335494,
            "AP_it": 32.77392758448098,
            "AP_ivt": 28.106845642262307
        },
        "AP_EMA": {
            "AP_i": 78.88035514843747,
            "AP_v": 55.50271765559747,
            "AP_t": 40.56265111461808,
            "AP_iv": 34.97818586056908,
            "AP_it": 34.44071193022532,
            "AP_ivt": 28.840630410871196
        }
    }
}