{
    "Test": false,
    "Cholec80": {
        "F1_score": 63.682049952500556,
        "F1_score_EMA": 70.50849402990505,
        "Per_video_f1": {
            "cholec80_video41": 68.34596309571232,
            "cholec80_video43": 55.3963164567425,
            "cholec80_video44": 66.31702494130279,
            "cholec80_video45": 71.42527169998235,
            "cholec80_video46": 64.44419449283835,
            "cholec80_video47": 54.51917906777874,
            "cholec80_video48": 65.32639991314684
        },
        "Per_video_f1_EMA": {
            "cholec80_video41": 69.23484061776655,
            "cholec80_video43": 67.58568375191675,
            "cholec80_video44": 73.86253293339306,
            "cholec80_video45": 80.65547335087503,
            "cholec80_video46": 69.25974474874806,
            "cholec80_video47": 61.67714824061571,
            "cholec80_video48": 71.28403456602021
        }
    },
    "Endoscapes": {
        "mAP": 36.986301776803025,
        "mAP_EMA": 39.44537873632306,
        "mAP_per_class": {
            "C0": 35.2304245198947,
            "C1": 36.40752696866113,
            "C2": 39.32095384185325
        },
        "mAP_per_class_EMA": {
            "C0": 41.444527281872745,
            "C1": 39.33221998434891,
            "C2": 37.55938894274752
        }
    },
    "CholecT50": {
        "AP": {
            "AP_i": 75.46078192759212,
            "AP_v": 52.22942392761303,
            "AP_t": 38.01891565524185,
            "AP_iv": 33.82297671808043,
            "AP_it": 33.284066531172,
            "AP_ivt": 27.830257516779525
        },
        "AP_EMA": {
            "AP_i": 85.73099311621468,
            "AP_v": 63.372924671124885,
            "AP_t": 42.63599622917799,
            "AP_iv": 40.64968204954967,
            "AP_it": 37.94953404950672,
            "AP_ivt": 31.899499467473575
        }
    }
}