{
    "Test": false,
    "Cholec80": {
        "F1_score": 66.11959949527593,
        "F1_score_EMA": 13.558216021150171,
        "Per_video_f1": {
            "cholec80_video41": 66.07637737191928,
            "cholec80_video43": 60.177298873304395,
            "cholec80_video44": 70.96090714894976,
            "cholec80_video45": 78.10073953215787,
            "cholec80_video46": 68.80083088172711,
            "cholec80_video47": 61.896342172257114,
            "cholec80_video48": 58.59216915275294,
            "cholec80_video49": 62.08387087113667,
            "cholec80_video50": 68.38785945327825
        },
        "Per_video_f1_EMA": {
            "cholec80_video41": 9.319506943342759,
            "cholec80_video43": 15.846209708228653,
            "cholec80_video44": 13.57749140919877,
            "cholec80_video45": 17.76579670473696,
            "cholec80_video46": 11.953245809978615,
            "cholec80_video47": 8.643709285986278,
            "cholec80_video48": 13.86479519634042,
            "cholec80_video49": 11.836382829532825,
            "cholec80_video50": 19.21680630300627
        }
    },
    "Endoscapes": {
        "mAP": 27.238450744816237,
        "mAP_EMA": 12.957108547024866,
        "mAP_per_class": {
            "C0": 26.40895184389209,
            "C1": 24.957354318712024,
            "C2": 30.349046071844597
        },
        "mAP_per_class_EMA": {
            "C0": 13.858319378762335,
            "C1": 9.780546220627288,
            "C2": 15.232460041684973
        }
    },
    "CholecT50": {
        "AP": {
            "AP_i": 62.66840713564752,
            "AP_v": 41.901107321305524,
            "AP_t": 32.913715974530824,
            "AP_iv": 26.155794456020498,
            "AP_it": 24.303878354365946,
            "AP_ivt": 21.56360240166194
        },
        "AP_EMA": {
            "AP_i": 21.215888063323764,
            "AP_v": 13.4367222248602,
            "AP_t": 10.31685065326596,
            "AP_iv": 7.504882681930194,
            "AP_it": 5.616062738720925,
            "AP_ivt": 4.5396514981518195
        }
    }
}