{
    "Test": false,
    "Cholec80": {
        "F1_score": 74.59239709135677,
        "F1_score_EMA": 73.02211165734826,
        "Per_video_f1": {
            "cholec80_video41": 78.55144983729649,
            "cholec80_video43": 57.264533481605305,
            "cholec80_video44": 78.95047988822529,
            "cholec80_video45": 85.80777538104647,
            "cholec80_video46": 75.37483135840218,
            "cholec80_video47": 70.20922457547515,
            "cholec80_video48": 74.64031412907434,
            "cholec80_video49": 81.51902006935138,
            "cholec80_video50": 69.01394510173438
        },
        "Per_video_f1_EMA": {
            "cholec80_video41": 76.49215512548865,
            "cholec80_video43": 66.77789724075667,
            "cholec80_video44": 75.14516105599353,
            "cholec80_video45": 81.64521624897495,
            "cholec80_video46": 70.35512440178559,
            "cholec80_video47": 65.03586331291427,
            "cholec80_video48": 73.914444006662,
            "cholec80_video49": 79.14932949580819,
            "cholec80_video50": 68.68381402775046
        }
    },
    "Endoscapes": {
        "mAP": 37.87514522623637,
        "mAP_EMA": 35.10737672601427,
        "mAP_per_class": {
            "C0": 35.725385967775644,
            "C1": 36.56218617116137,
            "C2": 41.33786353977209
        },
        "mAP_per_class_EMA": {
            "C0": 33.79243726462146,
            "C1": 35.653230675540556,
            "C2": 35.87646223788081
        }
    },
    "CholecT50": {
        "AP": {
            "AP_i": 60.883213113870006,
            "AP_v": 48.250969601623716,
            "AP_t": 35.09935179160988,
            "AP_iv": 29.72027443361735,
            "AP_it": 29.068875172587937,
            "AP_ivt": 25.150199965333456
        },
        "AP_EMA": {
            "AP_i": 57.50981467319097,
            "AP_v": 39.49884927085621,
            "AP_t": 28.469424047149207,
            "AP_iv": 24.03060156080804,
            "AP_it": 24.36105117119838,
            "AP_ivt": 20.9310082675386
        }
    }
}