{
    "Test": true,
    "Cholec80": {
        "F1_score": 68.41761509415228,
        "F1_score_EMA": null,
        "Per_video_f1": {
            "cholec80_video51": 72.79466324138708,
            "cholec80_video53": 74.1202368853728,
            "cholec80_video54": 66.27898211403527,
            "cholec80_video55": 74.14402879260358,
            "cholec80_video58": 44.24686128188265,
            "cholec80_video59": 72.21749812416599,
            "cholec80_video61": 59.511284073243,
            "cholec80_video63": 53.87413376488412,
            "cholec80_video64": 71.40836970673028,
            "cholec80_video69": 81.23369662722646,
            "cholec80_video73": 74.78302027940512,
            "cholec80_video74": 66.39309864050531,
            "cholec80_video76": 68.43046890506538,
            "cholec80_video77": 78.58945915036813,
            "cholec80_video80": 68.23842482540896
        },
        "Per_video_f1_EMA": null
    },
    "Endoscapes": {
        "mAP": 46.920125187331294,
        "mAP_EMA": null,
        "mAP_per_class": {
            "C0": 46.95241594169319,
            "C1": 40.34082175428046,
            "C2": 53.467137866020224
        },
        "mAP_per_class_EMA": null
    },
    "CholecT50": {
        "AP": {
            "AP_i": 75.06347009114688,
            "AP_v": 52.861029324915805,
            "AP_t": 35.36681770825571,
            "AP_iv": 29.960583629622015,
            "AP_it": 26.63798263742828,
            "AP_ivt": 21.79760276710779
        },
        "AP_EMA": null
    }
}