{
    "Test": false,
    "Cholec80": {
        "F1_score": 71.30639079624306,
        "F1_score_EMA": 15.987738268548153,
        "Per_video_f1": {
            "cholec80_video41": 72.98455479606697,
            "cholec80_video43": 60.51957874145276,
            "cholec80_video44": 79.95251599365025,
            "cholec80_video45": 80.22743551495958,
            "cholec80_video46": 68.94531388320732,
            "cholec80_video47": 65.41909350975814,
            "cholec80_video48": 69.68063415042145,
            "cholec80_video49": 77.33282604630593,
            "cholec80_video50": 66.69556453036515
        },
        "Per_video_f1_EMA": {
            "cholec80_video41": 17.777344471796553,
            "cholec80_video43": 14.805147081210249,
            "cholec80_video44": 23.12328000744696,
            "cholec80_video45": 15.052458510759598,
            "cholec80_video46": 17.330180989898196,
            "cholec80_video47": 9.564375367973165,
            "cholec80_video48": 17.340667506392347,
            "cholec80_video49": 11.463459203477163,
            "cholec80_video50": 17.432731277979137
        }
    },
    "Endoscapes": {
        "mAP": 31.995991492901585,
        "mAP_EMA": 14.072679360209573,
        "mAP_per_class": {
            "C0": 32.380623498315494,
            "C1": 32.09960681930708,
            "C2": 31.507744161082186
        },
        "mAP_per_class_EMA": {
            "C0": 14.257603614650677,
            "C1": 9.647535257370453,
            "C2": 18.31289920860759
        }
    },
    "CholecT50": {
        "AP": {
            "AP_i": 61.41761411268041,
            "AP_v": 39.94646191180843,
            "AP_t": 32.288131172839854,
            "AP_iv": 25.752328341767225,
            "AP_it": 26.805372701085762,
            "AP_ivt": 22.45771810840319
        },
        "AP_EMA": {
            "AP_i": 25.27210367071689,
            "AP_v": 18.13440993930036,
            "AP_t": 13.40982077844139,
            "AP_iv": 10.132498760569195,
            "AP_it": 7.692340993096465,
            "AP_ivt": 6.306948814453677
        }
    }
}