{
    "Test": false,
    "Cholec80": {
        "F1_score": 37.957164785622304,
        "F1_score_EMA": 3.1849128581943877,
        "Per_video_f1": {
            "cholec80_video41": 43.13476953471033,
            "cholec80_video43": 44.86675469197227,
            "cholec80_video44": 43.391271719928824,
            "cholec80_video45": 28.230766524929933,
            "cholec80_video46": 31.097475311239837,
            "cholec80_video47": 28.17807076831568,
            "cholec80_video48": 34.64415592900115,
            "cholec80_video49": 41.398391624379634,
            "cholec80_video50": 46.672826966123054
        },
        "Per_video_f1_EMA": {
            "cholec80_video41": 2.343917590440586,
            "cholec80_video43": 1.910133493750043,
            "cholec80_video44": 4.007811619609907,
            "cholec80_video45": 3.9800954503626294,
            "cholec80_video46": 3.9820878076085657,
            "cholec80_video47": 0.962814585074619,
            "cholec80_video48": 2.9782142560979943,
            "cholec80_video49": 4.55890688735404,
            "cholec80_video50": 3.9402340334511057
        }
    },
    "Endoscapes": {
        "mAP": 26.135381575115765,
        "mAP_EMA": 12.802183466316889,
        "mAP_per_class": {
            "C0": 24.35448197923779,
            "C1": 24.356530399755925,
            "C2": 29.69513234635358
        },
        "mAP_per_class_EMA": {
            "C0": 13.988399087840106,
            "C1": 10.262689000049303,
            "C2": 14.155462311061257
        }
    },
    "CholecT50": {
        "AP": {
            "AP_i": 47.107116149592095,
            "AP_v": 32.31951899908666,
            "AP_t": 26.09143032565266,
            "AP_iv": 18.832357852894514,
            "AP_it": 15.970673531162902,
            "AP_ivt": 14.04051910842851
        },
        "AP_EMA": {
            "AP_i": 20.87673636389938,
            "AP_v": 13.315470351867512,
            "AP_t": 10.93574197516533,
            "AP_iv": 7.491644903122882,
            "AP_it": 5.841889958759399,
            "AP_ivt": 4.756650105882888
        }
    }
}