{
    "Test": false,
    "Cholec80": {
        "F1_score": 74.2235580475069,
        "F1_score_EMA": 74.98931373694114,
        "Per_video_f1": {
            "cholec80_video41": 75.4828623124945,
            "cholec80_video43": 60.28395809550888,
            "cholec80_video44": 84.88928620569766,
            "cholec80_video45": 81.9103349421029,
            "cholec80_video46": 80.26690030491362,
            "cholec80_video47": 70.65707333398882,
            "cholec80_video48": 72.89823582537434,
            "cholec80_video49": 69.39958187151393,
            "cholec80_video50": 72.22378953596747
        },
        "Per_video_f1_EMA": {
            "cholec80_video41": 75.58310277449338,
            "cholec80_video43": 64.51695990900934,
            "cholec80_video44": 80.98545126925148,
            "cholec80_video45": 84.3021820534398,
            "cholec80_video46": 73.47422394210906,
            "cholec80_video47": 68.58652604834299,
            "cholec80_video48": 76.4508732131899,
            "cholec80_video49": 81.57579617197739,
            "cholec80_video50": 69.42870825065697
        }
    },
    "Endoscapes": {
        "mAP": 39.130792357718676,
        "mAP_EMA": 36.34179967909104,
        "mAP_per_class": {
            "C0": 35.728989119957575,
            "C1": 40.97480858649994,
            "C2": 40.688579366698505
        },
        "mAP_per_class_EMA": {
            "C0": 35.5624923822474,
            "C1": 37.55570019833373,
            "C2": 35.907206456691995
        }
    },
    "CholecT50": {
        "AP": {
            "AP_i": 53.84738671946706,
            "AP_v": 36.44207941785204,
            "AP_t": 27.571444434972406,
            "AP_iv": 22.51751946799241,
            "AP_it": 22.860245308664304,
            "AP_ivt": 19.645539648399804
        },
        "AP_EMA": {
            "AP_i": 57.034049996876526,
            "AP_v": 39.15362056352764,
            "AP_t": 29.111736324213396,
            "AP_iv": 24.001530009424535,
            "AP_it": 25.03917501670617,
            "AP_ivt": 21.40465544343732
        }
    }
}