{
    "Test": false,
    "Cholec80": {
        "F1_score": 74.96900907877676,
        "F1_score_EMA": 28.95781725660109,
        "Per_video_f1": {
            "cholec80_video41": 73.23173000718032,
            "cholec80_video43": 66.69294911600561,
            "cholec80_video44": 80.94502496235883,
            "cholec80_video45": 82.75824160570224,
            "cholec80_video46": 75.26415865398309,
            "cholec80_video47": 68.83600766246376,
            "cholec80_video48": 73.72003173141121,
            "cholec80_video49": 80.0491160435701,
            "cholec80_video50": 73.22382192631572
        },
        "Per_video_f1_EMA": {
            "cholec80_video41": 32.542546547623225,
            "cholec80_video43": 24.37196856159526,
            "cholec80_video44": 35.67200115340852,
            "cholec80_video45": 27.868357654210303,
            "cholec80_video46": 31.08357060427605,
            "cholec80_video47": 29.17954110541893,
            "cholec80_video48": 23.754786313696748,
            "cholec80_video49": 29.89857774797281,
            "cholec80_video50": 26.24900562120794
        }
    },
    "Endoscapes": {
        "mAP": 32.991580903150194,
        "mAP_EMA": 23.45084155124643,
        "mAP_per_class": {
            "C0": 34.115234966347394,
            "C1": 34.99550446174521,
            "C2": 29.86400328135797
        },
        "mAP_per_class_EMA": {
            "C0": 21.579816253050975,
            "C1": 14.733632734274693,
            "C2": 34.03907566641362
        }
    },
    "CholecT50": {
        "AP": {
            "AP_i": 54.8056331182917,
            "AP_v": 37.60137750928904,
            "AP_t": 30.82852821665512,
            "AP_iv": 23.240074192059573,
            "AP_it": 24.34017652917554,
            "AP_ivt": 20.80674481787668
        },
        "AP_EMA": {
            "AP_i": 35.96639547599091,
            "AP_v": 28.87250378958517,
            "AP_t": 19.892816777775053,
            "AP_iv": 16.43047288693205,
            "AP_it": 14.619356195520039,
            "AP_ivt": 12.162584523567675
        }
    }
}