{
    "Test": false,
    "Dataset": "Endoscapes",
    "Results": [
        42.86629254367941,
        35.92038269730984,
        {
            "C0": 39.73103415764668,
            "C1": 42.487254827285895,
            "C2": 46.38058864610565
        },
        {
            "C0": 29.33710124110504,
            "C1": 39.835133272299,
            "C2": 38.58891357852549
        }
    ]
}