{
    "Test": false,
    "Dataset": "Endoscapes",
    "Results": [
        32.10625602375841,
        27.98069946604807,
        {
            "C0": 32.18815560119966,
            "C1": 27.17191187034949,
            "C2": 36.95870059972609
        },
        {
            "C0": 24.92557509339289,
            "C1": 31.530515156787136,
            "C2": 27.486008147964185
        }
    ]
}