{
    "Test": false,
    "Dataset": "Endoscapes",
    "Results": [
        46.35450802671972,
        19.834609890580506,
        {
            "C0": 48.89361083501284,
            "C1": 51.13611870435274,
            "C2": 39.033794540793586
        },
        {
            "C0": 20.322713390599617,
            "C1": 20.74118523957352,
            "C2": 18.43993104156838
        }
    ]
}