{
    "Test": false,
    "Dataset": "Endoscapes",
    "Results": [
        27.99144258426338,
        17.612581317437627,
        {
            "C0": 26.690223216472447,
            "C1": 25.670448511067285,
            "C2": 31.613656025250403
        },
        {
            "C0": 18.629212733340793,
            "C1": 17.20737310836728,
            "C2": 17.00115811060481
        }
    ]
}