{
    "Test": false,
    "Dataset": "Endoscapes",
    "Results": [
        45.6197284971368,
        18.695666518686046,
        {
            "C0": 50.51860916525519,
            "C1": 46.64211547057827,
            "C2": 39.69846085557693
        },
        {
            "C0": 19.533896659389388,
            "C1": 18.826244484277915,
            "C2": 17.726858412390833
        }
    ]
}