{
    "Test": true,
    "Cholec80": {
        "F1_score": 66.58816138524332,
        "F1_score_EMA": null,
        "Per_video_f1": {
            "cholec80_video51": 73.01931926346931,
            "cholec80_video53": 66.95306511035568,
            "cholec80_video54": 65.89267748431986,
            "cholec80_video55": 78.44142530271895,
            "cholec80_video58": 46.87736154677252,
            "cholec80_video59": 71.32949666666214,
            "cholec80_video61": 56.24661327061761,
            "cholec80_video63": 61.114431894344165,
            "cholec80_video64": 73.30492812709804,
            "cholec80_video69": 83.15352239159395,
            "cholec80_video73": 80.91224821930545,
            "cholec80_video74": 66.2893772304649,
            "cholec80_video76": 64.39666015688584,
            "cholec80_video77": 69.37512963260934,
            "cholec80_video80": 41.5161644814322
        },
        "Per_video_f1_EMA": null
    },
    "Endoscapes": {
        "mAP": 52.41924467715886,
        "mAP_EMA": null,
        "mAP_per_class": {
            "C0": 51.64160492628531,
            "C1": 41.45360572461253,
            "C2": 64.16252338057873
        },
        "mAP_per_class_EMA": null
    },
    "CholecT50": {
        "AP": {
            "AP_i": 85.6360072434237,
            "AP_v": 59.46566056936274,
            "AP_t": 42.19820923410254,
            "AP_iv": 36.20680256863526,
            "AP_it": 34.60596168327341,
            "AP_ivt": 27.405833737329072
        },
        "AP_EMA": null
    }
}