{
    "Test": false,
    "Cholec80": {
        "F1_score": 72.10291862837812,
        "F1_score_EMA": 77.61940523200815,
        "Per_video_f1": {
            "cholec80_video41": 68.42766436175117,
            "cholec80_video43": 74.11720459601838,
            "cholec80_video44": 76.40859154112901,
            "cholec80_video45": 67.9812508056561,
            "cholec80_video46": 74.02042081099522,
            "cholec80_video47": 66.56300744625628,
            "cholec80_video48": 77.20229083684067
        },
        "Per_video_f1_EMA": {
            "cholec80_video41": 73.35033040522906,
            "cholec80_video43": 80.16019649579476,
            "cholec80_video44": 77.33869777772033,
            "cholec80_video45": 80.91109181763485,
            "cholec80_video46": 75.21067993472289,
            "cholec80_video47": 76.1527135469147,
            "cholec80_video48": 80.21212664604043
        }
    },
    "Endoscapes": {
        "mAP": 46.495081726040425,
        "mAP_EMA": 52.22280698027275,
        "mAP_per_class": {
            "C0": 45.91288867463395,
            "C1": 45.89676656595045,
            "C2": 47.67558993753687
        },
        "mAP_per_class_EMA": {
            "C0": 50.148713700547,
            "C1": 54.37600762356567,
            "C2": 52.143699616705575
        }
    },
    "CholecT50": {
        "AP": {
            "AP_i": 87.6333167209303,
            "AP_v": 59.218414084920866,
            "AP_t": 46.17710540489543,
            "AP_iv": 38.24120896708674,
            "AP_it": 38.96733737828473,
            "AP_ivt": 32.94069986479519
        },
        "AP_EMA": {
            "AP_i": 86.15656663887096,
            "AP_v": 62.2328646851224,
            "AP_t": 48.58541801963219,
            "AP_iv": 41.496177363101765,
            "AP_it": 41.741076765770444,
            "AP_ivt": 37.55673259656828
        }
    }
}