{
    "Test": false,
    "Cholec80": {
        "F1_score": 72.77665138355609,
        "F1_score_EMA": 76.26905677798388,
        "Per_video_f1": {
            "cholec80_video41": 69.60122057402805,
            "cholec80_video43": 69.63427054760363,
            "cholec80_video44": 79.1008935265392,
            "cholec80_video45": 80.05540999242324,
            "cholec80_video46": 73.71683425954834,
            "cholec80_video47": 65.92158440435347,
            "cholec80_video48": 71.4063463803967
        },
        "Per_video_f1_EMA": {
            "cholec80_video41": 70.78459402397603,
            "cholec80_video43": 74.75463247968554,
            "cholec80_video44": 80.10176992264284,
            "cholec80_video45": 82.89168491411685,
            "cholec80_video46": 76.03223021485924,
            "cholec80_video47": 70.61083590881155,
            "cholec80_video48": 78.70764998179507
        }
    },
    "Endoscapes": {
        "mAP": 43.25681253239088,
        "mAP_EMA": 50.591004648902555,
        "mAP_per_class": {
            "C0": 46.92150676177568,
            "C1": 46.735961216038916,
            "C2": 36.11296961935804
        },
        "mAP_per_class_EMA": {
            "C0": 51.9454697508586,
            "C1": 53.505969820451135,
            "C2": 46.32157437539794
        }
    },
    "CholecT50": {
        "AP": {
            "AP_i": 86.3843512881944,
            "AP_v": 59.99761707950728,
            "AP_t": 44.19129268488165,
            "AP_iv": 38.549845121611455,
            "AP_it": 37.3159573571977,
            "AP_ivt": 31.139139354594626
        },
        "AP_EMA": {
            "AP_i": 89.82964211342357,
            "AP_v": 66.33823741316488,
            "AP_t": 47.13894907619764,
            "AP_iv": 42.67354240061764,
            "AP_it": 40.68573004304103,
            "AP_ivt": 34.69943712230435
        }
    }
}