{
    "Test": false,
    "Cholec80": {
        "F1_score": 73.00267539966303,
        "F1_score_EMA": 77.45758620903605,
        "Per_video_f1": {
            "cholec80_video41": 67.72654615377589,
            "cholec80_video43": 77.81689852540497,
            "cholec80_video44": 76.59240332077906,
            "cholec80_video45": 79.04513773069817,
            "cholec80_video46": 69.07783375852628,
            "cholec80_video47": 67.16112964499618,
            "cholec80_video48": 73.59877866346066
        },
        "Per_video_f1_EMA": {
            "cholec80_video41": 73.31676180724763,
            "cholec80_video43": 82.21154340935655,
            "cholec80_video44": 75.96411601428338,
            "cholec80_video45": 79.99572035823095,
            "cholec80_video46": 75.43568536513028,
            "cholec80_video47": 76.0210934666068,
            "cholec80_video48": 79.25818304239678
        }
    },
    "Endoscapes": {
        "mAP": 44.8508772687075,
        "mAP_EMA": 51.016702573286594,
        "mAP_per_class": {
            "C0": 48.09469659543565,
            "C1": 43.85506086254049,
            "C2": 42.602874348146365
        },
        "mAP_per_class_EMA": {
            "C0": 48.299100762734604,
            "C1": 53.65806585753013,
            "C2": 51.09294109959504
        }
    },
    "CholecT50": {
        "AP": {
            "AP_i": 86.3069092491549,
            "AP_v": 59.63833455441032,
            "AP_t": 45.642752192406924,
            "AP_iv": 38.54310229177269,
            "AP_it": 38.16411580150167,
            "AP_ivt": 32.49594280285277
        },
        "AP_EMA": {
            "AP_i": 83.0617626457118,
            "AP_v": 59.7894658629196,
            "AP_t": 47.90388542748462,
            "AP_iv": 39.920579631705905,
            "AP_it": 40.54953513809179,
            "AP_ivt": 37.641335895823076
        }
    }
}