{
    "Test": true,
    "Cholec80": {
        "F1_score": 64.52918597583584,
        "F1_score_EMA": null,
        "Per_video_f1": {
            "cholec80_video51": 69.38751593508837,
            "cholec80_video53": 64.65614310636657,
            "cholec80_video54": 61.53662092588098,
            "cholec80_video55": 78.68717378789384,
            "cholec80_video58": 49.13431317100896,
            "cholec80_video59": 76.22026740870744,
            "cholec80_video61": 59.52922238286919,
            "cholec80_video63": 54.19534861596047,
            "cholec80_video64": 75.71090254085362,
            "cholec80_video69": 75.25529096574175,
            "cholec80_video73": 74.48277069504535,
            "cholec80_video74": 58.583372535521114,
            "cholec80_video76": 58.706925619665384,
            "cholec80_video77": 71.94278158026641,
            "cholec80_video80": 39.909140366668254
        },
        "Per_video_f1_EMA": null
    },
    "Endoscapes": {
        "mAP": 50.01496223800201,
        "mAP_EMA": null,
        "mAP_per_class": {
            "C0": 50.03000348032689,
            "C1": 41.79938761179441,
            "C2": 58.21549562188474
        },
        "mAP_per_class_EMA": null
    },
    "CholecT50": {
        "AP": {
            "AP_i": 75.04790320494912,
            "AP_v": 52.29591631565275,
            "AP_t": 38.3949820899197,
            "AP_iv": 32.02380668568451,
            "AP_it": 29.443677433884062,
            "AP_ivt": 24.33799942478918
        },
        "AP_EMA": null
    }
}